ID đơn hàng,Đánh dấu đơn hàng,Trạng thái đơn hàng,Sàn TMĐT,Gian hàng BigSeller,Mã khách hàng,Tên khách hàng,SKU,Số lượng,Tên SKU hàng hóa,Link hình ảnh,Kho giao hàng,Thời gian có hiệu lực,Thời gian hoàn thành,Trạng thái trước khi hủy
ODWTB4052120,,Chờ xử lý,Manual,VieGroup Jsc,CN00001017,ANH TUẤN BÙI,2701,5,CERAVE Sữa Rửa Mặt Foaming Cleanser - 88ml FRANCE,https://res.bigseller.pro/sku/images/merchantsku/944484/837739_1754365908198.jpg?imageView2/1/w/300/h/300,VIE GROUP HCM,05/10/2026 08:23,,--
ODWTB4052120,,Chờ xử lý,Manual,VieGroup Jsc,CN00001017,ANH TUẤN BÙI,1356,2,CERAVE Sữa Rửa Mặt HYDRATING Cleanser - 88ml FRANCE,https://res.bigseller.pro/sku/images/merchantsku/944484/799128_1754366311827.jpg?imageView2/1/w/300/h/300,VIE GROUP HCM,05/10/2026 08:23,,--
ODWTB4052120,,Chờ xử lý,Manual,VieGroup Jsc,CN00001017,ANH TUẤN BÙI,2014,3,LRP SERUM B5 HYALU CONCENTRE - 10ml,https://res.bigseller.pro/sku/images/merchantsku/944484/889245_1782466792795.jpg?imageView2/1/w/300/h/300,VIE GROUP HCM,05/10/2026 08:23,,--
ODWTB4052120,,Chờ xử lý,Manual,VieGroup Jsc,CN00001017,ANH TUẤN BÙI,1669,12,FEMFRESH Dung Dịch Vệ Sinh Phụ Nữ Daily Intimate Wash Cam 250ml,https://res.bigseller.pro/sku/images/merchantsku/944484/571086_1754364220887.jpg?imageView2/1/w/300/h/300,VIE GROUP HCM,05/10/2026 08:23,,--
ODWTB4052120,,Chờ xử lý,Manual,VieGroup Jsc,CN00001017,ANH TUẤN BÙI,1670,18,FEMFRESH Dung Dịch Vệ Sinh Phụ Nữ Soothing Wash Hồng 250ml,https://res.bigseller.pro/sku/images/merchantsku/944484/047773_1754365814723.jpg?imageView2/1/w/300/h/300,VIE GROUP HCM,05/10/2026 08:23,,--
ODWTB4052120,,Chờ xử lý,Manual,VieGroup Jsc,CN00001017,ANH TUẤN BÙI,1666,6,FEMFRESH Dung Dịch Vệ Sinh Active Fresh Wash Xanh Dương 250ml,https://res.bigseller.pro/sku/images/merchantsku/944484/004555_1754366311075.jpg?imageView2/1/w/300/h/300,VIE GROUP HCM,05/10/2026 08:23,,--
ODWTB4052120,,Chờ xử lý,Manual,VieGroup Jsc,CN00001017,ANH TUẤN BÙI,2059,3,MARVIS Kem Đánh Răng Ý 85ml – Whitening Mint (Màu bạc),https://res.bigseller.pro/sku/images/merchantsku/944484/966197_1754365905990.jpg?imageView2/1/w/300/h/300,VIE GROUP HCM,05/10/2026 08:23,,--
586416387002041806,,Chờ xử lý,TikTok,TTVIEPRIME-HANOI,--,--,2024,1,LRP Sữa Rửa Mặt Effaclar Purifying Foaming Gel - 15ml,https://p16-oec-sg.ibyteimg.com/tos-alisg-i-aphluv4xwc-sg/db88b950e6274f3cb02fd159d93a3fdd~tplv-aphluv4xwc-origin-jpeg.jpeg?dr=15568&t=555f072d&ps=933b5bde&shp=54477afb&shcp=3c3d9ffb&idc=my3&from=1413970683,COSMEE HA NOI,05/10/2026 08:19,,--
586416394751805435,,Chờ xử lý,TikTok,TTVIEPRIME-HANOI,--,--,1472,1,COMPLIMENT Sữa rửa mặt No Problem 200ml - Hồng,https://p16-oec-sg.ibyteimg.com/tos-alisg-i-aphluv4xwc-sg/e3d23f500bda4cdfa3736d83cd92f373~tplv-aphluv4xwc-origin-jpeg.jpeg?dr=15568&t=555f072d&ps=933b5bde&shp=54477afb&shcp=3c3d9ffb&idc=my2&from=1413970683,COSMEE HA NOI,05/10/2026 08:17,,--
261005S2HYB7BR,,Chờ xử lý,Shopee,SHEP - HCM,--,--,2100,1,MINISO Bông tẩy trang Nhật Bản 100% 180 Miếng,https://cf.shopee.vn/file/vn-11134207-81ztc-mtmgtix9883o2d_tn,VIE GROUP HCM,05/10/2026 08:09,,--
261005S2GYVHF4,,Chờ xử lý,Shopee,SHEPRIME2-MALL - HCM,--,--,2595,1,VICHY Lăn Khử Mùi Détranspirant Intensif 72h Transpiration Excessive 50ml,https://cf.shopee.vn/file/vn-11134207-820l4-mglx60d0jwnca2_tn,VIE GROUP HCM,05/10/2026 08:08,,--
261005S29P8PYJ,,Đang giao hàng,Shopee,SHEP - HCM,--,--,CB2361.2,3,"SILCOT Bông tẩy trang Unicharm - 82 miếng Xanh dương, COMBO 2 HỘP",https://cf.shopee.vn/file/vn-11134207-7ras8-mcke8u9q2v4yd7_tn,VIE GROUP HCM,05/10/2026 08:04,,--
586416233541830401,,Chờ in,TikTok,TTEPRIME-MALL-HCM,--,--,1350,1,CERAVE Sữa Rửa Mặt Foaming Cleanser - 30ml FRANCE,https://p16-oec-sg.ibyteimg.com/tos-alisg-i-aphluv4xwc-sg/50806a02e3104a3bb34e537bc386ab64~tplv-aphluv4xwc-origin-jpeg.jpeg?dr=15568&t=555f072d&ps=933b5bde&shp=54477afb&shcp=3c3d9ffb&idc=my&from=1413970683,VIE GROUP HCM,05/10/2026 08:03,,--
ODWTB4052117,,Chờ xử lý,Manual,VieGroup Jsc,CN00000467,HỘ KINH DOANH SHOP MAI,2197,1,OBAGI Tẩy Tế Bào Chết BHA 2% Clenziderm MD Pore Therapy USA - 148ml [DKSH],https://res.bigseller.pro/sku/images/merchantsku/944484/316693_1754365616403.jpg?imageView2/1/w/300/h/300,VIE GROUP HCM,05/10/2026 08:03,,--
ODWTB4052117,,Chờ xử lý,Manual,VieGroup Jsc,CN00000467,HỘ KINH DOANH SHOP MAI,1074,6,AMORTALS  Mút Rửa Mặt AMORTALS Dạng Giọt Nước ( CÓ HỘP KÈM),https://res.bigseller.pro/sku/images/merchantsku/944484/242814_1784782365080.jpg?imageView2/1/w/300/h/300,VIE GROUP HCM,05/10/2026 08:03,,--
ODWTB4052117,,Chờ xử lý,Manual,VieGroup Jsc,CN00000467,HỘ KINH DOANH SHOP MAI,3070,1,COCOON Tẩy da chết da đầu bồ kết Gleditsia Scalp Scrub 200ml,https://res.bigseller.pro/sku/images/merchantsku/944484/150061_1784345434959.jpg?imageView2/1/w/300/h/300,VIE GROUP HCM,05/10/2026 08:03,,--
ODWTB4052117,,Chờ xử lý,Manual,VieGroup Jsc,CN00000467,HỘ KINH DOANH SHOP MAI,1663,2,EVOLUDERM Xịt Khoáng Atomiseur Eau Pur - 150ml,https://res.bigseller.pro/sku/images/merchantsku/944484/510264_1754366214174.jpg?imageView2/1/w/300/h/300,VIE GROUP HCM,05/10/2026 08:03,,--
ODWTB4052117,,Chờ xử lý,Manual,VieGroup Jsc,CN00000467,HỘ KINH DOANH SHOP MAI,1664,2,EVOLUDERM Xịt Khoáng Atomiseur Eau Pur - 400ml,https://res.bigseller.pro/sku/images/merchantsku/944484/290580_1754365720749.jpg?imageView2/1/w/300/h/300,VIE GROUP HCM,05/10/2026 08:03,,--
ODWTB4052117,,Chờ xử lý,Manual,VieGroup Jsc,CN00000467,HỘ KINH DOANH SHOP MAI,1321,10,CARYOPHY Mặt nạ Portulaca Mask Sheet 3IN1 22g - 01 miếng,https://res.bigseller.pro/sku/images/merchantsku/944484/449102_1754366311773.jpg?imageView2/1/w/300/h/300,VIE GROUP HCM,05/10/2026 08:03,,--
ODWTB4052117,,Chờ xử lý,Manual,VieGroup Jsc,CN00000467,HỘ KINH DOANH SHOP MAI,2442,2,SVR Sữa Rửa Mặt SEBIACLEAR Gel Moussant - 400ml,https://res.bigseller.pro/sku/images/merchantsku/944484/907061_1754365814818.jpg?imageView2/1/w/300/h/300,VIE GROUP HCM,05/10/2026 08:03,,--
ODWTB4052117,,Chờ xử lý,Manual,VieGroup Jsc,CN00000467,HỘ KINH DOANH SHOP MAI,2100,5,MINISO Bông tẩy trang Nhật Bản 100% 180 Miếng,https://res.bigseller.pro/sku/images/merchantsku/944484/287075_1754365818087.jpg?imageView2/1/w/300/h/300,VIE GROUP HCM,05/10/2026 08:03,,--
ODWTB4052117,,Chờ xử lý,Manual,VieGroup Jsc,CN00000467,HỘ KINH DOANH SHOP MAI,2372,3,SIMPLE Sữa Rửa Mặt Refreshing Facial Wash - 150ml [Xanh lá],https://res.bigseller.pro/sku/images/merchantsku/944484/106789_1787289379447.jpg?imageView2/1/w/300/h/300,VIE GROUP HCM,05/10/2026 08:03,,--
ODWTB4052117,,Chờ xử lý,Manual,VieGroup Jsc,CN00000467,HỘ KINH DOANH SHOP MAI,1212,30,BEFOU  MẪU MỚI -  Bông Tẩy Trang 150Pad,https://res.bigseller.pro/sku/images/merchantsku/944484/610094_1757512757143.jpg?imageView2/1/w/300/h/300,VIE GROUP HCM,05/10/2026 08:03,,--
ODWTB4052117,,Chờ xử lý,Manual,VieGroup Jsc,CN00000467,HỘ KINH DOANH SHOP MAI,2386,2,SKIN1004 Tinh chất Madagascar Centella Ampoule - 55ml,https://res.bigseller.pro/sku/images/merchantsku/944484/853746_1754365621707.jpg?imageView2/1/w/300/h/300,VIE GROUP HCM,05/10/2026 08:03,,--
ODWTB4052117,,Chờ xử lý,Manual,VieGroup Jsc,CN00000467,HỘ KINH DOANH SHOP MAI,2079,5,"MEDIANSWER Mặt Nạ Thạch Vita Collagen Trắng da, Cải Thiện Nếp Nhăn - 1 miếng",https://res.bigseller.pro/sku/images/merchantsku/944484/390785_1754365621722.jpg?imageView2/1/w/300/h/300,VIE GROUP HCM,05/10/2026 08:03,,--
586416178725422188,,Đã hủy,TikTok,TTVIESGN-HCM,--,--,CB2442.2,1,COMBO 2 Chai Sữa Rửa Mặt SVR SEBIACLEAR Gel Moussant - 400ml,https://p16-oec-va.ibyteimg.com/tos-maliva-i-o3syd03w52-us/a5da96ed41ab456cab5f2f7441fba7b5~tplv-o3syd03w52-origin-jpeg.jpeg?dr=15568&t=555f072d&ps=933b5bde&shp=54477afb&shcp=3c3d9ffb&idc=my2&from=1413970683,VIE GROUP HCM,05/10/2026 08:00,,--
586416076666864803,,Chờ xử lý,TikTok,TTEPRIME-MALL-HCM,--,--,2367,1,SIMPLE Nước Tẩy Trang Micellar Cleansing Water - 200ml,https://p16-oec-va.ibyteimg.com/tos-maliva-i-o3syd03w52-us/5e96411fea1b46bca0ca626bb182e1a9~tplv-o3syd03w52-origin-jpeg.jpeg?dr=15568&t=555f072d&ps=933b5bde&shp=54477afb&shcp=3c3d9ffb&idc=my2&from=1413970683,VIE GROUP HCM,05/10/2026 07:45,,--
586415991021405436,,Chờ lấy hàng,TikTok,TTEPRIME-MALL-HCM,--,--,1848,1,JOHNSON'S Nước hoa Baby hương phấn hoa - 125ml (hồng),https://p16-oec-va.ibyteimg.com/tos-maliva-i-o3syd03w52-us/c805bcb935ab4f288666cffb67990579~tplv-o3syd03w52-origin-jpeg.jpeg?dr=15568&t=555f072d&ps=933b5bde&shp=54477afb&shcp=3c3d9ffb&idc=my2&from=1413970683,VIE GROUP HCM,05/10/2026 07:45,,--
261005S14TG1GA,,Chờ in,Shopee,SHEP - HCM,--,--,2551,1,VASELINE Sáp Dưỡng Môi Lip Care KOREA 7g - Creme Brulle Vani,https://cf.shopee.vn/file/vn-11134207-820l4-mjdm563a330gbf_tn,VIE GROUP HCM,05/10/2026 07:44,,--
261005S14TG1GA,,Chờ in,Shopee,SHEP - HCM,--,--,2559,1,VASELINE Son Dưỡng Lip Therapy Thỏi 4.8g - Aloe Vera,https://cf.shopee.vn/file/vn-11134207-7ra0g-m6oyz6gputup94_tn,VIE GROUP HCM,05/10/2026 07:44,,--
261005S14TG1GA,,Chờ in,Shopee,SHEP - HCM,--,--,3146,1,AVENE Nước tẩy trang cho da dầu mụn Cleanance Micellar Water - 400ml,https://cf.shopee.vn/file/vn-11134207-81ztc-mspbbikd31mp01_tn,VIE GROUP HCM,05/10/2026 07:44,,--
261005S14TG1GA,,Chờ in,Shopee,SHEP - HCM,--,--,QT40,1,MEDIANSWER Tinh chất hỗ trợ sáng da Vita Collagen Logic Ampoule - 2 ml,https://cf.shopee.vn/file/vn-11134207-81ztc-mtqcnbkc7coya1_tn,VIE GROUP HCM,05/10/2026 07:44,,--
586415956841301240,,Chờ xử lý,TikTok,TTEPRIME-MALL-HCM,--,--,2026,1,LRP Sữa Rửa Mặt Effaclar Purifying Foaming Gel - 50ml,https://p16-oec-sg.ibyteimg.com/tos-alisg-i-aphluv4xwc-sg/e34ab459d15b4717b53d8bd8fe469991~tplv-aphluv4xwc-origin-jpeg.jpeg?dr=15568&t=555f072d&ps=933b5bde&shp=54477afb&shcp=3c3d9ffb&idc=my2&from=1413970683,VIE GROUP HCM,05/10/2026 07:43,,--
261005S0WRHM96,,Đã hủy,Shopee,SHEP - HCM,--,--,2551,1,VASELINE Sáp Dưỡng Môi Lip Care KOREA 7g - Creme Brulle Vani,https://cf.shopee.vn/file/vn-11134207-820l4-mjdm563a330gbf_tn,VIE GROUP HCM,05/10/2026 07:40,,Chờ xử lý
261005S0WRHM96,,Đã hủy,Shopee,SHEP - HCM,--,--,1464,1,COMPLIMENT Serum 27ml - Niacinamide 10%,https://cf.shopee.vn/file/vn-11134207-7ras8-m12e8vuxxuhr27_tn,VIE GROUP HCM,05/10/2026 07:40,,Chờ xử lý
261005S0WRHM96,,Đã hủy,Shopee,SHEP - HCM,--,--,1463,1,COMPLIMENT Serum 27ml - Niacinamide & Zin C,https://cf.shopee.vn/file/vn-11134207-7ra0g-m8k2drixnmf821_tn,VIE GROUP HCM,05/10/2026 07:40,,Chờ xử lý
261005S0WRHM96,,Đã hủy,Shopee,SHEP - HCM,--,--,3146,1,AVENE Nước tẩy trang cho da dầu mụn Cleanance Micellar Water - 400ml,https://cf.shopee.vn/file/vn-11134207-81ztc-mspbbikd31mp01_tn,VIE GROUP HCM,05/10/2026 07:40,,Chờ xử lý
261005S0WRHM96,,Đã hủy,Shopee,SHEP - HCM,--,--,QT40,1,MEDIANSWER Tinh chất hỗ trợ sáng da Vita Collagen Logic Ampoule - 2 ml,https://cf.shopee.vn/file/vn-11134207-81ztc-mtqcnbkc7coya1_tn,VIE GROUP HCM,05/10/2026 07:40,,Chờ xử lý
586415841959183437,,Đang giao hàng,TikTok,TTEPRIME-MALL-HCM,--,--,CB1943.5,1,LAMEILA Bông tẩy trang 222 miếng [Vàng FM] – COMBO 5 gói,https://p16-oec-va.ibyteimg.com/tos-maliva-i-o3syd03w52-us/dc33f9af684f4052888cfd2a4805380d~tplv-o3syd03w52-origin-jpeg.jpeg?dr=15568&t=555f072d&ps=933b5bde&shp=54477afb&shcp=3c3d9ffb&idc=my&from=1413970683,VIE GROUP HCM,05/10/2026 07:37,,--
261005S072RC3A,,Đang giao hàng,Shopee,SHVIECosme HCM,--,--,1127,1,Aspasia - Xịt Khoáng Aspasia Moist Up Face Mist Aloe Làm Dịu Mát Bổ Sung Độ Ẩm Cho Làn Da Rạng Rỡ 150ml,https://cf.shopee.vn/file/vn-11134207-81ztc-mpsziotao3ya56_tn,VIE GROUP HCM,05/10/2026 07:27,,--
261005S02C4G1B,,Đang giao hàng,Shopee,SHEP - HCM,--,--,2361,1,SILCOT Bông tẩy trang Unicharm - 82 miếng Xanh dương,https://cf.shopee.vn/file/vn-11134207-7ras8-mcke8s4l7qqq55_tn,VIE GROUP HCM,05/10/2026 07:24,,--
261005S0107CN1,,Đang giao hàng,Shopee,SHEP - HCM,--,--,2586,1,VICHY Dầu gội Dercos Technique Anti-Dandruff Ds Advanced To Oily Hair - 50ml (Xanh da dầu),https://cf.shopee.vn/file/vn-11134207-7r98o-m01egt2ul4vhba_tn,VIE GROUP HCM,05/10/2026 07:23,,--
261005RYYFKXB4,,Chờ lấy hàng,Shopee,SHEP - HCM,--,--,2100,1,MINISO Bông tẩy trang Nhật Bản 100% 180 Miếng,https://cf.shopee.vn/file/vn-11134207-81ztc-mtmgtix9883o2d_tn,VIE GROUP HCM,05/10/2026 07:23,,--
261005RYY2690B,,Đang giao hàng,Shopee,SHEP - HCM,--,--,2586,1,VICHY Dầu gội Dercos Technique Anti-Dandruff Ds Advanced To Oily Hair - 50ml (Xanh da dầu),https://cf.shopee.vn/file/vn-11134207-7r98o-m01egt2ul4vhba_tn,VIE GROUP HCM,05/10/2026 07:22,,--
586415766053619429,,Chờ in,TikTok,TTEPRIME-MALL-HCM,--,--,1858,1,JOHNSON'S Sữa tắm gội Baby Top-To-Toe Hair & Body (Vàng) - 200ml,https://p16-oec-va.ibyteimg.com/tos-maliva-i-o3syd03w52-us/af675c5456b54968bf597c798db19654~tplv-o3syd03w52-origin-jpeg.jpeg?dr=15568&t=555f072d&ps=933b5bde&shp=54477afb&shcp=3c3d9ffb&idc=my&from=1413970683,VIE GROUP HCM,05/10/2026 07:21,,--
261005RYR22KNA,,Chờ xử lý,Shopee,SHVIECosme HCM,--,--,1882,1,KEYSHU mặt nạ dưỡng da - 1 Miếng ( Hành Tím ),https://cf.shopee.vn/file/vn-11134207-81ztc-ms9j7s0atu6g77_tn,VIE GROUP HCM,05/10/2026 07:18,,--
529497447768181,Đơn hàng trùng lặp,Chờ in,Lazada,LZDEPRIME-MALL - HCM,--,--,1783,1,ICARE Dầu Gội Pharma Antisol dược liệu pH 6.5 240ml,https://vn-live.slatic.net/p/062937af35bc7469d3e5e370c1d01286.png,VIE GROUP HCM,05/10/2026 07:18,,--
586415684391372792,,Chờ in,TikTok,TTEPRIME-MALL-HCM,--,--,1845,1,JOHNSON'S Nước hoa Baby hương ban mai - 50ml (tím),https://p16-oec-va.ibyteimg.com/tos-maliva-i-o3syd03w52-us/7f684b0b694d4bdaabfcb2ddab3ad6d4~tplv-o3syd03w52-origin-jpeg.jpeg?dr=15568&t=555f072d&ps=933b5bde&shp=54477afb&shcp=3c3d9ffb&idc=my&from=1413970683,VIE GROUP HCM,05/10/2026 07:16,,--
261005RYE99AMJ,,Đang giao hàng,Shopee,SHVIECosme HCM,--,--,1127,1,Aspasia - Xịt Khoáng Aspasia Moist Up Face Mist Aloe Làm Dịu Mát Bổ Sung Độ Ẩm Cho Làn Da Rạng Rỡ 150ml,https://cf.shopee.vn/file/vn-11134207-81ztc-mpsziotao3ya56_tn,VIE GROUP HCM,05/10/2026 07:13,,--
261005RXRJ21UT,,Đang giao hàng,Shopee,SHEP - HCM,--,--,1922,1,LA SOIRÉE Bông Tẩy Trang 100% Cotton Siêu Mềm Siêu Mịn - 225 Miếng Tròn,https://cf.shopee.vn/file/vn-11134207-7r98o-lzce2ic901n118_tn,VIE GROUP HCM,05/10/2026 07:01,,--
586415359461459747,,Chờ xử lý,TikTok,TTEPRIME-MALL-HCM,--,--,2026,1,LRP Sữa Rửa Mặt Effaclar Purifying Foaming Gel - 50ml,https://p16-oec-sg.ibyteimg.com/tos-alisg-i-aphluv4xwc-sg/e34ab459d15b4717b53d8bd8fe469991~tplv-aphluv4xwc-origin-jpeg.jpeg?dr=15568&t=555f072d&ps=933b5bde&shp=54477afb&shcp=3c3d9ffb&idc=my&from=1413970683,VIE GROUP HCM,05/10/2026 06:45,,--
261005RWU2X5FX,,Chờ xử lý,Shopee,SHEPRIME2-MALL - HCM,--,--,CB2026.5,1,COMBO 5 TUÝP LRP Sữa Rửa Mặt Effaclar Purifying Foaming Gel - 50ml,https://cf.shopee.vn/file/vn-11134207-81ztc-ms4g22buhjpd34_tn,VIE GROUP HCM,05/10/2026 06:47,,--
586415365982029139,,Chờ in,TikTok,TTEPRIME-MALL-HCM,--,--,CB1350.3,1,COMBO 3 Chai 30ml CERAVE Sữa Rửa Mặt Foaming Cleanser,https://p16-oec-sg.ibyteimg.com/tos-alisg-i-aphluv4xwc-sg/b203882fafcc4a5dbc6ce5bef84bd40b~tplv-aphluv4xwc-origin-jpeg.jpeg?dr=15568&t=555f072d&ps=933b5bde&shp=54477afb&shcp=3c3d9ffb&idc=my2&from=1413970683,VIE GROUP HCM,05/10/2026 06:44,,--
586415339653006352,,Chờ xử lý,TikTok,TTVIEPRIME-HANOI,--,--,2540,1,VASELINE Dưỡng môi Lip Therapy UK 20g [XT] - Original,https://p16-oec-sg.ibyteimg.com/tos-alisg-i-aphluv4xwc-sg/f639221bf1e34ffab5f88e7f7c72cc84~tplv-aphluv4xwc-origin-jpeg.jpeg?dr=15568&t=555f072d&ps=933b5bde&shp=54477afb&shcp=3c3d9ffb&idc=my3&from=1413970683,COSMEE HA NOI,05/10/2026 06:43,,--
586415353959646371,,Chờ in,TikTok,TTEPRIME-MALL-HCM,--,--,1350,1,CERAVE Sữa Rửa Mặt Foaming Cleanser - 30ml FRANCE,https://p16-oec-sg.ibyteimg.com/tos-alisg-i-aphluv4xwc-sg/50806a02e3104a3bb34e537bc386ab64~tplv-aphluv4xwc-origin-jpeg.jpeg?dr=15568&t=555f072d&ps=933b5bde&shp=54477afb&shcp=3c3d9ffb&idc=my&from=1413970683,VIE GROUP HCM,05/10/2026 06:43,,--
586415344422520557,,Chờ in,TikTok,TTVIESGN-HCM,--,--,1350,1,CERAVE Sữa Rửa Mặt Foaming Cleanser - 30ml FRANCE,https://p16-oec-sg.ibyteimg.com/tos-alisg-i-aphluv4xwc-sg/cc9742efae154cb89c3e62363dff00b1~tplv-aphluv4xwc-origin-jpeg.jpeg?dr=15568&t=555f072d&ps=933b5bde&shp=54477afb&shcp=3c3d9ffb&idc=my&from=1413970683,VIE GROUP HCM,05/10/2026 06:41,,--
586415129441109762,,Chờ xử lý,TikTok,TTVIEPRIME-HANOI,--,--,1710,1,GARNIER Nước Tẩy Trang Micellar Cleansing Water 50ml - Hồng nhạy cảm,https://p16-oec-sg.ibyteimg.com/tos-alisg-i-aphluv4xwc-sg/ebd891d869764577adf6440d714749b0~tplv-aphluv4xwc-origin-jpeg.jpeg?dr=15568&t=555f072d&ps=933b5bde&shp=54477afb&shcp=3c3d9ffb&idc=my3&from=1413970683,COSMEE HA NOI,05/10/2026 06:23,,--
586415125322302723,,Chờ in,TikTok,TTEPRIME-MALL-HCM,--,--,1472,1,COMPLIMENT Sữa rửa mặt No Problem 200ml - Hồng,https://p16-oec-va.ibyteimg.com/tos-maliva-i-o3syd03w52-us/d0e3c93d082c420388abbb9ec53076bb~tplv-o3syd03w52-origin-jpeg.jpeg?dr=15568&t=555f072d&ps=933b5bde&shp=54477afb&shcp=3c3d9ffb&idc=my&from=1413970683,VIE GROUP HCM,05/10/2026 06:15,,--
261005RUR05V2W,,Chờ xử lý,Shopee,SHEPRIME2-MALL - HCM,--,--,2026,1,LRP Sữa Rửa Mặt Effaclar Purifying Foaming Gel - 50ml,https://cf.shopee.vn/file/vn-11134207-81ztc-ms4g1nr09wck4c_tn,VIE GROUP HCM,05/10/2026 06:07,,--
586414988159977288,,Chờ xử lý,TikTok,TTASCosme - HANOI,--,--,,1,VICHY Dầu gội Dercos Technique Anti-Dandruff Ds Advanced To Oily Hair - 50ml (Xanh da dầu),https://p16-oec-sg.ibyteimg.com/tos-alisg-i-aphluv4xwc-sg/c866730931f7405592c5aea67c3d40b0~tplv-aphluv4xwc-origin-jpeg.jpeg?dr=15568&t=555f072d&ps=933b5bde&shp=54477afb&shcp=3c3d9ffb&idc=my&from=1413970683,COSMEE HA NOI,05/10/2026 05:59,,--
261005RTUDKS34,,Đang giao hàng,Shopee,SHEP - HCM,--,--,CB2361.2,1,"SILCOT Bông tẩy trang Unicharm - 82 miếng Xanh dương, COMBO 2 HỘP",https://cf.shopee.vn/file/vn-11134207-7ras8-mcke8u9q2v4yd7_tn,VIE GROUP HCM,05/10/2026 05:51,,--
586414859348378959,,Chờ in,TikTok,TTEPRIME-MALL-HCM,--,--,CB1350.3,1,COMBO 3 Chai 30ml CERAVE Sữa Rửa Mặt Foaming Cleanser,https://p16-oec-sg.ibyteimg.com/tos-alisg-i-aphluv4xwc-sg/a2376db661934510bc5ab6e7f01657b3~tplv-aphluv4xwc-origin-jpeg.jpeg?dr=15568&t=555f072d&ps=933b5bde&shp=54477afb&shcp=3c3d9ffb&idc=my2&from=1413970683,VIE GROUP HCM,05/10/2026 05:42,,--
586414727243532280,,Đã hủy,TikTok,TTEPRIME-MALL-HCM,--,--,2026,1,LRP Sữa Rửa Mặt Effaclar Purifying Foaming Gel - 50ml,https://p16-oec-sg.ibyteimg.com/tos-alisg-i-aphluv4xwc-sg/e34ab459d15b4717b53d8bd8fe469991~tplv-aphluv4xwc-origin-jpeg.jpeg?dr=15568&t=555f072d&ps=933b5bde&shp=54477afb&shcp=3c3d9ffb&idc=my2&from=1413970683,VIE GROUP HCM,05/10/2026 05:22,,Chờ xử lý
586414682247366179,,Chờ xử lý,TikTok,TTEPRIME-MALL-HCM,--,--,2026,1,LRP Sữa Rửa Mặt Effaclar Purifying Foaming Gel - 50ml,https://p16-oec-sg.ibyteimg.com/tos-alisg-i-aphluv4xwc-sg/e34ab459d15b4717b53d8bd8fe469991~tplv-aphluv4xwc-origin-jpeg.jpeg?dr=15568&t=555f072d&ps=933b5bde&shp=54477afb&shcp=3c3d9ffb&idc=my2&from=1413970683,VIE GROUP HCM,05/10/2026 05:18,,--
586414590327555891,,Chờ in,TikTok,TTEPRIME-MALL-HCM,--,--,CB1350.3,1,COMBO 3 Chai 30ml CERAVE Sữa Rửa Mặt Foaming Cleanser,https://p16-oec-sg.ibyteimg.com/tos-alisg-i-aphluv4xwc-sg/b203882fafcc4a5dbc6ce5bef84bd40b~tplv-aphluv4xwc-origin-jpeg.jpeg?dr=15568&t=555f072d&ps=933b5bde&shp=54477afb&shcp=3c3d9ffb&idc=my2&from=1413970683,VIE GROUP HCM,05/10/2026 05:01,,--
261005RPYSRB6A,,Chờ in,Shopee,SHEP - HCM,--,--,2897,1,TETRA Bông Tẩy Trang Pháp LE SOIN A L’ÉTAT PUR - 500 miếng,https://cf.shopee.vn/file/vn-11134207-81ztc-mqbmue54qk2713_tn,VIE GROUP HCM,05/10/2026 04:42,,--
261005RP8A7AJ5,,Đang giao hàng,Shopee,SHVIEPro-HANOI,--,--,1451,1,"COMPLIMENT Kem dưỡng No problem AHA-BHA-PHA phục hồi, tái tạo da dầu mụn 50ml",https://cf.shopee.vn/file/vn-11134207-7r98o-ltdapj6ukv5w5e_tn,COSMEE HA NOI,05/10/2026 04:29,,--
261005RNMWE1KR,,Đang giao hàng,Shopee,SHEP - HCM,--,--,1922,1,LA SOIRÉE Bông Tẩy Trang 100% Cotton Siêu Mềm Siêu Mịn - 225 Miếng Tròn,https://cf.shopee.vn/file/vn-11134207-7r98o-lzce2ic901n118_tn,VIE GROUP HCM,05/10/2026 04:18,,--
261005RMJRFXTE,,Chờ in,Shopee,SHEP - HCM,--,--,2100,1,MINISO Bông tẩy trang Nhật Bản 100% 180 Miếng,https://cf.shopee.vn/file/vn-11134207-81ztc-mtmgtix9883o2d_tn,VIE GROUP HCM,05/10/2026 03:59,,--
586414253595002624,,Chờ xử lý,TikTok,TTVIEPRIME-HANOI,--,--,1472,1,COMPLIMENT Sữa rửa mặt No Problem 200ml - Hồng,https://p16-oec-sg.ibyteimg.com/tos-alisg-i-aphluv4xwc-sg/7434e317868148ba93f99925b05bfb45~tplv-aphluv4xwc-origin-jpeg.jpeg?dr=15568&t=555f072d&ps=933b5bde&shp=54477afb&shcp=3c3d9ffb&idc=my2&from=1413970683,COSMEE HA NOI,05/10/2026 03:46,,--
586414085320049944,,Chờ in,TikTok,TTEPRIME-MALL-HCM,--,--,CB1350.3,1,COMBO 3 Chai 30ml CERAVE Sữa Rửa Mặt Foaming Cleanser,https://p16-oec-sg.ibyteimg.com/tos-alisg-i-aphluv4xwc-sg/a2376db661934510bc5ab6e7f01657b3~tplv-aphluv4xwc-origin-jpeg.jpeg?dr=15568&t=555f072d&ps=933b5bde&shp=54477afb&shcp=3c3d9ffb&idc=my2&from=1413970683,VIE GROUP HCM,05/10/2026 02:57,,--
261005RG9A49BC,,Chờ in,Shopee,SHEP - HCM,--,--,1150,1,AVENE Kem dưỡng Cicalfate Repair Cream - 100ml,https://cf.shopee.vn/file/vn-11134207-820l4-mhhcbubv162rd2_tn,VIE GROUP HCM,05/10/2026 02:42,,--
261005RG9A49BC,,Chờ in,Shopee,SHEP - HCM,--,--,QT40,1,MEDIANSWER Tinh chất hỗ trợ sáng da Vita Collagen Logic Ampoule - 2 ml,https://cf.shopee.vn/file/vn-11134207-81ztc-mtqcnbkc7coya1_tn,VIE GROUP HCM,05/10/2026 02:42,,--
261005RG5KVPKG,,Đã hủy,Shopee,SHVIEPro-HANOI,--,--,QT01,3,Dr.Sera tây tế bào chết da đầu,https://cf.shopee.vn/file/vn-11134207-81ztc-mqyhiy5e3bpe1a_tn,COSMEE HA NOI,05/10/2026 02:40,,Chờ xử lý
261005RG5KVPKG,,Đã hủy,Shopee,SHVIEPro-HANOI,--,--,QT01,1,Dr.Sera tây tế bào chết da đầu,https://cf.shopee.vn/file/vn-11134207-81ztc-mqyhiy5e3bpe1a_tn,COSMEE HA NOI,05/10/2026 02:40,,Chờ xử lý
261005RG19NCMS,,Đã hủy,Shopee,SHEP - HCM,--,--,1150,1,AVENE Kem dưỡng Cicalfate Repair Cream - 100ml,https://cf.shopee.vn/file/vn-11134207-820l4-mhhcbubv162rd2_tn,VIE GROUP HCM,05/10/2026 02:37,,Chưa thanh toán
261005RG19NCMS,,Đã hủy,Shopee,SHEP - HCM,--,--,QT40,1,MEDIANSWER Tinh chất hỗ trợ sáng da Vita Collagen Logic Ampoule - 2 ml,https://cf.shopee.vn/file/vn-11134207-81ztc-mtqcnbkc7coya1_tn,VIE GROUP HCM,05/10/2026 02:37,,Chưa thanh toán
586413983685903640,,Đã hủy,TikTok,TTEPRIME-MALL-HCM,--,--,CB1350.3,1,COMBO 3 Chai 30ml CERAVE Sữa Rửa Mặt Foaming Cleanser,https://p16-oec-sg.ibyteimg.com/tos-alisg-i-aphluv4xwc-sg/a2376db661934510bc5ab6e7f01657b3~tplv-aphluv4xwc-origin-jpeg.jpeg?dr=15568&t=555f072d&ps=933b5bde&shp=54477afb&shcp=3c3d9ffb&idc=my3&from=1413970683,VIE GROUP HCM,05/10/2026 02:37,,Chờ xử lý
261005RFVNSPMX,,Đã hủy,Shopee,SHVIEPro-HANOI,--,--,QT01,1,Dr.Sera tây tế bào chết da đầu,https://cf.shopee.vn/file/vn-11134207-81ztc-mqyhiy5e3bpe1a_tn,COSMEE HA NOI,05/10/2026 02:35,,Chờ xử lý
261005RFEA5KE0,,Chờ in,Shopee,SHEP - HCM,--,--,1543,1,DENTAL FLOSSERS Tăm chỉ nha khoa hộp 50 chiếc,https://cf.shopee.vn/file/vn-11134207-7ra0g-m6z45jzz79nl90_tn,VIE GROUP HCM,05/10/2026 02:27,,--
261005RFEA5KE0,,Chờ in,Shopee,SHEP - HCM,--,--,2100,1,MINISO Bông tẩy trang Nhật Bản 100% 180 Miếng,https://cf.shopee.vn/file/vn-11134207-81ztc-mtmgtix9883o2d_tn,VIE GROUP HCM,05/10/2026 02:27,,--
586413938139956959,,Chờ xử lý,TikTok,TTVIEPRIME-HANOI,--,--,2024,1,LRP Sữa Rửa Mặt Effaclar Purifying Foaming Gel - 15ml,https://p16-oec-sg.ibyteimg.com/tos-alisg-i-aphluv4xwc-sg/ffed6604b7e34e4cb07ce27267743d15~tplv-aphluv4xwc-origin-jpeg.jpeg?dr=15568&t=555f072d&ps=933b5bde&shp=54477afb&shcp=3c3d9ffb&idc=my&from=1413970683,COSMEE HA NOI,05/10/2026 02:25,,--
586413921329972635,,Đã hủy,TikTok,TTEPRIME-MALL-HCM,--,--,2026,1,LRP Sữa Rửa Mặt Effaclar Purifying Foaming Gel - 50ml,https://p16-oec-sg.ibyteimg.com/tos-alisg-i-aphluv4xwc-sg/e34ab459d15b4717b53d8bd8fe469991~tplv-aphluv4xwc-origin-jpeg.jpeg?dr=15568&t=555f072d&ps=933b5bde&shp=54477afb&shcp=3c3d9ffb&idc=my&from=1413970683,VIE GROUP HCM,05/10/2026 02:22,,Chờ xử lý
586413870680344287,,Đã hủy,TikTok,TTVIEPRIME-HANOI,--,--,2024,1,LRP Sữa Rửa Mặt Effaclar Purifying Foaming Gel - 15ml,https://p16-oec-sg.ibyteimg.com/tos-alisg-i-aphluv4xwc-sg/ffed6604b7e34e4cb07ce27267743d15~tplv-aphluv4xwc-origin-jpeg.jpeg?dr=15568&t=555f072d&ps=933b5bde&shp=54477afb&shcp=3c3d9ffb&idc=my&from=1413970683,COSMEE HA NOI,05/10/2026 02:17,,Chờ xử lý
261005RETC3B07,,Đã hủy,Shopee,SHEP - HCM,--,--,2039,1,LRP Kem Chống Nắng Nâng Tông Kiềm Dầu Anthelios XL SPF 50+ PA++++ 50ml ( Mẫu mới XL),https://cf.shopee.vn/file/vn-11134207-7ras8-maxseclx98t36f_tn,VIE GROUP HCM,05/10/2026 02:15,,Chưa thanh toán
261005RETC3B07,,Đã hủy,Shopee,SHEP - HCM,--,--,QT40,1,MEDIANSWER Tinh chất hỗ trợ sáng da Vita Collagen Logic Ampoule - 2 ml,https://cf.shopee.vn/file/vn-11134207-81ztc-mtqcnbkc7coya1_tn,VIE GROUP HCM,05/10/2026 02:15,,Chưa thanh toán
261005REJ04ADW,,Chờ lấy hàng,Shopee,SHEP - HCM,--,--,1043,1,ADERMA Gel Rửa Mặt & Tắm Gội Douche Hydra-Protective Shower Gel Essentials 3in1 200ml,https://cf.shopee.vn/file/vn-11134207-7r98o-ly4n1szdg14z42_tn,VIE GROUP HCM,05/10/2026 02:11,,--
261005REJ04ADW,,Chờ lấy hàng,Shopee,SHEP - HCM,--,--,QT40,1,MEDIANSWER Tinh chất hỗ trợ sáng da Vita Collagen Logic Ampoule - 2 ml,https://cf.shopee.vn/file/vn-11134207-81ztc-mtqcnbkc7coya1_tn,VIE GROUP HCM,05/10/2026 02:11,,--
586413858167687114,Đơn hàng trùng lặp,Chờ in,TikTok,TTEPRIME-MALL-HCM,--,--,CB1350.3,1,COMBO 3 Chai 30ml CERAVE Sữa Rửa Mặt Foaming Cleanser,https://p16-oec-sg.ibyteimg.com/tos-alisg-i-aphluv4xwc-sg/a2376db661934510bc5ab6e7f01657b3~tplv-aphluv4xwc-origin-jpeg.jpeg?dr=15568&t=555f072d&ps=933b5bde&shp=54477afb&shcp=3c3d9ffb&idc=my2&from=1413970683,VIE GROUP HCM,05/10/2026 02:07,,--
586413761004275105,,Chờ in,TikTok,TTEPRIME-MALL-HCM,--,--,1350,1,CERAVE Sữa Rửa Mặt Foaming Cleanser - 30ml FRANCE,https://p16-oec-sg.ibyteimg.com/tos-alisg-i-aphluv4xwc-sg/50806a02e3104a3bb34e537bc386ab64~tplv-aphluv4xwc-origin-jpeg.jpeg?dr=15568&t=555f072d&ps=933b5bde&shp=54477afb&shcp=3c3d9ffb&idc=my&from=1413970683,VIE GROUP HCM,05/10/2026 01:51,,--
586413756146812726,,Chờ in,TikTok,TTEPharma-MALL-HCM,--,--,1480,1,COMPLIMENT Toner 10% Glycolic Acid & Aloe Lô hội - 200ML,https://p16-oec-sg.ibyteimg.com/tos-alisg-i-aphluv4xwc-sg/cf13e1c94455461cb4344593a1731f05~tplv-aphluv4xwc-origin-jpeg.jpeg?dr=15568&t=555f072d&ps=933b5bde&shp=54477afb&shcp=3c3d9ffb&idc=my3&from=1413970683,VIE GROUP HCM,05/10/2026 01:48,,--
261005RD4B4K06,,Đã hủy,Shopee,SHEP - HCM,--,--,1472,1,COMPLIMENT Sữa rửa mặt No Problem 200ml - Hồng,https://cf.shopee.vn/file/vn-11134207-7ras8-m12a0k10v2mz20_tn,VIE GROUP HCM,05/10/2026 01:45,,Chờ xử lý
261005RD489289,,Chờ in,Shopee,SHVIECosme HCM,--,--,1882,1,KEYSHU mặt nạ dưỡng da - 1 Miếng ( Hành Tím ),https://cf.shopee.vn/file/vn-11134207-81ztc-ms9j7s0atu6g77_tn,VIE GROUP HCM,05/10/2026 01:45,,--
261005RCWRD2EQ,,Đang giao hàng,Shopee,SHVIECosme HCM,--,--,2930,1,DR.SERA Mặt nạ nén tiệt trùng mềm mịn RELAXING TRAVEL COMPRESSED - Túi 10 mask,https://cf.shopee.vn/file/vn-11134207-81ztc-mot6lw2ybegy4c_tn,VIE GROUP HCM,05/10/2026 01:41,,--
586413685876622632,,Chờ in,TikTok,TTEPRIME-MALL-HCM,--,--,CB1350.3,1,COMBO 3 Chai 30ml CERAVE Sữa Rửa Mặt Foaming Cleanser,https://p16-oec-sg.ibyteimg.com/tos-alisg-i-aphluv4xwc-sg/a2376db661934510bc5ab6e7f01657b3~tplv-aphluv4xwc-origin-jpeg.jpeg?dr=15568&t=555f072d&ps=933b5bde&shp=54477afb&shcp=3c3d9ffb&idc=my2&from=1413970683,VIE GROUP HCM,05/10/2026 01:46,,--
261005RC1M2165,,Chờ in,Shopee,SHEP - HCM,--,--,2766,1,AVENE Gel Tẩy Tế Bào Chết Dịu Nhẹ Gentle Exfoliating Gel - 50ml,https://cf.shopee.vn/file/vn-11134207-81ztc-mq8rj664dd7032_tn,VIE GROUP HCM,05/10/2026 01:26,,--
261005RBWKBPKP,,Chờ in,Shopee,SHEP - HCM,--,--,,2,ANIMERRY Khăn Lau Mặt Đa Năng Dạng Rút,https://cf.shopee.vn/file/vn-11134207-81ztc-msoxv9orpslk5f_tn,VIE GROUP HCM,05/10/2026 01:23,,--
261005RBWKBPKP,,Chờ in,Shopee,SHEP - HCM,--,--,2100,5,MINISO Bông tẩy trang Nhật Bản 100% 180 Miếng,https://cf.shopee.vn/file/vn-11134207-81ztc-mtmgtix9883o2d_tn,VIE GROUP HCM,05/10/2026 01:23,,--
586413601773291143,,Đã hủy,TikTok,TTVIEPRIME-HANOI,--,--,1350 Lẻ 1 Da Dầu 30ml,1,CERAVE Sữa Rửa Mặt Foaming Cleanser - 30ml FRANCE,https://p16-oec-sg.ibyteimg.com/tos-alisg-i-aphluv4xwc-sg/aa6674c745e24a0c898498161668b853~tplv-aphluv4xwc-origin-jpeg.jpeg?dr=15568&t=555f072d&ps=933b5bde&shp=54477afb&shcp=3c3d9ffb&idc=my&from=1413970683,COSMEE HA NOI,05/10/2026 01:23,,Chờ xử lý
586413503797494931,,Chờ xử lý,TikTok,TTVIEPRIME-HANOI,--,--,2024,1,LRP Sữa Rửa Mặt Effaclar Purifying Foaming Gel - 15ml,https://p16-oec-sg.ibyteimg.com/tos-alisg-i-aphluv4xwc-sg/ffed6604b7e34e4cb07ce27267743d15~tplv-aphluv4xwc-origin-jpeg.jpeg?dr=15568&t=555f072d&ps=933b5bde&shp=54477afb&shcp=3c3d9ffb&idc=my&from=1413970683,COSMEE HA NOI,05/10/2026 01:18,,--
261005RBGCVYN9,,Chờ in,Shopee,SHEP - HCM,--,--,2100,1,MINISO Bông tẩy trang Nhật Bản 100% 180 Miếng,https://cf.shopee.vn/file/vn-11134207-81ztc-mtmgtix9883o2d_tn,VIE GROUP HCM,05/10/2026 01:16,,--
261005RB4BJS6B,,Chờ in,Shopee,SHEP - HCM,--,--,2100,1,MINISO Bông tẩy trang Nhật Bản 100% 180 Miếng,https://cf.shopee.vn/file/vn-11134207-81ztc-mtmgtix9883o2d_tn,VIE GROUP HCM,05/10/2026 01:09,,--
261005RB42052F,,Đang giao hàng,Shopee,SHVIECosme HCM,--,--,1127,1,Aspasia - Xịt Khoáng Aspasia Moist Up Face Mist Aloe Làm Dịu Mát Bổ Sung Độ Ẩm Cho Làn Da Rạng Rỡ 150ml,https://cf.shopee.vn/file/vn-11134207-81ztc-mpsziotao3ya56_tn,VIE GROUP HCM,05/10/2026 01:09,,--
586413519415248244,,Chờ in,TikTok,TTVIESGN-HCM,--,--,1350,1,CERAVE Sữa Rửa Mặt Foaming Cleanser - 30ml FRANCE,https://p16-oec-va.ibyteimg.com/tos-maliva-i-o3syd03w52-us/e3e9667ce3494a6c8150fb489cb2491d~tplv-o3syd03w52-origin-jpeg.jpeg?dr=15568&t=555f072d&ps=933b5bde&shp=54477afb&shcp=3c3d9ffb&idc=my&from=1413970683,VIE GROUP HCM,05/10/2026 01:08,,--
261005RB0T362M,,Chờ in,Shopee,SHVIEMart - HCM,--,--,CB1943.3,1,LAMEILA Bông tẩy trang 222 miếng [Vàng FM] – COMBO 3 gói,https://cf.shopee.vn/file/sg-11134201-824go-mejgexxx261250_tn,VIE GROUP HCM,05/10/2026 01:07,,--
586413458401494861,,Chờ xử lý,TikTok,TTEPRIME-MALL-HCM,--,--,2026,1,LRP Sữa Rửa Mặt Effaclar Purifying Foaming Gel - 50ml,https://p16-oec-sg.ibyteimg.com/tos-alisg-i-aphluv4xwc-sg/e34ab459d15b4717b53d8bd8fe469991~tplv-aphluv4xwc-origin-jpeg.jpeg?dr=15568&t=555f072d&ps=933b5bde&shp=54477afb&shcp=3c3d9ffb&idc=my&from=1413970683,VIE GROUP HCM,05/10/2026 00:59,,--
586413435757758226,,Chờ in,TikTok,TTEPRIME-MALL-HCM,--,--,CB1922.3,1,COMBO 3 MIẾNG LA SOIRÉE Bông Tẩy Trang 100% Cotton Siêu Mềm Siêu Mịn - 225 Miếng Tròn,https://p16-oec-va.ibyteimg.com/tos-maliva-i-o3syd03w52-us/c0985d1e2b694400acc7797954cbb4b0~tplv-o3syd03w52-origin-jpeg.jpeg?dr=15568&t=555f072d&ps=933b5bde&shp=54477afb&shcp=3c3d9ffb&idc=my&from=1413970683,VIE GROUP HCM,05/10/2026 00:57,,--
261005RA8SEC0N,,Đã hủy,Shopee,SHEP - HCM,--,--,2412,1,SUNPLAY Kem Chống nắng Sunplay Skin Aqua Clear White SPF50+ PA++++ - 30g - HỒNG,https://cf.shopee.vn/file/vn-11134207-81ztc-mstin0oh0avce4_tn,VIE GROUP HCM,05/10/2026 00:54,,Chờ xử lý
261005R9V6099X,,Chưa thanh toán,Shopee,SHVIECosme HCM,--,--,1925,1,,https://cf.shopee.vn/file/vn-11134207-81ztc-mtsvxgc9k9vp37_tn,VIE GROUP HCM,05/10/2026 00:47,,--
261005R9V6099W,,Bỏ qua,Shopee,SHVIECosme HCM,--,--,1127,1,Aspasia - Xịt Khoáng Aspasia Moist Up Face Mist Aloe Làm Dịu Mát Bổ Sung Độ Ẩm Cho Làn Da Rạng Rỡ 150ml,https://cf.shopee.vn/file/vn-11134207-81ztc-mpsziotao3ya56_tn,VIE GROUP HCM,05/10/2026 00:47,,--
261005R9SRTFNP,,Chờ in,Shopee,SHEP - HCM,--,--,2100,1,MINISO Bông tẩy trang Nhật Bản 100% 180 Miếng,https://cf.shopee.vn/file/vn-11134207-81ztc-mtmgtix9883o2d_tn,VIE GROUP HCM,05/10/2026 00:46,,--
586413363587941443,,Đã hủy,TikTok,TTEPRIME-MALL-HCM,--,--,2026,1,LRP Sữa Rửa Mặt Effaclar Purifying Foaming Gel - 50ml,https://p19-oec-sg.ibyteimg.com/tos-alisg-i-aphluv4xwc-sg/e34ab459d15b4717b53d8bd8fe469991~tplv-aphluv4xwc-origin-jpeg.jpeg?dr=15568&t=555f072d&ps=933b5bde&shp=54477afb&shcp=3c3d9ffb&idc=my&from=1413970683,VIE GROUP HCM,05/10/2026 00:45,,Chờ xử lý
586413320136066521,,Đã hủy,TikTok,TTEPRIME-MALL-HCM,--,--,1350,1,CERAVE Sữa Rửa Mặt Foaming Cleanser - 30ml FRANCE,https://p16-oec-sg.ibyteimg.com/tos-alisg-i-aphluv4xwc-sg/50806a02e3104a3bb34e537bc386ab64~tplv-aphluv4xwc-origin-jpeg.jpeg?dr=15568&t=555f072d&ps=933b5bde&shp=54477afb&shcp=3c3d9ffb&idc=my2&from=1413970683,VIE GROUP HCM,05/10/2026 00:39,,--
586413290782492314,Đơn hàng trùng lặp,Chờ xử lý,TikTok,TTEPRIME-MALL-HCM,--,--,2026,1,LRP Sữa Rửa Mặt Effaclar Purifying Foaming Gel - 50ml,https://p16-oec-sg.ibyteimg.com/tos-alisg-i-aphluv4xwc-sg/e34ab459d15b4717b53d8bd8fe469991~tplv-aphluv4xwc-origin-jpeg.jpeg?dr=15568&t=555f072d&ps=933b5bde&shp=54477afb&shcp=3c3d9ffb&idc=my&from=1413970683,VIE GROUP HCM,05/10/2026 00:38,,--
586413247699780927,,Chờ xử lý,TikTok,TTEPRIME-MALL-HCM,--,--,2026,1,LRP Sữa Rửa Mặt Effaclar Purifying Foaming Gel - 50ml,https://p16-oec-sg.ibyteimg.com/tos-alisg-i-aphluv4xwc-sg/e34ab459d15b4717b53d8bd8fe469991~tplv-aphluv4xwc-origin-jpeg.jpeg?dr=15568&t=555f072d&ps=933b5bde&shp=54477afb&shcp=3c3d9ffb&idc=my2&from=1413970683,VIE GROUP HCM,05/10/2026 00:32,,--
261005R8XF5P5A,,Chờ xử lý,Shopee,SHEPRIME2-MALL - HCM,--,--,2026,1,LRP Sữa Rửa Mặt Effaclar Purifying Foaming Gel - 50ml,https://cf.shopee.vn/file/vn-11134207-81ztc-ms4g1nr09wck4c_tn,VIE GROUP HCM,05/10/2026 00:30,,--
261005R8W2E2SQ,,Chờ xử lý,Shopee,SHEPRIME2-MALL - HCM,--,--,2026,1,LRP Sữa Rửa Mặt Effaclar Purifying Foaming Gel - 50ml,https://cf.shopee.vn/file/vn-11134207-81ztc-ms4g1nr09wck4c_tn,VIE GROUP HCM,05/10/2026 00:30,,--
586413158030149400,,Chờ xử lý,TikTok,TTEPRIME-MALL-HCM,--,--,2026,1,LRP Sữa Rửa Mặt Effaclar Purifying Foaming Gel - 50ml,https://p16-oec-sg.ibyteimg.com/tos-alisg-i-aphluv4xwc-sg/e34ab459d15b4717b53d8bd8fe469991~tplv-aphluv4xwc-origin-jpeg.jpeg?dr=15568&t=555f072d&ps=933b5bde&shp=54477afb&shcp=3c3d9ffb&idc=my2&from=1413970683,VIE GROUP HCM,05/10/2026 00:27,,--
261005R8RN7RVV,,Đã hủy,Shopee,SHVIECosme HCM,--,--,2930,2,DR.SERA Mặt nạ nén tiệt trùng mềm mịn RELAXING TRAVEL COMPRESSED - Túi 10 mask,https://cf.shopee.vn/file/vn-11134207-81ztc-mot6lw2ybegy4c_tn,VIE GROUP HCM,05/10/2026 00:27,,Đang giao hàng
586413194927506750,,Chờ in,TikTok,TTEPRIME-MALL-HCM,--,--,1350,1,CERAVE Sữa Rửa Mặt Foaming Cleanser - 30ml FRANCE,https://p16-oec-sg.ibyteimg.com/tos-alisg-i-aphluv4xwc-sg/50806a02e3104a3bb34e537bc386ab64~tplv-aphluv4xwc-origin-jpeg.jpeg?dr=15568&t=555f072d&ps=933b5bde&shp=54477afb&shcp=3c3d9ffb&idc=my&from=1413970683,VIE GROUP HCM,05/10/2026 00:24,,--
586413141708801798,,Chờ xử lý,TikTok,TTVIEPRIME-HANOI,--,--,2474,1,THE SAEM Kem che khuyết điểm 6.5g - #01 Clear,https://p16-oec-sg.ibyteimg.com/tos-alisg-i-aphluv4xwc-sg/49152236eaf54652974da988f7e44bc8~tplv-aphluv4xwc-origin-jpeg.jpeg?dr=15568&t=555f072d&ps=933b5bde&shp=54477afb&shcp=3c3d9ffb&idc=my2&from=1413970683,COSMEE HA NOI,05/10/2026 00:22,,--
586413175161849523,,Chờ xử lý,TikTok,TTVIEPRIME-HANOI,--,--,1350 Lẻ 1 Da Dầu 30ml,1,CERAVE Sữa Rửa Mặt Foaming Cleanser - 30ml FRANCE,https://p16-oec-sg.ibyteimg.com/tos-alisg-i-aphluv4xwc-sg/aa6674c745e24a0c898498161668b853~tplv-aphluv4xwc-origin-jpeg.jpeg?dr=15568&t=555f072d&ps=933b5bde&shp=54477afb&shcp=3c3d9ffb&idc=my2&from=1413970683,COSMEE HA NOI,05/10/2026 00:21,,--
261005R888RG7X,,Đang giao hàng,Shopee,SHVIECosme HCM,--,--,1472,1,COMPLIMENT Sữa rửa mặt No Problem 200ml - Hồng,https://cf.shopee.vn/file/vn-11134207-81ztc-mr8kkbibchs2de_tn,VIE GROUP HCM,05/10/2026 00:18,,--
261005R871NPW6,,Đang giao hàng,Shopee,SHVIECosme HCM,--,--,2930,1,DR.SERA Mặt nạ nén tiệt trùng mềm mịn RELAXING TRAVEL COMPRESSED - Túi 10 mask,https://cf.shopee.vn/file/vn-11134207-81ztc-mot6lw2ybegy4c_tn,VIE GROUP HCM,05/10/2026 00:17,,--
261005R85XCH02,,Đang giao hàng,Shopee,SHVIECosme HCM,--,--,2930,1,DR.SERA Mặt nạ nén tiệt trùng mềm mịn RELAXING TRAVEL COMPRESSED - Túi 10 mask,https://cf.shopee.vn/file/vn-11134207-81ztc-mot6lw2ybegy4c_tn,VIE GROUP HCM,05/10/2026 00:17,,--
586413053805430015,,Chờ in,TikTok,TTEPRIME-MALL-HCM,--,--,1350,1,CERAVE Sữa Rửa Mặt Foaming Cleanser - 30ml FRANCE,https://p16-oec-sg.ibyteimg.com/tos-alisg-i-aphluv4xwc-sg/b203882fafcc4a5dbc6ce5bef84bd40b~tplv-aphluv4xwc-origin-jpeg.jpeg?dr=15568&t=555f072d&ps=933b5bde&shp=54477afb&shcp=3c3d9ffb&idc=my2&from=1413970683,VIE GROUP HCM,05/10/2026 00:15,,--
261005R7YN4WBR,,Đang giao hàng,Shopee,SHEP - HCM,--,--,1472,1,COMPLIMENT Sữa rửa mặt No Problem 200ml - Hồng,https://cf.shopee.vn/file/vn-11134207-7ras8-mdl81k1d0z3l56_tn,VIE GROUP HCM,05/10/2026 00:13,,--
261005R7QCWJSJ,,Chờ in,Shopee,SHVIECosme HCM,--,--,1612,1,DR.SERA Bông Tẩy Trang Cotton Tiệt Trùng UV - PURE SNOW COTTON PAD - 234 Miếng,https://cf.shopee.vn/file/vn-11134207-81ztc-ms7yx63mhrlx16_tn,VIE GROUP HCM,05/10/2026 00:08,,--
261005R7NE0GM6,,Bỏ qua,Shopee,SHEP - HCM,--,--,CB2361.2,2,"SILCOT Bông tẩy trang Unicharm - 82 miếng Xanh dương, COMBO 2 HỘP",https://cf.shopee.vn/file/vn-11134207-7ras8-mcke8u9q2v4yd7_tn,VIE GROUP HCM,05/10/2026 00:07,,--
586413069083640896,,Chờ in,TikTok,TTEPRIME-MALL-HCM,--,--,CB1350.3,1,COMBO 3 Chai 30ml CERAVE Sữa Rửa Mặt Foaming Cleanser,https://p16-oec-sg.ibyteimg.com/tos-alisg-i-aphluv4xwc-sg/a2376db661934510bc5ab6e7f01657b3~tplv-aphluv4xwc-origin-jpeg.jpeg?dr=15568&t=555f072d&ps=933b5bde&shp=54477afb&shcp=3c3d9ffb&idc=my&from=1413970683,VIE GROUP HCM,05/10/2026 00:06,,--
586413020614263825,,Đã hủy,TikTok,TTEPRIME-MALL-HCM,--,--,1480,1,COMPLIMENT Toner 10% Glycolic Acid & Aloe Lô hội - 200ML,https://p16-oec-sg.ibyteimg.com/tos-alisg-i-aphluv4xwc-sg/1ca9ba1c817245209063dfc4508b372f~tplv-aphluv4xwc-origin-jpeg.jpeg?dr=15568&t=555f072d&ps=933b5bde&shp=54477afb&shcp=3c3d9ffb&idc=my&from=1413970683,VIE GROUP HCM,05/10/2026 00:06,,Chờ xử lý
261005R7AVC453,,Chờ in,Shopee,SHVIECosme HCM,--,--,1612,3,DR.SERA Bông Tẩy Trang Cotton Tiệt Trùng UV - PURE SNOW COTTON PAD - 234 Miếng,https://cf.shopee.vn/file/vn-11134207-81ztc-ms7yx63mhrlx16_tn,VIE GROUP HCM,05/10/2026 00:01,,--
586413015949083996,,Chờ in,TikTok,TTEPRIME-MALL-HCM,--,--,1350,1,CERAVE Sữa Rửa Mặt Foaming Cleanser - 30ml FRANCE,https://p16-oec-sg.ibyteimg.com/tos-alisg-i-aphluv4xwc-sg/b203882fafcc4a5dbc6ce5bef84bd40b~tplv-aphluv4xwc-origin-jpeg.jpeg?dr=15568&t=555f072d&ps=933b5bde&shp=54477afb&shcp=3c3d9ffb&idc=my&from=1413970683,VIE GROUP HCM,05/10/2026 00:00,,--
261005R7953H12,,Chờ in,Shopee,SHEP - HCM,--,--,2011,1,LRP Kem Dưỡng Lipikar Baume AP+M - 200ml,https://cf.shopee.vn/file/vn-11134207-81ztc-mlcv6ugg8v7s0d_tn,VIE GROUP HCM,05/10/2026 00:01,,--
261005R7953H12,,Chờ in,Shopee,SHEP - HCM,--,--,QT40,1,MEDIANSWER Tinh chất hỗ trợ sáng da Vita Collagen Logic Ampoule - 2 ml,https://cf.shopee.vn/file/vn-11134207-81ztc-mtqcnbkc7coya1_tn,VIE GROUP HCM,05/10/2026 00:01,,--
261005R78VF8EB,,Đang giao hàng,Shopee,SHVIECosme HCM,--,--,1127,1,Aspasia - Xịt Khoáng Aspasia Moist Up Face Mist Aloe Làm Dịu Mát Bổ Sung Độ Ẩm Cho Làn Da Rạng Rỡ 150ml,https://cf.shopee.vn/file/vn-11134207-81ztc-mpsziotao3ya56_tn,VIE GROUP HCM,05/10/2026 00:00,,--
261005R77U4P7K,,Chờ in,Shopee,SHEP - HCM,--,--,2100,1,MINISO Bông tẩy trang Nhật Bản 100% 180 Miếng,https://cf.shopee.vn/file/vn-11134207-81ztc-mtmgtix9883o2d_tn,VIE GROUP HCM,05/10/2026 00:00,,--
261005R762VV92,,Chờ xử lý,Shopee,SHEPRIME2-MALL - HCM,--,--,2026,1,LRP Sữa Rửa Mặt Effaclar Purifying Foaming Gel - 50ml,https://cf.shopee.vn/file/vn-11134207-81ztc-ms4g1nr09wck4c_tn,VIE GROUP HCM,04/10/2026 23:59,,--
586412950510339557,,Chờ xử lý,TikTok,TTEPRIME-MALL-HCM,--,--,2026,1,LRP Sữa Rửa Mặt Effaclar Purifying Foaming Gel - 50ml,https://p16-oec-sg.ibyteimg.com/tos-alisg-i-aphluv4xwc-sg/e34ab459d15b4717b53d8bd8fe469991~tplv-aphluv4xwc-origin-jpeg.jpeg?dr=15568&t=555f072d&ps=933b5bde&shp=54477afb&shcp=3c3d9ffb&idc=my&from=1413970683,VIE GROUP HCM,04/10/2026 23:59,,--
586412926758324020,,Chờ xử lý,TikTok,TTEPRIME-MALL-HCM,--,--,2026,1,LRP Sữa Rửa Mặt Effaclar Purifying Foaming Gel - 50ml,https://p16-oec-sg.ibyteimg.com/tos-alisg-i-aphluv4xwc-sg/e34ab459d15b4717b53d8bd8fe469991~tplv-aphluv4xwc-origin-jpeg.jpeg?dr=15568&t=555f072d&ps=933b5bde&shp=54477afb&shcp=3c3d9ffb&idc=my&from=1413970683,VIE GROUP HCM,04/10/2026 23:59,,--
261005R74Q07DE,,Đang giao hàng,Shopee,SHVIECosme HCM,--,--,1127,1,Aspasia - Xịt Khoáng Aspasia Moist Up Face Mist Aloe Làm Dịu Mát Bổ Sung Độ Ẩm Cho Làn Da Rạng Rỡ 150ml,https://cf.shopee.vn/file/vn-11134207-81ztc-mpsziotao3ya56_tn,VIE GROUP HCM,04/10/2026 23:58,,--
586412943856141763,,Chờ xử lý,TikTok,TTVIEPRIME-HANOI,--,--,2026,1,LRP Sữa Rửa Mặt Effaclar Purifying Foaming Gel - 50ml,https://p16-oec-sg.ibyteimg.com/tos-alisg-i-aphluv4xwc-sg/e4dc23ba7aa04ac68154f7d70954e8c5~tplv-aphluv4xwc-origin-jpeg.jpeg?dr=15568&t=555f072d&ps=933b5bde&shp=54477afb&shcp=3c3d9ffb&idc=my&from=1413970683,COSMEE HA NOI,04/10/2026 23:55,,--
586412923004618212,,Chờ xử lý,TikTok,TTVIEPRIME-HANOI,--,--,2473,1,THE SAEM D114 - SAEM - CHE KHUYẾT ĐIỂM - Brightener,https://p16-oec-sg.ibyteimg.com/tos-alisg-i-aphluv4xwc-sg/ba7cb33a9d7a4f539ceed83dafb318a2~tplv-aphluv4xwc-origin-jpeg.jpeg?dr=15568&t=555f072d&ps=933b5bde&shp=54477afb&shcp=3c3d9ffb&idc=my&from=1413970683,COSMEE HA NOI,04/10/2026 23:54,,--
586412925834134789,,Đã hủy,TikTok,TTEPRIME-MALL-HCM,--,--,2367,1,SIMPLE Nước Tẩy Trang Micellar Cleansing Water - 200ml,https://p16-oec-va.ibyteimg.com/tos-maliva-i-o3syd03w52-us/5e96411fea1b46bca0ca626bb182e1a9~tplv-o3syd03w52-origin-jpeg.jpeg?dr=15568&t=555f072d&ps=933b5bde&shp=54477afb&shcp=3c3d9ffb&idc=my2&from=1413970683,VIE GROUP HCM,04/10/2026 23:53,,Chờ xử lý
586412845534643909,,Chờ in,TikTok,TTEPharma-MALL-HCM,--,--,1480,1,COMPLIMENT Toner 10% Glycolic Acid & Aloe Lô hội - 200ML,https://p16-oec-sg.ibyteimg.com/tos-alisg-i-aphluv4xwc-sg/cf13e1c94455461cb4344593a1731f05~tplv-aphluv4xwc-origin-jpeg.jpeg?dr=15568&t=555f072d&ps=933b5bde&shp=54477afb&shcp=3c3d9ffb&idc=my3&from=1413970683,VIE GROUP HCM,04/10/2026 23:51,,--
586412825434031227,,Chờ in,TikTok,TTVIESGN-HCM,--,--,1350,4,CERAVE Sữa Rửa Mặt Foaming Cleanser - 30ml FRANCE,https://p16-oec-sg.ibyteimg.com/tos-alisg-i-aphluv4xwc-sg/e6a9105da8614796ac0e8db7403f7c49~tplv-aphluv4xwc-origin-jpeg.jpeg?dr=15568&t=555f072d&ps=933b5bde&shp=54477afb&shcp=3c3d9ffb&idc=my&from=1413970683,VIE GROUP HCM,04/10/2026 23:49,,--
261005R6GANHX0,,Chờ xử lý,Shopee,SHEPRIME2-MALL - HCM,--,--,2026,2,LRP Sữa Rửa Mặt Effaclar Purifying Foaming Gel - 50ml,https://cf.shopee.vn/file/vn-11134207-81ztc-ms4g1nr09wck4c_tn,VIE GROUP HCM,04/10/2026 23:47,,--
586412835546891980,,Chờ xử lý,TikTok,TTEPRIME-MALL-HCM,--,--,2026,1,LRP Sữa Rửa Mặt Effaclar Purifying Foaming Gel - 50ml,https://p16-oec-sg.ibyteimg.com/tos-alisg-i-aphluv4xwc-sg/e34ab459d15b4717b53d8bd8fe469991~tplv-aphluv4xwc-origin-jpeg.jpeg?dr=15568&t=555f072d&ps=933b5bde&shp=54477afb&shcp=3c3d9ffb&idc=my2&from=1413970683,VIE GROUP HCM,04/10/2026 23:46,,--
586412833185367776,,Chờ xử lý,TikTok,TTVIEPRIME-HANOI,--,--,CB2026.5,1,COMBO 5 TUÝP LRP Sữa Rửa Mặt Effaclar Purifying Foaming Gel - 50ml,https://p16-oec-sg.ibyteimg.com/tos-alisg-i-aphluv4xwc-sg/790fc78336a043849e61c00f5b8cb791~tplv-aphluv4xwc-origin-jpeg.jpeg?dr=15568&t=555f072d&ps=933b5bde&shp=54477afb&shcp=3c3d9ffb&idc=my2&from=1413970683,COSMEE HA NOI,04/10/2026 23:46,,--
586412856441734371,,Đã hủy,TikTok,TTVIESGN-HCM,--,--,1350,1,CERAVE Sữa Rửa Mặt Foaming Cleanser - 30ml FRANCE,https://p16-oec-sg.ibyteimg.com/tos-alisg-i-aphluv4xwc-sg/e6a9105da8614796ac0e8db7403f7c49~tplv-aphluv4xwc-origin-jpeg.jpeg?dr=15568&t=555f072d&ps=933b5bde&shp=54477afb&shcp=3c3d9ffb&idc=my&from=1413970683,VIE GROUP HCM,04/10/2026 23:44,,Chờ xử lý
586412778791339023,,Chờ xử lý,TikTok,TTVIEPRIME-HANOI,--,--,2026,1,LRP Sữa Rửa Mặt Effaclar Purifying Foaming Gel - 50ml,https://p16-oec-sg.ibyteimg.com/tos-alisg-i-aphluv4xwc-sg/e4dc23ba7aa04ac68154f7d70954e8c5~tplv-aphluv4xwc-origin-jpeg.jpeg?dr=15568&t=555f072d&ps=933b5bde&shp=54477afb&shcp=3c3d9ffb&idc=my2&from=1413970683,COSMEE HA NOI,04/10/2026 23:40,,--
261005R63XW8A7,,Đang giao hàng,Shopee,SHEP - HCM,--,--,2361,1,SILCOT Bông tẩy trang Unicharm - 82 miếng Xanh dương,https://cf.shopee.vn/file/vn-11134207-7ras8-mcke8s4l7qqq55_tn,VIE GROUP HCM,04/10/2026 23:40,,--
261005R624Q1SM,,Chờ in,Shopee,SHEP - HCM,--,--,1472,1,COMPLIMENT Sữa rửa mặt No Problem 200ml - Hồng,https://cf.shopee.vn/file/vn-11134207-7ras8-m12a0k10v2mz20_tn,VIE GROUP HCM,04/10/2026 23:39,,--
586412708669785410,,Chờ in,TikTok,TTEPRIME-MALL-HCM,--,--,CB1350.3,1,COMBO 3 Chai 30ml CERAVE Sữa Rửa Mặt Foaming Cleanser,https://p16-oec-sg.ibyteimg.com/tos-alisg-i-aphluv4xwc-sg/a2376db661934510bc5ab6e7f01657b3~tplv-aphluv4xwc-origin-jpeg.jpeg?dr=15568&t=555f072d&ps=933b5bde&shp=54477afb&shcp=3c3d9ffb&idc=my2&from=1413970683,VIE GROUP HCM,04/10/2026 23:35,,--
586412715726439728,,Chờ xử lý,TikTok,TTEPRIME-MALL-HCM,--,--,2026,1,LRP Sữa Rửa Mặt Effaclar Purifying Foaming Gel - 50ml,https://p16-oec-sg.ibyteimg.com/tos-alisg-i-aphluv4xwc-sg/e34ab459d15b4717b53d8bd8fe469991~tplv-aphluv4xwc-origin-jpeg.jpeg?dr=15568&t=555f072d&ps=933b5bde&shp=54477afb&shcp=3c3d9ffb&idc=my2&from=1413970683,VIE GROUP HCM,04/10/2026 23:33,,--
586412673410827440,,Chờ in,TikTok,TTEPRIME-MALL-HCM,--,--,1350,1,CERAVE Sữa Rửa Mặt Foaming Cleanser - 30ml FRANCE,https://p16-oec-sg.ibyteimg.com/tos-alisg-i-aphluv4xwc-sg/b203882fafcc4a5dbc6ce5bef84bd40b~tplv-aphluv4xwc-origin-jpeg.jpeg?dr=15568&t=555f072d&ps=933b5bde&shp=54477afb&shcp=3c3d9ffb&idc=my&from=1413970683,VIE GROUP HCM,04/10/2026 23:31,,--
261005R5DQEF5D,,Chờ xử lý,Shopee,SHEPRIME2-MALL - HCM,--,--,2026,1,LRP Sữa Rửa Mặt Effaclar Purifying Foaming Gel - 50ml,https://cf.shopee.vn/file/vn-11134207-81ztc-ms4g1nr09wck4c_tn,VIE GROUP HCM,04/10/2026 23:27,,--
586412598623700559,,Chờ xử lý,TikTok,TTVIEPRIME-HANOI,--,--,2024,1,LRP Sữa Rửa Mặt Effaclar Purifying Foaming Gel - 15ml,https://p16-oec-sg.ibyteimg.com/tos-alisg-i-aphluv4xwc-sg/db88b950e6274f3cb02fd159d93a3fdd~tplv-aphluv4xwc-origin-jpeg.jpeg?dr=15568&t=555f072d&ps=933b5bde&shp=54477afb&shcp=3c3d9ffb&idc=my2&from=1413970683,COSMEE HA NOI,04/10/2026 23:27,,--
586412606061315460,,Đã hủy,TikTok,TTEPRIME-MALL-HCM,--,--,1350,1,CERAVE Sữa Rửa Mặt Foaming Cleanser - 30ml FRANCE,https://p16-oec-sg.ibyteimg.com/tos-alisg-i-aphluv4xwc-sg/50806a02e3104a3bb34e537bc386ab64~tplv-aphluv4xwc-origin-jpeg.jpeg?dr=15568&t=555f072d&ps=933b5bde&shp=54477afb&shcp=3c3d9ffb&idc=my2&from=1413970683,VIE GROUP HCM,04/10/2026 23:26,,Chờ xử lý
586412571371341579,,Chờ xử lý,TikTok,TTEPRIME-MALL-HCM,--,--,2026,1,LRP Sữa Rửa Mặt Effaclar Purifying Foaming Gel - 50ml,https://p16-oec-sg.ibyteimg.com/tos-alisg-i-aphluv4xwc-sg/1e10caa309fd4734816f9ccab855d73f~tplv-aphluv4xwc-origin-jpeg.jpeg?dr=15568&t=555f072d&ps=933b5bde&shp=54477afb&shcp=3c3d9ffb&idc=my2&from=1413970683,VIE GROUP HCM,04/10/2026 23:26,,--
586412603302249809,,Chờ xử lý,TikTok,TTEPRIME-MALL-HCM,--,--,2026,1,LRP Sữa Rửa Mặt Effaclar Purifying Foaming Gel - 50ml,https://p16-oec-sg.ibyteimg.com/tos-alisg-i-aphluv4xwc-sg/e34ab459d15b4717b53d8bd8fe469991~tplv-aphluv4xwc-origin-jpeg.jpeg?dr=15568&t=555f072d&ps=933b5bde&shp=54477afb&shcp=3c3d9ffb&idc=my2&from=1413970683,VIE GROUP HCM,04/10/2026 23:25,,--
586412601082938387,,Đã hủy,TikTok,TTVIEPRIME-HANOI,--,--,2541,1,VASELINE Dưỡng môi Lip Therapy UK 20g [XT] - ROSE,https://p16-oec-sg.ibyteimg.com/tos-alisg-i-aphluv4xwc-sg/a8a3baa4361e4897808b888b54e507a9~tplv-aphluv4xwc-origin-jpeg.jpeg?dr=15568&t=555f072d&ps=933b5bde&shp=54477afb&shcp=3c3d9ffb&idc=my2&from=1413970683,COSMEE HA NOI,04/10/2026 23:24,,--
586412576111691056,,Đã hủy,TikTok,TTVIEPRIME-HANOI,--,--,2026,1,LRP Sữa Rửa Mặt Effaclar Purifying Foaming Gel - 50ml,https://p16-oec-sg.ibyteimg.com/tos-alisg-i-aphluv4xwc-sg/e4dc23ba7aa04ac68154f7d70954e8c5~tplv-aphluv4xwc-origin-jpeg.jpeg?dr=15568&t=555f072d&ps=933b5bde&shp=54477afb&shcp=3c3d9ffb&idc=my2&from=1413970683,COSMEE HA NOI,04/10/2026 23:21,,Chờ xử lý
586412543753553187,,Chờ xử lý,TikTok,TTVIEPRIME-HANOI,--,--,2026,1,LRP Sữa Rửa Mặt Effaclar Purifying Foaming Gel - 50ml,https://p16-oec-sg.ibyteimg.com/tos-alisg-i-aphluv4xwc-sg/e4dc23ba7aa04ac68154f7d70954e8c5~tplv-aphluv4xwc-origin-jpeg.jpeg?dr=15568&t=555f072d&ps=933b5bde&shp=54477afb&shcp=3c3d9ffb&idc=my2&from=1413970683,COSMEE HA NOI,04/10/2026 23:21,,--
586412550583191111,,Chờ in,TikTok,TTEPRIME-MALL-HCM,--,--,CB1350.3,1,COMBO 3 Chai 30ml CERAVE Sữa Rửa Mặt Foaming Cleanser,https://p16-oec-sg.ibyteimg.com/tos-alisg-i-aphluv4xwc-sg/a2376db661934510bc5ab6e7f01657b3~tplv-aphluv4xwc-origin-jpeg.jpeg?dr=15568&t=555f072d&ps=933b5bde&shp=54477afb&shcp=3c3d9ffb&idc=my&from=1413970683,VIE GROUP HCM,04/10/2026 23:20,,--
586412543345788677,,Chờ xử lý,TikTok,TTEPRIME-MALL-HCM,--,--,2026,1,LRP Sữa Rửa Mặt Effaclar Purifying Foaming Gel - 50ml,https://p16-oec-sg.ibyteimg.com/tos-alisg-i-aphluv4xwc-sg/e34ab459d15b4717b53d8bd8fe469991~tplv-aphluv4xwc-origin-jpeg.jpeg?dr=15568&t=555f072d&ps=933b5bde&shp=54477afb&shcp=3c3d9ffb&idc=my2&from=1413970683,VIE GROUP HCM,04/10/2026 23:19,,--
586412495293155092,,Chờ xử lý,TikTok,TTEPRIME-MALL-HCM,--,--,2026,1,LRP Sữa Rửa Mặt Effaclar Purifying Foaming Gel - 50ml,https://p16-oec-sg.ibyteimg.com/tos-alisg-i-aphluv4xwc-sg/e34ab459d15b4717b53d8bd8fe469991~tplv-aphluv4xwc-origin-jpeg.jpeg?dr=15568&t=555f072d&ps=933b5bde&shp=54477afb&shcp=3c3d9ffb&idc=my2&from=1413970683,VIE GROUP HCM,04/10/2026 23:19,,--
261005R4WNDDWM,,Chờ in,Shopee,SHVIECosme HCM,--,--,1612,1,DR.SERA Bông Tẩy Trang Cotton Tiệt Trùng UV - PURE SNOW COTTON PAD - 234 Miếng,https://cf.shopee.vn/file/vn-11134207-81ztc-ms7yx63mhrlx16_tn,VIE GROUP HCM,04/10/2026 23:18,,--
586412514289288878,,Chờ xử lý,TikTok,TTEPRIME-MALL-HCM,--,--,2026,1,LRP Sữa Rửa Mặt Effaclar Purifying Foaming Gel - 50ml,https://p16-oec-sg.ibyteimg.com/tos-alisg-i-aphluv4xwc-sg/e34ab459d15b4717b53d8bd8fe469991~tplv-aphluv4xwc-origin-jpeg.jpeg?dr=15568&t=555f072d&ps=933b5bde&shp=54477afb&shcp=3c3d9ffb&idc=my2&from=1413970683,VIE GROUP HCM,04/10/2026 23:16,,--
261005R4R322A0,,Chờ in,Shopee,SHVIEMart - HCM,--,--,1004,1,Dũa móng 6 mặt [XT],https://cf.shopee.vn/file/vn-11134207-7ras8-mch930lruncdfb_tn,VIE GROUP HCM,04/10/2026 23:15,,--
586412491354113060,,Chờ in,TikTok,TTEPharma-MALL-HCM,--,--,2031,1,LRP Tẩy trang Micellar Water Ultra Sensitive Skin - 400ml (Trắng),https://p16-oec-sg.ibyteimg.com/tos-alisg-i-aphluv4xwc-sg/e90016702a584cc0a7709df0d878b45f~tplv-aphluv4xwc-origin-jpeg.jpeg?dr=15568&t=555f072d&ps=933b5bde&shp=54477afb&shcp=3c3d9ffb&idc=my3&from=1413970683,VIE GROUP HCM,04/10/2026 23:15,,--
261005R4M758XQ,,Đã hủy,Shopee,SHEPRIME2-MALL - HCM,--,--,2026,1,LRP Sữa Rửa Mặt Effaclar Purifying Foaming Gel - 50ml,https://cf.shopee.vn/file/vn-11134207-81ztc-ms4g1nr09wck4c_tn,VIE GROUP HCM,04/10/2026 23:13,,Chờ xử lý
261005R4H5UH3H,,Chờ xử lý,Shopee,SHEPRIME2-MALL - HCM,--,--,2026,1,LRP Sữa Rửa Mặt Effaclar Purifying Foaming Gel - 50ml,https://cf.shopee.vn/file/vn-11134207-81ztc-ms4g1nr09wck4c_tn,VIE GROUP HCM,04/10/2026 23:11,,--
586412443968964181,,Chờ in,TikTok,TTVIESGN-HCM,--,--,1350,1,CERAVE Sữa Rửa Mặt Foaming Cleanser - 30ml FRANCE,https://p16-oec-sg.ibyteimg.com/tos-alisg-i-aphluv4xwc-sg/e6a9105da8614796ac0e8db7403f7c49~tplv-aphluv4xwc-origin-jpeg.jpeg?dr=15568&t=555f072d&ps=933b5bde&shp=54477afb&shcp=3c3d9ffb&idc=my2&from=1413970683,VIE GROUP HCM,04/10/2026 23:11,,--
261005R4G79B42,,Chờ in,Shopee,SHEP - HCM,--,--,2100,4,MINISO Bông tẩy trang Nhật Bản 100% 180 Miếng,https://cf.shopee.vn/file/vn-11134207-81ztc-mtmgtix9883o2d_tn,VIE GROUP HCM,04/10/2026 23:11,,--
261005R4BQAQM9,,Đang giao hàng,Shopee,SHVIECosme HCM,--,--,1127,1,Aspasia - Xịt Khoáng Aspasia Moist Up Face Mist Aloe Làm Dịu Mát Bổ Sung Độ Ẩm Cho Làn Da Rạng Rỡ 150ml,https://cf.shopee.vn/file/vn-11134207-81ztc-mpsziotao3ya56_tn,VIE GROUP HCM,04/10/2026 23:09,,--
586412351563466515,,Chờ xử lý,TikTok,TTEPRIME-MALL-HCM,--,--,2026,1,LRP Sữa Rửa Mặt Effaclar Purifying Foaming Gel - 50ml,https://p16-oec-sg.ibyteimg.com/tos-alisg-i-aphluv4xwc-sg/e34ab459d15b4717b53d8bd8fe469991~tplv-aphluv4xwc-origin-jpeg.jpeg?dr=15568&t=555f072d&ps=933b5bde&shp=54477afb&shcp=3c3d9ffb&idc=my2&from=1413970683,VIE GROUP HCM,04/10/2026 23:08,,--
261005R4AAHBHD,,Đang giao hàng,Shopee,SHEP - HCM,--,--,1668,1,FEMFRESH Dung Dịch Vệ Sinh Phụ Nữ Daily Intimate Wash Cam 150ml,https://cf.shopee.vn/file/vn-11134207-820l4-mjl2dyhg579f66_tn,VIE GROUP HCM,04/10/2026 23:08,,--
261005R49BYB5T,,Chờ in,Shopee,SHEP - HCM,--,--,CB1915.10,1,"[COMBO 10 MIẾNG] KYUNG LAB Mặt Nạ Dưỡng Ẩm, Phục Hồi Da Kyung Lab PDRN Therapy Mask 23ml",https://cf.shopee.vn/file/vn-11134207-81ztc-msxh5g9p4kxs55_tn,VIE GROUP HCM,04/10/2026 23:07,,--
586412407136879852,,Chờ xử lý,TikTok,TTVIEPRIME-HANOI,--,--,CB1350.5 COMBO 5 Dầu x 30m,1,COMBO 5 Chai 30ml CERAVE Sữa Rửa Mặt Foaming Cleanser,https://p16-oec-sg.ibyteimg.com/tos-alisg-i-aphluv4xwc-sg/ac6f9207a7104f7d9acf82424d1f96e3~tplv-aphluv4xwc-origin-jpeg.jpeg?dr=15568&t=555f072d&ps=933b5bde&shp=54477afb&shcp=3c3d9ffb&idc=my2&from=1413970683,COSMEE HA NOI,04/10/2026 23:06,,--
586412368306930728,,Chờ in,TikTok,TTEPRIME-MALL-HCM,--,--,1350,1,CERAVE Sữa Rửa Mặt Foaming Cleanser - 30ml FRANCE,https://p16-oec-sg.ibyteimg.com/tos-alisg-i-aphluv4xwc-sg/50806a02e3104a3bb34e537bc386ab64~tplv-aphluv4xwc-origin-jpeg.jpeg?dr=15568&t=555f072d&ps=933b5bde&shp=54477afb&shcp=3c3d9ffb&idc=my&from=1413970683,VIE GROUP HCM,04/10/2026 23:04,,--
261005R41BFNQP,,Chờ in,Shopee,SHEP - HCM,--,--,2100,1,MINISO Bông tẩy trang Nhật Bản 100% 180 Miếng,https://cf.shopee.vn/file/vn-11134207-81ztc-mtmgtix9883o2d_tn,VIE GROUP HCM,04/10/2026 23:02,,--
586412327391560795,,Chờ in,TikTok,TTEPRIME-MALL-HCM,--,--,CB1350.3,1,COMBO 3 Chai 30ml CERAVE Sữa Rửa Mặt Foaming Cleanser,https://p16-oec-sg.ibyteimg.com/tos-alisg-i-aphluv4xwc-sg/a2376db661934510bc5ab6e7f01657b3~tplv-aphluv4xwc-origin-jpeg.jpeg?dr=15568&t=555f072d&ps=933b5bde&shp=54477afb&shcp=3c3d9ffb&idc=my2&from=1413970683,VIE GROUP HCM,04/10/2026 23:02,,--
586412288657228917,,Chờ xử lý,TikTok,TTVIEPRIME-HANOI,--,--,2026,1,LRP Sữa Rửa Mặt Effaclar Purifying Foaming Gel - 50ml,https://p16-oec-sg.ibyteimg.com/tos-alisg-i-aphluv4xwc-sg/e4dc23ba7aa04ac68154f7d70954e8c5~tplv-aphluv4xwc-origin-jpeg.jpeg?dr=15568&t=555f072d&ps=933b5bde&shp=54477afb&shcp=3c3d9ffb&idc=my2&from=1413970683,COSMEE HA NOI,04/10/2026 23:01,,--
586412274219320549,,Đã hủy,TikTok,TTVIESGN-HCM,--,--,1350,1,CERAVE Sữa Rửa Mặt Foaming Cleanser - 30ml FRANCE,https://p16-oec-sg.ibyteimg.com/tos-alisg-i-aphluv4xwc-sg/e6a9105da8614796ac0e8db7403f7c49~tplv-aphluv4xwc-origin-jpeg.jpeg?dr=15568&t=555f072d&ps=933b5bde&shp=54477afb&shcp=3c3d9ffb&idc=my&from=1413970683,VIE GROUP HCM,04/10/2026 22:58,,Chờ xử lý
261004R3SHK05V,,Chờ xử lý,Shopee,SHEPRIME2-MALL - HCM,--,--,2026,1,LRP Sữa Rửa Mặt Effaclar Purifying Foaming Gel - 50ml,https://cf.shopee.vn/file/vn-11134207-81ztc-ms4g1nr09wck4c_tn,VIE GROUP HCM,04/10/2026 22:58,,--
586412272327689303,,Chờ in,TikTok,TTEPRIME-MALL-HCM,--,--,1350,1,CERAVE Sữa Rửa Mặt Foaming Cleanser - 30ml FRANCE,https://p16-oec-sg.ibyteimg.com/tos-alisg-i-aphluv4xwc-sg/50806a02e3104a3bb34e537bc386ab64~tplv-aphluv4xwc-origin-jpeg.jpeg?dr=15568&t=555f072d&ps=933b5bde&shp=54477afb&shcp=3c3d9ffb&idc=my&from=1413970683,VIE GROUP HCM,04/10/2026 22:57,,--
586412213623817286,Đơn hàng trùng lặp,Chờ xử lý,TikTok,TTEPRIME-MALL-HCM,--,--,2026,1,LRP Sữa Rửa Mặt Effaclar Purifying Foaming Gel - 50ml,https://p16-oec-sg.ibyteimg.com/tos-alisg-i-aphluv4xwc-sg/e34ab459d15b4717b53d8bd8fe469991~tplv-aphluv4xwc-origin-jpeg.jpeg?dr=15568&t=555f072d&ps=933b5bde&shp=54477afb&shcp=3c3d9ffb&idc=my2&from=1413970683,VIE GROUP HCM,04/10/2026 22:56,,--
586412206127285934,,Chờ xử lý,TikTok,TTVIEPRIME-HANOI,--,--,2026,1,LRP Sữa Rửa Mặt Effaclar Purifying Foaming Gel - 50ml,https://p16-oec-sg.ibyteimg.com/tos-alisg-i-aphluv4xwc-sg/38a227d65f6e4cd0807acb510b3b8ab3~tplv-aphluv4xwc-origin-jpeg.jpeg?dr=15568&t=555f072d&ps=933b5bde&shp=54477afb&shcp=3c3d9ffb&idc=my2&from=1413970683,COSMEE HA NOI,04/10/2026 22:55,,--
586412202346907203,,Đã hủy,TikTok,TTVIEPRIME-HANOI,--,--,2026,1,LRP Sữa Rửa Mặt Effaclar Purifying Foaming Gel - 50ml,https://p16-oec-sg.ibyteimg.com/tos-alisg-i-aphluv4xwc-sg/e4dc23ba7aa04ac68154f7d70954e8c5~tplv-aphluv4xwc-origin-jpeg.jpeg?dr=15568&t=555f072d&ps=933b5bde&shp=54477afb&shcp=3c3d9ffb&idc=my2&from=1413970683,COSMEE HA NOI,04/10/2026 22:54,,--
261004R3FYG45E,,Chờ in,Shopee,SHEP - HCM,--,--,2244,1,OLD SPICE Lăn khử mùi Mỹ 85g - PURE SPORT,https://cf.shopee.vn/file/vn-11134207-7ras8-matl4c5a5abw54_tn,VIE GROUP HCM,04/10/2026 22:53,,--
261004R3F5Q6P2,,Chờ in,Shopee,SHEP - HCM,--,--,2100,1,MINISO Bông tẩy trang Nhật Bản 100% 180 Miếng,https://cf.shopee.vn/file/vn-11134207-81ztc-mtmgtix9883o2d_tn,VIE GROUP HCM,04/10/2026 22:52,,--
261004R3F4RTFK,,Chờ xử lý,Shopee,SHEPRIME2-MALL - HCM,--,--,2026,1,LRP Sữa Rửa Mặt Effaclar Purifying Foaming Gel - 50ml,https://cf.shopee.vn/file/vn-11134207-81ztc-ms4g1nr09wck4c_tn,VIE GROUP HCM,04/10/2026 22:52,,--
586412197564352083,,Đã hủy,TikTok,TTEPRIME-MALL-HCM,--,--,2026,1,LRP Sữa Rửa Mặt Effaclar Purifying Foaming Gel - 50ml,https://p16-oec-sg.ibyteimg.com/tos-alisg-i-aphluv4xwc-sg/e34ab459d15b4717b53d8bd8fe469991~tplv-aphluv4xwc-origin-jpeg.jpeg?dr=15568&t=555f072d&ps=933b5bde&shp=54477afb&shcp=3c3d9ffb&idc=my&from=1413970683,VIE GROUP HCM,04/10/2026 22:51,,--
261004R3D4TW79,,Đang giao hàng,Shopee,SHEP - HCM,--,--,2361,1,SILCOT Bông tẩy trang Unicharm - 82 miếng Xanh dương,https://cf.shopee.vn/file/vn-11134207-7ras8-mcke8s4l7qqq55_tn,VIE GROUP HCM,04/10/2026 22:51,,--
529496401398632,,Chờ xử lý,Lazada,LZDEPRIME-MALL - HCM,--,--,2026,1,LRP Sữa Rửa Mặt Effaclar Purifying Foaming Gel - 50ml,https://vn-live.slatic.net/p/b17c43ce7a2b8f641b2da2023b2e6b7c.jpg,VIE GROUP HCM,04/10/2026 22:51,,--
261004R3BWQ9HB,,Chờ in,Shopee,SHEP - HCM,--,--,2100,2,MINISO Bông tẩy trang Nhật Bản 100% 180 Miếng,https://cf.shopee.vn/file/vn-11134207-81ztc-mtmgtix9883o2d_tn,VIE GROUP HCM,04/10/2026 22:50,,--
586412179562923810,,Đang giao hàng,TikTok,TTEPharma-MALL-HCM,--,--,1480,1,COMPLIMENT Toner 10% Glycolic Acid & Aloe Lô hội - 200ML,https://p16-oec-sg.ibyteimg.com/tos-alisg-i-aphluv4xwc-sg/cf13e1c94455461cb4344593a1731f05~tplv-aphluv4xwc-origin-jpeg.jpeg?dr=15568&t=555f072d&ps=933b5bde&shp=54477afb&shcp=3c3d9ffb&idc=my&from=1413970683,VIE GROUP HCM,04/10/2026 22:49,,--
586412109726188963,,Đã hủy,TikTok,TTVIEPRIME-HANOI,--,--,CB2026.5,1,COMBO 5 TUÝP LRP Sữa Rửa Mặt Effaclar Purifying Foaming Gel - 50ml,https://p16-oec-sg.ibyteimg.com/tos-alisg-i-aphluv4xwc-sg/790fc78336a043849e61c00f5b8cb791~tplv-aphluv4xwc-origin-jpeg.jpeg?dr=15568&t=555f072d&ps=933b5bde&shp=54477afb&shcp=3c3d9ffb&idc=my2&from=1413970683,COSMEE HA NOI,04/10/2026 22:48,,Chờ xử lý
586412068854006826,,Chờ xử lý,TikTok,TTVIEPRIME-HANOI,--,--,2541,1,VASELINE Dưỡng môi Lip Therapy UK 20g [XT] - ROSE,https://p16-oec-sg.ibyteimg.com/tos-alisg-i-aphluv4xwc-sg/a8a3baa4361e4897808b888b54e507a9~tplv-aphluv4xwc-origin-jpeg.jpeg?dr=15568&t=555f072d&ps=933b5bde&shp=54477afb&shcp=3c3d9ffb&idc=my2&from=1413970683,COSMEE HA NOI,04/10/2026 22:47,,--
586412049735910470,,Đã hủy,TikTok,TTVIEPRIME-HANOI,--,--,2026,1,LRP Sữa Rửa Mặt Effaclar Purifying Foaming Gel - 50ml,https://p16-oec-sg.ibyteimg.com/tos-alisg-i-aphluv4xwc-sg/e4dc23ba7aa04ac68154f7d70954e8c5~tplv-aphluv4xwc-origin-jpeg.jpeg?dr=15568&t=555f072d&ps=933b5bde&shp=54477afb&shcp=3c3d9ffb&idc=my2&from=1413970683,COSMEE HA NOI,04/10/2026 22:45,,Chưa thanh toán
261004R326THVQ,,Đã hủy,Shopee,SHVIECosme HCM,--,--,1882,1,KEYSHU mặt nạ dưỡng da - 1 Miếng ( Hành Tím ),https://cf.shopee.vn/file/vn-11134207-81ztc-ms9j7s0atu6g77_tn,VIE GROUP HCM,04/10/2026 22:45,,Chờ xử lý
586412102052120116,,Chờ in,TikTok,TTEPharma-MALL-HCM,--,--,1480,1,COMPLIMENT Toner 10% Glycolic Acid & Aloe Lô hội - 200ML,https://p16-oec-sg.ibyteimg.com/tos-alisg-i-aphluv4xwc-sg/cf13e1c94455461cb4344593a1731f05~tplv-aphluv4xwc-origin-jpeg.jpeg?dr=15568&t=555f072d&ps=933b5bde&shp=54477afb&shcp=3c3d9ffb&idc=my3&from=1413970683,VIE GROUP HCM,04/10/2026 22:42,,--
586412016344794351,,Đã hủy,TikTok,TTVIESGN-HCM,--,--,1350,1,CERAVE Sữa Rửa Mặt Foaming Cleanser - 30ml FRANCE,https://p16-oec-sg.ibyteimg.com/tos-alisg-i-aphluv4xwc-sg/e6a9105da8614796ac0e8db7403f7c49~tplv-aphluv4xwc-origin-jpeg.jpeg?dr=15568&t=555f072d&ps=933b5bde&shp=54477afb&shcp=3c3d9ffb&idc=my&from=1413970683,VIE GROUP HCM,04/10/2026 22:41,,--
261004R2QWT7MM,,Chờ in,Shopee,SHEP - HCM,--,--,1472,1,COMPLIMENT Sữa rửa mặt No Problem 200ml - Hồng,https://cf.shopee.vn/file/vn-11134207-7ras8-m12a0k10v2mz20_tn,VIE GROUP HCM,04/10/2026 22:39,,--
261004R2P5HNGM,,Chờ xử lý,Shopee,SHEPRIME2-MALL - HCM,--,--,2026,1,LRP Sữa Rửa Mặt Effaclar Purifying Foaming Gel - 50ml,https://cf.shopee.vn/file/vn-11134207-81ztc-ms4g1nr09wck4c_tn,VIE GROUP HCM,04/10/2026 22:38,,--
586411903261312609,,Chờ xử lý,TikTok,TTVIEPRIME-HANOI,--,--,CB2026.3,1,COMBO 3 TUÝP LRP Sữa Rửa Mặt Effaclar Purifying Foaming Gel - 50ml,https://p16-oec-sg.ibyteimg.com/tos-alisg-i-aphluv4xwc-sg/1200e3e940994b57b36341a3f7c85513~tplv-aphluv4xwc-origin-jpeg.jpeg?dr=15568&t=555f072d&ps=933b5bde&shp=54477afb&shcp=3c3d9ffb&idc=my2&from=1413970683,COSMEE HA NOI,04/10/2026 22:35,,--
261004R2FA6X86,,Đang giao hàng,Shopee,SHVIEPro-HANOI,--,--,1980,1,LOREAL Nước Tẩy Trang Revitalift Crystal Purifying Micellar Water [Xám] - 95ml,https://cf.shopee.vn/file/vn-11134207-7r98o-lp3u0heu5rh71b_tn,COSMEE HA NOI,04/10/2026 22:34,,--
586411814990873699,,Chờ xử lý,TikTok,TTVIEPRIME-HANOI,--,--,2024,1,LRP Sữa Rửa Mặt Effaclar Purifying Foaming Gel - 15ml,https://p16-oec-sg.ibyteimg.com/tos-alisg-i-aphluv4xwc-sg/57d1a50c2c8347889a3d2f75c3de2d20~tplv-aphluv4xwc-origin-jpeg.jpeg?dr=15568&t=555f072d&ps=933b5bde&shp=54477afb&shcp=3c3d9ffb&idc=my2&from=1413970683,COSMEE HA NOI,04/10/2026 22:29,,--
586411839090295830,,Chờ xử lý,TikTok,TTVIEPRIME-HANOI,--,--,2026,1,LRP Sữa Rửa Mặt Effaclar Purifying Foaming Gel - 50ml,https://p16-oec-sg.ibyteimg.com/tos-alisg-i-aphluv4xwc-sg/38a227d65f6e4cd0807acb510b3b8ab3~tplv-aphluv4xwc-origin-jpeg.jpeg?dr=15568&t=555f072d&ps=933b5bde&shp=54477afb&shcp=3c3d9ffb&idc=my2&from=1413970683,COSMEE HA NOI,04/10/2026 22:29,,--
586411784024000037,,Chờ xử lý,TikTok,TTEPRIME-MALL-HCM,--,--,2026,1,LRP Sữa Rửa Mặt Effaclar Purifying Foaming Gel - 50ml,https://p16-oec-sg.ibyteimg.com/tos-alisg-i-aphluv4xwc-sg/e34ab459d15b4717b53d8bd8fe469991~tplv-aphluv4xwc-origin-jpeg.jpeg?dr=15568&t=555f072d&ps=933b5bde&shp=54477afb&shcp=3c3d9ffb&idc=my&from=1413970683,VIE GROUP HCM,04/10/2026 22:28,,--
586411796671989453,,Chờ xử lý,TikTok,TTVIEPRIME-HANOI,--,--,2026,1,LRP Sữa Rửa Mặt Effaclar Purifying Foaming Gel - 50ml,https://p16-oec-sg.ibyteimg.com/tos-alisg-i-aphluv4xwc-sg/e4dc23ba7aa04ac68154f7d70954e8c5~tplv-aphluv4xwc-origin-jpeg.jpeg?dr=15568&t=555f072d&ps=933b5bde&shp=54477afb&shcp=3c3d9ffb&idc=my2&from=1413970683,COSMEE HA NOI,04/10/2026 22:28,,--
261004R238YSS3,,Chờ in,Shopee,SHVIECosme HCM,--,--,1887,1,KEYSHU mặt nạ dưỡng da - 1 Miếng ( Vitamin C ),https://cf.shopee.vn/file/vn-11134207-81ztc-ms9j7fo7lv5sb3_tn,VIE GROUP HCM,04/10/2026 22:28,,--
586411821404488911,Đơn hàng trùng lặp,Chờ xử lý,TikTok,TTVIEPRIME-HANOI,--,--,CB2026.3,1,COMBO 3 TUÝP LRP Sữa Rửa Mặt Effaclar Purifying Foaming Gel - 50ml,https://p16-oec-sg.ibyteimg.com/tos-alisg-i-aphluv4xwc-sg/1200e3e940994b57b36341a3f7c85513~tplv-aphluv4xwc-origin-jpeg.jpeg?dr=15568&t=555f072d&ps=933b5bde&shp=54477afb&shcp=3c3d9ffb&idc=my2&from=1413970683,COSMEE HA NOI,04/10/2026 22:27,,--
586411888737748901,,Chờ xử lý,TikTok,TTVIEPRIME-HANOI,--,--,CB2026.3,1,COMBO 3 TUÝP LRP Sữa Rửa Mặt Effaclar Purifying Foaming Gel - 50ml,https://p16-oec-sg.ibyteimg.com/tos-alisg-i-aphluv4xwc-sg/1200e3e940994b57b36341a3f7c85513~tplv-aphluv4xwc-origin-jpeg.jpeg?dr=15568&t=555f072d&ps=933b5bde&shp=54477afb&shcp=3c3d9ffb&idc=my2&from=1413970683,COSMEE HA NOI,04/10/2026 22:27,,--
586411806908384410,,Chờ xử lý,TikTok,TTVIEPRIME-HANOI,--,--,2026,1,LRP Sữa Rửa Mặt Effaclar Purifying Foaming Gel - 50ml,https://p16-oec-sg.ibyteimg.com/tos-alisg-i-aphluv4xwc-sg/e4dc23ba7aa04ac68154f7d70954e8c5~tplv-aphluv4xwc-origin-jpeg.jpeg?dr=15568&t=555f072d&ps=933b5bde&shp=54477afb&shcp=3c3d9ffb&idc=my2&from=1413970683,COSMEE HA NOI,04/10/2026 22:26,,--
261004R1WUAX1D,,Chờ xử lý,Shopee,SHEPRIME2-MALL - HCM,--,--,CB2026.5,1,COMBO 5 TUÝP LRP Sữa Rửa Mặt Effaclar Purifying Foaming Gel - 50ml,https://cf.shopee.vn/file/vn-11134207-81ztc-ms4g22buhjpd34_tn,VIE GROUP HCM,04/10/2026 22:25,,--
586411729509189544,,Chờ xử lý,TikTok,TTVIEPRIME-HANOI,--,--,2024,1,LRP Sữa Rửa Mặt Effaclar Purifying Foaming Gel - 15ml,https://p16-oec-sg.ibyteimg.com/tos-alisg-i-aphluv4xwc-sg/57d1a50c2c8347889a3d2f75c3de2d20~tplv-aphluv4xwc-origin-jpeg.jpeg?dr=15568&t=555f072d&ps=933b5bde&shp=54477afb&shcp=3c3d9ffb&idc=my2&from=1413970683,COSMEE HA NOI,04/10/2026 22:24,,--
261004R1EBDN8W,,Chờ in,Shopee,SHEP - HCM,--,--,2244,1,OLD SPICE Lăn khử mùi Mỹ 85g - PURE SPORT,https://cf.shopee.vn/file/vn-11134207-7ras8-matl4c5a5abw54_tn,VIE GROUP HCM,04/10/2026 22:17,,--
586411677810459901,,Đã hủy,TikTok,TTEPRIME-MALL-HCM,--,--,2026,1,LRP Sữa Rửa Mặt Effaclar Purifying Foaming Gel - 50ml,https://p16-oec-sg.ibyteimg.com/tos-alisg-i-aphluv4xwc-sg/e34ab459d15b4717b53d8bd8fe469991~tplv-aphluv4xwc-origin-jpeg.jpeg?dr=15568&t=555f072d&ps=933b5bde&shp=54477afb&shcp=3c3d9ffb&idc=my&from=1413970683,VIE GROUP HCM,04/10/2026 22:16,,Chờ xử lý
586411585844708381,,Chưa thanh toán,TikTok,TTEPRIME-MALL-HCM,--,--,1350,1,CERAVE Sữa Rửa Mặt Foaming Cleanser - 30ml FRANCE,https://p16-oec-sg.ibyteimg.com/tos-alisg-i-aphluv4xwc-sg/50806a02e3104a3bb34e537bc386ab64~tplv-aphluv4xwc-origin-jpeg.jpeg?dr=15568&t=555f072d&ps=933b5bde&shp=54477afb&shcp=3c3d9ffb&idc=my&from=1413970683,VIE GROUP HCM,04/10/2026 22:16,,--
586411607396090933,,Chờ in,TikTok,TTEPRIME-MALL-HCM,--,--,1350,1,CERAVE Sữa Rửa Mặt Foaming Cleanser - 30ml FRANCE,https://p16-oec-sg.ibyteimg.com/tos-alisg-i-aphluv4xwc-sg/50806a02e3104a3bb34e537bc386ab64~tplv-aphluv4xwc-origin-jpeg.jpeg?dr=15568&t=555f072d&ps=933b5bde&shp=54477afb&shcp=3c3d9ffb&idc=my&from=1413970683,VIE GROUP HCM,04/10/2026 22:15,,--
586411565081986255,,Đã hủy,TikTok,TTEPRIME-MALL-HCM,--,--,2026,3,LRP Sữa Rửa Mặt Effaclar Purifying Foaming Gel - 50ml,https://p16-oec-sg.ibyteimg.com/tos-alisg-i-aphluv4xwc-sg/e34ab459d15b4717b53d8bd8fe469991~tplv-aphluv4xwc-origin-jpeg.jpeg?dr=15568&t=555f072d&ps=933b5bde&shp=54477afb&shcp=3c3d9ffb&idc=my&from=1413970683,VIE GROUP HCM,04/10/2026 22:14,,Chờ xử lý
586411580920071571,,Chờ in,TikTok,TTEPRIME-MALL-HCM,--,--,CB1350.3,1,COMBO 3 Chai 30ml CERAVE Sữa Rửa Mặt Foaming Cleanser,https://p16-oec-sg.ibyteimg.com/tos-alisg-i-aphluv4xwc-sg/a2376db661934510bc5ab6e7f01657b3~tplv-aphluv4xwc-origin-jpeg.jpeg?dr=15568&t=555f072d&ps=933b5bde&shp=54477afb&shcp=3c3d9ffb&idc=my&from=1413970683,VIE GROUP HCM,04/10/2026 22:14,,--
586411484510717575,,Chờ in,TikTok,TTEPRIME-MALL-HCM,--,--,1350,1,CERAVE Sữa Rửa Mặt Foaming Cleanser - 30ml FRANCE,https://p16-oec-sg.ibyteimg.com/tos-alisg-i-aphluv4xwc-sg/50806a02e3104a3bb34e537bc386ab64~tplv-aphluv4xwc-origin-jpeg.jpeg?dr=15568&t=555f072d&ps=933b5bde&shp=54477afb&shcp=3c3d9ffb&idc=my&from=1413970683,VIE GROUP HCM,04/10/2026 22:08,,--
586411497855092484,,Chờ xử lý,TikTok,TTVIEPRIME-HANOI,--,--,CB2026.3,1,COMBO 3 TUÝP LRP Sữa Rửa Mặt Effaclar Purifying Foaming Gel - 50ml,https://p16-oec-sg.ibyteimg.com/tos-alisg-i-aphluv4xwc-sg/1200e3e940994b57b36341a3f7c85513~tplv-aphluv4xwc-origin-jpeg.jpeg?dr=15568&t=555f072d&ps=933b5bde&shp=54477afb&shcp=3c3d9ffb&idc=my2&from=1413970683,COSMEE HA NOI,04/10/2026 22:05,,--
586411418425657266,,Chờ xử lý,TikTok,TTVIEPRIME-HANOI,--,--,2024,1,LRP Sữa Rửa Mặt Effaclar Purifying Foaming Gel - 15ml,https://p16-oec-sg.ibyteimg.com/tos-alisg-i-aphluv4xwc-sg/db88b950e6274f3cb02fd159d93a3fdd~tplv-aphluv4xwc-origin-jpeg.jpeg?dr=15568&t=555f072d&ps=933b5bde&shp=54477afb&shcp=3c3d9ffb&idc=my2&from=1413970683,COSMEE HA NOI,04/10/2026 22:05,,--
586411371822417350,,Chờ xử lý,TikTok,TTEPRIME-MALL-HCM,--,--,2026,1,LRP Sữa Rửa Mặt Effaclar Purifying Foaming Gel - 50ml,https://p16-oec-sg.ibyteimg.com/tos-alisg-i-aphluv4xwc-sg/e34ab459d15b4717b53d8bd8fe469991~tplv-aphluv4xwc-origin-jpeg.jpeg?dr=15568&t=555f072d&ps=933b5bde&shp=54477afb&shcp=3c3d9ffb&idc=my&from=1413970683,VIE GROUP HCM,04/10/2026 22:04,,--
586411353980372381,,Đã hủy,TikTok,TTEPRIME-MALL-HCM,--,--,CB1350.3,1,COMBO 3 Chai 30ml CERAVE Sữa Rửa Mặt Foaming Cleanser,https://p16-oec-sg.ibyteimg.com/tos-alisg-i-aphluv4xwc-sg/a2376db661934510bc5ab6e7f01657b3~tplv-aphluv4xwc-origin-jpeg.jpeg?dr=15568&t=555f072d&ps=933b5bde&shp=54477afb&shcp=3c3d9ffb&idc=my&from=1413970683,VIE GROUP HCM,04/10/2026 22:01,,--
532954700968181,,Chờ in,Lazada,LZDEPRIME-MALL - HCM,--,--,1783,1,ICARE Dầu Gội Pharma Antisol dược liệu pH 6.5 240ml,https://vn-live.slatic.net/p/062937af35bc7469d3e5e370c1d01286.png,VIE GROUP HCM,04/10/2026 22:00,,--
586411420696937671,,Chờ xử lý,TikTok,TTVIEPRIME-HANOI,--,--,CB2026.5,1,COMBO 5 TUÝP LRP Sữa Rửa Mặt Effaclar Purifying Foaming Gel - 50ml,https://p16-oec-sg.ibyteimg.com/tos-alisg-i-aphluv4xwc-sg/790fc78336a043849e61c00f5b8cb791~tplv-aphluv4xwc-origin-jpeg.jpeg?dr=15568&t=555f072d&ps=933b5bde&shp=54477afb&shcp=3c3d9ffb&idc=my2&from=1413970683,COSMEE HA NOI,04/10/2026 21:58,,--
586411441274717323,,Chờ in,TikTok,TTVIESGN-HCM,--,--,1350,1,CERAVE Sữa Rửa Mặt Foaming Cleanser - 30ml FRANCE,https://p16-oec-sg.ibyteimg.com/tos-alisg-i-aphluv4xwc-sg/e6a9105da8614796ac0e8db7403f7c49~tplv-aphluv4xwc-origin-jpeg.jpeg?dr=15568&t=555f072d&ps=933b5bde&shp=54477afb&shcp=3c3d9ffb&idc=my&from=1413970683,VIE GROUP HCM,04/10/2026 21:57,,--
586411310303184582,,Chờ in,TikTok,TTEPRIME-MALL-HCM,--,--,1350,1,CERAVE Sữa Rửa Mặt Foaming Cleanser - 30ml FRANCE,https://p16-oec-sg.ibyteimg.com/tos-alisg-i-aphluv4xwc-sg/50806a02e3104a3bb34e537bc386ab64~tplv-aphluv4xwc-origin-jpeg.jpeg?dr=15568&t=555f072d&ps=933b5bde&shp=54477afb&shcp=3c3d9ffb&idc=my&from=1413970683,VIE GROUP HCM,04/10/2026 22:03,,--
586411267589769012,,Chờ in,TikTok,TTEPRIME-MALL-HCM,--,--,CB1350.3,1,COMBO 3 Chai 30ml CERAVE Sữa Rửa Mặt Foaming Cleanser,https://p16-oec-sg.ibyteimg.com/tos-alisg-i-aphluv4xwc-sg/a2376db661934510bc5ab6e7f01657b3~tplv-aphluv4xwc-origin-jpeg.jpeg?dr=15568&t=555f072d&ps=933b5bde&shp=54477afb&shcp=3c3d9ffb&idc=my2&from=1413970683,VIE GROUP HCM,04/10/2026 21:53,,--
586411242755884482,,Chờ xử lý,TikTok,TTEPRIME-MALL-HCM,--,--,2026,1,LRP Sữa Rửa Mặt Effaclar Purifying Foaming Gel - 50ml,https://p16-oec-sg.ibyteimg.com/tos-alisg-i-aphluv4xwc-sg/e34ab459d15b4717b53d8bd8fe469991~tplv-aphluv4xwc-origin-jpeg.jpeg?dr=15568&t=555f072d&ps=933b5bde&shp=54477afb&shcp=3c3d9ffb&idc=my&from=1413970683,VIE GROUP HCM,04/10/2026 21:52,,--
586411159480141099,,Chờ in,TikTok,TTEPRIME-MALL-HCM,--,--,1350,1,CERAVE Sữa Rửa Mặt Foaming Cleanser - 30ml FRANCE,https://p16-oec-sg.ibyteimg.com/tos-alisg-i-aphluv4xwc-sg/b203882fafcc4a5dbc6ce5bef84bd40b~tplv-aphluv4xwc-origin-jpeg.jpeg?dr=15568&t=555f072d&ps=933b5bde&shp=54477afb&shcp=3c3d9ffb&idc=my2&from=1413970683,VIE GROUP HCM,04/10/2026 21:51,,--
261004R00HM5AC,Đơn hàng trùng lặp,Chờ xử lý,Shopee,SHVIEPro-HANOI,--,--,1546  DERMA ADVANCE,1,DERMA FORTE Gel giảm mụn 15g - Bản ADVANCED,https://cf.shopee.vn/file/vn-11134207-7qukw-lib0s0tcrxsi0f_tn,VIE GROUP HCM,04/10/2026 21:50,,--
261004QYY2WTD4,,Đã hủy,Shopee,SHEP - HCM,--,--,2100,1,MINISO Bông tẩy trang Nhật Bản 100% 180 Miếng,https://cf.shopee.vn/file/vn-11134207-81ztc-mtmgtix9883o2d_tn,VIE GROUP HCM,04/10/2026 21:50,,Chờ xử lý
586411128560649535,,Chờ in,TikTok,TTEPRIME-MALL-HCM,--,--,1350,1,CERAVE Sữa Rửa Mặt Foaming Cleanser - 30ml FRANCE,https://p16-oec-sg.ibyteimg.com/tos-alisg-i-aphluv4xwc-sg/b203882fafcc4a5dbc6ce5bef84bd40b~tplv-aphluv4xwc-origin-jpeg.jpeg?dr=15568&t=555f072d&ps=933b5bde&shp=54477afb&shcp=3c3d9ffb&idc=my&from=1413970683,VIE GROUP HCM,04/10/2026 21:48,,--
261004QYR4R9B3,,Chờ in,Shopee,SHEPRIME2-MALL - HCM,--,--,1859,1,JOHNSON'S Sữa tắm gội Baby Top-To-Toe Hair & Body (Vàng) - 500ml,https://cf.shopee.vn/file/sg-11134201-82588-msk1gkgjrgn57b_tn,VIE GROUP HCM,04/10/2026 21:46,,--
261004QYPN2M35,,Chờ in,Shopee,SHEP - HCM,--,--,2244,1,OLD SPICE Lăn khử mùi Mỹ 85g - PURE SPORT,https://cf.shopee.vn/file/vn-11134207-7ras8-matl4c5a5abw54_tn,VIE GROUP HCM,04/10/2026 21:45,,--
586411013548181444,,Đã hủy,TikTok,TTEPRIME-MALL-HCM,--,--,1350,1,CERAVE Sữa Rửa Mặt Foaming Cleanser - 30ml FRANCE,https://p16-oec-sg.ibyteimg.com/tos-alisg-i-aphluv4xwc-sg/50806a02e3104a3bb34e537bc386ab64~tplv-aphluv4xwc-origin-jpeg.jpeg?dr=15568&t=555f072d&ps=933b5bde&shp=54477afb&shcp=3c3d9ffb&idc=my&from=1413970683,VIE GROUP HCM,04/10/2026 21:41,,--
586411052352570654,,Chờ in,TikTok,TTEPRIME-MALL-HCM,--,--,CB1350.3,1,COMBO 3 Chai 30ml CERAVE Sữa Rửa Mặt Foaming Cleanser,https://p16-oec-sg.ibyteimg.com/tos-alisg-i-aphluv4xwc-sg/a2376db661934510bc5ab6e7f01657b3~tplv-aphluv4xwc-origin-jpeg.jpeg?dr=15568&t=555f072d&ps=933b5bde&shp=54477afb&shcp=3c3d9ffb&idc=my2&from=1413970683,VIE GROUP HCM,04/10/2026 21:41,,--
586410971408795566,,Chờ in,TikTok,TTVIESGN-HCM,--,--,1350,1,CERAVE Sữa Rửa Mặt Foaming Cleanser - 30ml FRANCE,https://p16-oec-sg.ibyteimg.com/tos-alisg-i-aphluv4xwc-sg/cc9742efae154cb89c3e62363dff00b1~tplv-aphluv4xwc-origin-jpeg.jpeg?dr=15568&t=555f072d&ps=933b5bde&shp=54477afb&shcp=3c3d9ffb&idc=my&from=1413970683,VIE GROUP HCM,04/10/2026 21:40,,--
261004QYC1FXA4,,Chờ in,Shopee,SHVIECosme HCM,--,--,1473,1,COMPLIMENT Sữa rửa mặt No Problem 200ml - Vàng,https://cf.shopee.vn/file/vn-11134207-820l4-mf29uuhw543u6e_tn,VIE GROUP HCM,04/10/2026 21:39,,--
261004QXRHTCAF,,Đang giao hàng,Shopee,SHVIECosme HCM,--,--,2930,1,DR.SERA Mặt nạ nén tiệt trùng mềm mịn RELAXING TRAVEL COMPRESSED - Túi 10 mask,https://cf.shopee.vn/file/vn-11134207-81ztc-mot6lw2ybegy4c_tn,VIE GROUP HCM,04/10/2026 21:28,,--
586410744398644238,,Chờ xử lý,TikTok,TTVIEPRIME-HANOI,--,--,2782,1,CARSLAN PHẤN PHỦ  BLACK  MAGNET SOFT FOCUS  MAKE-UP POWDER 05 Blue  Purple PHẤN PHỦ 1G,https://p16-oec-sg.ibyteimg.com/tos-alisg-i-aphluv4xwc-sg/7e97e9f3f51b48428aa46ad2b986ba44~tplv-aphluv4xwc-origin-jpeg.jpeg?dr=15568&t=555f072d&ps=933b5bde&shp=54477afb&shcp=3c3d9ffb&idc=my&from=1413970683,COSMEE HA NOI,04/10/2026 21:28,,--
261004QXJ2USH5,,Chờ lấy hàng,Shopee,SHVIECosme HCM,--,--,1612,3,DR.SERA Bông Tẩy Trang Cotton Tiệt Trùng UV - PURE SNOW COTTON PAD - 234 Miếng,https://cf.shopee.vn/file/vn-11134207-81ztc-ms7yx63mhrlx16_tn,VIE GROUP HCM,04/10/2026 21:25,,--
261004QXGANB5S,,Chờ xử lý,Shopee,SHEPRIME2-MALL - HCM,--,--,2026,1,LRP Sữa Rửa Mặt Effaclar Purifying Foaming Gel - 50ml,https://cf.shopee.vn/file/vn-11134207-81ztc-ms4g1nr09wck4c_tn,VIE GROUP HCM,04/10/2026 21:23,,--
586410692887872834,,Chờ xử lý,TikTok,TTEPRIME-MALL-HCM,--,--,2026,1,LRP Sữa Rửa Mặt Effaclar Purifying Foaming Gel - 50ml,https://p16-oec-sg.ibyteimg.com/tos-alisg-i-aphluv4xwc-sg/e34ab459d15b4717b53d8bd8fe469991~tplv-aphluv4xwc-origin-jpeg.jpeg?dr=15568&t=555f072d&ps=933b5bde&shp=54477afb&shcp=3c3d9ffb&idc=my&from=1413970683,VIE GROUP HCM,04/10/2026 21:23,,--
586410729859614497,,Chờ in,TikTok,TTEPRIME-MALL-HCM,--,--,1480,1,COMPLIMENT Toner 10% Glycolic Acid & Aloe Lô hội - 200ML,https://p16-oec-sg.ibyteimg.com/tos-alisg-i-aphluv4xwc-sg/1ca9ba1c817245209063dfc4508b372f~tplv-aphluv4xwc-origin-jpeg.jpeg?dr=15568&t=555f072d&ps=933b5bde&shp=54477afb&shcp=3c3d9ffb&idc=my&from=1413970683,VIE GROUP HCM,04/10/2026 21:21,,--
586410655147001365,,Chờ in,TikTok,TTVIESGN-HCM,--,--,2014,1,LRP SERUM B5 HYALU CONCENTRE - 10ml,https://p16-oec-va.ibyteimg.com/tos-maliva-i-o3syd03w52-us/944e6cc2c2874386a33a513cc5fc2ce9~tplv-o3syd03w52-origin-jpeg.jpeg?dr=15568&t=555f072d&ps=933b5bde&shp=54477afb&shcp=3c3d9ffb&idc=my2&from=1413970683,VIE GROUP HCM,04/10/2026 21:20,,--
586410592371770633,,Chờ in,TikTok,TTEPRIME-MALL-HCM,--,--,CB1350.3,1,COMBO 3 Chai 30ml CERAVE Sữa Rửa Mặt Foaming Cleanser,https://p16-oec-sg.ibyteimg.com/tos-alisg-i-aphluv4xwc-sg/b203882fafcc4a5dbc6ce5bef84bd40b~tplv-aphluv4xwc-origin-jpeg.jpeg?dr=15568&t=555f072d&ps=933b5bde&shp=54477afb&shcp=3c3d9ffb&idc=my&from=1413970683,VIE GROUP HCM,04/10/2026 21:22,,--
261004QX506ER0,,Chờ lấy hàng,Shopee,SHVIEMart - HCM,--,--,1836 HỒNG 500,1,JOHNSON'S Dầu gội shiny drops shampoo hồng - 500ml,https://cf.shopee.vn/file/vn-11134207-7r98o-lqsqfjn509pzce_tn,VIE GROUP HCM,04/10/2026 21:17,,--
586410623316363244,,Đã hủy,TikTok,TTEPRIME-MALL-HCM,--,--,2440,1,SVR Sữa Rửa Mặt SEBIACLEAR Gel Moussant - 200ml,https://p16-oec-sg.ibyteimg.com/tos-alisg-i-aphluv4xwc-sg/838c138d56b34c7580c511371242ff27~tplv-aphluv4xwc-origin-jpeg.jpeg?dr=15568&t=555f072d&ps=933b5bde&shp=54477afb&shcp=3c3d9ffb&idc=my&from=1413970683,VIE GROUP HCM,04/10/2026 21:16,,Chờ xử lý
586410620894807551,,Chờ xử lý,TikTok,TTEPRIME-MALL-HCM,--,--,2026,1,LRP Sữa Rửa Mặt Effaclar Purifying Foaming Gel - 50ml,https://p16-oec-sg.ibyteimg.com/tos-alisg-i-aphluv4xwc-sg/e34ab459d15b4717b53d8bd8fe469991~tplv-aphluv4xwc-origin-jpeg.jpeg?dr=15568&t=555f072d&ps=933b5bde&shp=54477afb&shcp=3c3d9ffb&idc=my&from=1413970683,VIE GROUP HCM,04/10/2026 21:16,,--
261004QWWEWTBY,,Chờ in,Shopee,SHEP - HCM,--,--,1379,5,CETAPHIL Mặt Nạ Bright Healthy Radiance Instant Mask 6 Miếngx23ml,https://cf.shopee.vn/file/vn-11134207-820l4-mi45d8f5ssg738_tn,VIE GROUP HCM,04/10/2026 21:13,,--
261004QWWEWTBY,,Chờ in,Shopee,SHEP - HCM,--,--,QT40,1,MEDIANSWER Tinh chất hỗ trợ sáng da Vita Collagen Logic Ampoule - 2 ml,https://cf.shopee.vn/file/vn-11134207-81ztc-mtqcnbkc7coya1_tn,VIE GROUP HCM,04/10/2026 21:13,,--
586410451757598555,,Chờ xử lý,TikTok,TTVIEPRIME-HANOI,--,--,CB1350.3 COMBO 3 Dầu x 30ml,1,COMBO 3 Chai 30ml CERAVE Sữa Rửa Mặt Foaming Cleanser,https://p16-oec-sg.ibyteimg.com/tos-alisg-i-aphluv4xwc-sg/a66ef569c50d41e5a9f53922eaa4f2fd~tplv-aphluv4xwc-origin-jpeg.jpeg?dr=15568&t=555f072d&ps=933b5bde&shp=54477afb&shcp=3c3d9ffb&idc=my&from=1413970683,COSMEE HA NOI,04/10/2026 21:13,,--
261004QWU9AM44,,Chờ in,Shopee,SHEP - HCM,--,--,1472,1,COMPLIMENT Sữa rửa mặt No Problem 200ml - Hồng,https://cf.shopee.vn/file/vn-11134207-7ras8-m12a0k10v2mz20_tn,VIE GROUP HCM,04/10/2026 21:12,,--
261004QWU0PUTX,,Đang giao hàng,Shopee,SHEP - HCM,--,--,2361,1,SILCOT Bông tẩy trang Unicharm - 82 miếng Xanh dương,https://cf.shopee.vn/file/vn-11134207-7ras8-mcke8s4l7qqq55_tn,VIE GROUP HCM,04/10/2026 21:12,,--
261004QWM6BN1U,,Chờ in,Shopee,SHEP - HCM,--,--,1416,1,CHINOSHIO Toner Dokudami Perilla Natural Skin Lotion 500ml tía tô,https://cf.shopee.vn/file/vn-11134207-820l4-mgqepz0gkd8pe5_tn,VIE GROUP HCM,04/10/2026 21:08,,--
261004QWM6BN1U,,Chờ in,Shopee,SHEP - HCM,--,--,2075,1,MEDIAN Kem Đánh Răng Dental IQ Tartar Protection Toothpaste 120g - White,https://cf.shopee.vn/file/vn-11134207-820l4-mjf3tjhudtdsde_tn,VIE GROUP HCM,04/10/2026 21:08,,--
261004QWKM63MX,,Chờ in,Shopee,SHVIECosme HCM,--,--,1552,1,DERMAXILIC Kem ngày Dermaxilic B5 Tone up cream  - 50ml,https://cf.shopee.vn/file/vn-11134207-81ztc-mrprlneoy3uv8e_tn,VIE GROUP HCM,04/10/2026 21:07,,--
261004QWJA8W5C,,Đã hủy,Shopee,SHEP - HCM,--,--,1416,1,CHINOSHIO Toner Dokudami Perilla Natural Skin Lotion 500ml tía tô,https://cf.shopee.vn/file/vn-11134207-820l4-mgqepz0gkd8pe5_tn,VIE GROUP HCM,04/10/2026 21:07,,Chưa thanh toán
261004QWJA8W5C,,Đã hủy,Shopee,SHEP - HCM,--,--,2075,1,MEDIAN Kem Đánh Răng Dental IQ Tartar Protection Toothpaste 120g - White,https://cf.shopee.vn/file/vn-11134207-820l4-mjf3tjhudtdsde_tn,VIE GROUP HCM,04/10/2026 21:07,,Chưa thanh toán
586410454166177741,,Chờ xử lý,TikTok,TTEPRIME-MALL-HCM,--,--,2026,1,LRP Sữa Rửa Mặt Effaclar Purifying Foaming Gel - 50ml,https://p16-oec-sg.ibyteimg.com/tos-alisg-i-aphluv4xwc-sg/e34ab459d15b4717b53d8bd8fe469991~tplv-aphluv4xwc-origin-jpeg.jpeg?dr=15568&t=555f072d&ps=933b5bde&shp=54477afb&shcp=3c3d9ffb&idc=my2&from=1413970683,VIE GROUP HCM,04/10/2026 21:06,,--
261004QWF9WNSV,,Đang giao hàng,Shopee,SHEP - HCM,--,--,1922,1,LA SOIRÉE Bông Tẩy Trang 100% Cotton Siêu Mềm Siêu Mịn - 225 Miếng Tròn,https://cf.shopee.vn/file/vn-11134207-7r98o-lzce2ic901n118_tn,VIE GROUP HCM,04/10/2026 21:05,,--
586410412211013354,,Đã hủy,TikTok,TTASCosme - HANOI,--,--,2803,1,CARSLAN PHẤN PHỦ SOFT FOCUS MAKE-UP POWDER 01  PHẤN PHỦ 1G,https://p16-oec-sg.ibyteimg.com/tos-alisg-i-aphluv4xwc-sg/f15562ae46644040bafe2dbd84954fe9~tplv-aphluv4xwc-origin-jpeg.jpeg?dr=15568&t=555f072d&ps=933b5bde&shp=54477afb&shcp=3c3d9ffb&idc=my2&from=1413970683,COSMEE HA NOI,04/10/2026 21:03,,Chờ xử lý
586410265719702632,,Đã hủy,TikTok,TTVIEPRIME-HANOI,--,--,1472,1,COMPLIMENT Sữa rửa mặt No Problem 200ml - Hồng,https://p16-oec-sg.ibyteimg.com/tos-alisg-i-aphluv4xwc-sg/7434e317868148ba93f99925b05bfb45~tplv-aphluv4xwc-origin-jpeg.jpeg?dr=15568&t=555f072d&ps=933b5bde&shp=54477afb&shcp=3c3d9ffb&idc=my&from=1413970683,COSMEE HA NOI,04/10/2026 21:02,,Chờ xử lý
261004QW6Q90Q6,,Chờ xử lý,Shopee,SHEPRIME2-MALL - HCM,--,--,2026,1,LRP Sữa Rửa Mặt Effaclar Purifying Foaming Gel - 50ml,https://cf.shopee.vn/file/vn-11134207-81ztc-ms4g1nr09wck4c_tn,VIE GROUP HCM,04/10/2026 21:00,,--
586410200559092949,,Chờ in,TikTok,TTEPRIME-MALL-HCM,--,--,1350,1,CERAVE Sữa Rửa Mặt Foaming Cleanser - 30ml FRANCE,https://p16-oec-sg.ibyteimg.com/tos-alisg-i-aphluv4xwc-sg/50806a02e3104a3bb34e537bc386ab64~tplv-aphluv4xwc-origin-jpeg.jpeg?dr=15568&t=555f072d&ps=933b5bde&shp=54477afb&shcp=3c3d9ffb&idc=my&from=1413970683,VIE GROUP HCM,04/10/2026 20:57,,--
261004QW0EYKCR,,Đã hủy,Shopee,SHVIECosme HCM,--,--,1885,1,KEYSHU mặt nạ dưỡng da - 1 Miếng ( Nâng Cơ ),https://cf.shopee.vn/file/vn-11134207-81ztc-ms9j7ile42km52_tn,VIE GROUP HCM,04/10/2026 20:57,,--
586410211236087339,,Chờ in,TikTok,TTEPRIME-MALL-HCM,--,--,1783,1,ICARE Dầu Gội Pharma Antisol dược liệu pH 6.5 240ml,https://p16-oec-va.ibyteimg.com/tos-maliva-i-o3syd03w52-us/fba0ef3d3669462e8d6e5723ce4ca524~tplv-o3syd03w52-origin-jpeg.jpeg?dr=15568&t=555f072d&ps=933b5bde&shp=54477afb&shcp=3c3d9ffb&idc=my&from=1413970683,VIE GROUP HCM,04/10/2026 20:55,,--
586410303006671988,,Chờ in,TikTok,TTEPRIME-MALL-HCM,--,--,CB1350.3,1,COMBO 3 Chai 30ml CERAVE Sữa Rửa Mặt Foaming Cleanser,https://p16-oec-sg.ibyteimg.com/tos-alisg-i-aphluv4xwc-sg/b203882fafcc4a5dbc6ce5bef84bd40b~tplv-aphluv4xwc-origin-jpeg.jpeg?dr=15568&t=555f072d&ps=933b5bde&shp=54477afb&shcp=3c3d9ffb&idc=my&from=1413970683,VIE GROUP HCM,04/10/2026 20:52,,--
261004QVKF5RE2,,Chờ in,Shopee,SHVIECosme HCM,--,--,2022,1,LRP Sữa Rửa Mặt Effaclar + M Purifying Foaming Gel - 400ml,https://cf.shopee.vn/file/vn-11134207-81ztc-mrl94y7kjegy1d_tn,VIE GROUP HCM,04/10/2026 20:50,,--
261004QVFWRENE,,Chưa thanh toán,Shopee,SHEPRIME2-MALL - HCM,--,--,2026,1,LRP Sữa Rửa Mặt Effaclar Purifying Foaming Gel - 50ml,https://cf.shopee.vn/file/vn-11134207-81ztc-ms4g1nr09wck4c_tn,VIE GROUP HCM,04/10/2026 20:47,,--
261004QVDBQ8PM,,Đang giao hàng,Shopee,SHVIECosme HCM,--,--,2930,1,DR.SERA Mặt nạ nén tiệt trùng mềm mịn RELAXING TRAVEL COMPRESSED - Túi 10 mask,https://cf.shopee.vn/file/vn-11134207-81ztc-mot6lw2ybegy4c_tn,VIE GROUP HCM,04/10/2026 20:46,,--
586410004217497548,,Chờ xử lý,TikTok,TTVIEPRIME-HANOI,--,--,1350 Lẻ 1 Da Dầu 30ml,1,CERAVE Sữa Rửa Mặt Foaming Cleanser - 30ml FRANCE,https://p16-oec-sg.ibyteimg.com/tos-alisg-i-aphluv4xwc-sg/aa6674c745e24a0c898498161668b853~tplv-aphluv4xwc-origin-jpeg.jpeg?dr=15568&t=555f072d&ps=933b5bde&shp=54477afb&shcp=3c3d9ffb&idc=my&from=1413970683,COSMEE HA NOI,04/10/2026 20:45,,--
261004QV7C222S,,Chờ in,Shopee,SHEP - HCM,--,--,1472,1,COMPLIMENT Sữa rửa mặt No Problem 200ml - Hồng,https://cf.shopee.vn/file/vn-11134207-7ras8-m12a0k10v2mz20_tn,VIE GROUP HCM,04/10/2026 20:43,,--
586409936693265717,,Đã hủy,TikTok,TTEPRIME-MALL-HCM,--,--,1858,1,JOHNSON'S Sữa tắm gội Baby Top-To-Toe Hair & Body (Vàng) - 200ml,https://p16-oec-va.ibyteimg.com/tos-maliva-i-o3syd03w52-us/af675c5456b54968bf597c798db19654~tplv-o3syd03w52-origin-jpeg.jpeg?dr=15568&t=555f072d&ps=933b5bde&shp=54477afb&shcp=3c3d9ffb&idc=my&from=1413970683,VIE GROUP HCM,04/10/2026 20:40,,Chờ xử lý
261004QUYJ3XJ5,,Đã hủy,Shopee,SHVIECosme HCM,--,--,1882,1,KEYSHU mặt nạ dưỡng da - 1 Miếng ( Hành Tím ),https://cf.shopee.vn/file/vn-11134207-81ztc-ms9j7s0atu6g77_tn,VIE GROUP HCM,04/10/2026 20:38,,Chờ xử lý
586409894017927044,,Chờ in,TikTok,TTVIESGN-HCM,--,--,1350,1,CERAVE Sữa Rửa Mặt Foaming Cleanser - 30ml FRANCE,https://p16-oec-va.ibyteimg.com/tos-maliva-i-o3syd03w52-us/e3e9667ce3494a6c8150fb489cb2491d~tplv-o3syd03w52-origin-jpeg.jpeg?dr=15568&t=555f072d&ps=933b5bde&shp=54477afb&shcp=3c3d9ffb&idc=my&from=1413970683,VIE GROUP HCM,04/10/2026 20:39,,--
586409990828688857,,Chờ xử lý,TikTok,TTEPRIME-MALL-HCM,--,--,2026,1,LRP Sữa Rửa Mặt Effaclar Purifying Foaming Gel - 50ml,https://p16-oec-sg.ibyteimg.com/tos-alisg-i-aphluv4xwc-sg/e34ab459d15b4717b53d8bd8fe469991~tplv-aphluv4xwc-origin-jpeg.jpeg?dr=15568&t=555f072d&ps=933b5bde&shp=54477afb&shcp=3c3d9ffb&idc=my2&from=1413970683,VIE GROUP HCM,04/10/2026 20:35,,--
586409776816949124,,Chờ xử lý,TikTok,TTEPRIME-MALL-HCM,--,--,2026,1,LRP Sữa Rửa Mặt Effaclar Purifying Foaming Gel - 50ml,https://p16-oec-sg.ibyteimg.com/tos-alisg-i-aphluv4xwc-sg/e34ab459d15b4717b53d8bd8fe469991~tplv-aphluv4xwc-origin-jpeg.jpeg?dr=15568&t=555f072d&ps=933b5bde&shp=54477afb&shcp=3c3d9ffb&idc=my2&from=1413970683,VIE GROUP HCM,04/10/2026 20:33,,--
261004QUJTXXNN,,Chờ in,Shopee,SHEPRIME2-MALL - HCM,--,--,2026,1,LRP Sữa Rửa Mặt Effaclar Purifying Foaming Gel - 50ml,https://cf.shopee.vn/file/vn-11134207-81ztc-ms4g1nr09wck4c_tn,VIE GROUP HCM,04/10/2026 20:31,,--
586409737142437279,,Chờ in,TikTok,TTEPRIME-MALL-HCM,--,--,1350,1,CERAVE Sữa Rửa Mặt Foaming Cleanser - 30ml FRANCE,https://p16-oec-sg.ibyteimg.com/tos-alisg-i-aphluv4xwc-sg/b203882fafcc4a5dbc6ce5bef84bd40b~tplv-aphluv4xwc-origin-jpeg.jpeg?dr=15568&t=555f072d&ps=933b5bde&shp=54477afb&shcp=3c3d9ffb&idc=my&from=1413970683,VIE GROUP HCM,04/10/2026 20:30,,--
261004QUDAGY1U,,Chờ in,Shopee,SHEPRIME2-MALL - HCM,--,--,2026,1,LRP Sữa Rửa Mặt Effaclar Purifying Foaming Gel - 50ml,https://cf.shopee.vn/file/vn-11134207-81ztc-ms4g1nr09wck4c_tn,VIE GROUP HCM,04/10/2026 20:28,,--
586409581275416209,,Chờ in,TikTok,TTEPRIME-MALL-HCM,--,--,CB1350.3,1,COMBO 3 Chai 30ml CERAVE Sữa Rửa Mặt Foaming Cleanser,https://p16-oec-sg.ibyteimg.com/tos-alisg-i-aphluv4xwc-sg/a2376db661934510bc5ab6e7f01657b3~tplv-aphluv4xwc-origin-jpeg.jpeg?dr=15568&t=555f072d&ps=933b5bde&shp=54477afb&shcp=3c3d9ffb&idc=my&from=1413970683,VIE GROUP HCM,04/10/2026 20:23,,--
261004QU3JP7JT,,Chờ in,Shopee,SHEP - HCM,--,--,1749,1,GOODNDOC Serum Vitamin C-16.5 Daily Whitening 30ml,https://cf.shopee.vn/file/vn-11134207-7ras8-m0joc4mudrpr93_tn,VIE GROUP HCM,04/10/2026 20:23,,--
261004QU3JP7JT,,Chờ in,Shopee,SHEP - HCM,--,--,QT40,1,MEDIANSWER Tinh chất hỗ trợ sáng da Vita Collagen Logic Ampoule - 2 ml,https://cf.shopee.vn/file/vn-11134207-81ztc-mtqcnbkc7coya1_tn,VIE GROUP HCM,04/10/2026 20:23,,--
261004QTV2BDFF,,Chờ in,Shopee,SHVIECosme HCM,--,--,1882,1,KEYSHU mặt nạ dưỡng da - 1 Miếng ( Hành Tím ),https://cf.shopee.vn/file/vn-11134207-81ztc-ms9j7s0atu6g77_tn,VIE GROUP HCM,04/10/2026 20:18,,--
586409512884078341,,Đã hủy,TikTok,TTASCosme - HANOI,--,--,1127,1,Aspasia - Xịt Khoáng Aspasia Moist Up Face Mist Aloe Làm Dịu Mát Bổ Sung Độ Ẩm Cho Làn Da Rạng Rỡ 150ml,https://p16-oec-sg.ibyteimg.com/tos-alisg-i-aphluv4xwc-sg/eed4253616ed4e5d86a2552335cb98d6~tplv-aphluv4xwc-origin-jpeg.jpeg?dr=15568&t=555f072d&ps=933b5bde&shp=54477afb&shcp=3c3d9ffb&idc=my&from=1413970683,COSMEE HA NOI,04/10/2026 20:17,,Chờ xử lý
586409386840982571,,Chờ in,TikTok,TTEPRIME-MALL-HCM,--,--,1350,1,CERAVE Sữa Rửa Mặt Foaming Cleanser - 30ml FRANCE,https://p16-oec-sg.ibyteimg.com/tos-alisg-i-aphluv4xwc-sg/3a74939216bd408187fb49dc869e3bff~tplv-aphluv4xwc-origin-jpeg.jpeg?dr=15568&t=555f072d&ps=933b5bde&shp=54477afb&shcp=3c3d9ffb&idc=my&from=1413970683,VIE GROUP HCM,04/10/2026 20:12,,--
586409409228539706,,Đã hủy,TikTok,TTVIEPRIME-HANOI,--,--,CB1350.3 COMBO 3 Dầu x 30ml,1,COMBO 3 Chai 30ml CERAVE Sữa Rửa Mặt Foaming Cleanser,https://p16-oec-sg.ibyteimg.com/tos-alisg-i-aphluv4xwc-sg/a66ef569c50d41e5a9f53922eaa4f2fd~tplv-aphluv4xwc-origin-jpeg.jpeg?dr=15568&t=555f072d&ps=933b5bde&shp=54477afb&shcp=3c3d9ffb&idc=my&from=1413970683,COSMEE HA NOI,04/10/2026 20:11,,Chờ xử lý
586409328064103886,,Đã hủy,TikTok,TTASCosme - HANOI,--,--,2803,1,CARSLAN PHẤN PHỦ SOFT FOCUS MAKE-UP POWDER 01  PHẤN PHỦ 1G,https://p16-oec-sg.ibyteimg.com/tos-alisg-i-aphluv4xwc-sg/f15562ae46644040bafe2dbd84954fe9~tplv-aphluv4xwc-origin-jpeg.jpeg?dr=15568&t=555f072d&ps=933b5bde&shp=54477afb&shcp=3c3d9ffb&idc=my&from=1413970683,COSMEE HA NOI,04/10/2026 20:11,,Chờ xử lý
586409361546446618,,Đã hủy,TikTok,TTVIEPRIME-HANOI,--,--,CB2026.3,1,COMBO 3 TUÝP LRP Sữa Rửa Mặt Effaclar Purifying Foaming Gel - 50ml,https://p16-oec-sg.ibyteimg.com/tos-alisg-i-aphluv4xwc-sg/1200e3e940994b57b36341a3f7c85513~tplv-aphluv4xwc-origin-jpeg.jpeg?dr=15568&t=555f072d&ps=933b5bde&shp=54477afb&shcp=3c3d9ffb&idc=my&from=1413970683,COSMEE HA NOI,04/10/2026 20:09,,Chờ xử lý
586409280589301217,,Chờ in,TikTok,TTEPRIME-MALL-HCM,--,--,1350,1,CERAVE Sữa Rửa Mặt Foaming Cleanser - 30ml FRANCE,https://p16-oec-sg.ibyteimg.com/tos-alisg-i-aphluv4xwc-sg/50806a02e3104a3bb34e537bc386ab64~tplv-aphluv4xwc-origin-jpeg.jpeg?dr=15568&t=555f072d&ps=933b5bde&shp=54477afb&shcp=3c3d9ffb&idc=my&from=1413970683,VIE GROUP HCM,04/10/2026 20:07,,--
586409280186779026,,Đã hủy,TikTok,TTVIESGN-HCM,--,--,1350,1,CERAVE Sữa Rửa Mặt Foaming Cleanser - 30ml FRANCE,https://p16-oec-sg.ibyteimg.com/tos-alisg-i-aphluv4xwc-sg/e6a9105da8614796ac0e8db7403f7c49~tplv-aphluv4xwc-origin-jpeg.jpeg?dr=15568&t=555f072d&ps=933b5bde&shp=54477afb&shcp=3c3d9ffb&idc=my&from=1413970683,VIE GROUP HCM,04/10/2026 20:06,,Chờ xử lý
261004QT5AQ84V,,Chờ in,Shopee,SHVIECosme HCM,--,--,1882,1,KEYSHU mặt nạ dưỡng da - 1 Miếng ( Hành Tím ),https://cf.shopee.vn/file/vn-11134207-81ztc-ms9j7s0atu6g77_tn,VIE GROUP HCM,04/10/2026 20:06,,--
261004QT29EAEX,,Chờ in,Shopee,SHEP - HCM,--,--,1474,1,COMPLIMENT Sữa rửa mặt No Problem 200ml - Xanh lá,https://cf.shopee.vn/file/vn-11134207-7ras8-mdl81412gapbe6_tn,VIE GROUP HCM,04/10/2026 20:04,,--
586409254385255561,,Chờ in,TikTok,TTEPRIME-MALL-HCM,--,--,2026,1,LRP Sữa Rửa Mặt Effaclar Purifying Foaming Gel - 50ml,https://p16-oec-sg.ibyteimg.com/tos-alisg-i-aphluv4xwc-sg/e34ab459d15b4717b53d8bd8fe469991~tplv-aphluv4xwc-origin-jpeg.jpeg?dr=15568&t=555f072d&ps=933b5bde&shp=54477afb&shcp=3c3d9ffb&idc=my&from=1413970683,VIE GROUP HCM,04/10/2026 20:03,,--
586409248624772549,,Chờ in,TikTok,TTEPRIME-MALL-HCM,--,--,2026,1,LRP Sữa Rửa Mặt Effaclar Purifying Foaming Gel - 50ml,https://p16-oec-sg.ibyteimg.com/tos-alisg-i-aphluv4xwc-sg/1e10caa309fd4734816f9ccab855d73f~tplv-aphluv4xwc-origin-jpeg.jpeg?dr=15568&t=555f072d&ps=933b5bde&shp=54477afb&shcp=3c3d9ffb&idc=my3&from=1413970683,VIE GROUP HCM,04/10/2026 20:01,,--
586409289662891650,,Chờ in,TikTok,TTEPRIME-MALL-HCM,--,--,1350,1,CERAVE Sữa Rửa Mặt Foaming Cleanser - 30ml FRANCE,https://p16-oec-sg.ibyteimg.com/tos-alisg-i-aphluv4xwc-sg/b203882fafcc4a5dbc6ce5bef84bd40b~tplv-aphluv4xwc-origin-jpeg.jpeg?dr=15568&t=555f072d&ps=933b5bde&shp=54477afb&shcp=3c3d9ffb&idc=my3&from=1413970683,VIE GROUP HCM,04/10/2026 19:59,,--
586409185140049330,,Chờ in,TikTok,TTEPRIME-MALL-HCM,--,--,2026,1,LRP Sữa Rửa Mặt Effaclar Purifying Foaming Gel - 50ml,https://p16-oec-sg.ibyteimg.com/tos-alisg-i-aphluv4xwc-sg/e34ab459d15b4717b53d8bd8fe469991~tplv-aphluv4xwc-origin-jpeg.jpeg?dr=15568&t=555f072d&ps=933b5bde&shp=54477afb&shcp=3c3d9ffb&idc=my&from=1413970683,VIE GROUP HCM,04/10/2026 19:58,,--
261004QSQE8PN6,,Chờ in,Shopee,SHEP - HCM,--,--,1543,1,DENTAL FLOSSERS Tăm chỉ nha khoa hộp 50 chiếc,https://cf.shopee.vn/file/vn-11134207-7ra0g-m6z45jzz79nl90_tn,VIE GROUP HCM,04/10/2026 19:58,,--
586409166054786088,,Chờ in,TikTok,TTVIESGN-HCM,--,--,1350,1,CERAVE Sữa Rửa Mặt Foaming Cleanser - 30ml FRANCE,https://p16-oec-sg.ibyteimg.com/tos-alisg-i-aphluv4xwc-sg/e6a9105da8614796ac0e8db7403f7c49~tplv-aphluv4xwc-origin-jpeg.jpeg?dr=15568&t=555f072d&ps=933b5bde&shp=54477afb&shcp=3c3d9ffb&idc=my&from=1413970683,VIE GROUP HCM,04/10/2026 19:57,,--
261004QSMCYTMX,,Chờ in,Shopee,SHEP - HCM,--,--,2897,1,TETRA Bông Tẩy Trang Pháp LE SOIN A L’ÉTAT PUR - 500 miếng,https://cf.shopee.vn/file/vn-11134207-81ztc-mqbmue54qk2713_tn,VIE GROUP HCM,04/10/2026 19:56,,--
261004QSHJBMW2,,Chờ lấy hàng,Shopee,SHVIECosme HCM,--,--,2022,1,LRP Sữa Rửa Mặt Effaclar + M Purifying Foaming Gel - 400ml,https://cf.shopee.vn/file/vn-11134207-81ztc-mrl94y7kjegy1d_tn,VIE GROUP HCM,04/10/2026 19:55,,--
586409007525823927,,Chờ in,TikTok,TTEPRIME-MALL-HCM,--,--,2026,1,LRP Sữa Rửa Mặt Effaclar Purifying Foaming Gel - 50ml,https://p16-oec-sg.ibyteimg.com/tos-alisg-i-aphluv4xwc-sg/e34ab459d15b4717b53d8bd8fe469991~tplv-aphluv4xwc-origin-jpeg.jpeg?dr=15568&t=555f072d&ps=933b5bde&shp=54477afb&shcp=3c3d9ffb&idc=my3&from=1413970683,VIE GROUP HCM,04/10/2026 19:52,,--
586409042071422289,,Chờ xử lý,TikTok,TTVIEPRIME-HANOI,--,--,last8338,1,COMBO 3 Serum LA ROCHE-POSAY Hyalu B5-[ 10ml ],https://p16-oec-sg.ibyteimg.com/tos-alisg-i-aphluv4xwc-sg/ce9d79e42f654881a903f9263a4b7eb0~tplv-aphluv4xwc-origin-jpeg.jpeg?dr=15568&t=555f072d&ps=933b5bde&shp=54477afb&shcp=3c3d9ffb&idc=my&from=1413970683,COSMEE HA NOI,04/10/2026 19:52,,--
586408981725284172,,Chờ in,TikTok,TTEPRIME-MALL-HCM,--,--,1858,1,JOHNSON'S Sữa tắm gội Baby Top-To-Toe Hair & Body (Vàng) - 200ml,https://p16-oec-va.ibyteimg.com/tos-maliva-i-o3syd03w52-us/af675c5456b54968bf597c798db19654~tplv-o3syd03w52-origin-jpeg.jpeg?dr=15568&t=555f072d&ps=933b5bde&shp=54477afb&shcp=3c3d9ffb&idc=my3&from=1413970683,VIE GROUP HCM,04/10/2026 19:50,,--
586408843973330663,,Chờ xử lý,TikTok,TTVIEPRIME-HANOI,--,--,,5,NEUTROGENA Sữa Rửa Mặt Blackhead Eliminating Daily Scrub 100g,https://p16-oec-sg.ibyteimg.com/tos-alisg-i-aphluv4xwc-sg/e82671affc994e91bd246f139fc2dbc1~tplv-aphluv4xwc-origin-jpeg.jpeg?dr=15568&t=555f072d&ps=933b5bde&shp=54477afb&shcp=3c3d9ffb&idc=my&from=1413970683,COSMEE HA NOI,04/10/2026 19:43,,--
586408843973330663,,Chờ xử lý,TikTok,TTVIEPRIME-HANOI,--,--,CB2026.5,4,COMBO 5 TUÝP LRP Sữa Rửa Mặt Effaclar Purifying Foaming Gel - 50ml,https://p16-oec-sg.ibyteimg.com/tos-alisg-i-aphluv4xwc-sg/ebef3928448d4d3e8aa3f3cdebcb1336~tplv-aphluv4xwc-origin-jpeg.jpeg?dr=15568&t=555f072d&ps=933b5bde&shp=54477afb&shcp=3c3d9ffb&idc=my&from=1413970683,COSMEE HA NOI,04/10/2026 19:43,,--
261004QRV2TWTS,,Chờ in,Shopee,SHEP - HCM,--,--,2897,1,TETRA Bông Tẩy Trang Pháp LE SOIN A L’ÉTAT PUR - 500 miếng,https://cf.shopee.vn/file/vn-11134207-81ztc-mqbmue54qk2713_tn,VIE GROUP HCM,04/10/2026 19:43,,--
586408800942065548,,Chờ xử lý,TikTok,TTEPRIME-MALL-HCM,--,--,2367,1,SIMPLE Nước Tẩy Trang Micellar Cleansing Water - 200ml,https://p16-oec-va.ibyteimg.com/tos-maliva-i-o3syd03w52-us/5e96411fea1b46bca0ca626bb182e1a9~tplv-o3syd03w52-origin-jpeg.jpeg?dr=15568&t=555f072d&ps=933b5bde&shp=54477afb&shcp=3c3d9ffb&idc=my&from=1413970683,VIE GROUP HCM,04/10/2026 19:40,,--
261004QRP34WN9,,Đang giao hàng,Shopee,SHVIECosme HCM,--,--,2930,2,DR.SERA Mặt nạ nén tiệt trùng mềm mịn RELAXING TRAVEL COMPRESSED - Túi 10 mask,https://cf.shopee.vn/file/vn-11134207-81ztc-mot6lw2ybegy4c_tn,VIE GROUP HCM,04/10/2026 19:39,,--
586408706180154439,,Chờ in,TikTok,TTEPRIME-MALL-HCM,--,--,2026,1,LRP Sữa Rửa Mặt Effaclar Purifying Foaming Gel - 50ml,https://p16-oec-sg.ibyteimg.com/tos-alisg-i-aphluv4xwc-sg/e34ab459d15b4717b53d8bd8fe469991~tplv-aphluv4xwc-origin-jpeg.jpeg?dr=15568&t=555f072d&ps=933b5bde&shp=54477afb&shcp=3c3d9ffb&idc=my&from=1413970683,VIE GROUP HCM,04/10/2026 19:37,,--
261004QRH8M95Y,,Đang giao hàng,Shopee,SHVIECosme HCM,--,--,1127,1,Aspasia - Xịt Khoáng Aspasia Moist Up Face Mist Aloe Làm Dịu Mát Bổ Sung Độ Ẩm Cho Làn Da Rạng Rỡ 150ml,https://cf.shopee.vn/file/vn-11134207-81ztc-mpsziotao3ya56_tn,VIE GROUP HCM,04/10/2026 19:37,,--
261004QRGJN3SX,,Chờ in,Shopee,SHEP - HCM,--,--,2060,1,"MARVIS Nước Súc Miệng Collutorio Hương Bạc Hà Thơm Mát, Hỗ Trợ Làm Sạch Khoang Miệng Jasmin Mint - 400ml",https://cf.shopee.vn/file/vn-11134207-81ztc-mlrglszukphgaf_tn,VIE GROUP HCM,04/10/2026 19:36,,--
586408684597576842,,Chờ in,TikTok,TTEPRIME-MALL-HCM,--,--,2026,1,LRP Sữa Rửa Mặt Effaclar Purifying Foaming Gel - 50ml,https://p16-oec-sg.ibyteimg.com/tos-alisg-i-aphluv4xwc-sg/e34ab459d15b4717b53d8bd8fe469991~tplv-aphluv4xwc-origin-jpeg.jpeg?dr=15568&t=555f072d&ps=933b5bde&shp=54477afb&shcp=3c3d9ffb&idc=my&from=1413970683,VIE GROUP HCM,04/10/2026 19:36,,--
261004QRBMBDGS,,Đang giao hàng,Shopee,SHVIECosme HCM,--,--,2930,1,DR.SERA Mặt nạ nén tiệt trùng mềm mịn RELAXING TRAVEL COMPRESSED - Túi 10 mask,https://cf.shopee.vn/file/vn-11134207-81ztc-mot6lw2ybegy4c_tn,VIE GROUP HCM,04/10/2026 19:33,,--
586408641810171512,,Chờ in,TikTok,TTEPRIME-MALL-HCM,--,--,1350,1,CERAVE Sữa Rửa Mặt Foaming Cleanser - 30ml FRANCE,https://p16-oec-sg.ibyteimg.com/tos-alisg-i-aphluv4xwc-sg/3a74939216bd408187fb49dc869e3bff~tplv-aphluv4xwc-origin-jpeg.jpeg?dr=15568&t=555f072d&ps=933b5bde&shp=54477afb&shcp=3c3d9ffb&idc=my3&from=1413970683,VIE GROUP HCM,04/10/2026 19:31,,--
586408668753856112,,Chờ in,TikTok,TTEPRIME-MALL-HCM,--,--,2026,1,LRP Sữa Rửa Mặt Effaclar Purifying Foaming Gel - 50ml,https://p16-oec-sg.ibyteimg.com/tos-alisg-i-aphluv4xwc-sg/e34ab459d15b4717b53d8bd8fe469991~tplv-aphluv4xwc-origin-jpeg.jpeg?dr=15568&t=555f072d&ps=933b5bde&shp=54477afb&shcp=3c3d9ffb&idc=my&from=1413970683,VIE GROUP HCM,04/10/2026 19:29,,--
586408590821656189,Đơn hàng trùng lặp,Đã hủy,TikTok,TTVIESGN-HCM,--,--,1350,1,CERAVE Sữa Rửa Mặt Foaming Cleanser - 30ml FRANCE,https://p16-oec-va.ibyteimg.com/tos-maliva-i-o3syd03w52-us/e3e9667ce3494a6c8150fb489cb2491d~tplv-o3syd03w52-origin-jpeg.jpeg?dr=15568&t=555f072d&ps=933b5bde&shp=54477afb&shcp=3c3d9ffb&idc=my&from=1413970683,VIE GROUP HCM,04/10/2026 19:24,,Chờ xử lý
586408589106120317,,Chờ in,TikTok,TTVIESGN-HCM,--,--,CB1350.3,1,COMBO 3 Chai 30ml CERAVE Sữa Rửa Mặt Foaming Cleanser,https://p16-oec-va.ibyteimg.com/tos-maliva-i-o3syd03w52-us/8351a2a3c98848f69b4dbb54014260a1~tplv-o3syd03w52-origin-jpeg.jpeg?dr=15568&t=555f072d&ps=933b5bde&shp=54477afb&shcp=3c3d9ffb&idc=my&from=1413970683,VIE GROUP HCM,04/10/2026 19:24,,--
261004QQS0BJ8P,,Đang giao hàng,Shopee,SHEP - HCM,--,--,2030,1,LRP Tẩy Trang Effaclar Micellar Water For Oily Skin - 400ml (Xanh),https://cf.shopee.vn/file/vn-11134207-7ras8-maxt6zqsbd2042_tn,VIE GROUP HCM,04/10/2026 19:23,,--
261004QQQV1USN,,Đang giao hàng,Shopee,SHVIEPro-HANOI,--,--,1472,1,COMPLIMENT Sữa rửa mặt No Problem 200ml - Hồng,https://cf.shopee.vn/file/vn-11134207-81ztc-moj5dongdbm67d_tn,COSMEE HA NOI,04/10/2026 19:22,,--
261004QQQBU6PF,,Chờ xử lý,Shopee,SHVIEPro-HANOI,--,--,2367,1,SIMPLE Nước Tẩy Trang Micellar Cleansing Water - 200ml,https://cf.shopee.vn/file/vn-11134207-81ztc-mk3aeaa71hxe6a_tn,VIE GROUP HCM,04/10/2026 19:22,,--
261004QQQ9WYEH,,Chờ in,Shopee,SHEPRIME2-MALL - HCM,--,--,2026,1,LRP Sữa Rửa Mặt Effaclar Purifying Foaming Gel - 50ml,https://cf.shopee.vn/file/vn-11134207-81ztc-ms4g1nr09wck4c_tn,VIE GROUP HCM,04/10/2026 19:22,,--
261004QQM5V1KW,,Đang giao hàng,Shopee,SHVIEPro-HANOI,--,--,1980,1,LOREAL Nước Tẩy Trang Revitalift Crystal Purifying Micellar Water [Xám] - 95ml,https://cf.shopee.vn/file/vn-11134207-7r98o-lp3u0heu5rh71b_tn,COSMEE HA NOI,04/10/2026 19:20,,--
261004QQJKA2KS,,Chờ in,Shopee,SHEP - HCM,--,--,1472,1,COMPLIMENT Sữa rửa mặt No Problem 200ml - Hồng,https://cf.shopee.vn/file/vn-11134207-7ras8-m12a0k10v2mz20_tn,VIE GROUP HCM,04/10/2026 19:19,,--
586408420336764412,,Chờ in,TikTok,TTVIESGN-HCM,--,--,1350,1,CERAVE Sữa Rửa Mặt Foaming Cleanser - 30ml FRANCE,https://p16-oec-sg.ibyteimg.com/tos-alisg-i-aphluv4xwc-sg/e6a9105da8614796ac0e8db7403f7c49~tplv-aphluv4xwc-origin-jpeg.jpeg?dr=15568&t=555f072d&ps=933b5bde&shp=54477afb&shcp=3c3d9ffb&idc=my&from=1413970683,VIE GROUP HCM,04/10/2026 19:18,,--
586408386745304701,,Đã hủy,TikTok,TTVIESGN-HCM,--,--,CB1350.3,1,COMBO 3 Chai 30ml CERAVE Sữa Rửa Mặt Foaming Cleanser,https://p16-oec-va.ibyteimg.com/tos-maliva-i-o3syd03w52-us/8351a2a3c98848f69b4dbb54014260a1~tplv-o3syd03w52-origin-jpeg.jpeg?dr=15568&t=555f072d&ps=933b5bde&shp=54477afb&shcp=3c3d9ffb&idc=my&from=1413970683,VIE GROUP HCM,04/10/2026 19:17,,--
586408382252156285,,Chờ in,TikTok,TTEPRIME-MALL-HCM,--,--,2026,1,LRP Sữa Rửa Mặt Effaclar Purifying Foaming Gel - 50ml,https://p16-oec-sg.ibyteimg.com/tos-alisg-i-aphluv4xwc-sg/e34ab459d15b4717b53d8bd8fe469991~tplv-aphluv4xwc-origin-jpeg.jpeg?dr=15568&t=555f072d&ps=933b5bde&shp=54477afb&shcp=3c3d9ffb&idc=my&from=1413970683,VIE GROUP HCM,04/10/2026 19:15,,--
586408328399980080,,Chờ xử lý,TikTok,TTVIEPRIME-HANOI,--,--,last8338,1,COMBO 3 Serum LA ROCHE-POSAY Hyalu B5-[ 10ml ],https://p16-oec-sg.ibyteimg.com/tos-alisg-i-aphluv4xwc-sg/ce9d79e42f654881a903f9263a4b7eb0~tplv-aphluv4xwc-origin-jpeg.jpeg?dr=15568&t=555f072d&ps=933b5bde&shp=54477afb&shcp=3c3d9ffb&idc=my&from=1413970683,COSMEE HA NOI,04/10/2026 19:14,,--
586408326583780446,,Đã hủy,TikTok,TTEPRIME-MALL-HCM,--,--,1350,1,CERAVE Sữa Rửa Mặt Foaming Cleanser - 30ml FRANCE,https://p16-oec-sg.ibyteimg.com/tos-alisg-i-aphluv4xwc-sg/50806a02e3104a3bb34e537bc386ab64~tplv-aphluv4xwc-origin-jpeg.jpeg?dr=15568&t=555f072d&ps=933b5bde&shp=54477afb&shcp=3c3d9ffb&idc=my3&from=1413970683,VIE GROUP HCM,04/10/2026 19:13,,Chờ xử lý
586408309401486340,,Đã hủy,TikTok,TTVIESGN-HCM,--,--,1350,1,CERAVE Sữa Rửa Mặt Foaming Cleanser - 30ml FRANCE,https://p16-oec-sg.ibyteimg.com/tos-alisg-i-aphluv4xwc-sg/e6a9105da8614796ac0e8db7403f7c49~tplv-aphluv4xwc-origin-jpeg.jpeg?dr=15568&t=555f072d&ps=933b5bde&shp=54477afb&shcp=3c3d9ffb&idc=my&from=1413970683,VIE GROUP HCM,04/10/2026 19:12,,Chờ xử lý
261004QPYVB3WR,,Chờ in,Shopee,SHVIECosme HCM,--,--,1472,1,COMPLIMENT Sữa rửa mặt No Problem 200ml - Hồng,https://cf.shopee.vn/file/vn-11134207-81ztc-mtrtrdvsqosqda_tn,VIE GROUP HCM,04/10/2026 19:09,,--
586408316226078275,,Đã hủy,TikTok,TTEPRIME-MALL-HCM,--,--,2367,1,SIMPLE Nước Tẩy Trang Micellar Cleansing Water - 200ml,https://p16-oec-va.ibyteimg.com/tos-maliva-i-o3syd03w52-us/5e96411fea1b46bca0ca626bb182e1a9~tplv-o3syd03w52-origin-jpeg.jpeg?dr=15568&t=555f072d&ps=933b5bde&shp=54477afb&shcp=3c3d9ffb&idc=my3&from=1413970683,VIE GROUP HCM,04/10/2026 19:08,,Chờ xử lý
261004QPX52Q54,,Đang giao hàng,Shopee,SHVIEPro-HANOI,--,--,1982,1,LOREAL Nước Tẩy Trang Revitalift Hyaluronic Acid Hydrating Micellar Water [Tím] - 95ml,https://cf.shopee.vn/file/vn-11134207-7r98o-lp3u0heu761n71_tn,COSMEE HA NOI,04/10/2026 19:08,,--
261004QPV800F9,,Chờ in,Shopee,SHVIEMart - HCM,--,--,1004,1,Dũa móng 6 mặt [XT],https://cf.shopee.vn/file/vn-11134207-7ras8-mch930lruncdfb_tn,VIE GROUP HCM,04/10/2026 19:07,,--
586408332390335756,,Chờ in,TikTok,TTEPRIME-MALL-HCM,--,--,CB2026.3,1,COMBO 3 TUÝP LRP Sữa Rửa Mặt Effaclar Purifying Foaming Gel - 50ml,https://p16-oec-sg.ibyteimg.com/tos-alisg-i-aphluv4xwc-sg/4fdb1010396942c6bcbbb4ff16ba3159~tplv-aphluv4xwc-origin-jpeg.jpeg?dr=15568&t=555f072d&ps=933b5bde&shp=54477afb&shcp=3c3d9ffb&idc=my&from=1413970683,VIE GROUP HCM,04/10/2026 19:05,,--
261004QPRPGVVK,,Chờ in,Shopee,SHEPRIME2-MALL - HCM,--,--,CB2026.3,1,COMBO 3 TUÝP LRP Sữa Rửa Mặt Effaclar Purifying Foaming Gel - 50ml,https://cf.shopee.vn/file/vn-11134207-81ztc-ms4g20918mbm6c_tn,VIE GROUP HCM,04/10/2026 19:05,,--
586408176004334887,,Chờ in,TikTok,TTEPRIME-MALL-HCM,--,--,CB1350.3,1,COMBO 3 Chai 30ml CERAVE Sữa Rửa Mặt Foaming Cleanser,https://p16-oec-sg.ibyteimg.com/tos-alisg-i-aphluv4xwc-sg/a2376db661934510bc5ab6e7f01657b3~tplv-aphluv4xwc-origin-jpeg.jpeg?dr=15568&t=555f072d&ps=933b5bde&shp=54477afb&shcp=3c3d9ffb&idc=my3&from=1413970683,VIE GROUP HCM,04/10/2026 19:04,,--
586408204497487843,,Chờ xử lý,TikTok,TTVIEPRIME-HANOI,--,--,,1,VASELINE Sáp Dưỡng Ẩm Pure Petroleum Jelly - 100ml,https://p16-oec-sg.ibyteimg.com/tos-alisg-i-aphluv4xwc-sg/41f8220f8d624c0e9f85614b053ec0b3~tplv-aphluv4xwc-origin-jpeg.jpeg?dr=15568&t=555f072d&ps=933b5bde&shp=54477afb&shcp=3c3d9ffb&idc=my&from=1413970683,COSMEE HA NOI,04/10/2026 19:04,,--
586408187403207790,,Chờ xử lý,TikTok,TTVIEPRIME-HANOI,--,--,2024,3,LRP Sữa Rửa Mặt Effaclar Purifying Foaming Gel - 15ml,https://p16-oec-sg.ibyteimg.com/tos-alisg-i-aphluv4xwc-sg/db88b950e6274f3cb02fd159d93a3fdd~tplv-aphluv4xwc-origin-jpeg.jpeg?dr=15568&t=555f072d&ps=933b5bde&shp=54477afb&shcp=3c3d9ffb&idc=my&from=1413970683,COSMEE HA NOI,04/10/2026 19:03,,--
261004AASEPKPVC2O54,,Chờ in,Shopee,SHVIECosme HCM,--,--,1127,1,Aspasia - Xịt Khoáng Aspasia Moist Up Face Mist Aloe Làm Dịu Mát Bổ Sung Độ Ẩm Cho Làn Da Rạng Rỡ 150ml,https://cf.shopee.vn/file/vn-11134207-81ztc-mpsziotao3ya56_tn,VIE GROUP HCM,04/10/2026 19:02,,--
261004AASH4RPQIBVHI,,Chờ in,Shopee,SHVIECosme HCM,--,--,1472,1,COMPLIMENT Sữa rửa mặt No Problem 200ml - Hồng,https://cf.shopee.vn/file/vn-11134207-81ztc-mr8kkbibchs2de_tn,VIE GROUP HCM,04/10/2026 19:01,,--
261004QPJ1WHEF,,Chờ in,Shopee,SHEP - HCM,--,--,2100,1,MINISO Bông tẩy trang Nhật Bản 100% 180 Miếng,https://cf.shopee.vn/file/vn-11134207-81ztc-mtmgtix9883o2d_tn,VIE GROUP HCM,04/10/2026 19:01,,--
586408202750560131,,Chờ in,TikTok,TTVIESGN-HCM,--,--,1350,1,CERAVE Sữa Rửa Mặt Foaming Cleanser - 30ml FRANCE,https://p16-oec-sg.ibyteimg.com/tos-alisg-i-aphluv4xwc-sg/e6a9105da8614796ac0e8db7403f7c49~tplv-aphluv4xwc-origin-jpeg.jpeg?dr=15568&t=555f072d&ps=933b5bde&shp=54477afb&shcp=3c3d9ffb&idc=my&from=1413970683,VIE GROUP HCM,04/10/2026 19:01,,--
261004AASGG3EBTE5EU,,Chờ in,Shopee,SHVIECosme HCM,--,--,1472,1,COMPLIMENT Sữa rửa mặt No Problem 200ml - Hồng,https://cf.shopee.vn/file/vn-11134207-81ztc-mr8kkbibchs2de_tn,VIE GROUP HCM,04/10/2026 19:01,,--
261004AASJOC6MSZT4U,,Chờ in,Shopee,SHVIECosme HCM,--,--,1127,1,Aspasia - Xịt Khoáng Aspasia Moist Up Face Mist Aloe Làm Dịu Mát Bổ Sung Độ Ẩm Cho Làn Da Rạng Rỡ 150ml,https://cf.shopee.vn/file/vn-11134207-81ztc-mpsziotao3ya56_tn,VIE GROUP HCM,04/10/2026 19:00,,--
586408166538642731,,Chờ in,TikTok,TTEPRIME-MALL-HCM,--,--,2026,1,LRP Sữa Rửa Mặt Effaclar Purifying Foaming Gel - 50ml,https://p16-oec-sg.ibyteimg.com/tos-alisg-i-aphluv4xwc-sg/e34ab459d15b4717b53d8bd8fe469991~tplv-aphluv4xwc-origin-jpeg.jpeg?dr=15568&t=555f072d&ps=933b5bde&shp=54477afb&shcp=3c3d9ffb&idc=my&from=1413970683,VIE GROUP HCM,04/10/2026 19:00,,--
586408077372655313,,Chưa thanh toán,TikTok,TTEPRIME-MALL-HCM,--,--,1350,1,CERAVE Sữa Rửa Mặt Foaming Cleanser - 30ml FRANCE,https://p16-oec-sg.ibyteimg.com/tos-alisg-i-aphluv4xwc-sg/50806a02e3104a3bb34e537bc386ab64~tplv-aphluv4xwc-origin-jpeg.jpeg?dr=15568&t=555f072d&ps=933b5bde&shp=54477afb&shcp=3c3d9ffb&idc=my3&from=1413970683,VIE GROUP HCM,04/10/2026 18:58,,--
586408045247235112,,Chờ xử lý,TikTok,TTASCosme - HANOI,--,--,1127,1,Aspasia - Xịt Khoáng Aspasia Moist Up Face Mist Aloe Làm Dịu Mát Bổ Sung Độ Ẩm Cho Làn Da Rạng Rỡ 150ml,https://p16-oec-sg.ibyteimg.com/tos-alisg-i-aphluv4xwc-sg/eed4253616ed4e5d86a2552335cb98d6~tplv-aphluv4xwc-origin-jpeg.jpeg?dr=15568&t=555f072d&ps=933b5bde&shp=54477afb&shcp=3c3d9ffb&idc=my&from=1413970683,COSMEE HA NOI,04/10/2026 18:55,,--
261004QP2E4NP2,,Chờ in,Shopee,SHEP - HCM,--,--,2100,2,MINISO Bông tẩy trang Nhật Bản 100% 180 Miếng,https://cf.shopee.vn/file/vn-11134207-81ztc-mtmgtix9883o2d_tn,VIE GROUP HCM,04/10/2026 18:53,,--
261004QNWY4JX4,,Chờ in,Shopee,SHEP - HCM,--,--,1472,1,COMPLIMENT Sữa rửa mặt No Problem 200ml - Hồng,https://cf.shopee.vn/file/vn-11134207-7ras8-m12a0k10v2mz20_tn,VIE GROUP HCM,04/10/2026 18:50,,--
586407907492201613,Đơn hàng trùng lặp,Chờ in,TikTok,TTEPRIME-MALL-HCM,--,--,1350,1,CERAVE Sữa Rửa Mặt Foaming Cleanser - 30ml FRANCE,https://p16-oec-sg.ibyteimg.com/tos-alisg-i-aphluv4xwc-sg/50806a02e3104a3bb34e537bc386ab64~tplv-aphluv4xwc-origin-jpeg.jpeg?dr=15568&t=555f072d&ps=933b5bde&shp=54477afb&shcp=3c3d9ffb&idc=my2&from=1413970683,VIE GROUP HCM,04/10/2026 18:45,,--
586407919898690701,,Đã hủy,TikTok,TTVIESGN-HCM,--,--,1350,1,CERAVE Sữa Rửa Mặt Foaming Cleanser - 30ml FRANCE,https://p16-oec-sg.ibyteimg.com/tos-alisg-i-aphluv4xwc-sg/e6a9105da8614796ac0e8db7403f7c49~tplv-aphluv4xwc-origin-jpeg.jpeg?dr=15568&t=555f072d&ps=933b5bde&shp=54477afb&shcp=3c3d9ffb&idc=my&from=1413970683,VIE GROUP HCM,04/10/2026 18:45,,Chờ xử lý
261004QNGMT1BE,,Chờ in,Shopee,SHVIECosme HCM,--,--,1882,1,KEYSHU mặt nạ dưỡng da - 1 Miếng ( Hành Tím ),https://cf.shopee.vn/file/vn-11134207-81ztc-ms9j7s0atu6g77_tn,VIE GROUP HCM,04/10/2026 18:43,,--
261004QN6GK3VA,,Chờ in,Shopee,SHEP - HCM,--,--,2897,1,TETRA Bông Tẩy Trang Pháp LE SOIN A L’ÉTAT PUR - 500 miếng,https://cf.shopee.vn/file/vn-11134207-81ztc-mqbmue54qk2713_tn,VIE GROUP HCM,04/10/2026 18:37,,--
261004QMYHBDXU,,Chờ in,Shopee,SHEP - HCM,--,--,1472,1,COMPLIMENT Sữa rửa mặt No Problem 200ml - Hồng,https://cf.shopee.vn/file/vn-11134207-7ras8-m12a0k10v2mz20_tn,VIE GROUP HCM,04/10/2026 18:33,,--
261004QMVVGFQG,,Chờ in,Shopee,SHVIECosme HCM,--,--,1885,1,KEYSHU mặt nạ dưỡng da - 1 Miếng ( Nâng Cơ ),https://cf.shopee.vn/file/vn-11134207-81ztc-ms9j7ile42km52_tn,VIE GROUP HCM,04/10/2026 18:31,,--
261004QMUT74DK,,Chờ in,Shopee,SHVIECosme HCM,--,--,1882,1,KEYSHU mặt nạ dưỡng da - 1 Miếng ( Hành Tím ),https://cf.shopee.vn/file/vn-11134207-81ztc-ms9j7s0atu6g77_tn,VIE GROUP HCM,04/10/2026 18:31,,--
586407617892288463,,Chờ in,TikTok,TTEPRIME-MALL-HCM,--,--,1350,1,CERAVE Sữa Rửa Mặt Foaming Cleanser - 30ml FRANCE,https://p16-oec-sg.ibyteimg.com/tos-alisg-i-aphluv4xwc-sg/b203882fafcc4a5dbc6ce5bef84bd40b~tplv-aphluv4xwc-origin-jpeg.jpeg?dr=15568&t=555f072d&ps=933b5bde&shp=54477afb&shcp=3c3d9ffb&idc=my3&from=1413970683,VIE GROUP HCM,04/10/2026 18:30,,--
586407615825020267,,Chờ in,TikTok,TTEPRIME-MALL-HCM,--,--,2026,1,LRP Sữa Rửa Mặt Effaclar Purifying Foaming Gel - 50ml,https://p16-oec-sg.ibyteimg.com/tos-alisg-i-aphluv4xwc-sg/e34ab459d15b4717b53d8bd8fe469991~tplv-aphluv4xwc-origin-jpeg.jpeg?dr=15568&t=555f072d&ps=933b5bde&shp=54477afb&shcp=3c3d9ffb&idc=my3&from=1413970683,VIE GROUP HCM,04/10/2026 18:29,,--
586407690687710504,,Chờ in,TikTok,TTEPRIME-MALL-HCM,--,--,2026,1,LRP Sữa Rửa Mặt Effaclar Purifying Foaming Gel - 50ml,https://p16-oec-sg.ibyteimg.com/tos-alisg-i-aphluv4xwc-sg/e34ab459d15b4717b53d8bd8fe469991~tplv-aphluv4xwc-origin-jpeg.jpeg?dr=15568&t=555f072d&ps=933b5bde&shp=54477afb&shcp=3c3d9ffb&idc=my&from=1413970683,VIE GROUP HCM,04/10/2026 18:28,,--
261004QMF2X1K9,,Chờ in,Shopee,SHEP - HCM,--,--,2100,1,MINISO Bông tẩy trang Nhật Bản 100% 180 Miếng,https://cf.shopee.vn/file/vn-11134207-81ztc-mtmgtix9883o2d_tn,VIE GROUP HCM,04/10/2026 18:24,,--
261004QMEUAG98,,Chờ xử lý,Shopee,SHEP - HCM,--,--,2021,1,,https://cf.shopee.vn/file/vn-11134207-81ztc-mtqf6wepf6kg27_tn,VIE GROUP HCM,04/10/2026 18:24,,--
586407572806010215,,Chờ in,TikTok,TTEPRIME-MALL-HCM,--,--,1943,1,LAMEILA Bông tẩy trang 222 miếng - Vàng FM,https://p16-oec-va.ibyteimg.com/tos-maliva-i-o3syd03w52-us/8b8cfef3a651468e81834baf4c6dbf67~tplv-o3syd03w52-origin-jpeg.jpeg?dr=15568&t=555f072d&ps=933b5bde&shp=54477afb&shcp=3c3d9ffb&idc=my3&from=1413970683,VIE GROUP HCM,04/10/2026 18:23,,--
586407572806010215,,Chờ in,TikTok,TTEPRIME-MALL-HCM,--,--,1350,1,CERAVE Sữa Rửa Mặt Foaming Cleanser - 30ml FRANCE,https://p16-oec-sg.ibyteimg.com/tos-alisg-i-aphluv4xwc-sg/50806a02e3104a3bb34e537bc386ab64~tplv-aphluv4xwc-origin-jpeg.jpeg?dr=15568&t=555f072d&ps=933b5bde&shp=54477afb&shcp=3c3d9ffb&idc=my3&from=1413970683,VIE GROUP HCM,04/10/2026 18:23,,--
586407572806010215,,Chờ in,TikTok,TTEPRIME-MALL-HCM,--,--,2026,1,LRP Sữa Rửa Mặt Effaclar Purifying Foaming Gel - 50ml,https://p16-oec-sg.ibyteimg.com/tos-alisg-i-aphluv4xwc-sg/e34ab459d15b4717b53d8bd8fe469991~tplv-aphluv4xwc-origin-jpeg.jpeg?dr=15568&t=555f072d&ps=933b5bde&shp=54477afb&shcp=3c3d9ffb&idc=my3&from=1413970683,VIE GROUP HCM,04/10/2026 18:23,,--
586407555272967528,,Chờ in,TikTok,TTEPRIME-MALL-HCM,--,--,2026,1,LRP Sữa Rửa Mặt Effaclar Purifying Foaming Gel - 50ml,https://p16-oec-sg.ibyteimg.com/tos-alisg-i-aphluv4xwc-sg/e34ab459d15b4717b53d8bd8fe469991~tplv-aphluv4xwc-origin-jpeg.jpeg?dr=15568&t=555f072d&ps=933b5bde&shp=54477afb&shcp=3c3d9ffb&idc=my3&from=1413970683,VIE GROUP HCM,04/10/2026 18:23,,--
586407426436204454,,Chờ in,TikTok,TTEPRIME-MALL-HCM,--,--,1859,1,JOHNSON'S Sữa tắm gội Baby Top-To-Toe Hair & Body (Vàng) - 500ml,https://p16-oec-va.ibyteimg.com/tos-maliva-i-o3syd03w52-us/2aae97f1eb63408aa1782cdc36cc55d7~tplv-o3syd03w52-origin-jpeg.jpeg?dr=15568&t=555f072d&ps=933b5bde&shp=54477afb&shcp=3c3d9ffb&idc=my&from=1413970683,VIE GROUP HCM,04/10/2026 18:19,,--
261004QKX2E68S,,Chờ in,Shopee,SHEPRIME2-MALL - HCM,--,--,CB2026.3,1,COMBO 3 TUÝP LRP Sữa Rửa Mặt Effaclar Purifying Foaming Gel - 50ml,https://cf.shopee.vn/file/vn-11134207-81ztc-ms4g20918mbm6c_tn,VIE GROUP HCM,04/10/2026 18:14,,--
586407374415300450,,Chờ in,TikTok,TTEPRIME-MALL-HCM,--,--,1350,1,CERAVE Sữa Rửa Mặt Foaming Cleanser - 30ml FRANCE,https://p16-oec-sg.ibyteimg.com/tos-alisg-i-aphluv4xwc-sg/b203882fafcc4a5dbc6ce5bef84bd40b~tplv-aphluv4xwc-origin-jpeg.jpeg?dr=15568&t=555f072d&ps=933b5bde&shp=54477afb&shcp=3c3d9ffb&idc=my3&from=1413970683,VIE GROUP HCM,04/10/2026 18:13,,--
586407321519818569,,Chờ in,TikTok,TTEPRIME-MALL-HCM,--,--,1350,1,CERAVE Sữa Rửa Mặt Foaming Cleanser - 30ml FRANCE,https://p16-oec-sg.ibyteimg.com/tos-alisg-i-aphluv4xwc-sg/50806a02e3104a3bb34e537bc386ab64~tplv-aphluv4xwc-origin-jpeg.jpeg?dr=15568&t=555f072d&ps=933b5bde&shp=54477afb&shcp=3c3d9ffb&idc=my3&from=1413970683,VIE GROUP HCM,04/10/2026 18:09,,--
586407291896366299,,Chờ in,TikTok,TTEPRIME-MALL-HCM,--,--,1350,1,CERAVE Sữa Rửa Mặt Foaming Cleanser - 30ml FRANCE,https://p16-oec-sg.ibyteimg.com/tos-alisg-i-aphluv4xwc-sg/50806a02e3104a3bb34e537bc386ab64~tplv-aphluv4xwc-origin-jpeg.jpeg?dr=15568&t=555f072d&ps=933b5bde&shp=54477afb&shcp=3c3d9ffb&idc=my3&from=1413970683,VIE GROUP HCM,04/10/2026 18:06,,--
261004QKDG75FY,,Chờ in,Shopee,SHEP - HCM,--,--,2011,1,LRP Kem Dưỡng Lipikar Baume AP+M - 200ml,https://cf.shopee.vn/file/vn-11134207-81ztc-mlcv6ugg8v7s0d_tn,VIE GROUP HCM,04/10/2026 18:05,,--
586407186246764336,,Chờ xử lý,TikTok,TTASCosme - HANOI,--,--,1603,1,Dr.G Kem dưỡng R.E.D Blemish Clear Soothing Cream - tuýp 30ml,https://p16-oec-sg.ibyteimg.com/tos-alisg-i-aphluv4xwc-sg/d8d6c62f0b1a475e8c6da595997faa84~tplv-aphluv4xwc-origin-jpeg.jpeg?dr=15568&t=555f072d&ps=933b5bde&shp=54477afb&shcp=3c3d9ffb&idc=my&from=1413970683,COSMEE HA NOI,04/10/2026 18:02,,--
261004QK3925X5,,Chờ in,Shopee,SHEPRIME2-MALL - HCM,--,--,2026,1,LRP Sữa Rửa Mặt Effaclar Purifying Foaming Gel - 50ml,https://cf.shopee.vn/file/vn-11134207-81ztc-ms4g1nr09wck4c_tn,VIE GROUP HCM,04/10/2026 17:59,,--
586407117599638796,,Chờ in,TikTok,TTEPRIME-MALL-HCM,--,--,1350,2,CERAVE Sữa Rửa Mặt Foaming Cleanser - 30ml FRANCE,https://p16-oec-sg.ibyteimg.com/tos-alisg-i-aphluv4xwc-sg/b203882fafcc4a5dbc6ce5bef84bd40b~tplv-aphluv4xwc-origin-jpeg.jpeg?dr=15568&t=555f072d&ps=933b5bde&shp=54477afb&shcp=3c3d9ffb&idc=my3&from=1413970683,VIE GROUP HCM,04/10/2026 17:56,,--
586407085267781108,,Chờ xử lý,TikTok,TTASCosme - HANOI,--,--,2782,1,CARSLAN PHẤN PHỦ  BLACK  MAGNET SOFT FOCUS  MAKE-UP POWDER 05 Blue  Purple PHẤN PHỦ 1G,https://p16-oec-sg.ibyteimg.com/tos-alisg-i-aphluv4xwc-sg/c34cb6f5890f448aa6b87defa4a22f3d~tplv-aphluv4xwc-origin-jpeg.jpeg?dr=15568&t=555f072d&ps=933b5bde&shp=54477afb&shcp=3c3d9ffb&idc=my&from=1413970683,COSMEE HA NOI,04/10/2026 17:54,,--
261004QJQQ11M5,,Đã hủy,Shopee,SHEP - HCM,--,--,2100,2,MINISO Bông tẩy trang Nhật Bản 100% 180 Miếng,https://cf.shopee.vn/file/vn-11134207-81ztc-mtmgtix9883o2d_tn,VIE GROUP HCM,04/10/2026 17:53,,--
586407059217352290,,Chờ xử lý,TikTok,TTVIEPRIME-HANOI,--,--,2782,1,CARSLAN PHẤN PHỦ  BLACK  MAGNET SOFT FOCUS  MAKE-UP POWDER 05 Blue  Purple PHẤN PHỦ 1G,https://p16-oec-sg.ibyteimg.com/tos-alisg-i-aphluv4xwc-sg/7e97e9f3f51b48428aa46ad2b986ba44~tplv-aphluv4xwc-origin-jpeg.jpeg?dr=15568&t=555f072d&ps=933b5bde&shp=54477afb&shcp=3c3d9ffb&idc=my&from=1413970683,COSMEE HA NOI,04/10/2026 17:53,,--
261004QJPY6PQP,,Chờ in,Shopee,SHEP - HCM,--,--,2244,1,OLD SPICE Lăn khử mùi Mỹ 85g - PURE SPORT,https://cf.shopee.vn/file/vn-11134207-7ras8-matl4c5a5abw54_tn,VIE GROUP HCM,04/10/2026 17:52,,--
586407111775650951,,Chờ xử lý,TikTok,TTVIEPRIME-HANOI,--,--,2024,1,LRP Sữa Rửa Mặt Effaclar Purifying Foaming Gel - 15ml,https://p16-oec-sg.ibyteimg.com/tos-alisg-i-aphluv4xwc-sg/ffed6604b7e34e4cb07ce27267743d15~tplv-aphluv4xwc-origin-jpeg.jpeg?dr=15568&t=555f072d&ps=933b5bde&shp=54477afb&shcp=3c3d9ffb&idc=my&from=1413970683,COSMEE HA NOI,04/10/2026 17:52,,--
261004QJJ2S0A7,,Chờ in,Shopee,SHEP - HCM,--,--,1472,1,COMPLIMENT Sữa rửa mặt No Problem 200ml - Hồng,https://cf.shopee.vn/file/vn-11134207-7ras8-m12a0k10v2mz20_tn,VIE GROUP HCM,04/10/2026 17:50,,--
586406964939032272,,Chờ in,TikTok,TTEPRIME-MALL-HCM,--,--,CB1350.3,1,COMBO 3 Chai 30ml CERAVE Sữa Rửa Mặt Foaming Cleanser,https://p16-oec-sg.ibyteimg.com/tos-alisg-i-aphluv4xwc-sg/a2376db661934510bc5ab6e7f01657b3~tplv-aphluv4xwc-origin-jpeg.jpeg?dr=15568&t=555f072d&ps=933b5bde&shp=54477afb&shcp=3c3d9ffb&idc=my&from=1413970683,VIE GROUP HCM,04/10/2026 17:45,,--
261004QJ9TMPY7,,Đang giao hàng,Shopee,SHVIEPro-HANOI,--,--,1980,1,LOREAL Nước Tẩy Trang Revitalift Crystal Purifying Micellar Water [Xám] - 95ml,https://cf.shopee.vn/file/vn-11134207-7r98o-lp3u0heu5rh71b_tn,COSMEE HA NOI,04/10/2026 17:45,,--
261004QJ63ER62,,Chờ in,Shopee,SHEP - HCM,--,--,1472,1,COMPLIMENT Sữa rửa mặt No Problem 200ml - Hồng,https://cf.shopee.vn/file/vn-11134207-7ras8-m12a0k10v2mz20_tn,VIE GROUP HCM,04/10/2026 17:43,,--
586406906443106093,,Chờ xử lý,TikTok,TTVIEPRIME-HANOI,--,--,2473,1,THE SAEM D114 - SAEM - CHE KHUYẾT ĐIỂM - Brightener,https://p16-oec-sg.ibyteimg.com/tos-alisg-i-aphluv4xwc-sg/ba7cb33a9d7a4f539ceed83dafb318a2~tplv-aphluv4xwc-origin-jpeg.jpeg?dr=15568&t=555f072d&ps=933b5bde&shp=54477afb&shcp=3c3d9ffb&idc=my&from=1413970683,COSMEE HA NOI,04/10/2026 17:42,,--
586406991376516442,,Chờ in,TikTok,TTEPRIME-MALL-HCM,--,--,2026,1,LRP Sữa Rửa Mặt Effaclar Purifying Foaming Gel - 50ml,https://p16-oec-sg.ibyteimg.com/tos-alisg-i-aphluv4xwc-sg/e34ab459d15b4717b53d8bd8fe469991~tplv-aphluv4xwc-origin-jpeg.jpeg?dr=15568&t=555f072d&ps=933b5bde&shp=54477afb&shcp=3c3d9ffb&idc=my&from=1413970683,VIE GROUP HCM,04/10/2026 17:41,,--
586406892318655725,,Chờ in,TikTok,TTEPRIME-MALL-HCM,--,--,CB1350.3,1,COMBO 3 Chai 30ml CERAVE Sữa Rửa Mặt Foaming Cleanser,https://p16-oec-sg.ibyteimg.com/tos-alisg-i-aphluv4xwc-sg/a2376db661934510bc5ab6e7f01657b3~tplv-aphluv4xwc-origin-jpeg.jpeg?dr=15568&t=555f072d&ps=933b5bde&shp=54477afb&shcp=3c3d9ffb&idc=my3&from=1413970683,VIE GROUP HCM,04/10/2026 17:41,,--
586406875733460295,,Chờ xử lý,TikTok,TTVIEPRIME-HANOI,--,--,1350 Lẻ 1 Da Dầu 30ml,1,CERAVE Sữa Rửa Mặt Foaming Cleanser - 30ml FRANCE,https://p16-oec-sg.ibyteimg.com/tos-alisg-i-aphluv4xwc-sg/aa6674c745e24a0c898498161668b853~tplv-aphluv4xwc-origin-jpeg.jpeg?dr=15568&t=555f072d&ps=933b5bde&shp=54477afb&shcp=3c3d9ffb&idc=my&from=1413970683,COSMEE HA NOI,04/10/2026 17:40,,--
586406903378446029,,Chờ in,TikTok,TTEPRIME-MALL-HCM,--,--,2026,1,LRP Sữa Rửa Mặt Effaclar Purifying Foaming Gel - 50ml,https://p16-oec-sg.ibyteimg.com/tos-alisg-i-aphluv4xwc-sg/e34ab459d15b4717b53d8bd8fe469991~tplv-aphluv4xwc-origin-jpeg.jpeg?dr=15568&t=555f072d&ps=933b5bde&shp=54477afb&shcp=3c3d9ffb&idc=my&from=1413970683,VIE GROUP HCM,04/10/2026 17:38,,--
586406805385611169,,Chờ in,TikTok,TTVIESGN-HCM,--,--,2360,1,SILCOT Bông tẩy trang Unicharm - 66 miếng Xanh lá,https://p16-oec-va.ibyteimg.com/tos-maliva-i-o3syd03w52-us/509f9e7a1ba34cd3b1ea75c04df0fa39~tplv-o3syd03w52-origin-jpeg.jpeg?dr=15568&t=555f072d&ps=933b5bde&shp=54477afb&shcp=3c3d9ffb&idc=my&from=1413970683,VIE GROUP HCM,04/10/2026 17:36,,--
261004QHGPP3H7,,Chờ in,Shopee,SHEPRIME2-MALL - HCM,--,--,2026,1,LRP Sữa Rửa Mặt Effaclar Purifying Foaming Gel - 50ml,https://cf.shopee.vn/file/vn-11134207-81ztc-ms4g1nr09wck4c_tn,VIE GROUP HCM,04/10/2026 17:31,,--
261004QHG5H3WT,,Chờ in,Shopee,SHEPRIME2-MALL - HCM,--,--,2026,1,LRP Sữa Rửa Mặt Effaclar Purifying Foaming Gel - 50ml,https://cf.shopee.vn/file/vn-11134207-81ztc-ms4g1nr09wck4c_tn,VIE GROUP HCM,04/10/2026 17:31,,--
261004QH5THV0V,,Đang giao hàng,Shopee,SHEP - HCM,--,--,2030,1,LRP Tẩy Trang Effaclar Micellar Water For Oily Skin - 400ml (Xanh),https://cf.shopee.vn/file/vn-11134207-7ras8-maxt6zqsbd2042_tn,VIE GROUP HCM,04/10/2026 17:25,,--
261004QH49105G,,Chờ in,Shopee,SHEP - HCM,--,--,2060,1,"MARVIS Nước Súc Miệng Collutorio Hương Bạc Hà Thơm Mát, Hỗ Trợ Làm Sạch Khoang Miệng Jasmin Mint - 400ml",https://cf.shopee.vn/file/vn-11134207-81ztc-mlrglszukphgaf_tn,VIE GROUP HCM,04/10/2026 17:24,,--
261004QH3J4A0D,,Đã hủy,Shopee,SHEPRIME2-MALL - HCM,--,--,CB2026.5,1,COMBO 5 TUÝP LRP Sữa Rửa Mặt Effaclar Purifying Foaming Gel - 50ml,https://cf.shopee.vn/file/vn-11134207-81ztc-ms4g22buhjpd34_tn,VIE GROUP HCM,04/10/2026 17:24,,Chờ xử lý
529481864940498,,Chờ in,Lazada,LZDEPRIME-MALL - HCM,--,--,2026,1,LRP Sữa Rửa Mặt Effaclar Purifying Foaming Gel - 50ml,https://vn-live.slatic.net/p/b17c43ce7a2b8f641b2da2023b2e6b7c.jpg,VIE GROUP HCM,04/10/2026 17:24,,--
261004QH2HNQTE,,Đã hủy,Shopee,SHEP - HCM,--,--,2361,1,SILCOT Bông tẩy trang Unicharm - 82 miếng Xanh dương,https://cf.shopee.vn/file/vn-11134207-7ras8-mcke8s4l7qqq55_tn,VIE GROUP HCM,04/10/2026 17:23,,Đang giao hàng
261004QH2HNQTD,,Đã hủy,Shopee,SHEP - HCM,--,--,2030,1,LRP Tẩy Trang Effaclar Micellar Water For Oily Skin - 400ml (Xanh),https://cf.shopee.vn/file/vn-11134207-7ras8-maxt6zqsbd2042_tn,VIE GROUP HCM,04/10/2026 17:23,,Đang giao hàng
586406578985796865,,Chờ in,TikTok,TTEPRIME-MALL-HCM,--,--,CB1350.3,1,COMBO 3 Chai 30ml CERAVE Sữa Rửa Mặt Foaming Cleanser,https://p16-oec-sg.ibyteimg.com/tos-alisg-i-aphluv4xwc-sg/a2376db661934510bc5ab6e7f01657b3~tplv-aphluv4xwc-origin-jpeg.jpeg?dr=15568&t=555f072d&ps=933b5bde&shp=54477afb&shcp=3c3d9ffb&idc=my&from=1413970683,VIE GROUP HCM,04/10/2026 17:21,,--
586406616480122373,,Chờ xử lý,TikTok,TTVIEPRIME-HANOI,--,--,2541,1,VASELINE Dưỡng môi Lip Therapy UK 20g [XT] - ROSE,https://p16-oec-sg.ibyteimg.com/tos-alisg-i-aphluv4xwc-sg/a8a3baa4361e4897808b888b54e507a9~tplv-aphluv4xwc-origin-jpeg.jpeg?dr=15568&t=555f072d&ps=933b5bde&shp=54477afb&shcp=3c3d9ffb&idc=my2&from=1413970683,COSMEE HA NOI,04/10/2026 17:20,,--
261004QGU807GF,,Đang giao hàng,Shopee,SHEP - HCM,--,--,2361,1,SILCOT Bông tẩy trang Unicharm - 82 miếng Xanh dương,https://cf.shopee.vn/file/vn-11134207-7ras8-mcke8s4l7qqq55_tn,VIE GROUP HCM,04/10/2026 17:19,04/10/2026 21:06,--
586406613108229212,,Chờ xử lý,TikTok,TTVIEPRIME-HANOI,--,--,1350 Lẻ 1 Da Dầu 30ml,1,CERAVE Sữa Rửa Mặt Foaming Cleanser - 30ml FRANCE,https://p16-oec-sg.ibyteimg.com/tos-alisg-i-aphluv4xwc-sg/aa6674c745e24a0c898498161668b853~tplv-aphluv4xwc-origin-jpeg.jpeg?dr=15568&t=555f072d&ps=933b5bde&shp=54477afb&shcp=3c3d9ffb&idc=my2&from=1413970683,COSMEE HA NOI,04/10/2026 17:19,,--
261004QGSGPSVC,,Chờ in,Shopee,SHEP - HCM,--,--,2100,1,MINISO Bông tẩy trang Nhật Bản 100% 180 Miếng,https://cf.shopee.vn/file/vn-11134207-81ztc-mtmgtix9883o2d_tn,VIE GROUP HCM,04/10/2026 17:18,,--
586406559321195933,,Đã hủy,TikTok,TTEPRIME-MALL-HCM,--,--,1350,1,CERAVE Sữa Rửa Mặt Foaming Cleanser - 30ml FRANCE,https://p16-oec-sg.ibyteimg.com/tos-alisg-i-aphluv4xwc-sg/50806a02e3104a3bb34e537bc386ab64~tplv-aphluv4xwc-origin-jpeg.jpeg?dr=15568&t=555f072d&ps=933b5bde&shp=54477afb&shcp=3c3d9ffb&idc=my&from=1413970683,VIE GROUP HCM,04/10/2026 17:17,,--
261004QGM6WJY8,,Chờ in,Shopee,SHEPRIME2-MALL - HCM,--,--,CB2026.5,1,COMBO 5 TUÝP LRP Sữa Rửa Mặt Effaclar Purifying Foaming Gel - 50ml,https://cf.shopee.vn/file/vn-11134207-81ztc-ms4g22buhjpd34_tn,VIE GROUP HCM,04/10/2026 17:15,,--
261004QGHVK51U,,Đã hủy,Shopee,SHVIECosme HCM,--,--,1127,1,Aspasia - Xịt Khoáng Aspasia Moist Up Face Mist Aloe Làm Dịu Mát Bổ Sung Độ Ẩm Cho Làn Da Rạng Rỡ 150ml,https://cf.shopee.vn/file/vn-11134207-81ztc-mpsziotao3ya56_tn,VIE GROUP HCM,04/10/2026 17:14,,Đang giao hàng
261004QGG85HGR,,Chờ in,Shopee,SHEPRIME2-MALL - HCM,--,--,2026,1,LRP Sữa Rửa Mặt Effaclar Purifying Foaming Gel - 50ml,https://cf.shopee.vn/file/vn-11134207-81ztc-ms4g1nr09wck4c_tn,VIE GROUP HCM,04/10/2026 17:13,,--
261004QG029WXM,,Chờ in,Shopee,SHEP - HCM,--,--,2897,1,TETRA Bông Tẩy Trang Pháp LE SOIN A L’ÉTAT PUR - 500 miếng,https://cf.shopee.vn/file/vn-11134207-81ztc-mqbmue54qk2713_tn,VIE GROUP HCM,04/10/2026 17:04,,--
586406316474533303,,Đã hủy,TikTok,TTEPharma-MALL-HCM,--,--,1480,1,COMPLIMENT Toner 10% Glycolic Acid & Aloe Lô hội - 200ML,https://p16-oec-sg.ibyteimg.com/tos-alisg-i-aphluv4xwc-sg/cf13e1c94455461cb4344593a1731f05~tplv-aphluv4xwc-origin-jpeg.jpeg?dr=15568&t=555f072d&ps=933b5bde&shp=54477afb&shcp=3c3d9ffb&idc=my2&from=1413970683,VIE GROUP HCM,04/10/2026 17:02,,Chờ xử lý
261004QFS09J5T,,Chờ in,Shopee,SHEP - HCM,--,--,CB1887.10,1,COMBO 10 Miếng KEYSHU mặt nạ dưỡng da - ( Vitamin C ),https://cf.shopee.vn/file/vn-11134207-820l4-mivefr1gkvev1c_tn,VIE GROUP HCM,04/10/2026 17:00,,--
586406306762884540,,Chờ in,TikTok,TTEPRIME-MALL-HCM,--,--,1350,1,CERAVE Sữa Rửa Mặt Foaming Cleanser - 30ml FRANCE,https://p16-oec-sg.ibyteimg.com/tos-alisg-i-aphluv4xwc-sg/b203882fafcc4a5dbc6ce5bef84bd40b~tplv-aphluv4xwc-origin-jpeg.jpeg?dr=15568&t=555f072d&ps=933b5bde&shp=54477afb&shcp=3c3d9ffb&idc=my3&from=1413970683,VIE GROUP HCM,04/10/2026 16:58,,--
261004QFP0UPFH,,Chờ in,Shopee,SHEPRIME2-MALL - HCM,--,--,1858,1,JOHNSON'S Sữa tắm gội Baby Top-To-Toe Hair & Body (Vàng) - 200ml,https://cf.shopee.vn/file/sg-11134201-8259u-msk1gk4caryic0_tn,VIE GROUP HCM,04/10/2026 17:00,,--
586406227771032591,,Chờ in,TikTok,TTEPRIME-MALL-HCM,--,--,2026,1,LRP Sữa Rửa Mặt Effaclar Purifying Foaming Gel - 50ml,https://p16-oec-sg.ibyteimg.com/tos-alisg-i-aphluv4xwc-sg/e34ab459d15b4717b53d8bd8fe469991~tplv-aphluv4xwc-origin-jpeg.jpeg?dr=15568&t=555f072d&ps=933b5bde&shp=54477afb&shcp=3c3d9ffb&idc=my&from=1413970683,VIE GROUP HCM,04/10/2026 16:58,,--
532949724439780,,Chờ in,Lazada,LZDEPRIME-MALL - HCM,--,--,CB1943.3,1,LAMEILA Bông tẩy trang 222 miếng [Vàng FM] – COMBO 3 gói,https://vn-live.slatic.net/p/ec1e7fb3a1fdff980cf885ac4476025d.jpg,VIE GROUP HCM,04/10/2026 16:58,,--
261004QFKHQQA9,,Chờ in,Shopee,SHEPRIME2-MALL - HCM,--,--,CB2026.3,1,COMBO 3 TUÝP LRP Sữa Rửa Mặt Effaclar Purifying Foaming Gel - 50ml,https://cf.shopee.vn/file/vn-11134207-81ztc-ms4g20918mbm6c_tn,VIE GROUP HCM,04/10/2026 16:57,,--
586406211128624580,,Chờ in,TikTok,TTEPRIME-MALL-HCM,--,--,CB1350.3,1,COMBO 3 Chai 30ml CERAVE Sữa Rửa Mặt Foaming Cleanser,https://p16-oec-sg.ibyteimg.com/tos-alisg-i-aphluv4xwc-sg/a2376db661934510bc5ab6e7f01657b3~tplv-aphluv4xwc-origin-jpeg.jpeg?dr=15568&t=555f072d&ps=933b5bde&shp=54477afb&shcp=3c3d9ffb&idc=my&from=1413970683,VIE GROUP HCM,04/10/2026 16:54,,--
586406222044562844,,Chờ lấy hàng,TikTok,TTEPRIME-MALL-HCM,--,--,2026,1,LRP Sữa Rửa Mặt Effaclar Purifying Foaming Gel - 50ml,https://p16-oec-sg.ibyteimg.com/tos-alisg-i-aphluv4xwc-sg/e34ab459d15b4717b53d8bd8fe469991~tplv-aphluv4xwc-origin-jpeg.jpeg?dr=15568&t=555f072d&ps=933b5bde&shp=54477afb&shcp=3c3d9ffb&idc=my2&from=1413970683,VIE GROUP HCM,04/10/2026 16:54,,--
261004QFBF9PA2,,Đã hủy,Shopee,SHEP - HCM,--,--,2100,1,MINISO Bông tẩy trang Nhật Bản 100% 180 Miếng,https://cf.shopee.vn/file/vn-11134207-81ztc-mtmgtix9883o2d_tn,VIE GROUP HCM,04/10/2026 16:52,,Chờ xử lý
261004QF87CB34,,Chờ in,Shopee,SHEP - HCM,--,--,2100,1,MINISO Bông tẩy trang Nhật Bản 100% 180 Miếng,https://cf.shopee.vn/file/vn-11134207-81ztc-mtmgtix9883o2d_tn,VIE GROUP HCM,04/10/2026 16:50,,--
586406060299224373,,Chờ in,TikTok,TTEPRIME-MALL-HCM,--,--,1839,1,JOHNSON'S Dầu massage Baby Oil pink - 50ml,https://p16-oec-va.ibyteimg.com/tos-maliva-i-o3syd03w52-us/3601fa79938a4c46a1165cf4bfd00a90~tplv-o3syd03w52-origin-jpeg.jpeg?dr=15568&t=555f072d&ps=933b5bde&shp=54477afb&shcp=3c3d9ffb&idc=my&from=1413970683,VIE GROUP HCM,04/10/2026 16:44,,--
261004QEFFTSPH,,Đang giao hàng,Shopee,SHVIECosme HCM,--,--,2930,1,DR.SERA Mặt nạ nén tiệt trùng mềm mịn RELAXING TRAVEL COMPRESSED - Túi 10 mask,https://cf.shopee.vn/file/vn-11134207-81ztc-mot6lw2ybegy4c_tn,VIE GROUP HCM,04/10/2026 16:37,,--
261004QEFA3G8F,,Chờ in,Shopee,SHEP - HCM,--,--,1962,1,LISTERINE Nước Súc Miệng Total Care Mouthwash - 250ML,https://cf.shopee.vn/file/vn-11134207-7ra0g-m7suvshy8r0m6b_tn,VIE GROUP HCM,04/10/2026 16:37,,--
586405835903961013,,Chờ in,TikTok,TTEPRIME-MALL-HCM,--,--,2026,1,LRP Sữa Rửa Mặt Effaclar Purifying Foaming Gel - 50ml,https://p19-oec-sg.ibyteimg.com/tos-alisg-i-aphluv4xwc-sg/e34ab459d15b4717b53d8bd8fe469991~tplv-aphluv4xwc-origin-jpeg.jpeg?dr=15568&t=555f072d&ps=933b5bde&shp=54477afb&shcp=3c3d9ffb&idc=my&from=1413970683,VIE GROUP HCM,04/10/2026 16:32,,--
586405835260593444,,Chưa thanh toán,TikTok,TTEPRIME-MALL-HCM,--,--,1350,1,CERAVE Sữa Rửa Mặt Foaming Cleanser - 30ml FRANCE,https://p16-oec-sg.ibyteimg.com/tos-alisg-i-aphluv4xwc-sg/50806a02e3104a3bb34e537bc386ab64~tplv-aphluv4xwc-origin-jpeg.jpeg?dr=15568&t=555f072d&ps=933b5bde&shp=54477afb&shcp=3c3d9ffb&idc=my&from=1413970683,VIE GROUP HCM,04/10/2026 16:32,,--
586405864762410994,,Chờ in,TikTok,TTVIESGN-HCM,--,--,1350,1,CERAVE Sữa Rửa Mặt Foaming Cleanser - 30ml FRANCE,https://p16-oec-sg.ibyteimg.com/tos-alisg-i-aphluv4xwc-sg/cc9742efae154cb89c3e62363dff00b1~tplv-aphluv4xwc-origin-jpeg.jpeg?dr=15568&t=555f072d&ps=933b5bde&shp=54477afb&shcp=3c3d9ffb&idc=my2&from=1413970683,VIE GROUP HCM,04/10/2026 16:32,,--
261004QE38T3G4,,Chờ in,Shopee,SHEPRIME2-MALL - HCM,--,--,2026,2,LRP Sữa Rửa Mặt Effaclar Purifying Foaming Gel - 50ml,https://cf.shopee.vn/file/vn-11134207-81ztc-ms4g1nr09wck4c_tn,VIE GROUP HCM,04/10/2026 16:30,,--
261004QE27C3QA,,Đang giao hàng,Shopee,SHEP - HCM,--,--,2361,1,SILCOT Bông tẩy trang Unicharm - 82 miếng Xanh dương,https://cf.shopee.vn/file/vn-11134207-7ras8-mcke8s4l7qqq55_tn,VIE GROUP HCM,04/10/2026 16:29,,--
586405857091028577,,Chờ in,TikTok,TTEPRIME-MALL-HCM,--,--,CB1350.3,1,COMBO 3 Chai 30ml CERAVE Sữa Rửa Mặt Foaming Cleanser,https://p16-oec-sg.ibyteimg.com/tos-alisg-i-aphluv4xwc-sg/a2376db661934510bc5ab6e7f01657b3~tplv-aphluv4xwc-origin-jpeg.jpeg?dr=15568&t=555f072d&ps=933b5bde&shp=54477afb&shcp=3c3d9ffb&idc=my&from=1413970683,VIE GROUP HCM,04/10/2026 16:28,,--
586405722758678269,,Chờ in,TikTok,TTEPRIME-MALL-HCM,--,--,CB1350.3,1,COMBO 3 Chai 30ml CERAVE Sữa Rửa Mặt Foaming Cleanser,https://p16-oec-sg.ibyteimg.com/tos-alisg-i-aphluv4xwc-sg/a2376db661934510bc5ab6e7f01657b3~tplv-aphluv4xwc-origin-jpeg.jpeg?dr=15568&t=555f072d&ps=933b5bde&shp=54477afb&shcp=3c3d9ffb&idc=my&from=1413970683,VIE GROUP HCM,04/10/2026 16:24,,--
261004QDQ0U9XJ,,Chờ in,Shopee,SHEP - HCM,--,--,1472,1,COMPLIMENT Sữa rửa mặt No Problem 200ml - Hồng,https://cf.shopee.vn/file/vn-11134207-7ras8-m12a0k10v2mz20_tn,VIE GROUP HCM,04/10/2026 16:23,,--
586405733125097216,,Chờ xử lý,TikTok,TTVIEPRIME-HANOI,--,--,2541,1,VASELINE Dưỡng môi Lip Therapy UK 20g [XT] - ROSE,https://p16-oec-sg.ibyteimg.com/tos-alisg-i-aphluv4xwc-sg/a8a3baa4361e4897808b888b54e507a9~tplv-aphluv4xwc-origin-jpeg.jpeg?dr=15568&t=555f072d&ps=933b5bde&shp=54477afb&shcp=3c3d9ffb&idc=my&from=1413970683,COSMEE HA NOI,04/10/2026 16:22,,--
586405727180195369,,Chờ xử lý,TikTok,TTVIEPRIME-HANOI,--,--,1350 Lẻ 1 Da Dầu 30ml,1,CERAVE Sữa Rửa Mặt Foaming Cleanser - 30ml FRANCE,https://p16-oec-sg.ibyteimg.com/tos-alisg-i-aphluv4xwc-sg/aa6674c745e24a0c898498161668b853~tplv-aphluv4xwc-origin-jpeg.jpeg?dr=15568&t=555f072d&ps=933b5bde&shp=54477afb&shcp=3c3d9ffb&idc=my&from=1413970683,COSMEE HA NOI,04/10/2026 16:19,,--
586405669544036247,,Chờ in,TikTok,TTVIESGN-HCM,--,--,2701,1,CERAVE Sữa Rửa Mặt Foaming Cleanser - 88ml FRANCE,https://p16-oec-sg.ibyteimg.com/tos-alisg-i-aphluv4xwc-sg/cc9742efae154cb89c3e62363dff00b1~tplv-aphluv4xwc-origin-jpeg.jpeg?dr=15568&t=555f072d&ps=933b5bde&shp=54477afb&shcp=3c3d9ffb&idc=my2&from=1413970683,VIE GROUP HCM,04/10/2026 16:17,,--
261004QDBFQ7Q3,,Chờ in,Shopee,SHVIECosme HCM,--,--,1882,4,KEYSHU mặt nạ dưỡng da - 1 Miếng ( Hành Tím ),https://cf.shopee.vn/file/vn-11134207-81ztc-ms9j7s0atu6g77_tn,VIE GROUP HCM,04/10/2026 16:16,,--
586405645199180870,,Chờ in,TikTok,TTEPRIME-MALL-HCM,--,--,2026,1,LRP Sữa Rửa Mặt Effaclar Purifying Foaming Gel - 50ml,https://p16-oec-sg.ibyteimg.com/tos-alisg-i-aphluv4xwc-sg/e34ab459d15b4717b53d8bd8fe469991~tplv-aphluv4xwc-origin-jpeg.jpeg?dr=15568&t=555f072d&ps=933b5bde&shp=54477afb&shcp=3c3d9ffb&idc=my&from=1413970683,VIE GROUP HCM,04/10/2026 16:16,,--
261004QD7NQBU5,,Chờ in,Shopee,SHEPRIME2-MALL - HCM,--,--,CB2026.3,1,COMBO 3 TUÝP LRP Sữa Rửa Mặt Effaclar Purifying Foaming Gel - 50ml,https://cf.shopee.vn/file/vn-11134207-81ztc-ms4g20918mbm6c_tn,VIE GROUP HCM,04/10/2026 16:14,,--
261004QD78AK6V,,Đang giao hàng,Shopee,SHVIEPro-HANOI,--,--,1980,1,LOREAL Nước Tẩy Trang Revitalift Crystal Purifying Micellar Water [Xám] - 95ml,https://cf.shopee.vn/file/vn-11134207-7r98o-lp3u0heu5rh71b_tn,COSMEE HA NOI,04/10/2026 16:14,,--
586405592217781454,,Đã hủy,TikTok,TTEPRIME-MALL-HCM,--,--,1858,1,JOHNSON'S Sữa tắm gội Baby Top-To-Toe Hair & Body (Vàng) - 200ml,https://p16-oec-va.ibyteimg.com/tos-maliva-i-o3syd03w52-us/af675c5456b54968bf597c798db19654~tplv-o3syd03w52-origin-jpeg.jpeg?dr=15568&t=555f072d&ps=933b5bde&shp=54477afb&shcp=3c3d9ffb&idc=my&from=1413970683,VIE GROUP HCM,04/10/2026 16:13,,Chờ xử lý
261004QCP6U8BT,Đơn hàng trùng lặp,Chờ in,Shopee,SHVIEMart - HCM,--,--,1004,2,Dũa móng 6 mặt [XT],https://cf.shopee.vn/file/vn-11134207-7ras8-mch930lruncdfb_tn,VIE GROUP HCM,04/10/2026 16:05,,--
261004QCMJCUWR,,Đã hủy,Shopee,SHVIEMart - HCM,--,--,1004,1,Dũa móng 6 mặt [XT],https://cf.shopee.vn/file/vn-11134207-7ras8-mch930lruncdfb_tn,VIE GROUP HCM,04/10/2026 16:04,,Chờ xử lý
586405430570943724,,Chờ in,TikTok,TTEPRIME-MALL-HCM,--,--,1839,1,JOHNSON'S Dầu massage Baby Oil pink - 50ml,https://p16-oec-va.ibyteimg.com/tos-maliva-i-o3syd03w52-us/3601fa79938a4c46a1165cf4bfd00a90~tplv-o3syd03w52-origin-jpeg.jpeg?dr=15568&t=555f072d&ps=933b5bde&shp=54477afb&shcp=3c3d9ffb&idc=my3&from=1413970683,VIE GROUP HCM,04/10/2026 16:00,,--
261004QCCHSNVE,,Đang giao hàng,Shopee,SHVIECosme HCM,--,--,2930,1,DR.SERA Mặt nạ nén tiệt trùng mềm mịn RELAXING TRAVEL COMPRESSED - Túi 10 mask,https://cf.shopee.vn/file/vn-11134207-81ztc-mot6lw2ybegy4c_tn,VIE GROUP HCM,04/10/2026 15:59,,--
261004QC5B2HF3,,Chờ in,Shopee,SHEP - HCM,--,--,2244,1,OLD SPICE Lăn khử mùi Mỹ 85g - PURE SPORT,https://cf.shopee.vn/file/vn-11134207-7ras8-matl4c5a5abw54_tn,VIE GROUP HCM,04/10/2026 15:55,,--
586405368189454132,,Đã hủy,TikTok,TTVIEPRIME-HANOI,--,--,2782,1,CARSLAN PHẤN PHỦ  BLACK  MAGNET SOFT FOCUS  MAKE-UP POWDER 05 Blue  Purple PHẤN PHỦ 1G,https://p16-oec-sg.ibyteimg.com/tos-alisg-i-aphluv4xwc-sg/7e97e9f3f51b48428aa46ad2b986ba44~tplv-aphluv4xwc-origin-jpeg.jpeg?dr=15568&t=555f072d&ps=933b5bde&shp=54477afb&shcp=3c3d9ffb&idc=my&from=1413970683,COSMEE HA NOI,04/10/2026 15:54,,Chờ xử lý
261004QBY9ERT4,,Chờ in,Shopee,SHEP - HCM,--,--,2244,1,OLD SPICE Lăn khử mùi Mỹ 85g - PURE SPORT,https://cf.shopee.vn/file/vn-11134207-7ras8-matl4c5a5abw54_tn,VIE GROUP HCM,04/10/2026 15:52,,--
261004QBX82GA0,,Chờ in,Shopee,SHEPRIME2-MALL - HCM,--,--,2026,2,LRP Sữa Rửa Mặt Effaclar Purifying Foaming Gel - 50ml,https://cf.shopee.vn/file/vn-11134207-81ztc-ms4g1nr09wck4c_tn,VIE GROUP HCM,04/10/2026 15:51,,--
261004QBVV8A0Y,,Chờ in,Shopee,SHEPRIME2-MALL - HCM,--,--,2026,1,LRP Sữa Rửa Mặt Effaclar Purifying Foaming Gel - 50ml,https://cf.shopee.vn/file/vn-11134207-81ztc-ms4g1nr09wck4c_tn,VIE GROUP HCM,04/10/2026 15:50,,--
586405209994724972,,Chờ in,TikTok,TTVIESGN-HCM,--,--,2443,1,SVR Sữa Rửa Mặt SEBIACLEAR Gel Moussant - 55ml,https://p16-oec-sg.ibyteimg.com/tos-alisg-i-aphluv4xwc-sg/9e565adce868406d8281232b467df59b~tplv-aphluv4xwc-origin-jpeg.jpeg?dr=15568&t=555f072d&ps=933b5bde&shp=54477afb&shcp=3c3d9ffb&idc=my2&from=1413970683,VIE GROUP HCM,04/10/2026 15:46,,--
261004QBM9J7FC,,Đã hủy,Shopee,SHVIECosme HCM,--,--,1127,1,Aspasia - Xịt Khoáng Aspasia Moist Up Face Mist Aloe Làm Dịu Mát Bổ Sung Độ Ẩm Cho Làn Da Rạng Rỡ 150ml,https://cf.shopee.vn/file/vn-11134207-81ztc-mpsziotao3ya56_tn,VIE GROUP HCM,04/10/2026 15:46,,Đang giao hàng
586405156985406860,,Chờ in,TikTok,TTEPRIME-MALL-HCM,--,--,2026,1,LRP Sữa Rửa Mặt Effaclar Purifying Foaming Gel - 50ml,https://p16-oec-sg.ibyteimg.com/tos-alisg-i-aphluv4xwc-sg/e34ab459d15b4717b53d8bd8fe469991~tplv-aphluv4xwc-origin-jpeg.jpeg?dr=15568&t=555f072d&ps=933b5bde&shp=54477afb&shcp=3c3d9ffb&idc=my3&from=1413970683,VIE GROUP HCM,04/10/2026 15:43,,--
261004QBEENKC6,,Chờ in,Shopee,SHEPRIME2-MALL - HCM,--,--,CB2026.3,1,COMBO 3 TUÝP LRP Sữa Rửa Mặt Effaclar Purifying Foaming Gel - 50ml,https://cf.shopee.vn/file/vn-11134207-81ztc-ms4g20918mbm6c_tn,VIE GROUP HCM,04/10/2026 15:42,,--
261004QBA5AFDU,,Chờ in,Shopee,SHEPRIME2-MALL - HCM,--,--,2026,1,LRP Sữa Rửa Mặt Effaclar Purifying Foaming Gel - 50ml,https://cf.shopee.vn/file/vn-11134207-81ztc-ms4g1nr09wck4c_tn,VIE GROUP HCM,04/10/2026 15:40,,--
586405067251222307,,Đã hủy,TikTok,TTEPRIME-MALL-HCM,--,--,2026,2,LRP Sữa Rửa Mặt Effaclar Purifying Foaming Gel - 50ml,https://p16-oec-sg.ibyteimg.com/tos-alisg-i-aphluv4xwc-sg/e34ab459d15b4717b53d8bd8fe469991~tplv-aphluv4xwc-origin-jpeg.jpeg?dr=15568&t=555f072d&ps=933b5bde&shp=54477afb&shcp=3c3d9ffb&idc=my&from=1413970683,VIE GROUP HCM,04/10/2026 15:39,,Chờ xử lý
261004QB61MYUM,,Chờ in,Shopee,SHEP - HCM,--,--,2587,1,VICHY Dầu gội Dercos Technique Anti-Dandruff Ds Normal To Oily Hair - 200ml (Xanh da dầu),https://cf.shopee.vn/file/vn-11134207-7r98o-m01egp8o7clr9c_tn,VIE GROUP HCM,04/10/2026 15:38,,--
261004QB61MYUM,,Chờ in,Shopee,SHEP - HCM,--,--,QT40,1,MEDIANSWER Tinh chất hỗ trợ sáng da Vita Collagen Logic Ampoule - 2 ml,https://cf.shopee.vn/file/vn-11134207-81ztc-mtqcnbkc7coya1_tn,VIE GROUP HCM,04/10/2026 15:38,,--
586405042858395400,,Đã hủy,TikTok,TTVIEPRIME-HANOI,--,--,2541,1,VASELINE Dưỡng môi Lip Therapy UK 20g [XT] - ROSE,https://p16-oec-sg.ibyteimg.com/tos-alisg-i-aphluv4xwc-sg/a8a3baa4361e4897808b888b54e507a9~tplv-aphluv4xwc-origin-jpeg.jpeg?dr=15568&t=555f072d&ps=933b5bde&shp=54477afb&shcp=3c3d9ffb&idc=my3&from=1413970683,COSMEE HA NOI,04/10/2026 15:33,,Chờ xử lý
261004QAT80V0D,,Nền tảng đang xử lý,Shopee,SHVIECosme HCM,--,--,1127,1,Aspasia - Xịt Khoáng Aspasia Moist Up Face Mist Aloe Làm Dịu Mát Bổ Sung Độ Ẩm Cho Làn Da Rạng Rỡ 150ml,https://cf.shopee.vn/file/vn-11134207-81ztc-mpsziotao3ya56_tn,VIE GROUP HCM,04/10/2026 15:31,,--
586405038449394730,,Đã hủy,TikTok,TTEPRIME-MALL-HCM,--,--,1480,1,COMPLIMENT Toner 10% Glycolic Acid & Aloe Lô hội - 200ML,https://p16-oec-sg.ibyteimg.com/tos-alisg-i-aphluv4xwc-sg/1ca9ba1c817245209063dfc4508b372f~tplv-aphluv4xwc-origin-jpeg.jpeg?dr=15568&t=555f072d&ps=933b5bde&shp=54477afb&shcp=3c3d9ffb&idc=my&from=1413970683,VIE GROUP HCM,04/10/2026 15:28,,Chờ xử lý
586404893585999482,,Đã hủy,TikTok,TTVIEPRIME-HANOI,--,--,2782,1,CARSLAN PHẤN PHỦ  BLACK  MAGNET SOFT FOCUS  MAKE-UP POWDER 05 Blue  Purple PHẤN PHỦ 1G,https://p16-oec-sg.ibyteimg.com/tos-alisg-i-aphluv4xwc-sg/7e97e9f3f51b48428aa46ad2b986ba44~tplv-aphluv4xwc-origin-jpeg.jpeg?dr=15568&t=555f072d&ps=933b5bde&shp=54477afb&shcp=3c3d9ffb&idc=my&from=1413970683,COSMEE HA NOI,04/10/2026 15:27,,Chờ xử lý
586404854924739675,,Chờ in,TikTok,TTEPRIME-MALL-HCM,--,--,1350,1,CERAVE Sữa Rửa Mặt Foaming Cleanser - 30ml FRANCE,https://p16-oec-sg.ibyteimg.com/tos-alisg-i-aphluv4xwc-sg/50806a02e3104a3bb34e537bc386ab64~tplv-aphluv4xwc-origin-jpeg.jpeg?dr=15568&t=555f072d&ps=933b5bde&shp=54477afb&shcp=3c3d9ffb&idc=my2&from=1413970683,VIE GROUP HCM,04/10/2026 15:21,,--
261004QA4Y2E4F,,Chờ in,Shopee,SHEPRIME2-MALL - HCM,--,--,2026,1,LRP Sữa Rửa Mặt Effaclar Purifying Foaming Gel - 50ml,https://cf.shopee.vn/file/vn-11134207-81ztc-ms4g1nr09wck4c_tn,VIE GROUP HCM,04/10/2026 15:23,,--
261004Q9XK1115,,Đã hủy,Shopee,SHVIECosme HCM,--,--,1552,1,DERMAXILIC Kem ngày Dermaxilic B5 Tone up cream  - 50ml,https://cf.shopee.vn/file/vn-11134207-81ztc-mrprlneoy3uv8e_tn,VIE GROUP HCM,04/10/2026 15:16,,Chờ xử lý
586404745942107894,,Chờ xử lý,TikTok,TTVIEPRIME-HANOI,--,--,,1,,https://p16-oec-sg.ibyteimg.com/tos-alisg-i-aphluv4xwc-sg/1491a3e4f15e4b5dae49a5fc1dba3db6~tplv-aphluv4xwc-origin-jpeg.jpeg?dr=15568&t=555f072d&ps=933b5bde&shp=54477afb&shcp=3c3d9ffb&idc=my3&from=1413970683,COSMEE HA NOI,04/10/2026 15:15,,--
586404689123968126,,Chờ in,TikTok,TTEPRIME-MALL-HCM,--,--,1350,1,CERAVE Sữa Rửa Mặt Foaming Cleanser - 30ml FRANCE,https://p16-oec-sg.ibyteimg.com/tos-alisg-i-aphluv4xwc-sg/b203882fafcc4a5dbc6ce5bef84bd40b~tplv-aphluv4xwc-origin-jpeg.jpeg?dr=15568&t=555f072d&ps=933b5bde&shp=54477afb&shcp=3c3d9ffb&idc=my3&from=1413970683,VIE GROUP HCM,04/10/2026 15:14,,--
586404739417409270,,Đã hủy,TikTok,TTVIEPRIME-HANOI,--,--,,1,,https://p16-oec-sg.ibyteimg.com/tos-alisg-i-aphluv4xwc-sg/351933dca70c40bfa4c9b7eea47f7566~tplv-aphluv4xwc-origin-jpeg.jpeg?dr=15568&t=555f072d&ps=933b5bde&shp=54477afb&shcp=3c3d9ffb&idc=my3&from=1413970683,COSMEE HA NOI,04/10/2026 15:12,,Chờ xử lý
261004Q9ND9HCU,,Đang giao hàng,Shopee,SHVIEPro-HANOI,--,--,1472,1,COMPLIMENT Sữa rửa mặt No Problem 200ml - Hồng,https://cf.shopee.vn/file/vn-11134207-81ztc-moj5dongdbm67d_tn,COSMEE HA NOI,04/10/2026 15:11,,--
261004Q9MESD9B,,Đã hủy,Shopee,SHEPRIME2-MALL - HCM,--,--,2026,1,LRP Sữa Rửa Mặt Effaclar Purifying Foaming Gel - 50ml,https://cf.shopee.vn/file/vn-11134207-81ztc-ms4g1nr09wck4c_tn,VIE GROUP HCM,04/10/2026 15:10,,Chưa thanh toán
586404609409582175,,Chờ xử lý,TikTok,TTVIEPRIME-HANOI,--,--,1350 Lẻ 1 Da Dầu 30ml,1,CERAVE Sữa Rửa Mặt Foaming Cleanser - 30ml FRANCE,https://p16-oec-sg.ibyteimg.com/tos-alisg-i-aphluv4xwc-sg/aa6674c745e24a0c898498161668b853~tplv-aphluv4xwc-origin-jpeg.jpeg?dr=15568&t=555f072d&ps=933b5bde&shp=54477afb&shcp=3c3d9ffb&idc=my3&from=1413970683,COSMEE HA NOI,04/10/2026 15:05,,--
261004Q98H8HX5,,Đã hủy,Shopee,SHEP - HCM,--,--,2361,1,SILCOT Bông tẩy trang Unicharm - 82 miếng Xanh dương,https://cf.shopee.vn/file/vn-11134207-7ras8-mcke8s4l7qqq55_tn,VIE GROUP HCM,04/10/2026 15:03,,Đang giao hàng
261004Q97KQ85J,,Đang giao hàng,Shopee,SHVIEPro-HANOI,--,--,1980,1,LOREAL Nước Tẩy Trang Revitalift Crystal Purifying Micellar Water [Xám] - 95ml,https://cf.shopee.vn/file/vn-11134207-7r98o-lp3u0heu5rh71b_tn,COSMEE HA NOI,04/10/2026 15:03,,--
586404518502565050,,Chờ in,TikTok,TTEPRIME-MALL-HCM,--,--,1480,1,COMPLIMENT Toner 10% Glycolic Acid & Aloe Lô hội - 200ML,https://p16-oec-sg.ibyteimg.com/tos-alisg-i-aphluv4xwc-sg/1ca9ba1c817245209063dfc4508b372f~tplv-aphluv4xwc-origin-jpeg.jpeg?dr=15568&t=555f072d&ps=933b5bde&shp=54477afb&shcp=3c3d9ffb&idc=my3&from=1413970683,VIE GROUP HCM,04/10/2026 15:02,,--
586404402686952889,,Đã hủy,TikTok,TTVIEPRIME-HANOI,--,--,2471,1,THE SAEM D114 - SAEM - CHE KHUYẾT ĐIỂM - 1.5 (L17CO2 C),https://p16-oec-sg.ibyteimg.com/tos-alisg-i-aphluv4xwc-sg/f8ebfa48086e4cd58323e116b61618b2~tplv-aphluv4xwc-origin-jpeg.jpeg?dr=15568&t=555f072d&ps=933b5bde&shp=54477afb&shcp=3c3d9ffb&idc=my3&from=1413970683,COSMEE HA NOI,04/10/2026 14:54,,--
586404382640146196,,Chờ in,TikTok,TTEPRIME-MALL-HCM,--,--,2026,1,LRP Sữa Rửa Mặt Effaclar Purifying Foaming Gel - 50ml,https://p16-oec-sg.ibyteimg.com/tos-alisg-i-aphluv4xwc-sg/e34ab459d15b4717b53d8bd8fe469991~tplv-aphluv4xwc-origin-jpeg.jpeg?dr=15568&t=555f072d&ps=933b5bde&shp=54477afb&shcp=3c3d9ffb&idc=my&from=1413970683,VIE GROUP HCM,04/10/2026 14:50,,--
261004Q8C3GFXV,,Chờ in,Shopee,SHVIECosme HCM,--,--,1612,3,DR.SERA Bông Tẩy Trang Cotton Tiệt Trùng UV - PURE SNOW COTTON PAD - 234 Miếng,https://cf.shopee.vn/file/vn-11134207-81ztc-ms7yx63mhrlx16_tn,VIE GROUP HCM,04/10/2026 14:48,,--
586404213793391656,,Đã hủy,TikTok,TTASCosme - HANOI,--,--,1127,1,Aspasia - Xịt Khoáng Aspasia Moist Up Face Mist Aloe Làm Dịu Mát Bổ Sung Độ Ẩm Cho Làn Da Rạng Rỡ 150ml,https://p16-oec-sg.ibyteimg.com/tos-alisg-i-aphluv4xwc-sg/eed4253616ed4e5d86a2552335cb98d6~tplv-aphluv4xwc-origin-jpeg.jpeg?dr=15568&t=555f072d&ps=933b5bde&shp=54477afb&shcp=3c3d9ffb&idc=my2&from=1413970683,COSMEE HA NOI,04/10/2026 14:44,,Chờ xử lý
586404298070001571,,Chờ in,TikTok,TTEPRIME-MALL-HCM,--,--,2026,1,LRP Sữa Rửa Mặt Effaclar Purifying Foaming Gel - 50ml,https://p16-oec-sg.ibyteimg.com/tos-alisg-i-aphluv4xwc-sg/e34ab459d15b4717b53d8bd8fe469991~tplv-aphluv4xwc-origin-jpeg.jpeg?dr=15568&t=555f072d&ps=933b5bde&shp=54477afb&shcp=3c3d9ffb&idc=my&from=1413970683,VIE GROUP HCM,04/10/2026 14:43,,--
586404246058272062,,Chờ in,TikTok,TTEPRIME-MALL-HCM,--,--,CB2026.3,1,COMBO 3 TUÝP LRP Sữa Rửa Mặt Effaclar Purifying Foaming Gel - 50ml,https://p16-oec-sg.ibyteimg.com/tos-alisg-i-aphluv4xwc-sg/4fdb1010396942c6bcbbb4ff16ba3159~tplv-aphluv4xwc-origin-jpeg.jpeg?dr=15568&t=555f072d&ps=933b5bde&shp=54477afb&shcp=3c3d9ffb&idc=my2&from=1413970683,VIE GROUP HCM,04/10/2026 14:39,,--
586404158099260583,Đơn hàng trùng lặp,Chờ in,TikTok,TTVIESGN-HCM,--,--,1350,3,CERAVE Sữa Rửa Mặt Foaming Cleanser - 30ml FRANCE,https://p16-oec-sg.ibyteimg.com/tos-alisg-i-aphluv4xwc-sg/e6a9105da8614796ac0e8db7403f7c49~tplv-aphluv4xwc-origin-jpeg.jpeg?dr=15568&t=555f072d&ps=933b5bde&shp=54477afb&shcp=3c3d9ffb&idc=my&from=1413970683,VIE GROUP HCM,04/10/2026 14:39,,--
261004Q7SXPD6B,,Chờ in,Shopee,SHEP - HCM,--,--,1859,1,JOHNSON'S Sữa tắm gội Baby Top-To-Toe Hair & Body (Vàng) - 500ml,https://cf.shopee.vn/file/vn-11134207-7r98o-m0b5hj25cuq739_tn,VIE GROUP HCM,04/10/2026 14:37,,--
261004Q7SXPD6B,,Chờ in,Shopee,SHEP - HCM,--,--,1832,1,JOHNSON'S Dầu gội Baby Shampoo vàng - 200ml,https://cf.shopee.vn/file/vn-11134207-7r98o-m0b6plbo1ua7b0_tn,VIE GROUP HCM,04/10/2026 14:37,,--
586404243888113024,,Chờ xử lý,TikTok,TTVIEPRIME-HANOI,--,--,CB2026.1-1980.1-1076.1,1,COMBO SRM LRP 50ML + NTT XÁM 95ML + MÚT AMORTALS,https://p16-oec-sg.ibyteimg.com/tos-alisg-i-aphluv4xwc-sg/c27a556ee3914a008a8b3479a0150745~tplv-aphluv4xwc-origin-jpeg.jpeg?dr=15568&t=555f072d&ps=933b5bde&shp=54477afb&shcp=3c3d9ffb&idc=my3&from=1413970683,COSMEE HA NOI,04/10/2026 14:35,,--
261004Q7NW0HT1,,Chờ in,Shopee,SHEPRIME2-MALL - HCM,--,--,CB2026.3,1,COMBO 3 TUÝP LRP Sữa Rửa Mặt Effaclar Purifying Foaming Gel - 50ml,https://cf.shopee.vn/file/vn-11134207-81ztc-ms4g20918mbm6c_tn,VIE GROUP HCM,04/10/2026 14:35,,--
261004Q7NR863U,,Đang giao hàng,Shopee,SHVIEPro-HANOI,--,--,1472,1,COMPLIMENT Sữa rửa mặt No Problem 200ml - Hồng,https://cf.shopee.vn/file/vn-11134207-81ztc-moj5dongdbm67d_tn,COSMEE HA NOI,04/10/2026 14:35,,--
586404093940697009,,Chờ lấy hàng,TikTok,TTEPRIME-MALL-HCM,--,--,CB2026.3,1,COMBO 3 TUÝP LRP Sữa Rửa Mặt Effaclar Purifying Foaming Gel - 50ml,https://p16-oec-sg.ibyteimg.com/tos-alisg-i-aphluv4xwc-sg/4fdb1010396942c6bcbbb4ff16ba3159~tplv-aphluv4xwc-origin-jpeg.jpeg?dr=15568&t=555f072d&ps=933b5bde&shp=54477afb&shcp=3c3d9ffb&idc=my2&from=1413970683,VIE GROUP HCM,04/10/2026 14:34,,--
586404092442477735,,Đã hủy,TikTok,TTVIESGN-HCM,--,--,1350,2,CERAVE Sữa Rửa Mặt Foaming Cleanser - 30ml FRANCE,https://p16-oec-sg.ibyteimg.com/tos-alisg-i-aphluv4xwc-sg/e6a9105da8614796ac0e8db7403f7c49~tplv-aphluv4xwc-origin-jpeg.jpeg?dr=15568&t=555f072d&ps=933b5bde&shp=54477afb&shcp=3c3d9ffb&idc=my&from=1413970683,VIE GROUP HCM,04/10/2026 14:33,,Chưa thanh toán
261004Q7EWV3AJ,,Chờ in,Shopee,SHVIECosme HCM,--,--,1612,1,DR.SERA Bông Tẩy Trang Cotton Tiệt Trùng UV - PURE SNOW COTTON PAD - 234 Miếng,https://cf.shopee.vn/file/vn-11134207-81ztc-ms7yx63mhrlx16_tn,VIE GROUP HCM,04/10/2026 14:31,,--
586404084895483047,,Đã hủy,TikTok,TTVIESGN-HCM,--,--,1350,2,CERAVE Sữa Rửa Mặt Foaming Cleanser - 30ml FRANCE,https://p16-oec-sg.ibyteimg.com/tos-alisg-i-aphluv4xwc-sg/e6a9105da8614796ac0e8db7403f7c49~tplv-aphluv4xwc-origin-jpeg.jpeg?dr=15568&t=555f072d&ps=933b5bde&shp=54477afb&shcp=3c3d9ffb&idc=my&from=1413970683,VIE GROUP HCM,04/10/2026 14:30,,Chưa thanh toán
586404004851778590,,Đã hủy,TikTok,TTEPRIME-MALL-HCM,--,--,1350,1,CERAVE Sữa Rửa Mặt Foaming Cleanser - 30ml FRANCE,https://p16-oec-sg.ibyteimg.com/tos-alisg-i-aphluv4xwc-sg/50806a02e3104a3bb34e537bc386ab64~tplv-aphluv4xwc-origin-jpeg.jpeg?dr=15568&t=555f072d&ps=933b5bde&shp=54477afb&shcp=3c3d9ffb&idc=my2&from=1413970683,VIE GROUP HCM,04/10/2026 14:27,,Chờ xử lý
261004Q6VKAKTE,,Chờ in,Shopee,SHEPRIME2-MALL - HCM,--,--,CB2026.3,1,COMBO 3 TUÝP LRP Sữa Rửa Mặt Effaclar Purifying Foaming Gel - 50ml,https://cf.shopee.vn/file/vn-11134207-81ztc-ms4g20918mbm6c_tn,VIE GROUP HCM,04/10/2026 14:21,,--
261004Q6TMCDWH,,Chờ in,Shopee,SHEP - HCM,--,--,2523,1,URIAGE Kem Dưỡng Môi Bariéderm Cica-Lèvres Baume Protecteur 15ml,https://cf.shopee.vn/file/vn-11134207-7ra0g-m9vfvhmit8qq74_tn,VIE GROUP HCM,04/10/2026 14:23,,--
586403819942151944,,Chờ in,TikTok,TTEPRIME-MALL-HCM,--,--,1745,1,GOODNDOC Kem Dưỡng Da Centella Repair Cream 50ml,https://p16-oec-va.ibyteimg.com/tos-maliva-i-o3syd03w52-us/597d69eaac3e44a7930bb21c3b9cec18~tplv-o3syd03w52-origin-jpeg.jpeg?dr=15568&t=555f072d&ps=933b5bde&shp=54477afb&shcp=3c3d9ffb&idc=my&from=1413970683,VIE GROUP HCM,04/10/2026 14:18,,--
261004Q6GDAT64,,Đã hủy,Shopee,SHVIEMart - HCM,--,--,1832 VÀNG 200,1,JOHNSON'S Dầu gội Baby Shampoo vàng - 200ml,https://cf.shopee.vn/file/vn-11134207-7r98o-lqsqfjn4yv5je6_tn,VIE GROUP HCM,04/10/2026 14:14,,Chờ xử lý
261004Q6CFCCMR,,Nền tảng đang xử lý,Shopee,SHVIECosme HCM,--,--,1127,1,Aspasia - Xịt Khoáng Aspasia Moist Up Face Mist Aloe Làm Dịu Mát Bổ Sung Độ Ẩm Cho Làn Da Rạng Rỡ 150ml,https://cf.shopee.vn/file/vn-11134207-81ztc-mpsziotao3ya56_tn,VIE GROUP HCM,04/10/2026 14:12,,--
586403723407755018,,Chờ in,TikTok,TTEPRIME-MALL-HCM,--,--,2026,1,LRP Sữa Rửa Mặt Effaclar Purifying Foaming Gel - 50ml,https://p16-oec-sg.ibyteimg.com/tos-alisg-i-aphluv4xwc-sg/e34ab459d15b4717b53d8bd8fe469991~tplv-aphluv4xwc-origin-jpeg.jpeg?dr=15568&t=555f072d&ps=933b5bde&shp=54477afb&shcp=3c3d9ffb&idc=my&from=1413970683,VIE GROUP HCM,04/10/2026 14:12,,--
586403809491060149,,Đã hủy,TikTok,TTVIEPRIME-HANOI,--,--,1982,1,LOREAL Nước Tẩy Trang Revitalift Hyaluronic Acid Hydrating Micellar Water [Tím] - 95ml,https://p16-oec-sg.ibyteimg.com/tos-alisg-i-aphluv4xwc-sg/b84dfa7bd3f34503bbb31f1153b9d971~tplv-aphluv4xwc-origin-jpeg.jpeg?dr=15568&t=555f072d&ps=933b5bde&shp=54477afb&shcp=3c3d9ffb&idc=my&from=1413970683,COSMEE HA NOI,04/10/2026 14:07,,Chờ xử lý
261004Q5UPF1BA,,Chờ in,Shopee,SHEP - HCM,--,--,CB2014.3,1,COMBO 3 Serum LA ROCHE-POSAY Hyalu B5-[ 10ml ],https://cf.shopee.vn/file/vn-11134207-7ras8-mck3gx7o8xpp91_tn,VIE GROUP HCM,04/10/2026 14:02,,--
261004Q5UPF1BA,,Chờ in,Shopee,SHEP - HCM,--,--,QT40,1,MEDIANSWER Tinh chất hỗ trợ sáng da Vita Collagen Logic Ampoule - 2 ml,https://cf.shopee.vn/file/vn-11134207-81ztc-mtqcnbkc7coya1_tn,VIE GROUP HCM,04/10/2026 14:02,,--
586403550487413792,,Chờ in,TikTok,TTEPRIME-MALL-HCM,--,--,1350,1,CERAVE Sữa Rửa Mặt Foaming Cleanser - 30ml FRANCE,https://p16-oec-sg.ibyteimg.com/tos-alisg-i-aphluv4xwc-sg/b203882fafcc4a5dbc6ce5bef84bd40b~tplv-aphluv4xwc-origin-jpeg.jpeg?dr=15568&t=555f072d&ps=933b5bde&shp=54477afb&shcp=3c3d9ffb&idc=my&from=1413970683,VIE GROUP HCM,04/10/2026 14:00,,--
586403564303910768,,Chờ xử lý,TikTok,TTVIEPRIME-HANOI,--,--,2014,1,LRP SERUM B5 HYALU CONCENTRE - 10ml,https://p16-oec-sg.ibyteimg.com/tos-alisg-i-aphluv4xwc-sg/e07d299a8614444b8b8d09e4dcbafa6b~tplv-aphluv4xwc-origin-jpeg.jpeg?dr=15568&t=555f072d&ps=933b5bde&shp=54477afb&shcp=3c3d9ffb&idc=my&from=1413970683,COSMEE HA NOI,04/10/2026 13:59,,--
261004Q5NRR7XT,,Chờ in,Shopee,SHEP - HCM,--,--,CB2414.10,1,COMBO 10 Miếng SUR-MEDIC+ Mặt nạ Age Control Multi Vita Mask 30g,https://cf.shopee.vn/file/vn-11134207-7ras8-m0e7t023opgt6f_tn,VIE GROUP HCM,04/10/2026 13:59,,--
586403535304427011,,Chờ in,TikTok,TTEPRIME-MALL-HCM,--,--,1350,1,CERAVE Sữa Rửa Mặt Foaming Cleanser - 30ml FRANCE,https://p16-oec-sg.ibyteimg.com/tos-alisg-i-aphluv4xwc-sg/50806a02e3104a3bb34e537bc386ab64~tplv-aphluv4xwc-origin-jpeg.jpeg?dr=15568&t=555f072d&ps=933b5bde&shp=54477afb&shcp=3c3d9ffb&idc=my&from=1413970683,VIE GROUP HCM,04/10/2026 13:58,,--
586403555046622395,,Đã hủy,TikTok,TTVIESGN-HCM,--,--,1350,1,CERAVE Sữa Rửa Mặt Foaming Cleanser - 30ml FRANCE,https://p16-oec-sg.ibyteimg.com/tos-alisg-i-aphluv4xwc-sg/cc9742efae154cb89c3e62363dff00b1~tplv-aphluv4xwc-origin-jpeg.jpeg?dr=15568&t=555f072d&ps=933b5bde&shp=54477afb&shcp=3c3d9ffb&idc=my&from=1413970683,VIE GROUP HCM,04/10/2026 13:53,,Chờ xử lý
261004Q5A5PBQA,,Nền tảng đang xử lý,Shopee,SHVIECosme HCM,--,--,1127,1,Aspasia - Xịt Khoáng Aspasia Moist Up Face Mist Aloe Làm Dịu Mát Bổ Sung Độ Ẩm Cho Làn Da Rạng Rỡ 150ml,https://cf.shopee.vn/file/vn-11134207-81ztc-mpsziotao3ya56_tn,VIE GROUP HCM,04/10/2026 13:53,,--
261004Q57TD09J,,Chờ in,Shopee,SHEP - HCM,--,--,2100,1,MINISO Bông tẩy trang Nhật Bản 100% 180 Miếng,https://cf.shopee.vn/file/vn-11134207-81ztc-mtmgtix9883o2d_tn,VIE GROUP HCM,04/10/2026 13:51,,--
586403459177023315,,Chờ in,TikTok,TTVIESGN-HCM,--,--,1350,1,CERAVE Sữa Rửa Mặt Foaming Cleanser - 30ml FRANCE,https://p16-oec-sg.ibyteimg.com/tos-alisg-i-aphluv4xwc-sg/e6a9105da8614796ac0e8db7403f7c49~tplv-aphluv4xwc-origin-jpeg.jpeg?dr=15568&t=555f072d&ps=933b5bde&shp=54477afb&shcp=3c3d9ffb&idc=my&from=1413970683,VIE GROUP HCM,04/10/2026 13:51,,--
261004Q555HTA0,,Chờ in,Shopee,SHEP - HCM,--,--,2244,1,OLD SPICE Lăn khử mùi Mỹ 85g - PURE SPORT,https://cf.shopee.vn/file/vn-11134207-7ras8-matl4c5a5abw54_tn,VIE GROUP HCM,04/10/2026 13:50,,--
261004Q50B1V7X,,Đang giao hàng,Shopee,SHVIEPro-HANOI,--,--,1980,1,LOREAL Nước Tẩy Trang Revitalift Crystal Purifying Micellar Water [Xám] - 95ml,https://cf.shopee.vn/file/vn-11134207-7r98o-lp3u0heu5rh71b_tn,COSMEE HA NOI,04/10/2026 13:47,,--
586403357392733969,,Chờ in,TikTok,TTVIESGN-HCM,--,--,1350,1,CERAVE Sữa Rửa Mặt Foaming Cleanser - 30ml FRANCE,https://p16-oec-sg.ibyteimg.com/tos-alisg-i-aphluv4xwc-sg/cc9742efae154cb89c3e62363dff00b1~tplv-aphluv4xwc-origin-jpeg.jpeg?dr=15568&t=555f072d&ps=933b5bde&shp=54477afb&shcp=3c3d9ffb&idc=my&from=1413970683,VIE GROUP HCM,04/10/2026 13:46,,--
586403388547958004,,Chờ in,TikTok,TTEPRIME-MALL-HCM,--,--,CB1350.3,1,COMBO 3 Chai 30ml CERAVE Sữa Rửa Mặt Foaming Cleanser,https://p16-oec-sg.ibyteimg.com/tos-alisg-i-aphluv4xwc-sg/a2376db661934510bc5ab6e7f01657b3~tplv-aphluv4xwc-origin-jpeg.jpeg?dr=15568&t=555f072d&ps=933b5bde&shp=54477afb&shcp=3c3d9ffb&idc=my&from=1413970683,VIE GROUP HCM,04/10/2026 13:44,,--
261004Q4SME0DJ,,Đang giao hàng,Shopee,SHEP - HCM,--,--,2361,1,SILCOT Bông tẩy trang Unicharm - 82 miếng Xanh dương,https://cf.shopee.vn/file/vn-11134207-7ras8-mcke8s4l7qqq55_tn,VIE GROUP HCM,04/10/2026 13:44,,--
586403209707620031,,Đã hủy,TikTok,TTEPRIME-MALL-HCM,--,--,2026,1,LRP Sữa Rửa Mặt Effaclar Purifying Foaming Gel - 50ml,https://p16-oec-sg.ibyteimg.com/tos-alisg-i-aphluv4xwc-sg/e34ab459d15b4717b53d8bd8fe469991~tplv-aphluv4xwc-origin-jpeg.jpeg?dr=15568&t=555f072d&ps=933b5bde&shp=54477afb&shcp=3c3d9ffb&idc=my&from=1413970683,VIE GROUP HCM,04/10/2026 13:41,,Chờ xử lý
586403280827548990,,Chờ in,TikTok,TTEPRIME-MALL-HCM,--,--,2026,1,LRP Sữa Rửa Mặt Effaclar Purifying Foaming Gel - 50ml,https://p16-oec-sg.ibyteimg.com/tos-alisg-i-aphluv4xwc-sg/e34ab459d15b4717b53d8bd8fe469991~tplv-aphluv4xwc-origin-jpeg.jpeg?dr=15568&t=555f072d&ps=933b5bde&shp=54477afb&shcp=3c3d9ffb&idc=my&from=1413970683,VIE GROUP HCM,04/10/2026 13:41,,--
586403274932192364,,Đã hủy,TikTok,TTEPRIME-MALL-HCM,--,--,2026,1,LRP Sữa Rửa Mặt Effaclar Purifying Foaming Gel - 50ml,https://p16-oec-sg.ibyteimg.com/tos-alisg-i-aphluv4xwc-sg/e34ab459d15b4717b53d8bd8fe469991~tplv-aphluv4xwc-origin-jpeg.jpeg?dr=15568&t=555f072d&ps=933b5bde&shp=54477afb&shcp=3c3d9ffb&idc=my&from=1413970683,VIE GROUP HCM,04/10/2026 13:40,,Chờ xử lý
261004Q4J61F1N,,Chờ in,Shopee,SHEP - HCM,--,--,CB1925.3,1,COMBO 3 MIẾNG LA SOIRÉE Bông Tẩy Trang 100% Cotton Siêu Mềm Siêu Mịn - 85 Miếng Vuông,https://cf.shopee.vn/file/vn-11134207-7r98o-lzce2cfpn2h976_tn,VIE GROUP HCM,04/10/2026 13:39,,--
261004Q4GAX5UA,,Chờ in,Shopee,SHEP - HCM,--,--,2244,1,OLD SPICE Lăn khử mùi Mỹ 85g - PURE SPORT,https://cf.shopee.vn/file/vn-11134207-7ras8-matl4c5a5abw54_tn,VIE GROUP HCM,04/10/2026 13:39,,--
586403142331499676,,Chờ xử lý,TikTok,TTVIEPRIME-HANOI,--,--,CB2026.3,1,COMBO 3 TUÝP LRP Sữa Rửa Mặt Effaclar Purifying Foaming Gel - 50ml,https://p16-oec-sg.ibyteimg.com/tos-alisg-i-aphluv4xwc-sg/1bf72e257b1a471f9e43b86c8ded74b4~tplv-aphluv4xwc-origin-jpeg.jpeg?dr=15568&t=555f072d&ps=933b5bde&shp=54477afb&shcp=3c3d9ffb&idc=my&from=1413970683,COSMEE HA NOI,04/10/2026 13:33,,--
586403222583739673,,Chờ xử lý,TikTok,TTASCosme - HANOI,--,--,1350,1,CERAVE Sữa Rửa Mặt Foaming Cleanser - 30ml FRANCE,https://p16-oec-sg.ibyteimg.com/tos-alisg-i-aphluv4xwc-sg/46e63d0be11d47568e40e1b3400fd6d0~tplv-aphluv4xwc-origin-jpeg.jpeg?dr=15568&t=555f072d&ps=933b5bde&shp=54477afb&shcp=3c3d9ffb&idc=my2&from=1413970683,COSMEE HA NOI,04/10/2026 13:32,,--
261004Q43UA09H,,Chờ in,Shopee,SHEPRIME2-MALL - HCM,--,--,CB2026.3,1,COMBO 3 TUÝP LRP Sữa Rửa Mặt Effaclar Purifying Foaming Gel - 50ml,https://cf.shopee.vn/file/vn-11134207-81ztc-ms4g20918mbm6c_tn,VIE GROUP HCM,04/10/2026 13:31,,--
261004Q43U957X,,Đã hủy,Shopee,SHEPRIME2-MALL - HCM,--,--,2026,1,LRP Sữa Rửa Mặt Effaclar Purifying Foaming Gel - 50ml,https://cf.shopee.vn/file/vn-11134207-81ztc-ms4g1nr09wck4c_tn,VIE GROUP HCM,04/10/2026 13:31,,Chờ xử lý
261004Q3SQ1B5T,,Đang giao hàng,Shopee,SHVIECosme HCM,--,--,2930,5,DR.SERA Mặt nạ nén tiệt trùng mềm mịn RELAXING TRAVEL COMPRESSED - Túi 10 mask,https://cf.shopee.vn/file/vn-11134207-81ztc-mot6lw2ybegy4c_tn,VIE GROUP HCM,04/10/2026 13:25,,--
261004Q3N7XVSD,,Đã hủy,Shopee,SHEP - HCM,--,--,2100,1,MINISO Bông tẩy trang Nhật Bản 100% 180 Miếng,https://cf.shopee.vn/file/vn-11134207-81ztc-mtmgtix9883o2d_tn,VIE GROUP HCM,04/10/2026 13:23,,Chờ xử lý
261004Q3K825BQ,,Chờ in,Shopee,SHEPRIME2-MALL - HCM,--,--,2026,1,LRP Sữa Rửa Mặt Effaclar Purifying Foaming Gel - 50ml,https://cf.shopee.vn/file/vn-11134207-81ztc-ms4g1nr09wck4c_tn,VIE GROUP HCM,04/10/2026 13:22,,--
261004Q3J3VSPW,,Đã hủy,Shopee,SHEPRIME2-MALL - HCM,--,--,2026,1,LRP Sữa Rửa Mặt Effaclar Purifying Foaming Gel - 50ml,https://cf.shopee.vn/file/vn-11134207-81ztc-ms4g1nr09wck4c_tn,VIE GROUP HCM,04/10/2026 13:21,,Chờ xử lý
586402976859653502,,Đã hủy,TikTok,TTEPRIME-MALL-HCM,--,--,CB1350.3,1,COMBO 3 Chai 30ml CERAVE Sữa Rửa Mặt Foaming Cleanser,https://p16-oec-sg.ibyteimg.com/tos-alisg-i-aphluv4xwc-sg/a2376db661934510bc5ab6e7f01657b3~tplv-aphluv4xwc-origin-jpeg.jpeg?dr=15568&t=555f072d&ps=933b5bde&shp=54477afb&shcp=3c3d9ffb&idc=my2&from=1413970683,VIE GROUP HCM,04/10/2026 13:19,,--
261004Q3BQR5A9,,Đang giao hàng,Shopee,SHEPRIME2-MALL - HCM,--,--,2595,1,VICHY Lăn Khử Mùi Détranspirant Intensif 72h Transpiration Excessive 50ml,https://cf.shopee.vn/file/vn-11134207-820l4-mglx60d0jwnca2_tn,VIE GROUP HCM,04/10/2026 13:18,,--
261004Q37VSM9G,,Chờ in,Shopee,SHCOSMEE-HANOI,--,--,1632,1,Bông Tẩy Trang Emalia Pháp 201 Miếng,https://cf.shopee.vn/file/vn-11134207-81ztc-mr9v8bofhlvp58_tn,COSMEE HA NOI,04/10/2026 13:16,,--
586402856894563638,,Chờ xử lý,TikTok,TTVIEPRIME-HANOI,--,--,2026,1,LRP Sữa Rửa Mặt Effaclar Purifying Foaming Gel - 50ml,https://p16-oec-sg.ibyteimg.com/tos-alisg-i-aphluv4xwc-sg/e4dc23ba7aa04ac68154f7d70954e8c5~tplv-aphluv4xwc-origin-jpeg.jpeg?dr=15568&t=555f072d&ps=933b5bde&shp=54477afb&shcp=3c3d9ffb&idc=my&from=1413970683,COSMEE HA NOI,04/10/2026 13:14,,--
586402478800668423,,Chờ in,TikTok,TTEPRIME-MALL-HCM,--,--,CB1350.5,1,COMBO 5 Chai 30ml CERAVE Sữa Rửa Mặt Foaming Cleanser,https://p16-oec-sg.ibyteimg.com/tos-alisg-i-aphluv4xwc-sg/b203882fafcc4a5dbc6ce5bef84bd40b~tplv-aphluv4xwc-origin-jpeg.jpeg?dr=15568&t=555f072d&ps=933b5bde&shp=54477afb&shcp=3c3d9ffb&idc=my2&from=1413970683,VIE GROUP HCM,04/10/2026 13:12,,--
586402742417196610,,Chờ xử lý,TikTok,TTVIEPRIME-HANOI,--,--,,1,VASELINE Sáp Dưỡng Ẩm Pure Petroleum Jelly - 100ml,https://p16-oec-sg.ibyteimg.com/tos-alisg-i-aphluv4xwc-sg/41f8220f8d624c0e9f85614b053ec0b3~tplv-aphluv4xwc-origin-jpeg.jpeg?dr=15568&t=555f072d&ps=933b5bde&shp=54477afb&shcp=3c3d9ffb&idc=my&from=1413970683,COSMEE HA NOI,04/10/2026 13:11,,--
532945136669448,,Chờ in,Lazada,LZDEPRIME-MALL - HCM,--,--,2141,1,NEUTROGENA Kem Dưỡng Ẩm Hydro Boost Water Gel - 15g,https://vn-live.slatic.net/p/0f83faa2131ca0cec579d3157a0c236f.png,VIE GROUP HCM,04/10/2026 13:08,,--
532945136669448,,Chờ in,Lazada,LZDEPRIME-MALL - HCM,--,--,2141,1,NEUTROGENA Kem Dưỡng Ẩm Hydro Boost Water Gel - 15g,https://vn-live.slatic.net/p/0f83faa2131ca0cec579d3157a0c236f.png,VIE GROUP HCM,04/10/2026 13:08,,--
261004Q2NRXE5W,,Chờ in,Shopee,SHEP - HCM,--,--,1472,1,COMPLIMENT Sữa rửa mặt No Problem 200ml - Hồng,https://cf.shopee.vn/file/vn-11134207-7ras8-m12a0k10v2mz20_tn,VIE GROUP HCM,04/10/2026 13:05,,--
586402657142671007,,Chờ xử lý,TikTok,TTVIEPRIME-HANOI,--,--,1473,1,COMPLIMENT Sữa rửa mặt No Problem 200ml - Vàng,https://p16-oec-sg.ibyteimg.com/tos-alisg-i-aphluv4xwc-sg/7e674acca3904151a8bae8b1b56cdbbc~tplv-aphluv4xwc-origin-jpeg.jpeg?dr=15568&t=555f072d&ps=933b5bde&shp=54477afb&shcp=3c3d9ffb&idc=my&from=1413970683,COSMEE HA NOI,04/10/2026 13:04,,--
586402657142671007,,Chờ xử lý,TikTok,TTVIEPRIME-HANOI,--,--,1494,1,Compliment Sữa rửa mặt 5% Glycolic Acid làm sạch và dưỡng sáng da 150ml,https://p16-oec-sg.ibyteimg.com/tos-alisg-i-aphluv4xwc-sg/741d8ca8573e40e28cbf54d3e253dcab~tplv-aphluv4xwc-origin-jpeg.jpeg?dr=15568&t=555f072d&ps=933b5bde&shp=54477afb&shcp=3c3d9ffb&idc=my&from=1413970683,COSMEE HA NOI,04/10/2026 13:04,,--
261004Q2GMVW4Y,,Đã hủy,Shopee,SHEPRIME2-MALL - HCM,--,--,2026,1,LRP Sữa Rửa Mặt Effaclar Purifying Foaming Gel - 50ml,https://cf.shopee.vn/file/vn-11134207-81ztc-ms4g1nr09wck4c_tn,VIE GROUP HCM,04/10/2026 13:03,,Chờ xử lý
586402624491980738,,Đã hủy,TikTok,TTEPRIME-MALL-HCM,--,--,CB1350.3,1,COMBO 3 Chai 30ml CERAVE Sữa Rửa Mặt Foaming Cleanser,https://p16-oec-sg.ibyteimg.com/tos-alisg-i-aphluv4xwc-sg/a2376db661934510bc5ab6e7f01657b3~tplv-aphluv4xwc-origin-jpeg.jpeg?dr=15568&t=555f072d&ps=933b5bde&shp=54477afb&shcp=3c3d9ffb&idc=my3&from=1413970683,VIE GROUP HCM,04/10/2026 13:02,,Chờ xử lý
261004Q2CQX4RR,,Chờ in,Shopee,SHEPRIME2-MALL - HCM,--,--,2026,1,LRP Sữa Rửa Mặt Effaclar Purifying Foaming Gel - 50ml,https://cf.shopee.vn/file/vn-11134207-81ztc-ms4g1nr09wck4c_tn,VIE GROUP HCM,04/10/2026 13:01,,--
586402647307749099,,Chờ xử lý,TikTok,TTASCosme - HANOI,--,--,2026,1,LRP Sữa Rửa Mặt Effaclar Purifying Foaming Gel - 50ml,https://p16-oec-sg.ibyteimg.com/tos-alisg-i-aphluv4xwc-sg/06bec7f4529a4a5fa5d0422d879eafd0~tplv-aphluv4xwc-origin-jpeg.jpeg?dr=15568&t=555f072d&ps=933b5bde&shp=54477afb&shcp=3c3d9ffb&idc=my2&from=1413970683,COSMEE HA NOI,04/10/2026 13:00,,--
261004Q29SGR2A,,Chờ in,Shopee,SHEPRIME2-MALL - HCM,--,--,2026,1,LRP Sữa Rửa Mặt Effaclar Purifying Foaming Gel - 50ml,https://cf.shopee.vn/file/vn-11134207-81ztc-ms4g1nr09wck4c_tn,VIE GROUP HCM,04/10/2026 12:59,,--
586402565478384915,,Chờ in,TikTok,TTEPRIME-MALL-HCM,--,--,1350,1,CERAVE Sữa Rửa Mặt Foaming Cleanser - 30ml FRANCE,https://p16-oec-sg.ibyteimg.com/tos-alisg-i-aphluv4xwc-sg/50806a02e3104a3bb34e537bc386ab64~tplv-aphluv4xwc-origin-jpeg.jpeg?dr=15568&t=555f072d&ps=933b5bde&shp=54477afb&shcp=3c3d9ffb&idc=my&from=1413970683,VIE GROUP HCM,04/10/2026 12:58,,--
261004Q288WPNV,,Đã hủy,Shopee,SHEPRIME2-MALL - HCM,--,--,2026,1,LRP Sữa Rửa Mặt Effaclar Purifying Foaming Gel - 50ml,https://cf.shopee.vn/file/vn-11134207-81ztc-ms4g1nr09wck4c_tn,VIE GROUP HCM,04/10/2026 12:58,,Chờ xử lý
586402711112091460,,Chờ in,TikTok,TTEPRIME-MALL-HCM,--,--,2026,1,LRP Sữa Rửa Mặt Effaclar Purifying Foaming Gel - 50ml,https://p16-oec-sg.ibyteimg.com/tos-alisg-i-aphluv4xwc-sg/e34ab459d15b4717b53d8bd8fe469991~tplv-aphluv4xwc-origin-jpeg.jpeg?dr=15568&t=555f072d&ps=933b5bde&shp=54477afb&shcp=3c3d9ffb&idc=my&from=1413970683,VIE GROUP HCM,04/10/2026 12:58,,--
586402557683467725,,Chờ in,TikTok,TTEPRIME-MALL-HCM,--,--,2026,1,LRP Sữa Rửa Mặt Effaclar Purifying Foaming Gel - 50ml,https://p16-oec-sg.ibyteimg.com/tos-alisg-i-aphluv4xwc-sg/e34ab459d15b4717b53d8bd8fe469991~tplv-aphluv4xwc-origin-jpeg.jpeg?dr=15568&t=555f072d&ps=933b5bde&shp=54477afb&shcp=3c3d9ffb&idc=my&from=1413970683,VIE GROUP HCM,04/10/2026 12:56,,--
586402546616010743,,Chờ xử lý,TikTok,TTVIEPRIME-HANOI,--,--,,1,VASELINE Sáp Dưỡng ẨmPure Petroleum Jelly Original 5.5g,https://p16-oec-sg.ibyteimg.com/tos-alisg-i-aphluv4xwc-sg/41f8220f8d624c0e9f85614b053ec0b3~tplv-aphluv4xwc-origin-jpeg.jpeg?dr=15568&t=555f072d&ps=933b5bde&shp=54477afb&shcp=3c3d9ffb&idc=my&from=1413970683,COSMEE HA NOI,04/10/2026 12:56,,--
586402516419577186,,Chờ xử lý,TikTok,TTVIEPRIME-HANOI,--,--,2026,1,LRP Sữa Rửa Mặt Effaclar Purifying Foaming Gel - 50ml,https://p16-oec-sg.ibyteimg.com/tos-alisg-i-aphluv4xwc-sg/e4dc23ba7aa04ac68154f7d70954e8c5~tplv-aphluv4xwc-origin-jpeg.jpeg?dr=15568&t=555f072d&ps=933b5bde&shp=54477afb&shcp=3c3d9ffb&idc=my&from=1413970683,COSMEE HA NOI,04/10/2026 12:55,,--
586402481984734254,,Chờ xử lý,TikTok,TTVIEPRIME-HANOI,--,--,1350 Lẻ 1 Da Dầu 30ml,1,CERAVE Sữa Rửa Mặt Foaming Cleanser - 30ml FRANCE,https://p16-oec-sg.ibyteimg.com/tos-alisg-i-aphluv4xwc-sg/aa6674c745e24a0c898498161668b853~tplv-aphluv4xwc-origin-jpeg.jpeg?dr=15568&t=555f072d&ps=933b5bde&shp=54477afb&shcp=3c3d9ffb&idc=my&from=1413970683,COSMEE HA NOI,04/10/2026 12:54,,--
586402465980319222,,Đã hủy,TikTok,TTVIEPRIME-HANOI,--,--,CB2693.3,1,COMBO 3 Cọ Môi Silicon,https://p16-oec-sg.ibyteimg.com/tos-alisg-i-aphluv4xwc-sg/41f8220f8d624c0e9f85614b053ec0b3~tplv-aphluv4xwc-origin-jpeg.jpeg?dr=15568&t=555f072d&ps=933b5bde&shp=54477afb&shcp=3c3d9ffb&idc=my&from=1413970683,COSMEE HA NOI,04/10/2026 12:54,,Chờ xử lý
586402507542660627,,Chờ xử lý,TikTok,TTASCosme - HANOI,--,--,,1,VICHY Dầu gội Dercos Technique Anti-Dandruff Ds Advanced To Oily Hair - 50ml (Xanh da dầu),https://p16-oec-sg.ibyteimg.com/tos-alisg-i-aphluv4xwc-sg/c866730931f7405592c5aea67c3d40b0~tplv-aphluv4xwc-origin-jpeg.jpeg?dr=15568&t=555f072d&ps=933b5bde&shp=54477afb&shcp=3c3d9ffb&idc=my2&from=1413970683,COSMEE HA NOI,04/10/2026 12:52,,--
586402509212518190,,Chờ xử lý,TikTok,TTVIEPRIME-HANOI,--,--,last8338,1,COMBO 3 Serum LA ROCHE-POSAY Hyalu B5-[ 10ml ],https://p16-oec-sg.ibyteimg.com/tos-alisg-i-aphluv4xwc-sg/ce9d79e42f654881a903f9263a4b7eb0~tplv-aphluv4xwc-origin-jpeg.jpeg?dr=15568&t=555f072d&ps=933b5bde&shp=54477afb&shcp=3c3d9ffb&idc=my&from=1413970683,COSMEE HA NOI,04/10/2026 12:52,,--
261004Q1RGDKCK,,Chờ in,Shopee,SHVIEPro-HANOI,--,--,1480,1,COMPLIMENT Toner 10% Glycolic Acid & Aloe Lô hội - 200ML,https://cf.shopee.vn/file/vn-11134207-81ztc-ms2ghm3gd6va8a_tn,COSMEE HA NOI,04/10/2026 12:49,,--
586402502178080226,,Chờ in,TikTok,TTEPRIME-MALL-HCM,--,--,CB1350.1-1943.1,2,[COMBO] Sửa Rửa Mặt CERAVE Foaming 30ml & Bông Tẩy Trang 222 Miếng LAMEILA Cotton Pads FM Mèo 3 Lớp,https://p16-oec-sg.ibyteimg.com/tos-alisg-i-aphluv4xwc-sg/cac5fc2607b94318bd8b0afd3f1827c9~tplv-aphluv4xwc-origin-jpeg.jpeg?dr=15568&t=555f072d&ps=933b5bde&shp=54477afb&shcp=3c3d9ffb&idc=my&from=1413970683,VIE GROUP HCM,04/10/2026 12:46,,--
586402349818611594,,Chờ in,TikTok,TTEPRIME-MALL-HCM,--,--,CB2026.3,1,COMBO 3 TUÝP LRP Sữa Rửa Mặt Effaclar Purifying Foaming Gel - 50ml,https://p16-oec-sg.ibyteimg.com/tos-alisg-i-aphluv4xwc-sg/4fdb1010396942c6bcbbb4ff16ba3159~tplv-aphluv4xwc-origin-jpeg.jpeg?dr=15568&t=555f072d&ps=933b5bde&shp=54477afb&shcp=3c3d9ffb&idc=my2&from=1413970683,VIE GROUP HCM,04/10/2026 12:44,,--
586402368770901019,,Chờ in,TikTok,TTEPRIME-MALL-HCM,--,--,1350,1,CERAVE Sữa Rửa Mặt Foaming Cleanser - 30ml FRANCE,https://p16-oec-sg.ibyteimg.com/tos-alisg-i-aphluv4xwc-sg/50806a02e3104a3bb34e537bc386ab64~tplv-aphluv4xwc-origin-jpeg.jpeg?dr=15568&t=555f072d&ps=933b5bde&shp=54477afb&shcp=3c3d9ffb&idc=my&from=1413970683,VIE GROUP HCM,04/10/2026 12:44,,--
586402348251317837,,Chờ xử lý,TikTok,TTVIEPRIME-HANOI,--,--,,1,VASELINE Sáp Dưỡng Ẩm Pure Petroleum Jelly - 100ml,https://p16-oec-sg.ibyteimg.com/tos-alisg-i-aphluv4xwc-sg/41f8220f8d624c0e9f85614b053ec0b3~tplv-aphluv4xwc-origin-jpeg.jpeg?dr=15568&t=555f072d&ps=933b5bde&shp=54477afb&shcp=3c3d9ffb&idc=my&from=1413970683,COSMEE HA NOI,04/10/2026 12:44,,--
586402300907848957,,Chờ in,TikTok,TTEPRIME-MALL-HCM,--,--,1350,1,CERAVE Sữa Rửa Mặt Foaming Cleanser - 30ml FRANCE,https://p16-oec-sg.ibyteimg.com/tos-alisg-i-aphluv4xwc-sg/50806a02e3104a3bb34e537bc386ab64~tplv-aphluv4xwc-origin-jpeg.jpeg?dr=15568&t=555f072d&ps=933b5bde&shp=54477afb&shcp=3c3d9ffb&idc=my&from=1413970683,VIE GROUP HCM,04/10/2026 12:41,,--
586402272717341914,,Chờ xử lý,TikTok,TTVIEPRIME-HANOI,--,--,2026,1,LRP Sữa Rửa Mặt Effaclar Purifying Foaming Gel - 50ml,https://p16-oec-sg.ibyteimg.com/tos-alisg-i-aphluv4xwc-sg/38a227d65f6e4cd0807acb510b3b8ab3~tplv-aphluv4xwc-origin-jpeg.jpeg?dr=15568&t=555f072d&ps=933b5bde&shp=54477afb&shcp=3c3d9ffb&idc=my&from=1413970683,COSMEE HA NOI,04/10/2026 12:41,,--
586402361383486529,,Chờ in,TikTok,TTEPRIME-MALL-HCM,--,--,1350,1,CERAVE Sữa Rửa Mặt Foaming Cleanser - 30ml FRANCE,https://p16-oec-sg.ibyteimg.com/tos-alisg-i-aphluv4xwc-sg/50806a02e3104a3bb34e537bc386ab64~tplv-aphluv4xwc-origin-jpeg.jpeg?dr=15568&t=555f072d&ps=933b5bde&shp=54477afb&shcp=3c3d9ffb&idc=my&from=1413970683,VIE GROUP HCM,04/10/2026 12:39,,--
586402222244922580,,Chờ xử lý,TikTok,TTVIEPRIME-HANOI,--,--,,1,VASELINE Sáp Dưỡng Ẩm Pure Petroleum Jelly - 100ml,https://p16-oec-sg.ibyteimg.com/tos-alisg-i-aphluv4xwc-sg/41f8220f8d624c0e9f85614b053ec0b3~tplv-aphluv4xwc-origin-jpeg.jpeg?dr=15568&t=555f072d&ps=933b5bde&shp=54477afb&shcp=3c3d9ffb&idc=my&from=1413970683,COSMEE HA NOI,04/10/2026 12:39,,--
261004Q15RJ53R,,Chờ in,Shopee,SHEPRIME2-MALL - HCM,--,--,2026,1,LRP Sữa Rửa Mặt Effaclar Purifying Foaming Gel - 50ml,https://cf.shopee.vn/file/vn-11134207-81ztc-ms4g1nr09wck4c_tn,VIE GROUP HCM,04/10/2026 12:39,,--
586402175468602584,,Chờ in,TikTok,TTEPRIME-MALL-HCM,--,--,2026,1,LRP Sữa Rửa Mặt Effaclar Purifying Foaming Gel - 50ml,https://p16-oec-sg.ibyteimg.com/tos-alisg-i-aphluv4xwc-sg/e34ab459d15b4717b53d8bd8fe469991~tplv-aphluv4xwc-origin-jpeg.jpeg?dr=15568&t=555f072d&ps=933b5bde&shp=54477afb&shcp=3c3d9ffb&idc=my&from=1413970683,VIE GROUP HCM,04/10/2026 12:34,,--
586402181532517601,,Chờ in,TikTok,TTEPRIME-MALL-HCM,--,--,1350,4,CERAVE Sữa Rửa Mặt Foaming Cleanser - 30ml FRANCE,https://p16-oec-sg.ibyteimg.com/tos-alisg-i-aphluv4xwc-sg/50806a02e3104a3bb34e537bc386ab64~tplv-aphluv4xwc-origin-jpeg.jpeg?dr=15568&t=555f072d&ps=933b5bde&shp=54477afb&shcp=3c3d9ffb&idc=my&from=1413970683,VIE GROUP HCM,04/10/2026 12:34,,--
586402123508253726,,Chờ xử lý,TikTok,TTVIEPRIME-HANOI,--,--,2026,1,LRP Sữa Rửa Mặt Effaclar Purifying Foaming Gel - 50ml,https://p16-oec-sg.ibyteimg.com/tos-alisg-i-aphluv4xwc-sg/38a227d65f6e4cd0807acb510b3b8ab3~tplv-aphluv4xwc-origin-jpeg.jpeg?dr=15568&t=555f072d&ps=933b5bde&shp=54477afb&shcp=3c3d9ffb&idc=my&from=1413970683,COSMEE HA NOI,04/10/2026 12:31,,--
586402107223278945,,Đã hủy,TikTok,TTVIEPRIME-HANOI,--,--,2026,1,LRP Sữa Rửa Mặt Effaclar Purifying Foaming Gel - 50ml,https://p16-oec-sg.ibyteimg.com/tos-alisg-i-aphluv4xwc-sg/e4dc23ba7aa04ac68154f7d70954e8c5~tplv-aphluv4xwc-origin-jpeg.jpeg?dr=15568&t=555f072d&ps=933b5bde&shp=54477afb&shcp=3c3d9ffb&idc=my&from=1413970683,COSMEE HA NOI,04/10/2026 12:29,,Chờ xử lý
586402041609029375,,Chờ in,TikTok,TTEPRIME-MALL-HCM,--,--,CB2026.3,1,COMBO 3 TUÝP LRP Sữa Rửa Mặt Effaclar Purifying Foaming Gel - 50ml,https://p16-oec-sg.ibyteimg.com/tos-alisg-i-aphluv4xwc-sg/4fdb1010396942c6bcbbb4ff16ba3159~tplv-aphluv4xwc-origin-jpeg.jpeg?dr=15568&t=555f072d&ps=933b5bde&shp=54477afb&shcp=3c3d9ffb&idc=my2&from=1413970683,VIE GROUP HCM,04/10/2026 12:27,,--
261004Q0CFUU1F,,Đang giao hàng,Shopee,SHVIEPro-HANOI,--,--,1980,1,LOREAL Nước Tẩy Trang Revitalift Crystal Purifying Micellar Water [Xám] - 95ml,https://cf.shopee.vn/file/vn-11134207-7r98o-lp3u0heu5rh71b_tn,COSMEE HA NOI,04/10/2026 12:24,,--
261004Q0B30EKM,,Chờ in,Shopee,SHVIEMart - HCM,--,--,1004,1,Dũa móng 6 mặt [XT],https://cf.shopee.vn/file/vn-11134207-7ras8-mch930lruncdfb_tn,VIE GROUP HCM,04/10/2026 12:24,,--
586402047466701828,,Chờ in,TikTok,TTEPRIME-MALL-HCM,--,--,1350,1,CERAVE Sữa Rửa Mặt Foaming Cleanser - 30ml FRANCE,https://p16-oec-sg.ibyteimg.com/tos-alisg-i-aphluv4xwc-sg/50806a02e3104a3bb34e537bc386ab64~tplv-aphluv4xwc-origin-jpeg.jpeg?dr=15568&t=555f072d&ps=933b5bde&shp=54477afb&shcp=3c3d9ffb&idc=my&from=1413970683,VIE GROUP HCM,04/10/2026 12:23,,--
261004Q0AE19PQ,,Đã hủy,Shopee,SHEPRIME2-MALL - HCM,--,--,2026,1,LRP Sữa Rửa Mặt Effaclar Purifying Foaming Gel - 50ml,https://cf.shopee.vn/file/vn-11134207-81ztc-ms4g1nr09wck4c_tn,VIE GROUP HCM,04/10/2026 12:23,,--
261004PYVCUCXC,,Chờ in,Shopee,SHCOSMEE-HANOI,--,--,1632,1,Bông Tẩy Trang Emalia Pháp 201 Miếng,https://cf.shopee.vn/file/vn-11134207-81ztc-mr9v8bofhlvp58_tn,COSMEE HA NOI,04/10/2026 12:16,,--
261004PYSGA7SX,,Chờ in,Shopee,SHEPRIME2-MALL - HCM,--,--,2026,1,LRP Sữa Rửa Mặt Effaclar Purifying Foaming Gel - 50ml,https://cf.shopee.vn/file/vn-11134207-81ztc-ms4g1nr09wck4c_tn,VIE GROUP HCM,04/10/2026 12:14,,--
586401810154161747,,Chờ in,TikTok,TTEPRIME-MALL-HCM,--,--,1504,1,CORINE DE FARME Gel Tắm Gội cho bé Hair & Body Wash Gel Corps & Cheveux (Ultra-Rich) - 500ml,https://p16-oec-sg.ibyteimg.com/tos-alisg-i-aphluv4xwc-sg/4a67203a3a3644d0a61f9dd7f72d5326~tplv-aphluv4xwc-origin-jpeg.jpeg?dr=15568&t=555f072d&ps=933b5bde&shp=54477afb&shcp=3c3d9ffb&idc=my&from=1413970683,VIE GROUP HCM,04/10/2026 12:12,,--
586401809120790526,,Chờ xử lý,TikTok,TTVIEPRIME-HANOI,--,--,1472,1,COMPLIMENT Sữa rửa mặt No Problem 200ml - Hồng,https://p16-oec-sg.ibyteimg.com/tos-alisg-i-aphluv4xwc-sg/7434e317868148ba93f99925b05bfb45~tplv-aphluv4xwc-origin-jpeg.jpeg?dr=15568&t=555f072d&ps=933b5bde&shp=54477afb&shcp=3c3d9ffb&idc=my&from=1413970683,COSMEE HA NOI,04/10/2026 12:12,,--
261004PYM0VR6T,,Chờ in,Shopee,SHEPRIME2-MALL - HCM,--,--,2026,1,LRP Sữa Rửa Mặt Effaclar Purifying Foaming Gel - 50ml,https://cf.shopee.vn/file/vn-11134207-81ztc-ms4g1nr09wck4c_tn,VIE GROUP HCM,04/10/2026 12:11,,--
586401744945186394,,Chờ xử lý,TikTok,TTVIEPRIME-HANOI,--,--,CB2026.3,1,COMBO 3 TUÝP LRP Sữa Rửa Mặt Effaclar Purifying Foaming Gel - 50ml,https://p16-oec-sg.ibyteimg.com/tos-alisg-i-aphluv4xwc-sg/1200e3e940994b57b36341a3f7c85513~tplv-aphluv4xwc-origin-jpeg.jpeg?dr=15568&t=555f072d&ps=933b5bde&shp=54477afb&shcp=3c3d9ffb&idc=my&from=1413970683,COSMEE HA NOI,04/10/2026 12:10,,--
261004PY1V2J25,,Chờ in,Shopee,SHEP - HCM,--,--,1472,1,COMPLIMENT Sữa rửa mặt No Problem 200ml - Hồng,https://cf.shopee.vn/file/vn-11134207-7ras8-m12a0k10v2mz20_tn,VIE GROUP HCM,04/10/2026 12:01,,--
261004PXYESJS6,,Chờ in,Shopee,SHEPRIME2-MALL - HCM,--,--,2026,1,LRP Sữa Rửa Mặt Effaclar Purifying Foaming Gel - 50ml,https://cf.shopee.vn/file/vn-11134207-81ztc-ms4g1nr09wck4c_tn,VIE GROUP HCM,04/10/2026 11:59,,--
261004PXW988B5,,Chờ in,Shopee,SHEP - HCM,--,--,1472,1,COMPLIMENT Sữa rửa mặt No Problem 200ml - Hồng,https://cf.shopee.vn/file/vn-11134207-7ras8-m12a0k10v2mz20_tn,VIE GROUP HCM,04/10/2026 11:58,,--
586401539862660969,,Chờ in,TikTok,TTEPRIME-MALL-HCM,--,--,2026,1,LRP Sữa Rửa Mặt Effaclar Purifying Foaming Gel - 50ml,https://p16-oec-sg.ibyteimg.com/tos-alisg-i-aphluv4xwc-sg/e34ab459d15b4717b53d8bd8fe469991~tplv-aphluv4xwc-origin-jpeg.jpeg?dr=15568&t=555f072d&ps=933b5bde&shp=54477afb&shcp=3c3d9ffb&idc=my&from=1413970683,VIE GROUP HCM,04/10/2026 11:54,,--
261004PXFAV8K2,,Nền tảng đang xử lý,Shopee,SHVIECosme HCM,--,--,1127,1,Aspasia - Xịt Khoáng Aspasia Moist Up Face Mist Aloe Làm Dịu Mát Bổ Sung Độ Ẩm Cho Làn Da Rạng Rỡ 150ml,https://cf.shopee.vn/file/vn-11134207-81ztc-mpsziotao3ya56_tn,VIE GROUP HCM,04/10/2026 11:50,,--
586401434985989789,,Chờ in,TikTok,TTEPRIME-MALL-HCM,--,--,1858,1,JOHNSON'S Sữa tắm gội Baby Top-To-Toe Hair & Body (Vàng) - 200ml,https://p16-oec-va.ibyteimg.com/tos-maliva-i-o3syd03w52-us/af675c5456b54968bf597c798db19654~tplv-o3syd03w52-origin-jpeg.jpeg?dr=15568&t=555f072d&ps=933b5bde&shp=54477afb&shcp=3c3d9ffb&idc=my&from=1413970683,VIE GROUP HCM,04/10/2026 11:49,,--
586401418764059719,,Chờ in,TikTok,TTEPRIME-MALL-HCM,--,--,CB1350.3,1,COMBO 3 Chai 30ml CERAVE Sữa Rửa Mặt Foaming Cleanser,https://p16-oec-sg.ibyteimg.com/tos-alisg-i-aphluv4xwc-sg/a2376db661934510bc5ab6e7f01657b3~tplv-aphluv4xwc-origin-jpeg.jpeg?dr=15568&t=555f072d&ps=933b5bde&shp=54477afb&shcp=3c3d9ffb&idc=my&from=1413970683,VIE GROUP HCM,04/10/2026 11:46,,--
586401325334103516,,Đã hủy,TikTok,TTASCosme - HANOI,--,--,,1,,https://p16-oec-sg.ibyteimg.com/tos-alisg-i-aphluv4xwc-sg/69373072c3f94d72946e7613adccd008~tplv-aphluv4xwc-origin-jpeg.jpeg?dr=15568&t=555f072d&ps=933b5bde&shp=54477afb&shcp=3c3d9ffb&idc=my2&from=1413970683,COSMEE HA NOI,04/10/2026 11:46,,--
586401389631407774,,Chờ in,TikTok,TTEPRIME-MALL-HCM,--,--,2026,1,LRP Sữa Rửa Mặt Effaclar Purifying Foaming Gel - 50ml,https://p16-oec-sg.ibyteimg.com/tos-alisg-i-aphluv4xwc-sg/e34ab459d15b4717b53d8bd8fe469991~tplv-aphluv4xwc-origin-jpeg.jpeg?dr=15568&t=555f072d&ps=933b5bde&shp=54477afb&shcp=3c3d9ffb&idc=my&from=1413970683,VIE GROUP HCM,04/10/2026 11:46,,--
586401415430571885,,Chờ xử lý,TikTok,TTASCosme - HANOI,--,--,2011,1,LRP Kem Dưỡng Lipikar Baume AP+M - 200ml,https://p16-oec-sg.ibyteimg.com/tos-alisg-i-aphluv4xwc-sg/8ae405104b2e4dbfafa5fa9cc7be8640~tplv-aphluv4xwc-origin-jpeg.jpeg?dr=15568&t=555f072d&ps=933b5bde&shp=54477afb&shcp=3c3d9ffb&idc=my2&from=1413970683,COSMEE HA NOI,04/10/2026 11:42,,--
586401312282740681,,Chờ in,TikTok,TTEPRIME-MALL-HCM,--,--,CB1350.3,1,COMBO 3 Chai 30ml CERAVE Sữa Rửa Mặt Foaming Cleanser,https://p16-oec-sg.ibyteimg.com/tos-alisg-i-aphluv4xwc-sg/a2376db661934510bc5ab6e7f01657b3~tplv-aphluv4xwc-origin-jpeg.jpeg?dr=15568&t=555f072d&ps=933b5bde&shp=54477afb&shcp=3c3d9ffb&idc=my&from=1413970683,VIE GROUP HCM,04/10/2026 11:40,,--
261004PWWMEJ3N,,Chờ in,Shopee,SHEPRIME2-MALL - HCM,--,--,2026,1,LRP Sữa Rửa Mặt Effaclar Purifying Foaming Gel - 50ml,https://cf.shopee.vn/file/vn-11134207-81ztc-ms4g1nr09wck4c_tn,VIE GROUP HCM,04/10/2026 11:40,,--
261004PWT4UQD9,,Chờ lấy hàng,Shopee,SHEP - HCM,--,--,2100,1,MINISO Bông tẩy trang Nhật Bản 100% 180 Miếng,https://cf.shopee.vn/file/vn-11134207-81ztc-mtmgtix9883o2d_tn,VIE GROUP HCM,04/10/2026 11:38,,--
586401226370614376,,Chờ in,TikTok,TTEPRIME-MALL-HCM,--,--,2026,1,LRP Sữa Rửa Mặt Effaclar Purifying Foaming Gel - 50ml,https://p16-oec-sg.ibyteimg.com/tos-alisg-i-aphluv4xwc-sg/e34ab459d15b4717b53d8bd8fe469991~tplv-aphluv4xwc-origin-jpeg.jpeg?dr=15568&t=555f072d&ps=933b5bde&shp=54477afb&shcp=3c3d9ffb&idc=my&from=1413970683,VIE GROUP HCM,04/10/2026 11:37,,--
261004PWKDBF61,,Đang giao hàng,Shopee,SHVIEPro-HANOI,--,--,1980,1,LOREAL Nước Tẩy Trang Revitalift Crystal Purifying Micellar Water [Xám] - 95ml,https://cf.shopee.vn/file/vn-11134207-7r98o-lp3u0heu5rh71b_tn,COSMEE HA NOI,04/10/2026 11:35,04/10/2026 23:30,--
261004PWDTYAM3,,Chờ in,Shopee,SHEP - HCM,--,--,2026,1,LRP Sữa Rửa Mặt Effaclar Purifying Foaming Gel - 50ml,https://cf.shopee.vn/file/vn-11134207-7ra0g-m761l86vckv5a2_tn,VIE GROUP HCM,04/10/2026 11:32,,--
261004PW8N160S,,Chờ in,Shopee,SHEPRIME2-MALL - HCM,--,--,2026,1,LRP Sữa Rửa Mặt Effaclar Purifying Foaming Gel - 50ml,https://cf.shopee.vn/file/vn-11134207-81ztc-ms4g1nr09wck4c_tn,VIE GROUP HCM,04/10/2026 11:29,,--
586401135023130021,,Chờ in,TikTok,TTEPRIME-MALL-HCM,--,--,2026,1,LRP Sữa Rửa Mặt Effaclar Purifying Foaming Gel - 50ml,https://p16-oec-sg.ibyteimg.com/tos-alisg-i-aphluv4xwc-sg/e34ab459d15b4717b53d8bd8fe469991~tplv-aphluv4xwc-origin-jpeg.jpeg?dr=15568&t=555f072d&ps=933b5bde&shp=54477afb&shcp=3c3d9ffb&idc=my&from=1413970683,VIE GROUP HCM,04/10/2026 11:28,,--
261004PW7ETYNR,,Chờ in,Shopee,SHEPRIME2-MALL - HCM,--,--,2026,1,LRP Sữa Rửa Mặt Effaclar Purifying Foaming Gel - 50ml,https://cf.shopee.vn/file/vn-11134207-81ztc-ms4g1nr09wck4c_tn,VIE GROUP HCM,04/10/2026 11:28,,--
261004PW6DHAC0,,Chờ in,Shopee,SHEP - HCM,--,--,2011,1,LRP Kem Dưỡng Lipikar Baume AP+M - 200ml,https://cf.shopee.vn/file/vn-11134207-81ztc-mlcv6ugg8v7s0d_tn,VIE GROUP HCM,04/10/2026 11:27,,--
261004PW6DHAC0,,Chờ in,Shopee,SHEP - HCM,--,--,QT40,1,MEDIANSWER Tinh chất hỗ trợ sáng da Vita Collagen Logic Ampoule - 2 ml,https://cf.shopee.vn/file/vn-11134207-81ztc-mtqcnbkc7coya1_tn,VIE GROUP HCM,04/10/2026 11:27,,--
586401050406520083,,Chờ in,TikTok,TTEPRIME-MALL-HCM,--,--,CB1350.3,1,COMBO 3 Chai 30ml CERAVE Sữa Rửa Mặt Foaming Cleanser,https://p16-oec-sg.ibyteimg.com/tos-alisg-i-aphluv4xwc-sg/a2376db661934510bc5ab6e7f01657b3~tplv-aphluv4xwc-origin-jpeg.jpeg?dr=15568&t=555f072d&ps=933b5bde&shp=54477afb&shcp=3c3d9ffb&idc=my&from=1413970683,VIE GROUP HCM,04/10/2026 11:27,,--
586401020010661157,,Chờ in,TikTok,TTVIESGN-HCM,--,--,CB1449.1-1471.1,1,COMBO COMPLIMENT Chấm Mụn Cấp Tốc - HỒNG SOS [25ml] + Sữa Rửa Mặt No Problem - CAM TEA TREE [200ml],https://p16-oec-va.ibyteimg.com/tos-maliva-i-o3syd03w52-us/09825d55ce244b26a37a93605f1cb1df~tplv-o3syd03w52-origin-jpeg.jpeg?dr=15568&t=555f072d&ps=933b5bde&shp=54477afb&shcp=3c3d9ffb&idc=my2&from=1413970683,VIE GROUP HCM,04/10/2026 11:26,,--
261004PW39AK9Y,,Chờ in,Shopee,SHEPRIME2-MALL - HCM,--,--,2026,1,LRP Sữa Rửa Mặt Effaclar Purifying Foaming Gel - 50ml,https://cf.shopee.vn/file/vn-11134207-81ztc-ms4g1nr09wck4c_tn,VIE GROUP HCM,04/10/2026 11:26,,--
261004PW271D3J,,Chờ xử lý,Shopee,SHEP - HCM,--,--,,2,"OEM Mũ Trùm Tóc Khi Tắm Bằng Nilon In Hình Hoạt Họa Dễ Thương, Giúp Ủ Dưỡng Tóc, Spa Tại Nhà",https://cf.shopee.vn/file/vn-11134207-81ztc-mt0pqu7ip153d2_tn,VIE GROUP HCM,04/10/2026 11:25,,--
261004PW271D3J,,Chờ xử lý,Shopee,SHEP - HCM,--,--,1848,1,JOHNSON'S Nước hoa Baby hương phấn hoa - 125ml (hồng),https://cf.shopee.vn/file/vn-11134207-7r98o-ll0cr1wsv16zc9_tn,VIE GROUP HCM,04/10/2026 11:25,,--
261004PW271D3J,,Chờ xử lý,Shopee,SHEP - HCM,--,--,,1,SILKY hands Kem dưỡng da tay Silky  Nga - Olive,https://cf.shopee.vn/file/vn-11134207-820l4-mgeju4mczz0v7b_tn,VIE GROUP HCM,04/10/2026 11:25,,--
261004PW271D3J,,Chờ xử lý,Shopee,SHEP - HCM,--,--,2060,1,"MARVIS Nước Súc Miệng Collutorio Hương Bạc Hà Thơm Mát, Hỗ Trợ Làm Sạch Khoang Miệng Jasmin Mint - 400ml",https://cf.shopee.vn/file/vn-11134207-81ztc-mlrglszukphgaf_tn,VIE GROUP HCM,04/10/2026 11:25,,--
261004PW271D3J,,Chờ xử lý,Shopee,SHEP - HCM,--,--,,1,ANIMERRY Khăn Lau Mặt Đa Năng Dạng Rút,https://cf.shopee.vn/file/vn-11134207-81ztc-msoxv9orpslk5f_tn,VIE GROUP HCM,04/10/2026 11:25,,--
586400928138233440,,Chờ in,TikTok,TTEPRIME-MALL-HCM,--,--,1350,1,CERAVE Sữa Rửa Mặt Foaming Cleanser - 30ml FRANCE,https://p16-oec-sg.ibyteimg.com/tos-alisg-i-aphluv4xwc-sg/50806a02e3104a3bb34e537bc386ab64~tplv-aphluv4xwc-origin-jpeg.jpeg?dr=15568&t=555f072d&ps=933b5bde&shp=54477afb&shcp=3c3d9ffb&idc=my&from=1413970683,VIE GROUP HCM,04/10/2026 11:21,,--
586400908828247398,,Đã hủy,TikTok,TTVIESGN-HCM,--,--,1350,1,CERAVE Sữa Rửa Mặt Foaming Cleanser - 30ml FRANCE,https://p16-oec-sg.ibyteimg.com/tos-alisg-i-aphluv4xwc-sg/e6a9105da8614796ac0e8db7403f7c49~tplv-aphluv4xwc-origin-jpeg.jpeg?dr=15568&t=555f072d&ps=933b5bde&shp=54477afb&shcp=3c3d9ffb&idc=my&from=1413970683,VIE GROUP HCM,04/10/2026 11:19,,Chờ xử lý
586400903798884025,,Chờ in,TikTok,TTEPRIME-MALL-HCM,--,--,1350,1,CERAVE Sữa Rửa Mặt Foaming Cleanser - 30ml FRANCE,https://p16-oec-sg.ibyteimg.com/tos-alisg-i-aphluv4xwc-sg/50806a02e3104a3bb34e537bc386ab64~tplv-aphluv4xwc-origin-jpeg.jpeg?dr=15568&t=555f072d&ps=933b5bde&shp=54477afb&shcp=3c3d9ffb&idc=my&from=1413970683,VIE GROUP HCM,04/10/2026 11:17,,--
586400932894377871,,Chờ xử lý,TikTok,TTVIEPRIME-HANOI,--,--,CB2026.3,1,COMBO 3 TUÝP LRP Sữa Rửa Mặt Effaclar Purifying Foaming Gel - 50ml,https://p16-oec-sg.ibyteimg.com/tos-alisg-i-aphluv4xwc-sg/d63283936c3d4598af8c0a676d67dd41~tplv-aphluv4xwc-origin-jpeg.jpeg?dr=15568&t=555f072d&ps=933b5bde&shp=54477afb&shcp=3c3d9ffb&idc=my2&from=1413970683,COSMEE HA NOI,04/10/2026 11:17,,--
586400899011938290,,Chờ in,TikTok,TTEPRIME-MALL-HCM,--,--,1350,1,CERAVE Sữa Rửa Mặt Foaming Cleanser - 30ml FRANCE,https://p16-oec-sg.ibyteimg.com/tos-alisg-i-aphluv4xwc-sg/50806a02e3104a3bb34e537bc386ab64~tplv-aphluv4xwc-origin-jpeg.jpeg?dr=15568&t=555f072d&ps=933b5bde&shp=54477afb&shcp=3c3d9ffb&idc=my&from=1413970683,VIE GROUP HCM,04/10/2026 11:16,,--
261004PVG44BHX,,Đã hủy,Shopee,SHVIECosme HCM,--,--,1882,1,KEYSHU mặt nạ dưỡng da - 1 Miếng ( Hành Tím ),https://cf.shopee.vn/file/vn-11134207-81ztc-ms9j7s0atu6g77_tn,VIE GROUP HCM,04/10/2026 11:15,,Chờ xử lý
261004PVEQ9CUX,,Chờ in,Shopee,SHEP - HCM,--,--,2011,2,LRP Kem Dưỡng Lipikar Baume AP+M - 200ml,https://cf.shopee.vn/file/vn-11134207-81ztc-mlcv6ugg8v7s0d_tn,VIE GROUP HCM,04/10/2026 11:14,,--
261004PVEQ9CUX,,Chờ in,Shopee,SHEP - HCM,--,--,QT40,1,MEDIANSWER Tinh chất hỗ trợ sáng da Vita Collagen Logic Ampoule - 2 ml,https://cf.shopee.vn/file/vn-11134207-81ztc-mtqcnbkc7coya1_tn,VIE GROUP HCM,04/10/2026 11:14,,--
586400833163265927,,Chờ in,TikTok,TTEPRIME-MALL-HCM,--,--,CB1350.3,1,COMBO 3 Chai 30ml CERAVE Sữa Rửa Mặt Foaming Cleanser,https://p16-oec-sg.ibyteimg.com/tos-alisg-i-aphluv4xwc-sg/8cd78ddcd728445a9ef4489196965f1d~tplv-aphluv4xwc-origin-jpeg.jpeg?dr=15568&t=555f072d&ps=933b5bde&shp=54477afb&shcp=3c3d9ffb&idc=my&from=1413970683,VIE GROUP HCM,04/10/2026 11:14,,--
586400863583438493,,Đã hủy,TikTok,TTEPRIME-MALL-HCM,--,--,1858,1,JOHNSON'S Sữa tắm gội Baby Top-To-Toe Hair & Body (Vàng) - 200ml,https://p16-oec-va.ibyteimg.com/tos-maliva-i-o3syd03w52-us/af675c5456b54968bf597c798db19654~tplv-o3syd03w52-origin-jpeg.jpeg?dr=15568&t=555f072d&ps=933b5bde&shp=54477afb&shcp=3c3d9ffb&idc=my3&from=1413970683,VIE GROUP HCM,04/10/2026 11:13,,Chờ xử lý
586400770966062716,,Chờ in,TikTok,TTVIESGN-HCM,--,--,1350,1,CERAVE Sữa Rửa Mặt Foaming Cleanser - 30ml FRANCE,https://p16-oec-sg.ibyteimg.com/tos-alisg-i-aphluv4xwc-sg/e6a9105da8614796ac0e8db7403f7c49~tplv-aphluv4xwc-origin-jpeg.jpeg?dr=15568&t=555f072d&ps=933b5bde&shp=54477afb&shcp=3c3d9ffb&idc=my2&from=1413970683,VIE GROUP HCM,04/10/2026 11:09,,--
586400754084513167,,Chờ xử lý,TikTok,TTASCosme - HANOI,--,--,2024,1,LRP Sữa Rửa Mặt Effaclar Purifying Foaming Gel - 15ml,https://p16-oec-sg.ibyteimg.com/tos-alisg-i-aphluv4xwc-sg/86ff8a443676469a980a986b0a7b152f~tplv-aphluv4xwc-origin-jpeg.jpeg?dr=15568&t=555f072d&ps=933b5bde&shp=54477afb&shcp=3c3d9ffb&idc=my&from=1413970683,COSMEE HA NOI,04/10/2026 11:07,,--
586400703863097290,,Chờ in,TikTok,TTEPharma-MALL-HCM,--,--,1853,1,JOHNSON'S Sữa tắm Adult pH 5.5 750ml - 2in1,https://p16-oec-va.ibyteimg.com/tos-maliva-i-o3syd03w52-us/e534d978437c44379c6e1021e0abbdfa~tplv-o3syd03w52-origin-jpeg.jpeg?dr=15568&t=555f072d&ps=933b5bde&shp=54477afb&shcp=3c3d9ffb&idc=my3&from=1413970683,VIE GROUP HCM,04/10/2026 11:05,,--
586400711603553688,,Chờ xử lý,TikTok,TTVIEPRIME-HANOI,--,--,,1,VASELINE Sáp Dưỡng ẨmPure Petroleum Jelly Original 5.5g,https://p16-oec-sg.ibyteimg.com/tos-alisg-i-aphluv4xwc-sg/41f8220f8d624c0e9f85614b053ec0b3~tplv-aphluv4xwc-origin-jpeg.jpeg?dr=15568&t=555f072d&ps=933b5bde&shp=54477afb&shcp=3c3d9ffb&idc=my2&from=1413970683,COSMEE HA NOI,04/10/2026 11:03,,--
261004PUTRDHXC,,Chờ in,Shopee,SHEP - HCM,--,--,2100,1,MINISO Bông tẩy trang Nhật Bản 100% 180 Miếng,https://cf.shopee.vn/file/vn-11134207-81ztc-mtmgtix9883o2d_tn,VIE GROUP HCM,04/10/2026 11:03,,--
261004PUSH9QMP,,Đã hủy,Shopee,SHVIEPro-HANOI,--,--,1980,1,LOREAL Nước Tẩy Trang Revitalift Crystal Purifying Micellar Water [Xám] - 95ml,https://cf.shopee.vn/file/vn-11134207-7r98o-lp3u0heu5rh71b_tn,COSMEE HA NOI,04/10/2026 11:02,,Đang giao hàng
586400748071650660,,Chờ xử lý,TikTok,TTVIEPRIME-HANOI,--,--,CB1350.3 COMBO 3 Dầu x 30ml,1,COMBO 3 Chai 30ml CERAVE Sữa Rửa Mặt Foaming Cleanser,https://p16-oec-sg.ibyteimg.com/tos-alisg-i-aphluv4xwc-sg/a66ef569c50d41e5a9f53922eaa4f2fd~tplv-aphluv4xwc-origin-jpeg.jpeg?dr=15568&t=555f072d&ps=933b5bde&shp=54477afb&shcp=3c3d9ffb&idc=my2&from=1413970683,COSMEE HA NOI,04/10/2026 11:01,,--
586400567769335477,,Chờ xử lý,TikTok,TTVIEPRIME-HANOI,--,--,1982,1,LOREAL Nước Tẩy Trang Revitalift Hyaluronic Acid Hydrating Micellar Water [Tím] - 95ml,https://p16-oec-sg.ibyteimg.com/tos-alisg-i-aphluv4xwc-sg/b84dfa7bd3f34503bbb31f1153b9d971~tplv-aphluv4xwc-origin-jpeg.jpeg?dr=15568&t=555f072d&ps=933b5bde&shp=54477afb&shcp=3c3d9ffb&idc=my2&from=1413970683,COSMEE HA NOI,04/10/2026 10:58,,--
586400511878923893,,Chờ in,TikTok,TTEPRIME-MALL-HCM,--,--,1350,1,CERAVE Sữa Rửa Mặt Foaming Cleanser - 30ml FRANCE,https://p16-oec-sg.ibyteimg.com/tos-alisg-i-aphluv4xwc-sg/50806a02e3104a3bb34e537bc386ab64~tplv-aphluv4xwc-origin-jpeg.jpeg?dr=15568&t=555f072d&ps=933b5bde&shp=54477afb&shcp=3c3d9ffb&idc=my&from=1413970683,VIE GROUP HCM,04/10/2026 10:54,,--
586400509445965436,,Chờ in,TikTok,TTEPRIME-MALL-HCM,--,--,2026,1,LRP Sữa Rửa Mặt Effaclar Purifying Foaming Gel - 50ml,https://p16-oec-sg.ibyteimg.com/tos-alisg-i-aphluv4xwc-sg/e34ab459d15b4717b53d8bd8fe469991~tplv-aphluv4xwc-origin-jpeg.jpeg?dr=15568&t=555f072d&ps=933b5bde&shp=54477afb&shcp=3c3d9ffb&idc=my&from=1413970683,VIE GROUP HCM,04/10/2026 10:53,,--
261004PU83DJAE,,Nền tảng đang xử lý,Shopee,SHVIECosme HCM,--,--,1127,1,Aspasia - Xịt Khoáng Aspasia Moist Up Face Mist Aloe Làm Dịu Mát Bổ Sung Độ Ẩm Cho Làn Da Rạng Rỡ 150ml,https://cf.shopee.vn/file/vn-11134207-81ztc-mpsziotao3ya56_tn,VIE GROUP HCM,04/10/2026 10:53,,--
586400423446545607,,Chờ xử lý,TikTok,TTASCosme - HANOI,--,--,CB1316.2,1,"COMBO 2 HŨ Phấn Phủ bột Carslan Soft Focus Mini kiềm dầu kháng nước, MÀU TRONG SUỐT 1G",https://p16-oec-sg.ibyteimg.com/tos-alisg-i-aphluv4xwc-sg/d2cb1f22cafd4b1ba10efa9968230ba9~tplv-aphluv4xwc-origin-jpeg.jpeg?dr=15568&t=555f072d&ps=933b5bde&shp=54477afb&shcp=3c3d9ffb&idc=my&from=1413970683,COSMEE HA NOI,04/10/2026 10:48,,--
261004PTXUPPSE,,Đang giao hàng,Shopee,SHVIECosme HCM,--,--,1472,1,COMPLIMENT Sữa rửa mặt No Problem 200ml - Hồng,https://cf.shopee.vn/file/vn-11134207-81ztc-mr8kkbibchs2de_tn,VIE GROUP HCM,04/10/2026 10:47,,--
261004PTVSX3GB,,Chờ in,Shopee,SHEPRIME2-MALL - HCM,--,--,2026,2,LRP Sữa Rửa Mặt Effaclar Purifying Foaming Gel - 50ml,https://cf.shopee.vn/file/vn-11134207-81ztc-ms4g1nr09wck4c_tn,VIE GROUP HCM,04/10/2026 10:46,,--
586400341838759908,,Chờ xử lý,TikTok,TTVIEPRIME-HANOI,--,--,CB1350.3 COMBO 3 Dầu x 30ml,1,COMBO 3 Chai 30ml CERAVE Sữa Rửa Mặt Foaming Cleanser,https://p16-oec-sg.ibyteimg.com/tos-alisg-i-aphluv4xwc-sg/a66ef569c50d41e5a9f53922eaa4f2fd~tplv-aphluv4xwc-origin-jpeg.jpeg?dr=15568&t=555f072d&ps=933b5bde&shp=54477afb&shcp=3c3d9ffb&idc=my2&from=1413970683,COSMEE HA NOI,04/10/2026 10:45,,--
586400383269176756,,Chờ in,TikTok,TTEPRIME-MALL-HCM,--,--,1350,1,CERAVE Sữa Rửa Mặt Foaming Cleanser - 30ml FRANCE,https://p16-oec-sg.ibyteimg.com/tos-alisg-i-aphluv4xwc-sg/b203882fafcc4a5dbc6ce5bef84bd40b~tplv-aphluv4xwc-origin-jpeg.jpeg?dr=15568&t=555f072d&ps=933b5bde&shp=54477afb&shcp=3c3d9ffb&idc=my&from=1413970683,VIE GROUP HCM,04/10/2026 10:44,,--
261004PTJKRXC7,,Chờ in,Shopee,SHEPRIME2-MALL - HCM,--,--,CB2361.2,1,"SILCOT Bông tẩy trang Unicharm - 82 miếng Xanh dương, COMBO 2 HỘP",https://cf.shopee.vn/file/vn-11134207-820l4-mgm2i0ccpp8oba_tn,VIE GROUP HCM,04/10/2026 10:40,,--
261004PTE8H14R,,Chờ in,Shopee,SHVIECosme HCM,--,--,1611,1,DR.SERA Bông Tẩy Trang Cotton Tiệt Trùng UV - PURE SNOW COTTON PAD - 150 Miếng,https://cf.shopee.vn/file/vn-11134207-81ztc-ms7yx63mj66ddb_tn,VIE GROUP HCM,04/10/2026 10:38,,--
261004PT60B1CQ,,Chờ in,Shopee,SHEP - HCM,--,--,1472,1,COMPLIMENT Sữa rửa mặt No Problem 200ml - Hồng,https://cf.shopee.vn/file/vn-11134207-7ras8-m12a0k10v2mz20_tn,VIE GROUP HCM,04/10/2026 10:33,,--
261004PT40DUHG,,Chờ in,Shopee,SHEP - HCM,--,--,2039,1,LRP Kem Chống Nắng Nâng Tông Kiềm Dầu Anthelios XL SPF 50+ PA++++ 50ml ( Mẫu mới XL),https://cf.shopee.vn/file/vn-11134207-7ras8-maxseclx98t36f_tn,VIE GROUP HCM,04/10/2026 10:32,,--
261004PT40DUHG,,Chờ in,Shopee,SHEP - HCM,--,--,QT40,1,MEDIANSWER Tinh chất hỗ trợ sáng da Vita Collagen Logic Ampoule - 2 ml,https://cf.shopee.vn/file/vn-11134207-81ztc-mtqcnbkc7coya1_tn,VIE GROUP HCM,04/10/2026 10:32,,--
261004PT3SR5GX,,Đang giao hàng,Shopee,SHVIECosme HCM,--,--,2930,1,DR.SERA Mặt nạ nén tiệt trùng mềm mịn RELAXING TRAVEL COMPRESSED - Túi 10 mask,https://cf.shopee.vn/file/vn-11134207-81ztc-mot6lw2ybegy4c_tn,VIE GROUP HCM,04/10/2026 10:32,,--
586400192985073206,,Chờ in,TikTok,TTVIESGN-HCM,--,--,1705,1,GARNIER Nước Tẩy Trang Micellar Cleansing Water 400ml - Trắng make up,https://p16-oec-sg.ibyteimg.com/tos-alisg-i-aphluv4xwc-sg/365f75e3996e49dc8323ff6251bae457~tplv-aphluv4xwc-origin-jpeg.jpeg?dr=15568&t=555f072d&ps=933b5bde&shp=54477afb&shcp=3c3d9ffb&idc=my2&from=1413970683,VIE GROUP HCM,04/10/2026 10:31,,--
586400159722604526,,Chờ in,TikTok,TTEPRIME-MALL-HCM,--,--,CB2026.3,1,COMBO 3 TUÝP LRP Sữa Rửa Mặt Effaclar Purifying Foaming Gel - 50ml,https://p16-oec-sg.ibyteimg.com/tos-alisg-i-aphluv4xwc-sg/4fdb1010396942c6bcbbb4ff16ba3159~tplv-aphluv4xwc-origin-jpeg.jpeg?dr=15568&t=555f072d&ps=933b5bde&shp=54477afb&shcp=3c3d9ffb&idc=my2&from=1413970683,VIE GROUP HCM,04/10/2026 10:31,,--
261004PSX0TCFU,,Chờ in,Shopee,SHEP - HCM,--,--,2851,3,SCHICK Dao Cạo Cho Nữ Schick Exacta2 Sensitive Dùng Một Lần (3 Cây),https://cf.shopee.vn/file/vn-11134207-81ztc-mmbl9xjb28si07_tn,VIE GROUP HCM,04/10/2026 10:29,,--
586400094067328680,,Chờ xử lý,TikTok,TTVIEPRIME-HANOI,--,--,CB1350.3 COMBO 3 Dầu x 30ml,1,COMBO 3 Chai 30ml CERAVE Sữa Rửa Mặt Foaming Cleanser,https://p16-oec-sg.ibyteimg.com/tos-alisg-i-aphluv4xwc-sg/a66ef569c50d41e5a9f53922eaa4f2fd~tplv-aphluv4xwc-origin-jpeg.jpeg?dr=15568&t=555f072d&ps=933b5bde&shp=54477afb&shcp=3c3d9ffb&idc=my2&from=1413970683,COSMEE HA NOI,04/10/2026 10:28,,--
586399974449644715,,Chờ in,TikTok,TTEPRIME-MALL-HCM,--,--,1480,1,COMPLIMENT Toner 10% Glycolic Acid & Aloe Lô hội - 200ML,https://p16-oec-sg.ibyteimg.com/tos-alisg-i-aphluv4xwc-sg/1ca9ba1c817245209063dfc4508b372f~tplv-aphluv4xwc-origin-jpeg.jpeg?dr=15568&t=555f072d&ps=933b5bde&shp=54477afb&shcp=3c3d9ffb&idc=my3&from=1413970683,VIE GROUP HCM,04/10/2026 10:21,,--
586400005183538928,,Đã hủy,TikTok,TTVIESGN-HCM,--,--,CB1943.5,1,LAMEILA Bông tẩy trang 222 miếng [Vàng FM] – COMBO 5 gói,https://p16-oec-va.ibyteimg.com/tos-maliva-i-o3syd03w52-us/0be9a2f1b5ad4766bd0cbcbe35f15bf3~tplv-o3syd03w52-origin-jpeg.jpeg?dr=15568&t=555f072d&ps=933b5bde&shp=54477afb&shcp=3c3d9ffb&idc=my2&from=1413970683,VIE GROUP HCM,04/10/2026 10:21,,--
586399929805800691,,Chờ xử lý,TikTok,TTVIEPRIME-HANOI,--,--,2026,1,LRP Sữa Rửa Mặt Effaclar Purifying Foaming Gel - 50ml,https://p16-oec-sg.ibyteimg.com/tos-alisg-i-aphluv4xwc-sg/e4dc23ba7aa04ac68154f7d70954e8c5~tplv-aphluv4xwc-origin-jpeg.jpeg?dr=15568&t=555f072d&ps=933b5bde&shp=54477afb&shcp=3c3d9ffb&idc=my2&from=1413970683,COSMEE HA NOI,04/10/2026 10:21,,--
261004PSE1K04G,,Chờ in,Shopee,SHEP - HCM,--,--,2440,1,SVR Sữa Rửa Mặt SEBIACLEAR Gel Moussant - 200ml,https://cf.shopee.vn/file/vn-11134207-81ztc-mlxcrb73zdvsb7_tn,VIE GROUP HCM,04/10/2026 10:20,,--
261004PSE1K04G,,Chờ in,Shopee,SHEP - HCM,--,--,QT40,1,MEDIANSWER Tinh chất hỗ trợ sáng da Vita Collagen Logic Ampoule - 2 ml,https://cf.shopee.vn/file/vn-11134207-81ztc-mtqcnbkc7coya1_tn,VIE GROUP HCM,04/10/2026 10:20,,--
261004PSDQ2X9P,,Đang giao hàng,Shopee,SHVIECosme HCM,--,--,1472,2,COMPLIMENT Sữa rửa mặt No Problem 200ml - Hồng,https://cf.shopee.vn/file/vn-11134207-81ztc-mr8kkbibchs2de_tn,VIE GROUP HCM,04/10/2026 10:20,,--
586399966839801803,,Chờ xử lý,TikTok,TTVIEPRIME-HANOI,--,--,2782,1,CARSLAN PHẤN PHỦ  BLACK  MAGNET SOFT FOCUS  MAKE-UP POWDER 05 Blue  Purple PHẤN PHỦ 1G,https://p16-oec-sg.ibyteimg.com/tos-alisg-i-aphluv4xwc-sg/7e97e9f3f51b48428aa46ad2b986ba44~tplv-aphluv4xwc-origin-jpeg.jpeg?dr=15568&t=555f072d&ps=933b5bde&shp=54477afb&shcp=3c3d9ffb&idc=my2&from=1413970683,COSMEE HA NOI,04/10/2026 10:18,,--
261004PSA4PUAE,,Chờ xử lý,Shopee,SHCOSMEE-HANOI,--,--,CB1471.2,1,COMBO 2 chai COMPLIMENT Sữa rửa mặt No Problem 200ml - Cam,https://cf.shopee.vn/file/vn-11134207-7ras8-mdpro1agwysvd3_tn,COSMEE HA NOI,04/10/2026 10:18,,--
261004PSA4PUAE,,Chờ xử lý,Shopee,SHCOSMEE-HANOI,--,--,CB1350.3,1,COMBO 3 Chai 30ml CERAVE Sữa Rửa Mặt Foaming Cleanser,https://cf.shopee.vn/file/vn-11134207-81ztc-monkar96tvrj1b_tn,COSMEE HA NOI,04/10/2026 10:18,,--
261004PSA4PUAE,,Chờ xử lý,Shopee,SHCOSMEE-HANOI,--,--,CB1980.2,1,COMBO 2 CHAI - LOREAL Nước Tẩy Trang Revitalift Hyaluronic Acid Hydrating Micellar Water [Xám] - 95ml,https://cf.shopee.vn/file/vn-11134207-81ztc-mqrd3ep2mnsyeb_tn,COSMEE HA NOI,04/10/2026 10:18,,--
261004PS4FFKCE,,Chờ in,Shopee,SHEPRIME2-MALL - HCM,--,--,2026,1,LRP Sữa Rửa Mặt Effaclar Purifying Foaming Gel - 50ml,https://cf.shopee.vn/file/vn-11134207-81ztc-ms4g1nr09wck4c_tn,VIE GROUP HCM,04/10/2026 10:15,,--
586399815461406707,,Đã hủy,TikTok,TTVIEPRIME-HANOI,--,--,CB1350.3 COMBO 3 Dầu x 30ml,1,COMBO 3 Chai 30ml CERAVE Sữa Rửa Mặt Foaming Cleanser,https://p16-oec-sg.ibyteimg.com/tos-alisg-i-aphluv4xwc-sg/a66ef569c50d41e5a9f53922eaa4f2fd~tplv-aphluv4xwc-origin-jpeg.jpeg?dr=15568&t=555f072d&ps=933b5bde&shp=54477afb&shcp=3c3d9ffb&idc=my2&from=1413970683,COSMEE HA NOI,04/10/2026 10:12,,Chờ xử lý
586399781368858297,,Chờ xử lý,TikTok,TTASCosme - HANOI,--,--,2024,1,LRP Sữa Rửa Mặt Effaclar Purifying Foaming Gel - 15ml,https://p16-oec-sg.ibyteimg.com/tos-alisg-i-aphluv4xwc-sg/86ff8a443676469a980a986b0a7b152f~tplv-aphluv4xwc-origin-jpeg.jpeg?dr=15568&t=555f072d&ps=933b5bde&shp=54477afb&shcp=3c3d9ffb&idc=my2&from=1413970683,COSMEE HA NOI,04/10/2026 10:10,,--
586399782187009354,,Chờ in,TikTok,TTEPRIME-MALL-HCM,--,--,CB1350.3,1,COMBO 3 Chai 30ml CERAVE Sữa Rửa Mặt Foaming Cleanser,https://p16-oec-sg.ibyteimg.com/tos-alisg-i-aphluv4xwc-sg/a2376db661934510bc5ab6e7f01657b3~tplv-aphluv4xwc-origin-jpeg.jpeg?dr=15568&t=555f072d&ps=933b5bde&shp=54477afb&shcp=3c3d9ffb&idc=my&from=1413970683,VIE GROUP HCM,04/10/2026 10:10,,--
586399791179727895,,Chờ in,TikTok,TTVIESGN-HCM,--,--,1350,1,CERAVE Sữa Rửa Mặt Foaming Cleanser - 30ml FRANCE,https://p16-oec-va.ibyteimg.com/tos-maliva-i-o3syd03w52-us/e3e9667ce3494a6c8150fb489cb2491d~tplv-o3syd03w52-origin-jpeg.jpeg?dr=15568&t=555f072d&ps=933b5bde&shp=54477afb&shcp=3c3d9ffb&idc=my&from=1413970683,VIE GROUP HCM,04/10/2026 10:08,,--
586399734216885919,,Chờ in,TikTok,TTEPRIME-MALL-HCM,--,--,1350,1,CERAVE Sữa Rửa Mặt Foaming Cleanser - 30ml FRANCE,https://p16-oec-sg.ibyteimg.com/tos-alisg-i-aphluv4xwc-sg/50806a02e3104a3bb34e537bc386ab64~tplv-aphluv4xwc-origin-jpeg.jpeg?dr=15568&t=555f072d&ps=933b5bde&shp=54477afb&shcp=3c3d9ffb&idc=my3&from=1413970683,VIE GROUP HCM,04/10/2026 10:06,,--
261004PRHGY78H,,Chờ in,Shopee,SHEP - HCM,--,--,2191,1,OBAGI Retinol Cream 0.5% USA 28g,https://cf.shopee.vn/file/vn-11134207-81ztc-mmh5boeovv9ded_tn,VIE GROUP HCM,04/10/2026 10:04,,--
261004PRHGY78H,,Chờ in,Shopee,SHEP - HCM,--,--,QT40,1,MEDIANSWER Tinh chất hỗ trợ sáng da Vita Collagen Logic Ampoule - 2 ml,https://cf.shopee.vn/file/vn-11134207-81ztc-mtqcnbkc7coya1_tn,VIE GROUP HCM,04/10/2026 10:04,,--
586399680745604349,,Chờ xử lý,TikTok,TTVIEPRIME-HANOI,--,--,CB2026.3,1,COMBO 3 TUÝP LRP Sữa Rửa Mặt Effaclar Purifying Foaming Gel - 50ml,https://p16-oec-sg.ibyteimg.com/tos-alisg-i-aphluv4xwc-sg/1200e3e940994b57b36341a3f7c85513~tplv-aphluv4xwc-origin-jpeg.jpeg?dr=15568&t=555f072d&ps=933b5bde&shp=54477afb&shcp=3c3d9ffb&idc=my2&from=1413970683,COSMEE HA NOI,04/10/2026 10:01,,--
586399555862824147,Đơn hàng trùng lặp,Đã hủy,TikTok,TTVIEPRIME-HANOI,--,--,2782,1,CARSLAN PHẤN PHỦ  BLACK  MAGNET SOFT FOCUS  MAKE-UP POWDER 05 Blue  Purple PHẤN PHỦ 1G,https://p16-oec-sg.ibyteimg.com/tos-alisg-i-aphluv4xwc-sg/7e97e9f3f51b48428aa46ad2b986ba44~tplv-aphluv4xwc-origin-jpeg.jpeg?dr=15568&t=555f072d&ps=933b5bde&shp=54477afb&shcp=3c3d9ffb&idc=my2&from=1413970683,COSMEE HA NOI,04/10/2026 09:59,,Chờ xử lý
586399571213911251,,Đã hủy,TikTok,TTVIEPRIME-HANOI,--,--,2782,1,CARSLAN PHẤN PHỦ  BLACK  MAGNET SOFT FOCUS  MAKE-UP POWDER 05 Blue  Purple PHẤN PHỦ 1G,https://p16-oec-sg.ibyteimg.com/tos-alisg-i-aphluv4xwc-sg/7e97e9f3f51b48428aa46ad2b986ba44~tplv-aphluv4xwc-origin-jpeg.jpeg?dr=15568&t=555f072d&ps=933b5bde&shp=54477afb&shcp=3c3d9ffb&idc=my2&from=1413970683,COSMEE HA NOI,04/10/2026 09:59,,Chưa thanh toán
261004PR6H2WWK,,Nền tảng đang xử lý,Shopee,SHVIECosme HCM,--,--,1127,1,Aspasia - Xịt Khoáng Aspasia Moist Up Face Mist Aloe Làm Dịu Mát Bổ Sung Độ Ẩm Cho Làn Da Rạng Rỡ 150ml,https://cf.shopee.vn/file/vn-11134207-81ztc-mpsziotao3ya56_tn,VIE GROUP HCM,04/10/2026 09:58,,--
261004PR64NKY8,,Đang giao hàng,Shopee,SHEP - HCM,--,--,1922,1,LA SOIRÉE Bông Tẩy Trang 100% Cotton Siêu Mềm Siêu Mịn - 225 Miếng Tròn,https://cf.shopee.vn/file/vn-11134207-7r98o-lzce2ic901n118_tn,VIE GROUP HCM,04/10/2026 09:58,,--
586399616329025046,,Chờ in,TikTok,TTEPRIME-MALL-HCM,--,--,1858,1,JOHNSON'S Sữa tắm gội Baby Top-To-Toe Hair & Body (Vàng) - 200ml,https://p16-oec-va.ibyteimg.com/tos-maliva-i-o3syd03w52-us/af675c5456b54968bf597c798db19654~tplv-o3syd03w52-origin-jpeg.jpeg?dr=15568&t=555f072d&ps=933b5bde&shp=54477afb&shcp=3c3d9ffb&idc=my3&from=1413970683,VIE GROUP HCM,04/10/2026 09:56,,--
586399599078049283,,Chờ in,TikTok,TTEPRIME-MALL-HCM,--,--,2026,1,LRP Sữa Rửa Mặt Effaclar Purifying Foaming Gel - 50ml,https://p16-oec-sg.ibyteimg.com/tos-alisg-i-aphluv4xwc-sg/e34ab459d15b4717b53d8bd8fe469991~tplv-aphluv4xwc-origin-jpeg.jpeg?dr=15568&t=555f072d&ps=933b5bde&shp=54477afb&shcp=3c3d9ffb&idc=my&from=1413970683,VIE GROUP HCM,04/10/2026 09:56,,--
586399599735375682,,Chờ in,TikTok,TTVIESGN-HCM,--,--,1350,1,CERAVE Sữa Rửa Mặt Foaming Cleanser - 30ml FRANCE,https://p16-oec-va.ibyteimg.com/tos-maliva-i-o3syd03w52-us/e3e9667ce3494a6c8150fb489cb2491d~tplv-o3syd03w52-origin-jpeg.jpeg?dr=15568&t=555f072d&ps=933b5bde&shp=54477afb&shcp=3c3d9ffb&idc=my2&from=1413970683,VIE GROUP HCM,04/10/2026 09:55,,--
586399513429706726,,Chờ in,TikTok,TTVIESGN-HCM,--,--,1350,1,CERAVE Sữa Rửa Mặt Foaming Cleanser - 30ml FRANCE,https://p16-oec-sg.ibyteimg.com/tos-alisg-i-aphluv4xwc-sg/e6a9105da8614796ac0e8db7403f7c49~tplv-aphluv4xwc-origin-jpeg.jpeg?dr=15568&t=555f072d&ps=933b5bde&shp=54477afb&shcp=3c3d9ffb&idc=my2&from=1413970683,VIE GROUP HCM,04/10/2026 09:52,,--
261004PQVAV48Q,,Chờ in,Shopee,SHEPRIME2-MALL - HCM,--,--,2026,1,LRP Sữa Rửa Mặt Effaclar Purifying Foaming Gel - 50ml,https://cf.shopee.vn/file/vn-11134207-81ztc-ms4g1nr09wck4c_tn,VIE GROUP HCM,04/10/2026 09:52,,--
261004PQV5454S,,Chờ in,Shopee,SHEP - HCM,--,--,2709,1,LRP Toner Effaclar Astringent Lotion 200ml (da dầu),https://cf.shopee.vn/file/vn-11134207-7ras8-maxuflrg3mocf9_tn,VIE GROUP HCM,04/10/2026 09:52,,--
261004PQV5454S,,Chờ in,Shopee,SHEP - HCM,--,--,QT40,1,MEDIANSWER Tinh chất hỗ trợ sáng da Vita Collagen Logic Ampoule - 2 ml,https://cf.shopee.vn/file/vn-11134207-81ztc-mtqcnbkc7coya1_tn,VIE GROUP HCM,04/10/2026 09:52,,--
261004PQS8KY6K,,Chờ xử lý,Shopee,SHVIEPro-HANOI,--,--,2367,1,SIMPLE Nước Tẩy Trang Micellar Cleansing Water - 200ml,https://cf.shopee.vn/file/vn-11134207-81ztc-mk3aeaa71hxe6a_tn,VIE GROUP HCM,04/10/2026 09:51,,--
261004PQS7NQNQ,,Chờ in,Shopee,SHVIEMart - HCM,--,--,,2,SENSODYNE Kem đánh răng 160g - Multe Care,https://cf.shopee.vn/file/vn-11134207-7ras8-mdfedr2drl51b1_tn,VIE GROUP HCM,04/10/2026 09:50,,--
586399447529391269,,Chờ xử lý,TikTok,TTVIEPRIME-HANOI,--,--,2782,1,CARSLAN PHẤN PHỦ  BLACK  MAGNET SOFT FOCUS  MAKE-UP POWDER 05 Blue  Purple PHẤN PHỦ 1G,https://p16-oec-sg.ibyteimg.com/tos-alisg-i-aphluv4xwc-sg/7e97e9f3f51b48428aa46ad2b986ba44~tplv-aphluv4xwc-origin-jpeg.jpeg?dr=15568&t=555f072d&ps=933b5bde&shp=54477afb&shcp=3c3d9ffb&idc=my2&from=1413970683,COSMEE HA NOI,04/10/2026 09:48,,--
261004PQH0H3TC,,Chờ in,Shopee,SHVIECosme HCM,--,--,1882,1,KEYSHU mặt nạ dưỡng da - 1 Miếng ( Hành Tím ),https://cf.shopee.vn/file/vn-11134207-81ztc-ms9j7s0atu6g77_tn,VIE GROUP HCM,04/10/2026 09:46,,--
586399411372328906,,Đã hủy,TikTok,TTEPRIME-MALL-HCM,--,--,1350,1,CERAVE Sữa Rửa Mặt Foaming Cleanser - 30ml FRANCE,https://p16-oec-sg.ibyteimg.com/tos-alisg-i-aphluv4xwc-sg/50806a02e3104a3bb34e537bc386ab64~tplv-aphluv4xwc-origin-jpeg.jpeg?dr=15568&t=555f072d&ps=933b5bde&shp=54477afb&shcp=3c3d9ffb&idc=my2&from=1413970683,VIE GROUP HCM,04/10/2026 09:45,,Chờ xử lý
586399411415582077,,Chờ in,TikTok,TTEPRIME-MALL-HCM,--,--,1350,1,CERAVE Sữa Rửa Mặt Foaming Cleanser - 30ml FRANCE,https://p16-oec-sg.ibyteimg.com/tos-alisg-i-aphluv4xwc-sg/50806a02e3104a3bb34e537bc386ab64~tplv-aphluv4xwc-origin-jpeg.jpeg?dr=15568&t=555f072d&ps=933b5bde&shp=54477afb&shcp=3c3d9ffb&idc=my&from=1413970683,VIE GROUP HCM,04/10/2026 09:45,,--
586399305146861371,,Chờ in,TikTok,TTEPharma-MALL-HCM,--,--,1480,1,COMPLIMENT Toner 10% Glycolic Acid & Aloe Lô hội - 200ML,https://p16-oec-sg.ibyteimg.com/tos-alisg-i-aphluv4xwc-sg/cf13e1c94455461cb4344593a1731f05~tplv-aphluv4xwc-origin-jpeg.jpeg?dr=15568&t=555f072d&ps=933b5bde&shp=54477afb&shcp=3c3d9ffb&idc=my3&from=1413970683,VIE GROUP HCM,04/10/2026 09:41,,--
261004PPTAQGP0,,Đang giao hàng,Shopee,SHEP - HCM,--,--,1922,1,LA SOIRÉE Bông Tẩy Trang 100% Cotton Siêu Mềm Siêu Mịn - 225 Miếng Tròn,https://cf.shopee.vn/file/vn-11134207-7r98o-lzce2ic901n118_tn,VIE GROUP HCM,04/10/2026 09:33,,--
586399135798560000,,Chờ in,TikTok,TTEPRIME-MALL-HCM,--,--,1347,1,CERAVE Sữa Dưỡng Moisturising Lotion Lait Hydratant - 473ml FRANCE,https://p16-oec-sg.ibyteimg.com/tos-alisg-i-aphluv4xwc-sg/0e9b5f64685f4224934cadb13aa6e333~tplv-aphluv4xwc-origin-jpeg.jpeg?dr=15568&t=555f072d&ps=933b5bde&shp=54477afb&shcp=3c3d9ffb&idc=my&from=1413970683,VIE GROUP HCM,04/10/2026 09:26,,--
261004PPC9HEHU,,Chờ in,Shopee,SHVIEMart - HCM,--,--,1389,8,CETAPHIL Sữa rửa mặt Gentle Skin Cleanser - 125ml,https://cf.shopee.vn/file/sg-11134201-7rdyo-mc1wrh0dl520f6_tn,VIE GROUP HCM,04/10/2026 09:25,,--
261004PP3YFTJK,,Đang giao hàng,Shopee,SHEP - HCM,--,--,1922,1,LA SOIRÉE Bông Tẩy Trang 100% Cotton Siêu Mềm Siêu Mịn - 225 Miếng Tròn,https://cf.shopee.vn/file/vn-11134207-7r98o-lzce2ic901n118_tn,VIE GROUP HCM,04/10/2026 09:21,,--
261004PP2SBYVB,,Chờ in,Shopee,SHEP - HCM,--,--,1472,1,COMPLIMENT Sữa rửa mặt No Problem 200ml - Hồng,https://cf.shopee.vn/file/vn-11134207-7ras8-m12a0k10v2mz20_tn,VIE GROUP HCM,04/10/2026 09:20,,--
586399054027916334,,Chờ in,TikTok,TTVIESGN-HCM,--,--,2026,1,LRP Sữa Rửa Mặt Effaclar Purifying Foaming Gel - 50ml,https://p16-oec-va.ibyteimg.com/tos-maliva-i-o3syd03w52-us/420b403b9e0744c49f117f91cd51adc2~tplv-o3syd03w52-origin-jpeg.jpeg?dr=15568&t=555f072d&ps=933b5bde&shp=54477afb&shcp=3c3d9ffb&idc=my2&from=1413970683,VIE GROUP HCM,04/10/2026 09:20,,--
586398917546117022,,Đang giao hàng,TikTok,TTEPRIME-MALL-HCM,--,--,1350,1,CERAVE Sữa Rửa Mặt Foaming Cleanser - 30ml FRANCE,https://p16-oec-sg.ibyteimg.com/tos-alisg-i-aphluv4xwc-sg/50806a02e3104a3bb34e537bc386ab64~tplv-aphluv4xwc-origin-jpeg.jpeg?dr=15568&t=555f072d&ps=933b5bde&shp=54477afb&shcp=3c3d9ffb&idc=my2&from=1413970683,VIE GROUP HCM,04/10/2026 09:14,,--
586398931163120703,,Chờ xử lý,TikTok,TTVIEPRIME-HANOI,--,--,2024,1,LRP Sữa Rửa Mặt Effaclar Purifying Foaming Gel - 15ml,https://p16-oec-sg.ibyteimg.com/tos-alisg-i-aphluv4xwc-sg/db88b950e6274f3cb02fd159d93a3fdd~tplv-aphluv4xwc-origin-jpeg.jpeg?dr=15568&t=555f072d&ps=933b5bde&shp=54477afb&shcp=3c3d9ffb&idc=my&from=1413970683,COSMEE HA NOI,04/10/2026 09:14,,--
586398935702603610,,Đã hủy,TikTok,TTEPRIME-MALL-HCM,--,--,CB1350.3,1,COMBO 3 Chai 30ml CERAVE Sữa Rửa Mặt Foaming Cleanser,https://p16-oec-sg.ibyteimg.com/tos-alisg-i-aphluv4xwc-sg/a2376db661934510bc5ab6e7f01657b3~tplv-aphluv4xwc-origin-jpeg.jpeg?dr=15568&t=555f072d&ps=933b5bde&shp=54477afb&shcp=3c3d9ffb&idc=my2&from=1413970683,VIE GROUP HCM,04/10/2026 09:12,,Chờ xử lý
586398876438398618,,Chờ in,TikTok,TTVIESGN-HCM,--,--,2026,1,LRP Sữa Rửa Mặt Effaclar Purifying Foaming Gel - 50ml,https://p16-oec-va.ibyteimg.com/tos-maliva-i-o3syd03w52-us/307dde19befb426e9d4f98983a79189c~tplv-o3syd03w52-origin-jpeg.jpeg?dr=15568&t=555f072d&ps=933b5bde&shp=54477afb&shcp=3c3d9ffb&idc=my2&from=1413970683,VIE GROUP HCM,04/10/2026 09:12,,--
261004PMF2NXAS,,Chờ in,Shopee,SHEP - HCM,--,--,2100,1,MINISO Bông tẩy trang Nhật Bản 100% 180 Miếng,https://cf.shopee.vn/file/vn-11134207-81ztc-mtmgtix9883o2d_tn,VIE GROUP HCM,04/10/2026 08:51,,--
586398585370871097,,Chờ in,TikTok,TTEPRIME-MALL-HCM,--,--,2026,1,LRP Sữa Rửa Mặt Effaclar Purifying Foaming Gel - 50ml,https://p16-oec-sg.ibyteimg.com/tos-alisg-i-aphluv4xwc-sg/e34ab459d15b4717b53d8bd8fe469991~tplv-aphluv4xwc-origin-jpeg.jpeg?dr=15568&t=555f072d&ps=933b5bde&shp=54477afb&shcp=3c3d9ffb&idc=my&from=1413970683,VIE GROUP HCM,04/10/2026 08:50,,--
261004PMCV51QX,,Chờ in,Shopee,SHEP - HCM,--,--,2099,2,MINISO Bông tẩy trang Miniso Cao Cấp  100% cotton TRÒN 180 miếng,https://cf.shopee.vn/file/vn-11134207-81ztc-mrtx7fmb4ohzcc_tn,VIE GROUP HCM,04/10/2026 08:50,,--
586398558314464584,,Chờ xử lý,TikTok,TTVIEPRIME-HANOI,--,--,2024,1,LRP Sữa Rửa Mặt Effaclar Purifying Foaming Gel - 15ml,https://p16-oec-sg.ibyteimg.com/tos-alisg-i-aphluv4xwc-sg/db88b950e6274f3cb02fd159d93a3fdd~tplv-aphluv4xwc-origin-jpeg.jpeg?dr=15568&t=555f072d&ps=933b5bde&shp=54477afb&shcp=3c3d9ffb&idc=my&from=1413970683,COSMEE HA NOI,04/10/2026 08:49,,--
261004PM6XC35X,,Đang giao hàng,Shopee,SHEP - HCM,--,--,2586,1,VICHY Dầu gội Dercos Technique Anti-Dandruff Ds Advanced To Oily Hair - 50ml (Xanh da dầu),https://cf.shopee.vn/file/vn-11134207-7r98o-m01egt2ul4vhba_tn,VIE GROUP HCM,04/10/2026 08:47,,--
261004PM62R4QX,,Đã hủy,Shopee,SHEPRIME2-MALL - HCM,--,--,2026,2,LRP Sữa Rửa Mặt Effaclar Purifying Foaming Gel - 50ml,https://cf.shopee.vn/file/vn-11134207-81ztc-ms4g1nr09wck4c_tn,VIE GROUP HCM,04/10/2026 08:46,,--
261004PKVKDHG2,,Chờ in,Shopee,SHEP - HCM,--,--,2897,1,TETRA Bông Tẩy Trang Pháp LE SOIN A L’ÉTAT PUR - 500 miếng,https://cf.shopee.vn/file/vn-11134207-81ztc-mqbmue54qk2713_tn,VIE GROUP HCM,04/10/2026 08:41,,--
261004PKJRR65V,,Đang giao hàng,Shopee,SHVIECosme HCM,--,--,1127,1,Aspasia - Xịt Khoáng Aspasia Moist Up Face Mist Aloe Làm Dịu Mát Bổ Sung Độ Ẩm Cho Làn Da Rạng Rỡ 150ml,https://cf.shopee.vn/file/vn-11134207-81ztc-mpsziotao3ya56_tn,VIE GROUP HCM,04/10/2026 08:35,,--
586398310828050208,,Chờ in,TikTok,TTEPRIME-MALL-HCM,--,--,2026,1,LRP Sữa Rửa Mặt Effaclar Purifying Foaming Gel - 50ml,https://p16-oec-sg.ibyteimg.com/tos-alisg-i-aphluv4xwc-sg/e34ab459d15b4717b53d8bd8fe469991~tplv-aphluv4xwc-origin-jpeg.jpeg?dr=15568&t=555f072d&ps=933b5bde&shp=54477afb&shcp=3c3d9ffb&idc=my&from=1413970683,VIE GROUP HCM,04/10/2026 08:30,,--
586398273347749546,,Đang giao hàng,TikTok,TTEPRIME-MALL-HCM,--,--,2026,1,LRP Sữa Rửa Mặt Effaclar Purifying Foaming Gel - 50ml,https://p16-oec-sg.ibyteimg.com/tos-alisg-i-aphluv4xwc-sg/e34ab459d15b4717b53d8bd8fe469991~tplv-aphluv4xwc-origin-jpeg.jpeg?dr=15568&t=555f072d&ps=933b5bde&shp=54477afb&shcp=3c3d9ffb&idc=my2&from=1413970683,VIE GROUP HCM,04/10/2026 08:29,,--
586398201645401181,,Chờ in,TikTok,TTEPRIME-MALL-HCM,--,--,CB2026.3,1,COMBO 3 TUÝP LRP Sữa Rửa Mặt Effaclar Purifying Foaming Gel - 50ml,https://p16-oec-sg.ibyteimg.com/tos-alisg-i-aphluv4xwc-sg/4fdb1010396942c6bcbbb4ff16ba3159~tplv-aphluv4xwc-origin-jpeg.jpeg?dr=15568&t=555f072d&ps=933b5bde&shp=54477afb&shcp=3c3d9ffb&idc=my2&from=1413970683,VIE GROUP HCM,04/10/2026 08:21,,--
586398155807819199,,Chờ in,TikTok,TTEPRIME-MALL-HCM,--,--,2585,1,VICHY Dầu Gội Dercos Energy+ Aminexil Niacinamide Stimulating Shampoo Hairloss 200Ml (Đỏ),https://p16-oec-sg.ibyteimg.com/tos-alisg-i-aphluv4xwc-sg/ff4d8682f10b4970a94bf8f74749560a~tplv-aphluv4xwc-origin-jpeg.jpeg?dr=15568&t=555f072d&ps=933b5bde&shp=54477afb&shcp=3c3d9ffb&idc=my&from=1413970683,VIE GROUP HCM,04/10/2026 08:19,,--
586398129740154363,,Chờ in,TikTok,TTEPRIME-MALL-HCM,--,--,2026,1,LRP Sữa Rửa Mặt Effaclar Purifying Foaming Gel - 50ml,https://p16-oec-sg.ibyteimg.com/tos-alisg-i-aphluv4xwc-sg/e34ab459d15b4717b53d8bd8fe469991~tplv-aphluv4xwc-origin-jpeg.jpeg?dr=15568&t=555f072d&ps=933b5bde&shp=54477afb&shcp=3c3d9ffb&idc=my3&from=1413970683,VIE GROUP HCM,04/10/2026 08:18,,--
586398181454349902,,Đã hủy,TikTok,TTVIEPRIME-HANOI,--,--,,1,,https://p16-oec-sg.ibyteimg.com/tos-alisg-i-aphluv4xwc-sg/1491a3e4f15e4b5dae49a5fc1dba3db6~tplv-aphluv4xwc-origin-jpeg.jpeg?dr=15568&t=555f072d&ps=933b5bde&shp=54477afb&shcp=3c3d9ffb&idc=my3&from=1413970683,COSMEE HA NOI,04/10/2026 08:15,,Chờ xử lý
586398023693206705,,Chờ in,TikTok,TTEPRIME-MALL-HCM,--,--,1350,1,CERAVE Sữa Rửa Mặt Foaming Cleanser - 30ml FRANCE,https://p16-oec-sg.ibyteimg.com/tos-alisg-i-aphluv4xwc-sg/50806a02e3104a3bb34e537bc386ab64~tplv-aphluv4xwc-origin-jpeg.jpeg?dr=15568&t=555f072d&ps=933b5bde&shp=54477afb&shcp=3c3d9ffb&idc=my3&from=1413970683,VIE GROUP HCM,04/10/2026 08:10,,--
586398046788355191,,Chờ xử lý,TikTok,TTEPRIME-MALL-HCM,--,--,2367,1,SIMPLE Nước Tẩy Trang Micellar Cleansing Water - 200ml,https://p16-oec-va.ibyteimg.com/tos-maliva-i-o3syd03w52-us/5e96411fea1b46bca0ca626bb182e1a9~tplv-o3syd03w52-origin-jpeg.jpeg?dr=15568&t=555f072d&ps=933b5bde&shp=54477afb&shcp=3c3d9ffb&idc=my&from=1413970683,VIE GROUP HCM,04/10/2026 08:09,,--
586397988251797443,,Chờ in,TikTok,TTEPRIME-MALL-HCM,--,--,2026,1,LRP Sữa Rửa Mặt Effaclar Purifying Foaming Gel - 50ml,https://p16-oec-sg.ibyteimg.com/tos-alisg-i-aphluv4xwc-sg/e34ab459d15b4717b53d8bd8fe469991~tplv-aphluv4xwc-origin-jpeg.jpeg?dr=15568&t=555f072d&ps=933b5bde&shp=54477afb&shcp=3c3d9ffb&idc=my&from=1413970683,VIE GROUP HCM,04/10/2026 08:02,,--
586397951927027143,,Chờ xử lý,TikTok,TTASCosme - HANOI,--,--,2010,1,LRP Kem Dưỡng Effaclar H Iso Biome Cream Giúp Giảm Mụn Trong Quá Trình Da Khô 40ml,https://p16-oec-sg.ibyteimg.com/tos-alisg-i-aphluv4xwc-sg/73d105fbf201441db9c222fe02ac5743~tplv-aphluv4xwc-origin-jpeg.jpeg?dr=15568&t=555f072d&ps=933b5bde&shp=54477afb&shcp=3c3d9ffb&idc=my&from=1413970683,COSMEE HA NOI,04/10/2026 08:00,,--
586397974815278872,,Chờ xử lý,TikTok,TTVIEPRIME-HANOI,--,--,CB2026.5,1,COMBO 5 TUÝP LRP Sữa Rửa Mặt Effaclar Purifying Foaming Gel - 50ml,https://p16-oec-sg.ibyteimg.com/tos-alisg-i-aphluv4xwc-sg/ebef3928448d4d3e8aa3f3cdebcb1336~tplv-aphluv4xwc-origin-jpeg.jpeg?dr=15568&t=555f072d&ps=933b5bde&shp=54477afb&shcp=3c3d9ffb&idc=my2&from=1413970683,COSMEE HA NOI,04/10/2026 07:56,,--
586397869077660693,,Chờ xử lý,TikTok,TTVIEPRIME-HANOI,--,--,CB2026.5,1,COMBO 5 TUÝP LRP Sữa Rửa Mặt Effaclar Purifying Foaming Gel - 50ml,https://p16-oec-sg.ibyteimg.com/tos-alisg-i-aphluv4xwc-sg/790fc78336a043849e61c00f5b8cb791~tplv-aphluv4xwc-origin-jpeg.jpeg?dr=15568&t=555f072d&ps=933b5bde&shp=54477afb&shcp=3c3d9ffb&idc=my2&from=1413970683,COSMEE HA NOI,04/10/2026 07:53,,--
261004PGHTE9DU,,Chờ in,Shopee,SHEPRIME2-MALL - HCM,--,--,2026,1,LRP Sữa Rửa Mặt Effaclar Purifying Foaming Gel - 50ml,https://cf.shopee.vn/file/vn-11134207-81ztc-ms4g1nr09wck4c_tn,VIE GROUP HCM,04/10/2026 07:41,,--
586397627286652425,,Chờ in,TikTok,TTEPRIME-MALL-HCM,--,--,2026,1,LRP Sữa Rửa Mặt Effaclar Purifying Foaming Gel - 50ml,https://p16-oec-sg.ibyteimg.com/tos-alisg-i-aphluv4xwc-sg/e34ab459d15b4717b53d8bd8fe469991~tplv-aphluv4xwc-origin-jpeg.jpeg?dr=15568&t=555f072d&ps=933b5bde&shp=54477afb&shcp=3c3d9ffb&idc=my3&from=1413970683,VIE GROUP HCM,04/10/2026 07:35,,--
586397675363272123,,Chờ in,TikTok,TTEPRIME-MALL-HCM,--,--,2026,1,LRP Sữa Rửa Mặt Effaclar Purifying Foaming Gel - 50ml,https://p16-oec-sg.ibyteimg.com/tos-alisg-i-aphluv4xwc-sg/e34ab459d15b4717b53d8bd8fe469991~tplv-aphluv4xwc-origin-jpeg.jpeg?dr=15568&t=555f072d&ps=933b5bde&shp=54477afb&shcp=3c3d9ffb&idc=my&from=1413970683,VIE GROUP HCM,04/10/2026 07:33,,--
261004PFYB45XU,,Đã hủy,Shopee,SHEP - HCM,--,--,2100,1,MINISO Bông tẩy trang Nhật Bản 100% 180 Miếng,https://cf.shopee.vn/file/vn-11134207-81ztc-mtmgtix9883o2d_tn,VIE GROUP HCM,04/10/2026 07:31,,Chờ xử lý
586397634304312802,,Chờ in,TikTok,TTVIESGN-HCM,--,--,1350,1,CERAVE Sữa Rửa Mặt Foaming Cleanser - 30ml FRANCE,https://p16-oec-sg.ibyteimg.com/tos-alisg-i-aphluv4xwc-sg/e6a9105da8614796ac0e8db7403f7c49~tplv-aphluv4xwc-origin-jpeg.jpeg?dr=15568&t=555f072d&ps=933b5bde&shp=54477afb&shcp=3c3d9ffb&idc=my2&from=1413970683,VIE GROUP HCM,04/10/2026 07:30,,--
586397513521923313,,Chờ xử lý,TikTok,TTASCosme - HANOI,--,--,2781,1,"CARSLAN PHẤN NÉN BLACK  MAGNET SOFT FOCUS  POWDER 04 PHẤN NÉN 1,5G",https://p16-oec-sg.ibyteimg.com/tos-alisg-i-aphluv4xwc-sg/056aec7362ad4f08a778fcbe61798dc2~tplv-aphluv4xwc-origin-jpeg.jpeg?dr=15568&t=555f072d&ps=933b5bde&shp=54477afb&shcp=3c3d9ffb&idc=my2&from=1413970683,COSMEE HA NOI,04/10/2026 07:25,,--
261004PETGE1YR,,Chờ in,Shopee,SHEPRIME2-MALL - HCM,--,--,2026,1,LRP Sữa Rửa Mặt Effaclar Purifying Foaming Gel - 50ml,https://cf.shopee.vn/file/vn-11134207-81ztc-ms4g1nr09wck4c_tn,VIE GROUP HCM,04/10/2026 07:10,,--
586397366876144809,,Đã hủy,TikTok,TTVIESGN-HCM,--,--,2026,1,LRP Sữa Rửa Mặt Effaclar Purifying Foaming Gel - 50ml,https://p16-oec-va.ibyteimg.com/tos-maliva-i-o3syd03w52-us/307dde19befb426e9d4f98983a79189c~tplv-o3syd03w52-origin-jpeg.jpeg?dr=15568&t=555f072d&ps=933b5bde&shp=54477afb&shcp=3c3d9ffb&idc=my&from=1413970683,VIE GROUP HCM,04/10/2026 07:08,,--
261004PEPPBEM5,,Đang giao hàng,Shopee,SHEP - HCM,--,--,2586,1,VICHY Dầu gội Dercos Technique Anti-Dandruff Ds Advanced To Oily Hair - 50ml (Xanh da dầu),https://cf.shopee.vn/file/vn-11134207-7r98o-m01egt2ul4vhba_tn,VIE GROUP HCM,04/10/2026 07:08,,--
586397298761631375,,Chờ in,TikTok,TTEPRIME-MALL-HCM,--,--,2481,1,TIPPYS Bông Tẩy Trang Classic Make Up Pads - 120 Miếng,https://p16-oec-va.ibyteimg.com/tos-maliva-i-o3syd03w52-us/f1f047fd3adb444a950b0194952a7795~tplv-o3syd03w52-origin-jpeg.jpeg?dr=15568&t=555f072d&ps=933b5bde&shp=54477afb&shcp=3c3d9ffb&idc=my&from=1413970683,VIE GROUP HCM,04/10/2026 07:06,,--
586397298761631375,,Chờ in,TikTok,TTEPRIME-MALL-HCM,--,--,2026,1,LRP Sữa Rửa Mặt Effaclar Purifying Foaming Gel - 50ml,https://p16-oec-sg.ibyteimg.com/tos-alisg-i-aphluv4xwc-sg/e34ab459d15b4717b53d8bd8fe469991~tplv-aphluv4xwc-origin-jpeg.jpeg?dr=15568&t=555f072d&ps=933b5bde&shp=54477afb&shcp=3c3d9ffb&idc=my&from=1413970683,VIE GROUP HCM,04/10/2026 07:06,,--
261004PEKSUC4Q,,Chờ in,Shopee,SHEP - HCM,--,--,1514,1,COSRX Sữa Rửa Mặt Low pH Good Morning Gel Cleanser - 150ml,https://cf.shopee.vn/file/vn-11134207-7r98o-lzu7aj2yymxt70_tn,VIE GROUP HCM,04/10/2026 07:06,,--
586397322050373188,,Chờ in,TikTok,TTEPRIME-MALL-HCM,--,--,1350,1,CERAVE Sữa Rửa Mặt Foaming Cleanser - 30ml FRANCE,https://p16-oec-sg.ibyteimg.com/tos-alisg-i-aphluv4xwc-sg/50806a02e3104a3bb34e537bc386ab64~tplv-aphluv4xwc-origin-jpeg.jpeg?dr=15568&t=555f072d&ps=933b5bde&shp=54477afb&shcp=3c3d9ffb&idc=my&from=1413970683,VIE GROUP HCM,04/10/2026 07:06,,--
586397374074684562,,Chờ in,TikTok,TTEPRIME-MALL-HCM,--,--,CB2026.5,1,COMBO 5 TUÝP LRP Sữa Rửa Mặt Effaclar Purifying Foaming Gel - 50ml,https://p16-oec-sg.ibyteimg.com/tos-alisg-i-aphluv4xwc-sg/aa209f876c5842a998b0bcfba253b471~tplv-aphluv4xwc-origin-jpeg.jpeg?dr=15568&t=555f072d&ps=933b5bde&shp=54477afb&shcp=3c3d9ffb&idc=my2&from=1413970683,VIE GROUP HCM,04/10/2026 07:06,,--
586397265131243050,,Chờ in,TikTok,TTEPRIME-MALL-HCM,--,--,2026,2,LRP Sữa Rửa Mặt Effaclar Purifying Foaming Gel - 50ml,https://p16-oec-sg.ibyteimg.com/tos-alisg-i-aphluv4xwc-sg/e34ab459d15b4717b53d8bd8fe469991~tplv-aphluv4xwc-origin-jpeg.jpeg?dr=15568&t=555f072d&ps=933b5bde&shp=54477afb&shcp=3c3d9ffb&idc=my&from=1413970683,VIE GROUP HCM,04/10/2026 07:02,,--
586397236615283717,,Đã hủy,TikTok,TTEPRIME-MALL-HCM,--,--,CB1350.3,1,COMBO 3 Chai 30ml CERAVE Sữa Rửa Mặt Foaming Cleanser,https://p16-oec-sg.ibyteimg.com/tos-alisg-i-aphluv4xwc-sg/a2376db661934510bc5ab6e7f01657b3~tplv-aphluv4xwc-origin-jpeg.jpeg?dr=15568&t=555f072d&ps=933b5bde&shp=54477afb&shcp=3c3d9ffb&idc=my&from=1413970683,VIE GROUP HCM,04/10/2026 07:02,,Chờ xử lý
261004PDP14FDF,,Đã hủy,Shopee,SHVIEMart - HCM,--,--,1004,1,Dũa móng 6 mặt [XT],https://cf.shopee.vn/file/vn-11134207-7ras8-mch930lruncdfb_tn,VIE GROUP HCM,04/10/2026 06:50,,Chờ xử lý
586396886014395900,,Đã hủy,TikTok,TTEPRIME-MALL-HCM,--,--,1350,1,CERAVE Sữa Rửa Mặt Foaming Cleanser - 30ml FRANCE,https://p16-oec-sg.ibyteimg.com/tos-alisg-i-aphluv4xwc-sg/50806a02e3104a3bb34e537bc386ab64~tplv-aphluv4xwc-origin-jpeg.jpeg?dr=15568&t=555f072d&ps=933b5bde&shp=54477afb&shcp=3c3d9ffb&idc=my&from=1413970683,VIE GROUP HCM,04/10/2026 06:17,,Chờ xử lý
261004P9WTY371,,Đang giao hàng,Shopee,SHVIEPro-HANOI,--,--,1472,1,COMPLIMENT Sữa rửa mặt No Problem 200ml - Hồng,https://cf.shopee.vn/file/vn-11134207-81ztc-moj5dongdbm67d_tn,COSMEE HA NOI,04/10/2026 05:42,,--
261004P95T7P9U,,Đang giao hàng,Shopee,SHVIECosme HCM,--,--,1127,1,Aspasia - Xịt Khoáng Aspasia Moist Up Face Mist Aloe Làm Dịu Mát Bổ Sung Độ Ẩm Cho Làn Da Rạng Rỡ 150ml,https://cf.shopee.vn/file/vn-11134207-81ztc-mpsziotao3ya56_tn,VIE GROUP HCM,04/10/2026 05:29,,--
586396476177942007,,Chờ in,TikTok,TTEPRIME-MALL-HCM,--,--,1350,1,CERAVE Sữa Rửa Mặt Foaming Cleanser - 30ml FRANCE,https://p16-oec-sg.ibyteimg.com/tos-alisg-i-aphluv4xwc-sg/50806a02e3104a3bb34e537bc386ab64~tplv-aphluv4xwc-origin-jpeg.jpeg?dr=15568&t=555f072d&ps=933b5bde&shp=54477afb&shcp=3c3d9ffb&idc=my&from=1413970683,VIE GROUP HCM,04/10/2026 05:16,,--
586396391135937812,,Chờ xử lý,TikTok,TTVIEPRIME-HANOI,--,--,2014,1,LRP SERUM B5 HYALU CONCENTRE - 10ml,https://p16-oec-sg.ibyteimg.com/tos-alisg-i-aphluv4xwc-sg/e07d299a8614444b8b8d09e4dcbafa6b~tplv-aphluv4xwc-origin-jpeg.jpeg?dr=15568&t=555f072d&ps=933b5bde&shp=54477afb&shcp=3c3d9ffb&idc=my&from=1413970683,COSMEE HA NOI,04/10/2026 05:05,,--
261004P7JY98NJ,,Chờ in,Shopee,SHEP - HCM,--,--,2099,1,MINISO Bông tẩy trang Miniso Cao Cấp  100% cotton TRÒN 180 miếng,https://cf.shopee.vn/file/vn-11134207-81ztc-mrtx7fmb4ohzcc_tn,VIE GROUP HCM,04/10/2026 05:01,,--
261004P743D899,,Chờ in,Shopee,SHEP - HCM,--,--,2099,1,MINISO Bông tẩy trang Miniso Cao Cấp  100% cotton TRÒN 180 miếng,https://cf.shopee.vn/file/vn-11134207-81ztc-mrtx7fmb4ohzcc_tn,VIE GROUP HCM,04/10/2026 04:52,,--
586396108005213319,,Chờ in,TikTok,TTEPRIME-MALL-HCM,--,--,1857,1,JOHNSON'S Sữa tắm gội Baby Top-To-Toe Hair & Body (Vàng) - 100ml,https://p16-oec-va.ibyteimg.com/tos-maliva-i-o3syd03w52-us/b9fc1654e104431ca29dcffc5d7253a0~tplv-o3syd03w52-origin-jpeg.jpeg?dr=15568&t=555f072d&ps=933b5bde&shp=54477afb&shcp=3c3d9ffb&idc=my3&from=1413970683,VIE GROUP HCM,04/10/2026 03:51,,--
261004P3CBK7XS,,Đang giao hàng,Shopee,SHVIECosme HCM,--,--,1472,1,COMPLIMENT Sữa rửa mặt No Problem 200ml - Hồng,https://cf.shopee.vn/file/vn-11134207-81ztc-mr8kkbibchs2de_tn,VIE GROUP HCM,04/10/2026 03:45,04/10/2026 15:08,--
586395886873118205,,Chờ in,TikTok,TTEPRIME-MALL-HCM,--,--,1350,1,CERAVE Sữa Rửa Mặt Foaming Cleanser - 30ml FRANCE,https://p16-oec-sg.ibyteimg.com/tos-alisg-i-aphluv4xwc-sg/50806a02e3104a3bb34e537bc386ab64~tplv-aphluv4xwc-origin-jpeg.jpeg?dr=15568&t=555f072d&ps=933b5bde&shp=54477afb&shcp=3c3d9ffb&idc=my3&from=1413970683,VIE GROUP HCM,04/10/2026 03:00,,--
261004NYF54AX6,,Chờ in,Shopee,SHEP - HCM,--,--,2100,1,MINISO Bông tẩy trang Nhật Bản 100% 180 Miếng,https://cf.shopee.vn/file/vn-11134207-81ztc-mtmgtix9883o2d_tn,VIE GROUP HCM,04/10/2026 02:35,,--
261004NXMMEBSM,,Chờ in,Shopee,SHEP - HCM,--,--,2257,1,PAULA'S CHOICE Tẩy tế bào chết Skin Perfecting Liquid Exfoliant 2% BHA - 2016 30ml,https://cf.shopee.vn/file/vn-11134207-7ras8-md5p8gdsxtgcd7_tn,VIE GROUP HCM,04/10/2026 02:20,,--
261004NXMMEBSM,,Chờ in,Shopee,SHEP - HCM,--,--,QT40,1,MEDIANSWER Tinh chất hỗ trợ sáng da Vita Collagen Logic Ampoule - 2 ml,https://cf.shopee.vn/file/vn-11134207-81ztc-mtqcnbkc7coya1_tn,VIE GROUP HCM,04/10/2026 02:20,,--
261004NXJBXG2B,,Đã hủy,Shopee,SHVIECosme HCM,--,--,1472,1,COMPLIMENT Sữa rửa mặt No Problem 200ml - Hồng,https://cf.shopee.vn/file/vn-11134207-81ztc-mr8kkbibchs2de_tn,VIE GROUP HCM,04/10/2026 02:19,,Đang giao hàng
586395691150772119,,Chờ xử lý,TikTok,TTVIEPRIME-HANOI,--,--,2782,1,CARSLAN PHẤN PHỦ  BLACK  MAGNET SOFT FOCUS  MAKE-UP POWDER 05 Blue  Purple PHẤN PHỦ 1G,https://p16-oec-sg.ibyteimg.com/tos-alisg-i-aphluv4xwc-sg/7e97e9f3f51b48428aa46ad2b986ba44~tplv-aphluv4xwc-origin-jpeg.jpeg?dr=15568&t=555f072d&ps=933b5bde&shp=54477afb&shcp=3c3d9ffb&idc=my&from=1413970683,COSMEE HA NOI,04/10/2026 02:15,,--
261004NX27YM0Q,,Đang giao hàng,Shopee,SHEP - HCM,--,--,1642,1,ETIAXIL Lăn khử mùi 15ml - Xanh,https://cf.shopee.vn/file/vn-11134207-7ra0g-m8varoz627am1b_tn,VIE GROUP HCM,04/10/2026 02:10,,--
586395634120099038,,Chờ in,TikTok,TTEPRIME-MALL-HCM,--,--,2026,1,LRP Sữa Rửa Mặt Effaclar Purifying Foaming Gel - 50ml,https://p16-oec-sg.ibyteimg.com/tos-alisg-i-aphluv4xwc-sg/e34ab459d15b4717b53d8bd8fe469991~tplv-aphluv4xwc-origin-jpeg.jpeg?dr=15568&t=555f072d&ps=933b5bde&shp=54477afb&shcp=3c3d9ffb&idc=my&from=1413970683,VIE GROUP HCM,04/10/2026 02:01,,--
261004NW0WSQGM,,Chờ in,Shopee,SHEP - HCM,--,--,1475,1,COMPLIMENT Sữa rửa mặt No Problem 200ml - Xanh ngọc,https://cf.shopee.vn/file/vn-11134207-7ras8-mdl80z5flbxt21_tn,VIE GROUP HCM,04/10/2026 01:52,,--
586395436377016215,,Đã hủy,TikTok,TTEPRIME-MALL-HCM,--,--,1472,1,COMPLIMENT Sữa rửa mặt No Problem 200ml - Hồng,https://p16-oec-va.ibyteimg.com/tos-maliva-i-o3syd03w52-us/d0e3c93d082c420388abbb9ec53076bb~tplv-o3syd03w52-origin-jpeg.jpeg?dr=15568&t=555f072d&ps=933b5bde&shp=54477afb&shcp=3c3d9ffb&idc=my2&from=1413970683,VIE GROUP HCM,04/10/2026 01:31,,Chờ xử lý
261004NUT358T4,,Chờ in,Shopee,SHEP - HCM,--,--,2100,2,MINISO Bông tẩy trang Nhật Bản 100% 180 Miếng,https://cf.shopee.vn/file/vn-11134207-81ztc-mtmgtix9883o2d_tn,VIE GROUP HCM,04/10/2026 01:30,,--
261004NUSNSU2P,,Chờ in,Shopee,SHEPRIME2-MALL - HCM,--,--,2836,2,MARVIS Tăm Chỉ Nha Khoa Dental Floss Toothpick 50 Pieces - ĐEN,https://cf.shopee.vn/file/sg-11134201-823qp-mpadny2nln9e39_tn,VIE GROUP HCM,04/10/2026 01:30,,--
586395415021651350,,Chờ xử lý,TikTok,TTVIEPRIME-HANOI,--,--,CB1350.3 COMBO 3 Dầu x 30ml,1,COMBO 3 Chai 30ml CERAVE Sữa Rửa Mặt Foaming Cleanser,https://p16-oec-sg.ibyteimg.com/tos-alisg-i-aphluv4xwc-sg/a66ef569c50d41e5a9f53922eaa4f2fd~tplv-aphluv4xwc-origin-jpeg.jpeg?dr=15568&t=555f072d&ps=933b5bde&shp=54477afb&shcp=3c3d9ffb&idc=my&from=1413970683,COSMEE HA NOI,04/10/2026 01:25,,--
586395398863029387,,Chờ in,TikTok,TTEPRIME-MALL-HCM,--,--,CB1350.3,1,COMBO 3 Chai 30ml CERAVE Sữa Rửa Mặt Foaming Cleanser,https://p16-oec-sg.ibyteimg.com/tos-alisg-i-aphluv4xwc-sg/a2376db661934510bc5ab6e7f01657b3~tplv-aphluv4xwc-origin-jpeg.jpeg?dr=15568&t=555f072d&ps=933b5bde&shp=54477afb&shcp=3c3d9ffb&idc=my&from=1413970683,VIE GROUP HCM,04/10/2026 01:23,,--
261004NUCQUCHU,,Chờ in,Shopee,SHEP - HCM,--,--,1185,1,"BANOBAGI Mặt Nạ Stem Cell Vitamin Mask Whitening 30g - BHA-AHA, XÁM",https://cf.shopee.vn/file/1338a3ddbded7278bbad10030e1626cf_tn,VIE GROUP HCM,04/10/2026 09:02,,--
261004NUCQUCHU,,Chờ in,Shopee,SHEP - HCM,--,--,2060,1,"MARVIS Nước Súc Miệng Collutorio Hương Bạc Hà Thơm Mát, Hỗ Trợ Làm Sạch Khoang Miệng Jasmin Mint - 400ml",https://cf.shopee.vn/file/vn-11134207-81ztc-mlrglszukphgaf_tn,VIE GROUP HCM,04/10/2026 09:02,,--
261004NUCQUCHU,,Chờ in,Shopee,SHEP - HCM,--,--,,1,ANIMERRY Khăn Lau Mặt Đa Năng Dạng Rút,https://cf.shopee.vn/file/vn-11134207-81ztc-msoxv9orpslk5f_tn,VIE GROUP HCM,04/10/2026 09:02,,--
586395392332105098,,Chờ in,TikTok,TTEPRIME-MALL-HCM,--,--,2367,1,SIMPLE Nước Tẩy Trang Micellar Cleansing Water - 200ml,https://p16-oec-va.ibyteimg.com/tos-maliva-i-o3syd03w52-us/5e96411fea1b46bca0ca626bb182e1a9~tplv-o3syd03w52-origin-jpeg.jpeg?dr=15568&t=555f072d&ps=933b5bde&shp=54477afb&shcp=3c3d9ffb&idc=my&from=1413970683,VIE GROUP HCM,04/10/2026 01:22,,--
261004NTN7E93R,,Chờ in,Shopee,SHVIEMart - HCM,--,--,CB2461.12 Thanh long,1,COMBO 12 gói TESORI D'ORIENTE Sữa tắm nước hoa gói 9ml - #2 Thanh Long,https://cf.shopee.vn/file/vn-11134207-7r98o-log7ln8k0vjrda_tn,VIE GROUP HCM,04/10/2026 01:09,,--
586395262779491332,,Chờ xử lý,TikTok,TTVIEPRIME-HANOI,--,--,2026,1,LRP Sữa Rửa Mặt Effaclar Purifying Foaming Gel - 50ml,https://p16-oec-sg.ibyteimg.com/tos-alisg-i-aphluv4xwc-sg/d4da308df17f4751818256b603776cf4~tplv-aphluv4xwc-origin-jpeg.jpeg?dr=15568&t=555f072d&ps=933b5bde&shp=54477afb&shcp=3c3d9ffb&idc=my&from=1413970683,COSMEE HA NOI,04/10/2026 01:03,,--
261004NSW4UG4X,,Chờ xử lý,Shopee,SHCOSMEE-HANOI,--,--,1543,1,DENTAL FLOSSERS Tăm chỉ nha khoa hộp 50 chiếc,https://cf.shopee.vn/file/vn-11134207-81ztc-mq4gu5eerbbf07_tn,COSMEE HA NOI,04/10/2026 00:56,,--
261004NSW4UG4X,,Chờ xử lý,Shopee,SHCOSMEE-HANOI,--,--,,1,Cọ tán son môi [XT],https://cf.shopee.vn/file/vn-11134207-81ztc-mq4o693axde619_tn,COSMEE HA NOI,04/10/2026 00:56,,--
586395144026818013,,Chờ in,TikTok,TTEPRIME-MALL-HCM,--,--,2026,1,LRP Sữa Rửa Mặt Effaclar Purifying Foaming Gel - 50ml,https://p16-oec-sg.ibyteimg.com/tos-alisg-i-aphluv4xwc-sg/e34ab459d15b4717b53d8bd8fe469991~tplv-aphluv4xwc-origin-jpeg.jpeg?dr=15568&t=555f072d&ps=933b5bde&shp=54477afb&shcp=3c3d9ffb&idc=my&from=1413970683,VIE GROUP HCM,04/10/2026 00:52,,--
261004NSK5BGD7,,Đang giao hàng,Shopee,SHVIECosme HCM,--,--,1127,1,Aspasia - Xịt Khoáng Aspasia Moist Up Face Mist Aloe Làm Dịu Mát Bổ Sung Độ Ẩm Cho Làn Da Rạng Rỡ 150ml,https://cf.shopee.vn/file/vn-11134207-81ztc-mpsziotao3ya56_tn,VIE GROUP HCM,04/10/2026 00:50,,--
261004NSBYGQN6,,Đang giao hàng,Shopee,SHVIECosme HCM,--,--,1472,1,COMPLIMENT Sữa rửa mặt No Problem 200ml - Hồng,https://cf.shopee.vn/file/vn-11134207-81ztc-mr8kkbibchs2de_tn,VIE GROUP HCM,04/10/2026 00:46,,--
261004NS5W1D4J,,Chờ in,Shopee,SHEP - HCM,--,--,2586,3,VICHY Dầu gội Dercos Technique Anti-Dandruff Ds Advanced To Oily Hair - 50ml (Xanh da dầu),https://cf.shopee.vn/file/vn-11134207-7r98o-m01egt2ul4vhba_tn,VIE GROUP HCM,04/10/2026 00:43,,--
586395084016748470,,Chờ xử lý,TikTok,TTVIEPRIME-HANOI,--,--,2026,1,LRP Sữa Rửa Mặt Effaclar Purifying Foaming Gel - 50ml,https://p16-oec-sg.ibyteimg.com/tos-alisg-i-aphluv4xwc-sg/e4dc23ba7aa04ac68154f7d70954e8c5~tplv-aphluv4xwc-origin-jpeg.jpeg?dr=15568&t=555f072d&ps=933b5bde&shp=54477afb&shcp=3c3d9ffb&idc=my&from=1413970683,COSMEE HA NOI,04/10/2026 00:41,,--
261004NRHDSYHB,,Chờ in,Shopee,SHEPRIME2-MALL - HCM,--,--,2026,1,LRP Sữa Rửa Mặt Effaclar Purifying Foaming Gel - 50ml,https://cf.shopee.vn/file/vn-11134207-81ztc-ms4g1nr09wck4c_tn,VIE GROUP HCM,04/10/2026 00:31,,--
261004NR94P5PU,,Đang giao hàng,Shopee,SHEP - HCM,--,--,CB1350.5,1,COMBO 5 Chai 30ml CERAVE Sữa Rửa Mặt Foaming Cleanser,https://cf.shopee.vn/file/vn-11134207-7ras8-m622orieqpx415_tn,VIE GROUP HCM,04/10/2026 00:27,,--
261004NQTWS2JE,,Đã hủy,Shopee,SHEP - HCM,--,--,2361,1,SILCOT Bông tẩy trang Unicharm - 82 miếng Xanh dương,https://cf.shopee.vn/file/vn-11134207-7ras8-mcke8s4l7qqq55_tn,VIE GROUP HCM,04/10/2026 00:19,,Đang giao hàng
529478424322601,,Chờ in,Lazada,LZDEPRIME-MALL - HCM,--,--,2026,1,LRP Sữa Rửa Mặt Effaclar Purifying Foaming Gel - 50ml,https://vn-live.slatic.net/p/b17c43ce7a2b8f641b2da2023b2e6b7c.jpg,VIE GROUP HCM,04/10/2026 00:05,,--
529478424322601,,Chờ in,Lazada,LZDEPRIME-MALL - HCM,--,--,2026,1,LRP Sữa Rửa Mặt Effaclar Purifying Foaming Gel - 50ml,https://vn-live.slatic.net/p/b17c43ce7a2b8f641b2da2023b2e6b7c.jpg,VIE GROUP HCM,04/10/2026 00:05,,--
261004NQ0HSD2V,,Đang giao hàng,Shopee,SHVIECosme HCM,--,--,1472,1,COMPLIMENT Sữa rửa mặt No Problem 200ml - Hồng,https://cf.shopee.vn/file/vn-11134207-81ztc-mr8kkbibchs2de_tn,VIE GROUP HCM,04/10/2026 00:04,,--
261004NPU64N62,,Chờ in,Shopee,SHEPRIME2-MALL - HCM,--,--,2026,1,LRP Sữa Rửa Mặt Effaclar Purifying Foaming Gel - 50ml,https://cf.shopee.vn/file/vn-11134207-81ztc-ms4g1nr09wck4c_tn,VIE GROUP HCM,04/10/2026 00:01,,--
586394692907599412,,Chờ in,TikTok,TTEPRIME-MALL-HCM,--,--,2026,1,LRP Sữa Rửa Mặt Effaclar Purifying Foaming Gel - 50ml,https://p16-oec-sg.ibyteimg.com/tos-alisg-i-aphluv4xwc-sg/e34ab459d15b4717b53d8bd8fe469991~tplv-aphluv4xwc-origin-jpeg.jpeg?dr=15568&t=555f072d&ps=933b5bde&shp=54477afb&shcp=3c3d9ffb&idc=my3&from=1413970683,VIE GROUP HCM,04/10/2026 00:00,,--
586394715708491737,,Đã hủy,TikTok,TTASCosme - HANOI,--,--,1350,1,CERAVE Sữa Rửa Mặt Foaming Cleanser - 30ml FRANCE,https://p16-oec-sg.ibyteimg.com/tos-alisg-i-aphluv4xwc-sg/46e63d0be11d47568e40e1b3400fd6d0~tplv-aphluv4xwc-origin-jpeg.jpeg?dr=15568&t=555f072d&ps=933b5bde&shp=54477afb&shcp=3c3d9ffb&idc=my&from=1413970683,COSMEE HA NOI,03/10/2026 23:56,,Chờ xử lý
261004NP44WXY9,,Đã hủy,Shopee,SHEP - HCM,--,--,1745,1,GOODNDOC Kem Dưỡng Da Centella Repair Cream 50ml,https://cf.shopee.vn/file/vn-11134207-81ztc-mmb6ovmhh8un70_tn,VIE GROUP HCM,03/10/2026 23:48,,Chờ xử lý
261004NP44WXY9,,Đã hủy,Shopee,SHEP - HCM,--,--,QT40,1,MEDIANSWER Tinh chất hỗ trợ sáng da Vita Collagen Logic Ampoule - 2 ml,https://cf.shopee.vn/file/vn-11134207-81ztc-mtqcnbkc7coya1_tn,VIE GROUP HCM,03/10/2026 23:48,,Chờ xử lý
586394572800427611,,Đã hủy,TikTok,TTEPRIME-MALL-HCM,--,--,2367,1,SIMPLE Nước Tẩy Trang Micellar Cleansing Water - 200ml,https://p16-oec-va.ibyteimg.com/tos-maliva-i-o3syd03w52-us/5e96411fea1b46bca0ca626bb182e1a9~tplv-o3syd03w52-origin-jpeg.jpeg?dr=15568&t=555f072d&ps=933b5bde&shp=54477afb&shcp=3c3d9ffb&idc=my2&from=1413970683,VIE GROUP HCM,03/10/2026 23:45,,Chờ xử lý
586394572800427611,,Đã hủy,TikTok,TTEPRIME-MALL-HCM,--,--,2026,1,LRP Sữa Rửa Mặt Effaclar Purifying Foaming Gel - 50ml,https://p16-oec-sg.ibyteimg.com/tos-alisg-i-aphluv4xwc-sg/e34ab459d15b4717b53d8bd8fe469991~tplv-aphluv4xwc-origin-jpeg.jpeg?dr=15568&t=555f072d&ps=933b5bde&shp=54477afb&shcp=3c3d9ffb&idc=my2&from=1413970683,VIE GROUP HCM,03/10/2026 23:45,,Chờ xử lý
586394512065595226,,Chờ xử lý,TikTok,TTVIEPRIME-HANOI,--,--,CB2026.3,1,COMBO 3 TUÝP LRP Sữa Rửa Mặt Effaclar Purifying Foaming Gel - 50ml,https://p16-oec-sg.ibyteimg.com/tos-alisg-i-aphluv4xwc-sg/1200e3e940994b57b36341a3f7c85513~tplv-aphluv4xwc-origin-jpeg.jpeg?dr=15568&t=555f072d&ps=933b5bde&shp=54477afb&shcp=3c3d9ffb&idc=my&from=1413970683,COSMEE HA NOI,03/10/2026 23:41,,--
261004NNKC0U7Q,,Đã hủy,Shopee,SHVIEMart - HCM,--,--,2100,1,MINISO Bông tẩy trang Nhật Bản 100% 180 Miếng,https://cf.shopee.vn/file/sg-11134201-824gt-mfmbsx3ofdvsff_tn,VIE GROUP HCM,03/10/2026 23:39,,Chờ xử lý
261004NNBWNHKE,,Đã hủy,Shopee,SHEP - HCM,--,--,2100,1,MINISO Bông tẩy trang Nhật Bản 100% 180 Miếng,https://cf.shopee.vn/file/vn-11134207-81ztc-mtmgtix9883o2d_tn,VIE GROUP HCM,03/10/2026 23:35,,Chờ xử lý
586394394737214482,,Đã hủy,TikTok,TTEPRIME-MALL-HCM,--,--,1480,1,COMPLIMENT Toner 10% Glycolic Acid & Aloe Lô hội - 200ML,https://p16-oec-sg.ibyteimg.com/tos-alisg-i-aphluv4xwc-sg/1ca9ba1c817245209063dfc4508b372f~tplv-aphluv4xwc-origin-jpeg.jpeg?dr=15568&t=555f072d&ps=933b5bde&shp=54477afb&shcp=3c3d9ffb&idc=my&from=1413970683,VIE GROUP HCM,03/10/2026 23:34,,Chờ xử lý
586394391878928078,,Chờ in,TikTok,TTEPRIME-MALL-HCM,--,--,CB1350.3,1,COMBO 3 Chai 30ml CERAVE Sữa Rửa Mặt Foaming Cleanser,https://p16-oec-sg.ibyteimg.com/tos-alisg-i-aphluv4xwc-sg/a2376db661934510bc5ab6e7f01657b3~tplv-aphluv4xwc-origin-jpeg.jpeg?dr=15568&t=555f072d&ps=933b5bde&shp=54477afb&shcp=3c3d9ffb&idc=my&from=1413970683,VIE GROUP HCM,03/10/2026 23:34,,--
586394452791756028,,Chờ xử lý,TikTok,TTVIEPRIME-HANOI,--,--,2026,1,LRP Sữa Rửa Mặt Effaclar Purifying Foaming Gel - 50ml,https://p16-oec-sg.ibyteimg.com/tos-alisg-i-aphluv4xwc-sg/e4dc23ba7aa04ac68154f7d70954e8c5~tplv-aphluv4xwc-origin-jpeg.jpeg?dr=15568&t=555f072d&ps=933b5bde&shp=54477afb&shcp=3c3d9ffb&idc=my&from=1413970683,COSMEE HA NOI,03/10/2026 23:33,,--
261004NMPJT5KY,,Đang giao hàng,Shopee,SHVIECosme HCM,--,--,1127,1,Aspasia - Xịt Khoáng Aspasia Moist Up Face Mist Aloe Làm Dịu Mát Bổ Sung Độ Ẩm Cho Làn Da Rạng Rỡ 150ml,https://cf.shopee.vn/file/vn-11134207-81ztc-mpsziotao3ya56_tn,VIE GROUP HCM,03/10/2026 23:23,,--
586394255758690271,,Chờ in,TikTok,TTEPRIME-MALL-HCM,--,--,2026,1,LRP Sữa Rửa Mặt Effaclar Purifying Foaming Gel - 50ml,https://p16-oec-sg.ibyteimg.com/tos-alisg-i-aphluv4xwc-sg/e34ab459d15b4717b53d8bd8fe469991~tplv-aphluv4xwc-origin-jpeg.jpeg?dr=15568&t=555f072d&ps=933b5bde&shp=54477afb&shcp=3c3d9ffb&idc=my3&from=1413970683,VIE GROUP HCM,03/10/2026 23:22,,--
586394123268294195,,Chờ xử lý,TikTok,TTVIEPRIME-HANOI,--,--,2024,1,LRP Sữa Rửa Mặt Effaclar Purifying Foaming Gel - 15ml,https://p16-oec-sg.ibyteimg.com/tos-alisg-i-aphluv4xwc-sg/db88b950e6274f3cb02fd159d93a3fdd~tplv-aphluv4xwc-origin-jpeg.jpeg?dr=15568&t=555f072d&ps=933b5bde&shp=54477afb&shcp=3c3d9ffb&idc=my&from=1413970683,COSMEE HA NOI,03/10/2026 23:12,,--
586394133592180235,,Đã hủy,TikTok,TTVIEPRIME-HANOI,--,--,2024,1,LRP Sữa Rửa Mặt Effaclar Purifying Foaming Gel - 15ml,https://p16-oec-sg.ibyteimg.com/tos-alisg-i-aphluv4xwc-sg/db88b950e6274f3cb02fd159d93a3fdd~tplv-aphluv4xwc-origin-jpeg.jpeg?dr=15568&t=555f072d&ps=933b5bde&shp=54477afb&shcp=3c3d9ffb&idc=my&from=1413970683,COSMEE HA NOI,03/10/2026 23:11,,--
261004NM20Q71X,,Chờ in,Shopee,SHVIECosme HCM,--,--,1612,1,DR.SERA Bông Tẩy Trang Cotton Tiệt Trùng UV - PURE SNOW COTTON PAD - 234 Miếng,https://cf.shopee.vn/file/vn-11134207-81ztc-ms7yx63mhrlx16_tn,VIE GROUP HCM,03/10/2026 23:11,,--
586394154074867387,,Chờ in,TikTok,TTEPRIME-MALL-HCM,--,--,1922,1,LA SOIRÉE Bông Tẩy Trang 100% Cotton Siêu Mềm Siêu Mịn - 225 Miếng Tròn,https://p16-oec-sg.ibyteimg.com/tos-alisg-i-aphluv4xwc-sg/9be690897e5f40a29da369c2878ab4ff~tplv-aphluv4xwc-origin-jpeg.jpeg?dr=15568&t=555f072d&ps=933b5bde&shp=54477afb&shcp=3c3d9ffb&idc=my3&from=1413970683,VIE GROUP HCM,03/10/2026 23:11,,--
261004NM1BRMQF,,Nền tảng đang xử lý,Shopee,SHVIECosme HCM,--,--,1472,1,COMPLIMENT Sữa rửa mặt No Problem 200ml - Hồng,https://cf.shopee.vn/file/vn-11134207-81ztc-mr8kkbibchs2de_tn,VIE GROUP HCM,03/10/2026 23:11,,--
586394139980498039,,Chờ in,TikTok,TTEPRIME-MALL-HCM,--,--,CB2026.3,1,COMBO 3 TUÝP LRP Sữa Rửa Mặt Effaclar Purifying Foaming Gel - 50ml,https://p16-oec-sg.ibyteimg.com/tos-alisg-i-aphluv4xwc-sg/4fdb1010396942c6bcbbb4ff16ba3159~tplv-aphluv4xwc-origin-jpeg.jpeg?dr=15568&t=555f072d&ps=933b5bde&shp=54477afb&shcp=3c3d9ffb&idc=my2&from=1413970683,VIE GROUP HCM,03/10/2026 23:10,,--
261004NKY65UK5,,Chờ in,Shopee,SHEPRIME2-MALL - HCM,--,--,2026,1,LRP Sữa Rửa Mặt Effaclar Purifying Foaming Gel - 50ml,https://cf.shopee.vn/file/vn-11134207-81ztc-ms4g1nr09wck4c_tn,VIE GROUP HCM,03/10/2026 23:10,,--
586394130491475686,,Đã hủy,TikTok,TTEPRIME-MALL-HCM,--,--,1350,1,CERAVE Sữa Rửa Mặt Foaming Cleanser - 30ml FRANCE,https://p16-oec-sg.ibyteimg.com/tos-alisg-i-aphluv4xwc-sg/50806a02e3104a3bb34e537bc386ab64~tplv-aphluv4xwc-origin-jpeg.jpeg?dr=15568&t=555f072d&ps=933b5bde&shp=54477afb&shcp=3c3d9ffb&idc=my3&from=1413970683,VIE GROUP HCM,03/10/2026 23:09,,Chờ xử lý
586394100979172575,,Đã hủy,TikTok,TTVIESGN-HCM,--,--,2439,1,SVR Sữa Rửa Mặt PHYSIOPURE Gelee Moussante - 55ml,https://p16-oec-sg.ibyteimg.com/tos-alisg-i-aphluv4xwc-sg/9b31170874a14cf89c783c814ba446be~tplv-aphluv4xwc-origin-jpeg.jpeg?dr=15568&t=555f072d&ps=933b5bde&shp=54477afb&shcp=3c3d9ffb&idc=my2&from=1413970683,VIE GROUP HCM,03/10/2026 23:08,,Chờ xử lý
261004NKTDKU7R,,Chờ in,Shopee,SHEP - HCM,--,--,2100,1,MINISO Bông tẩy trang Nhật Bản 100% 180 Miếng,https://cf.shopee.vn/file/vn-11134207-81ztc-mtmgtix9883o2d_tn,VIE GROUP HCM,03/10/2026 23:07,,--
586393997718554363,,Chờ xử lý,TikTok,TTASCosme - HANOI,--,--,CB1350.3,1,COMBO 3 Chai 30ml CERAVE Sữa Rửa Mặt Foaming Cleanser,https://p16-oec-sg.ibyteimg.com/tos-alisg-i-aphluv4xwc-sg/7bc3e53323ed4dc681fce8fcb2f650da~tplv-aphluv4xwc-origin-jpeg.jpeg?dr=15568&t=555f072d&ps=933b5bde&shp=54477afb&shcp=3c3d9ffb&idc=my2&from=1413970683,COSMEE HA NOI,03/10/2026 23:03,,--
586394058446112611,,Chờ xử lý,TikTok,TTVIEPRIME-HANOI,--,--,2024,1,LRP Sữa Rửa Mặt Effaclar Purifying Foaming Gel - 15ml,https://p16-oec-sg.ibyteimg.com/tos-alisg-i-aphluv4xwc-sg/57d1a50c2c8347889a3d2f75c3de2d20~tplv-aphluv4xwc-origin-jpeg.jpeg?dr=15568&t=555f072d&ps=933b5bde&shp=54477afb&shcp=3c3d9ffb&idc=my&from=1413970683,COSMEE HA NOI,03/10/2026 23:02,,--
586394021539513437,,Chờ xử lý,TikTok,TTVIEPRIME-HANOI,--,--,2026,1,LRP Sữa Rửa Mặt Effaclar Purifying Foaming Gel - 50ml,https://p16-oec-sg.ibyteimg.com/tos-alisg-i-aphluv4xwc-sg/e4dc23ba7aa04ac68154f7d70954e8c5~tplv-aphluv4xwc-origin-jpeg.jpeg?dr=15568&t=555f072d&ps=933b5bde&shp=54477afb&shcp=3c3d9ffb&idc=my&from=1413970683,COSMEE HA NOI,03/10/2026 23:01,,--
261004NKGTEB0P,,Chờ in,Shopee,SHEPRIME2-MALL - HCM,--,--,2026,1,LRP Sữa Rửa Mặt Effaclar Purifying Foaming Gel - 50ml,https://cf.shopee.vn/file/vn-11134207-81ztc-ms4g1nr09wck4c_tn,VIE GROUP HCM,03/10/2026 23:02,,--
261004NKGC66N8,,Chờ in,Shopee,SHEP - HCM,--,--,2099,1,MINISO Bông tẩy trang Miniso Cao Cấp  100% cotton TRÒN 180 miếng,https://cf.shopee.vn/file/vn-11134207-81ztc-mrtx7fmb4ohzcc_tn,VIE GROUP HCM,03/10/2026 23:01,,--
586394007818503900,,Đã hủy,TikTok,TTVIEPRIME-HANOI,--,--,CB2026.3,1,COMBO 3 TUÝP LRP Sữa Rửa Mặt Effaclar Purifying Foaming Gel - 50ml,https://p16-oec-sg.ibyteimg.com/tos-alisg-i-aphluv4xwc-sg/1bf72e257b1a471f9e43b86c8ded74b4~tplv-aphluv4xwc-origin-jpeg.jpeg?dr=15568&t=555f072d&ps=933b5bde&shp=54477afb&shcp=3c3d9ffb&idc=my&from=1413970683,COSMEE HA NOI,03/10/2026 22:59,,--
586393981570286756,Đơn hàng trùng lặp,Chờ xử lý,TikTok,TTVIEPRIME-HANOI,--,--,1464,1,COMPLIMENT Serum 27ml - Niacinamide 10%,https://p16-oec-sg.ibyteimg.com/tos-alisg-i-aphluv4xwc-sg/3a573b7332284828b7a7e31a30b06b2f~tplv-aphluv4xwc-origin-jpeg.jpeg?dr=15568&t=555f072d&ps=933b5bde&shp=54477afb&shcp=3c3d9ffb&idc=my&from=1413970683,COSMEE HA NOI,03/10/2026 22:58,,--
586393955630090083,,Đã hủy,TikTok,TTVIEPRIME-HANOI,--,--,2026,1,LRP Sữa Rửa Mặt Effaclar Purifying Foaming Gel - 50ml,https://p16-oec-sg.ibyteimg.com/tos-alisg-i-aphluv4xwc-sg/e4dc23ba7aa04ac68154f7d70954e8c5~tplv-aphluv4xwc-origin-jpeg.jpeg?dr=15568&t=555f072d&ps=933b5bde&shp=54477afb&shcp=3c3d9ffb&idc=my&from=1413970683,COSMEE HA NOI,03/10/2026 22:57,,Chờ xử lý
586393941404714148,,Đã hủy,TikTok,TTVIEPRIME-HANOI,--,--,1465,1,COMPLIMENT Serum 27ml - Salycylic BHA 2%,https://p16-oec-sg.ibyteimg.com/tos-alisg-i-aphluv4xwc-sg/b23db43c510949339d22536766a6d157~tplv-aphluv4xwc-origin-jpeg.jpeg?dr=15568&t=555f072d&ps=933b5bde&shp=54477afb&shcp=3c3d9ffb&idc=my&from=1413970683,COSMEE HA NOI,03/10/2026 22:57,,Chờ xử lý
586393915218822843,,Chờ xử lý,TikTok,TTASCosme - HANOI,--,--,,1,VICHY Dầu gội Dercos Technique Anti-Dandruff Ds Advanced To Oily Hair - 50ml (Xanh da dầu),https://p16-oec-sg.ibyteimg.com/tos-alisg-i-aphluv4xwc-sg/c866730931f7405592c5aea67c3d40b0~tplv-aphluv4xwc-origin-jpeg.jpeg?dr=15568&t=555f072d&ps=933b5bde&shp=54477afb&shcp=3c3d9ffb&idc=my2&from=1413970683,COSMEE HA NOI,03/10/2026 22:55,,--
261003NK18NV2X,,Chờ in,Shopee,SHEP - HCM,--,--,CB2416.10,1,COMBO 10 MIẾNG SUR-MEDIC+ Mặt nạ Super Glutathione 100 Bright Mask 30g,https://cf.shopee.vn/file/vn-11134207-7ras8-m0e7tmkb6jkf8c_tn,VIE GROUP HCM,03/10/2026 22:53,,--
261003NK0RG2VV,,Chờ in,Shopee,SHEP - HCM,--,--,1650,5,ETIAXIL Xịt khử mùi Déodorant Anti-Transpirant 48h Anti-Traces Blanches & Jaunes - Xịt thường 100ml,https://cf.shopee.vn/file/vn-11134207-820l4-mj9pbuonx3ph0b_tn,VIE GROUP HCM,03/10/2026 22:53,,--
261003NK0RG2VV,,Chờ in,Shopee,SHEP - HCM,--,--,QT40,1,MEDIANSWER Tinh chất hỗ trợ sáng da Vita Collagen Logic Ampoule - 2 ml,https://cf.shopee.vn/file/vn-11134207-81ztc-mtqcnbkc7coya1_tn,VIE GROUP HCM,03/10/2026 22:53,,--
261003NJWYQWB1,,Chờ in,Shopee,SHVIEMart - HCM,--,--,CB1350.5 COMBO 5 Dầu x 30m,1,COMBO 5 Chai 30ml CERAVE Sữa Rửa Mặt Foaming Cleanser,https://cf.shopee.vn/file/vn-11134207-7ra0g-m9guscqkz79e9b_tn,VIE GROUP HCM,03/10/2026 22:51,,--
261003NJVSN33H,,Chờ in,Shopee,SHEP - HCM,--,--,CB2416.10,1,COMBO 10 MIẾNG SUR-MEDIC+ Mặt nạ Super Glutathione 100 Bright Mask 30g,https://cf.shopee.vn/file/vn-11134207-7ras8-m0e7tmkb6jkf8c_tn,VIE GROUP HCM,03/10/2026 22:50,,--
586393864528233840,,Chờ in,TikTok,TTEPRIME-MALL-HCM,--,--,2026,1,LRP Sữa Rửa Mặt Effaclar Purifying Foaming Gel - 50ml,https://p16-oec-sg.ibyteimg.com/tos-alisg-i-aphluv4xwc-sg/e34ab459d15b4717b53d8bd8fe469991~tplv-aphluv4xwc-origin-jpeg.jpeg?dr=15568&t=555f072d&ps=933b5bde&shp=54477afb&shcp=3c3d9ffb&idc=my3&from=1413970683,VIE GROUP HCM,03/10/2026 22:49,,--
586393878283519680,,Chờ xử lý,TikTok,TTVIEPRIME-HANOI,--,--,2024,1,LRP Sữa Rửa Mặt Effaclar Purifying Foaming Gel - 15ml,https://p16-oec-sg.ibyteimg.com/tos-alisg-i-aphluv4xwc-sg/57d1a50c2c8347889a3d2f75c3de2d20~tplv-aphluv4xwc-origin-jpeg.jpeg?dr=15568&t=555f072d&ps=933b5bde&shp=54477afb&shcp=3c3d9ffb&idc=my&from=1413970683,COSMEE HA NOI,03/10/2026 22:49,,--
261003NJRN2HXD,,Đã hủy,Shopee,SHVIEMart - HCM,--,--,CB1350.5 COMBO 5 Dầu x 30m,1,COMBO 5 Chai 30ml CERAVE Sữa Rửa Mặt Foaming Cleanser,https://cf.shopee.vn/file/vn-11134207-7ra0g-m9guscqkz79e9b_tn,VIE GROUP HCM,03/10/2026 22:48,,Chưa thanh toán
261003NJREDNCD,,Chờ in,Shopee,SHEPRIME2-MALL - HCM,--,--,2026,2,LRP Sữa Rửa Mặt Effaclar Purifying Foaming Gel - 50ml,https://cf.shopee.vn/file/vn-11134207-81ztc-ms4g1nr09wck4c_tn,VIE GROUP HCM,03/10/2026 22:48,,--
261003NJQMNW3M,,Chờ in,Shopee,SHEPRIME2-MALL - HCM,--,--,CB2026.3,1,COMBO 3 TUÝP LRP Sữa Rửa Mặt Effaclar Purifying Foaming Gel - 50ml,https://cf.shopee.vn/file/vn-11134207-81ztc-ms4g20918mbm6c_tn,VIE GROUP HCM,03/10/2026 22:47,,--
261003NJP13YX7,,Chờ in,Shopee,SHVIEMart - HCM,--,--,2141,1,NEUTROGENA Kem Dưỡng Ẩm Hydro Boost Water Gel - 15g,https://cf.shopee.vn/file/sg-11134201-7rep6-m8kloezoar3606_tn,VIE GROUP HCM,03/10/2026 22:47,,--
586393834110748525,,Chờ in,TikTok,TTEPRIME-MALL-HCM,--,--,1350,1,CERAVE Sữa Rửa Mặt Foaming Cleanser - 30ml FRANCE,https://p16-oec-sg.ibyteimg.com/tos-alisg-i-aphluv4xwc-sg/b203882fafcc4a5dbc6ce5bef84bd40b~tplv-aphluv4xwc-origin-jpeg.jpeg?dr=15568&t=555f072d&ps=933b5bde&shp=54477afb&shcp=3c3d9ffb&idc=my3&from=1413970683,VIE GROUP HCM,03/10/2026 22:45,,--
586393795802269212,,Chờ xử lý,TikTok,TTVIEPRIME-HANOI,--,--,2555,1,"Vaseline Serum Gluta-Hya Serum Burst Lotion Overnight Radiance Repair, Mặt Nạ Dưỡng Thể 70ml",https://p16-oec-sg.ibyteimg.com/tos-alisg-i-aphluv4xwc-sg/53b0e345ec9c455baaeea5db5122f2b4~tplv-aphluv4xwc-origin-jpeg.jpeg?dr=15568&t=555f072d&ps=933b5bde&shp=54477afb&shcp=3c3d9ffb&idc=my&from=1413970683,COSMEE HA NOI,03/10/2026 22:45,,--
261003NJG662H2,,Chờ in,Shopee,SHEP - HCM,--,--,2413,1,SUNPLAY Kem Chống nắng Sunplay Skin Aqua Clear White SPF50+ PA++++ - 55g,https://cf.shopee.vn/file/vn-11134207-7ra0g-m7rrpy4j5sfn66_tn,VIE GROUP HCM,03/10/2026 22:43,,--
261003NJ92AB68,,Đang giao hàng,Shopee,SHVIEPro-HANOI,--,--,1472,1,COMPLIMENT Sữa rửa mặt No Problem 200ml - Hồng,https://cf.shopee.vn/file/vn-11134207-81ztc-moj5dongdbm67d_tn,COSMEE HA NOI,03/10/2026 22:39,,--
586393739762500692,,Đã hủy,TikTok,TTVIEPRIME-HANOI,--,--,2026,1,LRP Sữa Rửa Mặt Effaclar Purifying Foaming Gel - 50ml,https://p16-oec-sg.ibyteimg.com/tos-alisg-i-aphluv4xwc-sg/e4dc23ba7aa04ac68154f7d70954e8c5~tplv-aphluv4xwc-origin-jpeg.jpeg?dr=15568&t=555f072d&ps=933b5bde&shp=54477afb&shcp=3c3d9ffb&idc=my2&from=1413970683,COSMEE HA NOI,03/10/2026 22:39,,Chờ xử lý
261003NJ0XVSGW,,Đang giao hàng,Shopee,SHEP - HCM,--,--,2361,1,SILCOT Bông tẩy trang Unicharm - 82 miếng Xanh dương,https://cf.shopee.vn/file/vn-11134207-7ras8-mcke8s4l7qqq55_tn,VIE GROUP HCM,03/10/2026 22:35,,--
261003NHYWGHS9,,Đã hủy,Shopee,SHVIEMart - HCM,--,--,1350 Lẻ 1 Da Dầu 30ml,1,CERAVE Sữa Rửa Mặt Foaming Cleanser - 30ml FRANCE,https://cf.shopee.vn/file/vn-11134207-7ra0g-m9gur6h8thl017_tn,VIE GROUP HCM,03/10/2026 22:34,,Chờ xử lý
586393654968157916,,Chờ in,TikTok,TTEPharma-MALL-HCM,--,--,2030,1,LRP Tẩy Trang Effaclar Micellar Water For Oily Skin - 400ml (Xanh),https://p16-oec-va.ibyteimg.com/tos-maliva-i-o3syd03w52-us/4109b721324a4f3994085735501a5df1~tplv-o3syd03w52-origin-jpeg.jpeg?dr=15568&t=555f072d&ps=933b5bde&shp=54477afb&shcp=3c3d9ffb&idc=my3&from=1413970683,VIE GROUP HCM,03/10/2026 22:34,,--
261003NHV93V41,,Đang giao hàng,Shopee,SHEP - HCM,--,--,2100,1,MINISO Bông tẩy trang Nhật Bản 100% 180 Miếng,https://cf.shopee.vn/file/vn-11134207-81ztc-mtmgtix9883o2d_tn,VIE GROUP HCM,03/10/2026 22:32,,--
586393552124741118,Đơn hàng trùng lặp,Chờ xử lý,TikTok,TTVIEPRIME-HANOI,--,--,last8338,1,COMBO 3 Serum LA ROCHE-POSAY Hyalu B5-[ 10ml ],https://p16-oec-sg.ibyteimg.com/tos-alisg-i-aphluv4xwc-sg/ce9d79e42f654881a903f9263a4b7eb0~tplv-aphluv4xwc-origin-jpeg.jpeg?dr=15568&t=555f072d&ps=933b5bde&shp=54477afb&shcp=3c3d9ffb&idc=my&from=1413970683,COSMEE HA NOI,03/10/2026 22:29,,--
261003NHNGMG0D,,Đã hủy,Shopee,SHEP - HCM,--,--,1472,1,COMPLIMENT Sữa rửa mặt No Problem 200ml - Hồng,https://cf.shopee.vn/file/vn-11134207-7ras8-m12a0k10v2mz20_tn,VIE GROUP HCM,03/10/2026 22:28,,Chờ xử lý
261003NHM2X97R,,Chờ in,Shopee,SHEP - HCM,--,--,CB2415.3-2414.1-2417.4-2416.2,1,COMBO 10 MIẾNG MIX Mặt Nạ Vi Sợi SURMEDIC Micro Fiber Mask Dưỡng Da Chuyên Biệt,https://cf.shopee.vn/file/vn-11134207-7ras8-m2fj8km2snn8b0_tn,VIE GROUP HCM,03/10/2026 22:28,,--
586393544323859620,,Đã hủy,TikTok,TTEPRIME-MALL-HCM,--,--,CB1350.3,1,COMBO 3 Chai 30ml CERAVE Sữa Rửa Mặt Foaming Cleanser,https://p16-oec-sg.ibyteimg.com/tos-alisg-i-aphluv4xwc-sg/a2376db661934510bc5ab6e7f01657b3~tplv-aphluv4xwc-origin-jpeg.jpeg?dr=15568&t=555f072d&ps=933b5bde&shp=54477afb&shcp=3c3d9ffb&idc=my&from=1413970683,VIE GROUP HCM,03/10/2026 22:27,,Chờ xử lý
586393547196368382,,Chờ xử lý,TikTok,TTVIEPRIME-HANOI,--,--,2026,1,LRP Sữa Rửa Mặt Effaclar Purifying Foaming Gel - 50ml,https://p16-oec-sg.ibyteimg.com/tos-alisg-i-aphluv4xwc-sg/e4dc23ba7aa04ac68154f7d70954e8c5~tplv-aphluv4xwc-origin-jpeg.jpeg?dr=15568&t=555f072d&ps=933b5bde&shp=54477afb&shcp=3c3d9ffb&idc=my&from=1413970683,COSMEE HA NOI,03/10/2026 22:27,,--
586393459939181845,,Chờ xử lý,TikTok,TTVIEPRIME-HANOI,--,--,2026,1,LRP Sữa Rửa Mặt Effaclar Purifying Foaming Gel - 50ml,https://p16-oec-sg.ibyteimg.com/tos-alisg-i-aphluv4xwc-sg/e4dc23ba7aa04ac68154f7d70954e8c5~tplv-aphluv4xwc-origin-jpeg.jpeg?dr=15568&t=555f072d&ps=933b5bde&shp=54477afb&shcp=3c3d9ffb&idc=my&from=1413970683,COSMEE HA NOI,03/10/2026 22:25,,--
261003NHEJF33F,,Đã hủy,Shopee,SHEP - HCM,--,--,1634,1,EMBRYOLISSE Kem dưỡng Lait CONCENTRE - 30ml,https://cf.shopee.vn/file/vn-11134207-81ztc-mp1yhezffitoc4_tn,VIE GROUP HCM,03/10/2026 22:24,,Chờ xử lý
261003NHEJF33F,,Đã hủy,Shopee,SHEP - HCM,--,--,QT40,1,MEDIANSWER Tinh chất hỗ trợ sáng da Vita Collagen Logic Ampoule - 2 ml,https://cf.shopee.vn/file/vn-11134207-81ztc-mtqcnbkc7coya1_tn,VIE GROUP HCM,03/10/2026 22:24,,Chờ xử lý
261003NHDF6MQW,,Chờ in,Shopee,SHEP - HCM,--,--,1474,1,COMPLIMENT Sữa rửa mặt No Problem 200ml - Xanh lá,https://cf.shopee.vn/file/vn-11134207-7ras8-mdl81412gapbe6_tn,VIE GROUP HCM,03/10/2026 22:24,,--
261003NHAY1X7K,,Chờ in,Shopee,SHVIECosme HCM,--,--,1882,1,KEYSHU mặt nạ dưỡng da - 1 Miếng ( Hành Tím ),https://cf.shopee.vn/file/vn-11134207-81ztc-ms9j7s0atu6g77_tn,VIE GROUP HCM,03/10/2026 22:22,,--
586393307250591739,,Chờ xử lý,TikTok,TTASCosme - HANOI,--,--,2024,1,LRP Sữa Rửa Mặt Effaclar Purifying Foaming Gel - 15ml,https://p16-oec-sg.ibyteimg.com/tos-alisg-i-aphluv4xwc-sg/86ff8a443676469a980a986b0a7b152f~tplv-aphluv4xwc-origin-jpeg.jpeg?dr=15568&t=555f072d&ps=933b5bde&shp=54477afb&shcp=3c3d9ffb&idc=my&from=1413970683,COSMEE HA NOI,03/10/2026 22:14,,--
586393316389717111,,Đã hủy,TikTok,TTVIEPRIME-HANOI,--,--,CB2026.5,1,COMBO 5 TUÝP LRP Sữa Rửa Mặt Effaclar Purifying Foaming Gel - 50ml,https://p16-oec-sg.ibyteimg.com/tos-alisg-i-aphluv4xwc-sg/790fc78336a043849e61c00f5b8cb791~tplv-aphluv4xwc-origin-jpeg.jpeg?dr=15568&t=555f072d&ps=933b5bde&shp=54477afb&shcp=3c3d9ffb&idc=my&from=1413970683,COSMEE HA NOI,03/10/2026 22:12,,Chờ xử lý
261003NGN41JB4,,Chờ in,Shopee,SHVIEPro-HANOI,--,--,,1,SILKY hands Kem dưỡng da tay Silky  Nga - Olive,https://cf.shopee.vn/file/vn-11134207-7ras8-m0y4kk6hv7e547_tn,COSMEE HA NOI,03/10/2026 22:10,,--
586393299355665494,,Chờ xử lý,TikTok,TTVIEPRIME-HANOI,--,--,,1,VASELINE Sáp Dưỡng Ẩm Pure Petroleum Jelly - 100ml,https://p16-oec-sg.ibyteimg.com/tos-alisg-i-aphluv4xwc-sg/41f8220f8d624c0e9f85614b053ec0b3~tplv-aphluv4xwc-origin-jpeg.jpeg?dr=15568&t=555f072d&ps=933b5bde&shp=54477afb&shcp=3c3d9ffb&idc=my&from=1413970683,COSMEE HA NOI,03/10/2026 22:10,,--
586393361407838021,,Chờ in,TikTok,TTEPRIME-MALL-HCM,--,--,1350,1,CERAVE Sữa Rửa Mặt Foaming Cleanser - 30ml FRANCE,https://p16-oec-sg.ibyteimg.com/tos-alisg-i-aphluv4xwc-sg/50806a02e3104a3bb34e537bc386ab64~tplv-aphluv4xwc-origin-jpeg.jpeg?dr=15568&t=555f072d&ps=933b5bde&shp=54477afb&shcp=3c3d9ffb&idc=my&from=1413970683,VIE GROUP HCM,03/10/2026 22:10,,--
586393330732336176,,Chờ in,TikTok,TTEPRIME-MALL-HCM,--,--,CB1350.3,1,COMBO 3 Chai 30ml CERAVE Sữa Rửa Mặt Foaming Cleanser,https://p16-oec-sg.ibyteimg.com/tos-alisg-i-aphluv4xwc-sg/b203882fafcc4a5dbc6ce5bef84bd40b~tplv-aphluv4xwc-origin-jpeg.jpeg?dr=15568&t=555f072d&ps=933b5bde&shp=54477afb&shcp=3c3d9ffb&idc=my&from=1413970683,VIE GROUP HCM,03/10/2026 22:09,,--
586393229611336811,,Chờ in,TikTok,TTEPRIME-MALL-HCM,--,--,1857,1,JOHNSON'S Sữa tắm gội Baby Top-To-Toe Hair & Body (Vàng) - 100ml,https://p16-oec-va.ibyteimg.com/tos-maliva-i-o3syd03w52-us/b9fc1654e104431ca29dcffc5d7253a0~tplv-o3syd03w52-origin-jpeg.jpeg?dr=15568&t=555f072d&ps=933b5bde&shp=54477afb&shcp=3c3d9ffb&idc=my3&from=1413970683,VIE GROUP HCM,03/10/2026 22:05,,--
261003NGA18U7F,,Chờ in,Shopee,SHEPRIME2-MALL - HCM,--,--,2026,1,LRP Sữa Rửa Mặt Effaclar Purifying Foaming Gel - 50ml,https://cf.shopee.vn/file/vn-11134207-81ztc-ms4g1nr09wck4c_tn,VIE GROUP HCM,03/10/2026 22:04,,--
261003NG1MA93Q,,Chờ in,Shopee,SHEP - HCM,--,--,CB1883.10,1,COMBO 10 Miếng KEYSHU mặt nạ dưỡng da ( Hoa Cúc ),https://cf.shopee.vn/file/vn-11134207-820l4-mivefuau5reo1e_tn,VIE GROUP HCM,03/10/2026 21:59,,--
586393205898773607,,Chờ xử lý,TikTok,TTASCosme - HANOI,--,--,1980,1,LOREAL Nước Tẩy Trang Revitalift Crystal Purifying Micellar Water [Xám] - 95ml,https://p16-oec-sg.ibyteimg.com/tos-alisg-i-aphluv4xwc-sg/d2ca7a189f594cbcbcab67f4e1b40cd2~tplv-aphluv4xwc-origin-jpeg.jpeg?dr=15568&t=555f072d&ps=933b5bde&shp=54477afb&shcp=3c3d9ffb&idc=my&from=1413970683,COSMEE HA NOI,03/10/2026 21:59,,--
586393021534799133,,Chờ in,TikTok,TTEPRIME-MALL-HCM,--,--,2246,1,OLD SPICE Sáp Khử Mùi Anti-Perspirant & Deodorant 73g - FIJI,https://p16-oec-sg.ibyteimg.com/tos-alisg-i-aphluv4xwc-sg/a00428cdd7b7422d85e3f4c4cb580d8b~tplv-aphluv4xwc-origin-jpeg.jpeg?dr=15568&t=555f072d&ps=933b5bde&shp=54477afb&shcp=3c3d9ffb&idc=my&from=1413970683,VIE GROUP HCM,03/10/2026 21:56,,--
586393099737400928,,Chờ in,TikTok,TTEPRIME-MALL-HCM,--,--,1350,1,CERAVE Sữa Rửa Mặt Foaming Cleanser - 30ml FRANCE,https://p16-oec-sg.ibyteimg.com/tos-alisg-i-aphluv4xwc-sg/50806a02e3104a3bb34e537bc386ab64~tplv-aphluv4xwc-origin-jpeg.jpeg?dr=15568&t=555f072d&ps=933b5bde&shp=54477afb&shcp=3c3d9ffb&idc=my3&from=1413970683,VIE GROUP HCM,03/10/2026 21:56,,--
586393020210644977,,Chờ in,TikTok,TTEPRIME-MALL-HCM,--,--,1350,1,CERAVE Sữa Rửa Mặt Foaming Cleanser - 30ml FRANCE,https://p16-oec-sg.ibyteimg.com/tos-alisg-i-aphluv4xwc-sg/50806a02e3104a3bb34e537bc386ab64~tplv-aphluv4xwc-origin-jpeg.jpeg?dr=15568&t=555f072d&ps=933b5bde&shp=54477afb&shcp=3c3d9ffb&idc=my&from=1413970683,VIE GROUP HCM,03/10/2026 21:55,,--
586392995717350951,,Chờ in,TikTok,TTVIESGN-HCM,--,--,2026,1,LRP Sữa Rửa Mặt Effaclar Purifying Foaming Gel - 50ml,https://p16-oec-va.ibyteimg.com/tos-maliva-i-o3syd03w52-us/307dde19befb426e9d4f98983a79189c~tplv-o3syd03w52-origin-jpeg.jpeg?dr=15568&t=555f072d&ps=933b5bde&shp=54477afb&shcp=3c3d9ffb&idc=my2&from=1413970683,VIE GROUP HCM,03/10/2026 21:54,,--
261003NFNEAAVX,,Đang giao hàng,Shopee,SHEP - HCM,--,--,CB2361.2,1,"SILCOT Bông tẩy trang Unicharm - 82 miếng Xanh dương, COMBO 2 HỘP",https://cf.shopee.vn/file/vn-11134207-7ras8-mcke8u9q2v4yd7_tn,VIE GROUP HCM,03/10/2026 21:53,,--
586392964841375563,Đơn hàng trùng lặp,Chờ in,TikTok,TTEPRIME-MALL-HCM,--,--,2026,1,LRP Sữa Rửa Mặt Effaclar Purifying Foaming Gel - 50ml,https://p16-oec-sg.ibyteimg.com/tos-alisg-i-aphluv4xwc-sg/e34ab459d15b4717b53d8bd8fe469991~tplv-aphluv4xwc-origin-jpeg.jpeg?dr=15568&t=555f072d&ps=933b5bde&shp=54477afb&shcp=3c3d9ffb&idc=my3&from=1413970683,VIE GROUP HCM,03/10/2026 21:52,,--
586392981159576593,,Chờ in,TikTok,TTVIESGN-HCM,--,--,1350,1,CERAVE Sữa Rửa Mặt Foaming Cleanser - 30ml FRANCE,https://p16-oec-va.ibyteimg.com/tos-maliva-i-o3syd03w52-us/e3e9667ce3494a6c8150fb489cb2491d~tplv-o3syd03w52-origin-jpeg.jpeg?dr=15568&t=555f072d&ps=933b5bde&shp=54477afb&shcp=3c3d9ffb&idc=my&from=1413970683,VIE GROUP HCM,03/10/2026 21:52,,--
261003NFKURMYE,,Đã hủy,Shopee,SHEP - HCM,--,--,2440,1,SVR Sữa Rửa Mặt SEBIACLEAR Gel Moussant - 200ml,https://cf.shopee.vn/file/vn-11134207-81ztc-mlxcrb73zdvsb7_tn,VIE GROUP HCM,03/10/2026 21:52,,Chờ xử lý
261003NFKURMYE,,Đã hủy,Shopee,SHEP - HCM,--,--,QT40,1,MEDIANSWER Tinh chất hỗ trợ sáng da Vita Collagen Logic Ampoule - 2 ml,https://cf.shopee.vn/file/vn-11134207-81ztc-mtqcnbkc7coya1_tn,VIE GROUP HCM,03/10/2026 21:52,,Chờ xử lý
586393010670437795,,Chờ in,TikTok,TTEPRIME-MALL-HCM,--,--,2026,1,LRP Sữa Rửa Mặt Effaclar Purifying Foaming Gel - 50ml,https://p16-oec-sg.ibyteimg.com/tos-alisg-i-aphluv4xwc-sg/e34ab459d15b4717b53d8bd8fe469991~tplv-aphluv4xwc-origin-jpeg.jpeg?dr=15568&t=555f072d&ps=933b5bde&shp=54477afb&shcp=3c3d9ffb&idc=my&from=1413970683,VIE GROUP HCM,03/10/2026 21:50,,--
586392932828219211,,Chờ in,TikTok,TTEPRIME-MALL-HCM,--,--,2026,2,LRP Sữa Rửa Mặt Effaclar Purifying Foaming Gel - 50ml,https://p19-oec-sg.ibyteimg.com/tos-alisg-i-aphluv4xwc-sg/e34ab459d15b4717b53d8bd8fe469991~tplv-aphluv4xwc-origin-jpeg.jpeg?dr=15568&t=555f072d&ps=933b5bde&shp=54477afb&shcp=3c3d9ffb&idc=my3&from=1413970683,VIE GROUP HCM,03/10/2026 21:50,,--
586392894614373843,,Đã hủy,TikTok,TTVIEPRIME-HANOI,--,--,1350 Lẻ 1 Da Dầu 30ml,1,CERAVE Sữa Rửa Mặt Foaming Cleanser - 30ml FRANCE,https://p16-oec-sg.ibyteimg.com/tos-alisg-i-aphluv4xwc-sg/6d56f72d52ad48148cc7f891d0d6ff93~tplv-aphluv4xwc-origin-jpeg.jpeg?dr=15568&t=555f072d&ps=933b5bde&shp=54477afb&shcp=3c3d9ffb&idc=my2&from=1413970683,COSMEE HA NOI,03/10/2026 21:50,,Chờ xử lý
586392939943658827,,Chờ xử lý,TikTok,TTVIEPRIME-HANOI,--,--,CB2026.3,1,COMBO 3 TUÝP LRP Sữa Rửa Mặt Effaclar Purifying Foaming Gel - 50ml,https://p16-oec-sg.ibyteimg.com/tos-alisg-i-aphluv4xwc-sg/1200e3e940994b57b36341a3f7c85513~tplv-aphluv4xwc-origin-jpeg.jpeg?dr=15568&t=555f072d&ps=933b5bde&shp=54477afb&shcp=3c3d9ffb&idc=my2&from=1413970683,COSMEE HA NOI,03/10/2026 21:50,,--
586392956860335947,,Đã hủy,TikTok,TTVIEPRIME-HANOI,--,--,2026,1,LRP Sữa Rửa Mặt Effaclar Purifying Foaming Gel - 50ml,https://p16-oec-sg.ibyteimg.com/tos-alisg-i-aphluv4xwc-sg/e4dc23ba7aa04ac68154f7d70954e8c5~tplv-aphluv4xwc-origin-jpeg.jpeg?dr=15568&t=555f072d&ps=933b5bde&shp=54477afb&shcp=3c3d9ffb&idc=my2&from=1413970683,COSMEE HA NOI,03/10/2026 21:49,,Chờ xử lý
586392906490546010,,Chờ in,TikTok,TTEPRIME-MALL-HCM,--,--,2026,2,LRP Sữa Rửa Mặt Effaclar Purifying Foaming Gel - 50ml,https://p16-oec-sg.ibyteimg.com/tos-alisg-i-aphluv4xwc-sg/e34ab459d15b4717b53d8bd8fe469991~tplv-aphluv4xwc-origin-jpeg.jpeg?dr=15568&t=555f072d&ps=933b5bde&shp=54477afb&shcp=3c3d9ffb&idc=my&from=1413970683,VIE GROUP HCM,03/10/2026 21:47,,--
586392904722580956,,Chờ in,TikTok,TTVIESGN-HCM,--,--,1350,1,CERAVE Sữa Rửa Mặt Foaming Cleanser - 30ml FRANCE,https://p16-oec-va.ibyteimg.com/tos-maliva-i-o3syd03w52-us/e3e9667ce3494a6c8150fb489cb2491d~tplv-o3syd03w52-origin-jpeg.jpeg?dr=15568&t=555f072d&ps=933b5bde&shp=54477afb&shcp=3c3d9ffb&idc=my&from=1413970683,VIE GROUP HCM,03/10/2026 21:46,,--
586392837715887283,,Chờ xử lý,TikTok,TTVIEPRIME-HANOI,--,--,2024,1,LRP Sữa Rửa Mặt Effaclar Purifying Foaming Gel - 15ml,https://p16-oec-sg.ibyteimg.com/tos-alisg-i-aphluv4xwc-sg/db88b950e6274f3cb02fd159d93a3fdd~tplv-aphluv4xwc-origin-jpeg.jpeg?dr=15568&t=555f072d&ps=933b5bde&shp=54477afb&shcp=3c3d9ffb&idc=my2&from=1413970683,COSMEE HA NOI,03/10/2026 21:46,,--
586392901873009949,,Chờ xử lý,TikTok,TTVIEPRIME-HANOI,--,--,2024,1,LRP Sữa Rửa Mặt Effaclar Purifying Foaming Gel - 15ml,https://p16-oec-sg.ibyteimg.com/tos-alisg-i-aphluv4xwc-sg/db88b950e6274f3cb02fd159d93a3fdd~tplv-aphluv4xwc-origin-jpeg.jpeg?dr=15568&t=555f072d&ps=933b5bde&shp=54477afb&shcp=3c3d9ffb&idc=my2&from=1413970683,COSMEE HA NOI,03/10/2026 21:44,,--
586392879048590895,,Chờ xử lý,TikTok,TTVIEPRIME-HANOI,--,--,2024,1,LRP Sữa Rửa Mặt Effaclar Purifying Foaming Gel - 15ml,https://p16-oec-sg.ibyteimg.com/tos-alisg-i-aphluv4xwc-sg/db88b950e6274f3cb02fd159d93a3fdd~tplv-aphluv4xwc-origin-jpeg.jpeg?dr=15568&t=555f072d&ps=933b5bde&shp=54477afb&shcp=3c3d9ffb&idc=my2&from=1413970683,COSMEE HA NOI,03/10/2026 21:43,,--
261003NF40CM0C,,Đang giao hàng,Shopee,SHVIECosme HCM,--,--,1480,1,COMPLIMENT Toner 10% Glycolic Acid & Aloe Lô hội - 200ML,https://cf.shopee.vn/file/vn-11134207-81ztc-mqpkbgt0yp6p49_tn,VIE GROUP HCM,03/10/2026 21:43,,--
261003NF0V8HVV,,Đã hủy,Shopee,SHEP - HCM,--,--,2897,1,TETRA Bông Tẩy Trang Pháp LE SOIN A L’ÉTAT PUR - 500 miếng,https://cf.shopee.vn/file/vn-11134207-81ztc-mqbmue54qk2713_tn,VIE GROUP HCM,03/10/2026 21:41,,Chờ xử lý
586392795164346260,,Chờ xử lý,TikTok,TTVIEPRIME-HANOI,--,--,2026,1,LRP Sữa Rửa Mặt Effaclar Purifying Foaming Gel - 50ml,https://p16-oec-sg.ibyteimg.com/tos-alisg-i-aphluv4xwc-sg/e4dc23ba7aa04ac68154f7d70954e8c5~tplv-aphluv4xwc-origin-jpeg.jpeg?dr=15568&t=555f072d&ps=933b5bde&shp=54477afb&shcp=3c3d9ffb&idc=my3&from=1413970683,COSMEE HA NOI,03/10/2026 21:41,,--
261003NESPDUA0,,Chờ xử lý,Shopee,SHVIEPro-HANOI,--,--,2367,1,SIMPLE Nước Tẩy Trang Micellar Cleansing Water - 200ml,https://cf.shopee.vn/file/vn-11134207-81ztc-mk3aeaa71hxe6a_tn,COSMEE HA NOI,03/10/2026 21:37,,--
586392719150712500,,Chờ xử lý,TikTok,TTVIEPRIME-HANOI,--,--,2026,1,LRP Sữa Rửa Mặt Effaclar Purifying Foaming Gel - 50ml,https://p16-oec-sg.ibyteimg.com/tos-alisg-i-aphluv4xwc-sg/e4dc23ba7aa04ac68154f7d70954e8c5~tplv-aphluv4xwc-origin-jpeg.jpeg?dr=15568&t=555f072d&ps=933b5bde&shp=54477afb&shcp=3c3d9ffb&idc=my3&from=1413970683,COSMEE HA NOI,03/10/2026 21:35,,--
586392703390746051,,Đã hủy,TikTok,TTVIEPRIME-HANOI,--,--,,1,VASELINE Sáp Dưỡng ẨmPure Petroleum Jelly Original 5.5g,https://p16-oec-sg.ibyteimg.com/tos-alisg-i-aphluv4xwc-sg/41f8220f8d624c0e9f85614b053ec0b3~tplv-aphluv4xwc-origin-jpeg.jpeg?dr=15568&t=555f072d&ps=933b5bde&shp=54477afb&shcp=3c3d9ffb&idc=my3&from=1413970683,COSMEE HA NOI,03/10/2026 21:34,,Chờ xử lý
586392629027440579,,Đã hủy,TikTok,TTEPRIME-MALL-HCM,--,--,CB1350.3,1,COMBO 3 Chai 30ml CERAVE Sữa Rửa Mặt Foaming Cleanser,https://p16-oec-sg.ibyteimg.com/tos-alisg-i-aphluv4xwc-sg/a2376db661934510bc5ab6e7f01657b3~tplv-aphluv4xwc-origin-jpeg.jpeg?dr=15568&t=555f072d&ps=933b5bde&shp=54477afb&shcp=3c3d9ffb&idc=my&from=1413970683,VIE GROUP HCM,03/10/2026 21:33,,Chờ xử lý
586392629027440579,,Đã hủy,TikTok,TTEPRIME-MALL-HCM,--,--,2586,1,VICHY Dầu gội Dercos Technique Anti-Dandruff Ds Advanced To Oily Hair - 50ml (Xanh da dầu),https://p16-oec-va.ibyteimg.com/tos-maliva-i-o3syd03w52-us/e30080ab5eed45b6858e6a2272686cd6~tplv-o3syd03w52-origin-jpeg.jpeg?dr=15568&t=555f072d&ps=933b5bde&shp=54477afb&shcp=3c3d9ffb&idc=my&from=1413970683,VIE GROUP HCM,03/10/2026 21:33,,Chờ xử lý
586392673308542667,,Đã hủy,TikTok,TTVIEPRIME-HANOI,--,--,2026,1,LRP Sữa Rửa Mặt Effaclar Purifying Foaming Gel - 50ml,https://p16-oec-sg.ibyteimg.com/tos-alisg-i-aphluv4xwc-sg/e4dc23ba7aa04ac68154f7d70954e8c5~tplv-aphluv4xwc-origin-jpeg.jpeg?dr=15568&t=555f072d&ps=933b5bde&shp=54477afb&shcp=3c3d9ffb&idc=my3&from=1413970683,COSMEE HA NOI,03/10/2026 21:30,,--
261003NEB15GC3,,Chờ in,Shopee,SHVIECosme HCM,--,--,1472,1,COMPLIMENT Sữa rửa mặt No Problem 200ml - Hồng,https://cf.shopee.vn/file/vn-11134207-81ztc-mtrtrdvsqosqda_tn,VIE GROUP HCM,03/10/2026 21:29,,--
586392670348084872,,Đã hủy,TikTok,TTEPRIME-MALL-HCM,--,--,CB1350.3,1,COMBO 3 Chai 30ml CERAVE Sữa Rửa Mặt Foaming Cleanser,https://p16-oec-sg.ibyteimg.com/tos-alisg-i-aphluv4xwc-sg/a2376db661934510bc5ab6e7f01657b3~tplv-aphluv4xwc-origin-jpeg.jpeg?dr=15568&t=555f072d&ps=933b5bde&shp=54477afb&shcp=3c3d9ffb&idc=my3&from=1413970683,VIE GROUP HCM,03/10/2026 21:28,,Chờ xử lý
261003NEA0RYHY,,Chờ in,Shopee,SHEP - HCM,--,--,2100,1,MINISO Bông tẩy trang Nhật Bản 100% 180 Miếng,https://cf.shopee.vn/file/vn-11134207-81ztc-mtmgtix9883o2d_tn,VIE GROUP HCM,03/10/2026 21:28,,--
261003NE87J9N2,,Chờ in,Shopee,SHEP - HCM,--,--,1472,1,COMPLIMENT Sữa rửa mặt No Problem 200ml - Hồng,https://cf.shopee.vn/file/vn-11134207-7ras8-m12a0k10v2mz20_tn,VIE GROUP HCM,03/10/2026 21:27,,--
261003NE576FWJ,,Đang giao hàng,Shopee,SHVIEPro-HANOI,--,--,1982,1,LOREAL Nước Tẩy Trang Revitalift Hyaluronic Acid Hydrating Micellar Water [Tím] - 95ml,https://cf.shopee.vn/file/vn-11134207-7r98o-lp3u0heu761n71_tn,COSMEE HA NOI,03/10/2026 21:26,,--
586392522188031365,,Đã hủy,TikTok,TTVIEPRIME-HANOI,--,--,1898,1,KLAIRS Toner Supple Preparation Unscented KHÔNG MÙI - 180ml,https://p16-oec-sg.ibyteimg.com/tos-alisg-i-aphluv4xwc-sg/f18ee55035524c97b0029b794119e586~tplv-aphluv4xwc-origin-jpeg.jpeg?dr=15568&t=555f072d&ps=933b5bde&shp=54477afb&shcp=3c3d9ffb&idc=my3&from=1413970683,COSMEE HA NOI,03/10/2026 21:25,,Chờ xử lý
261003NE32J2HH,,Đang giao hàng,Shopee,SHEP - HCM,--,--,CB2361.2,1,"SILCOT Bông tẩy trang Unicharm - 82 miếng Xanh dương, COMBO 2 HỘP",https://cf.shopee.vn/file/vn-11134207-7ras8-mcke8u9q2v4yd7_tn,VIE GROUP HCM,03/10/2026 21:24,,--
261003NDWBG7XX,,Chờ in,Shopee,SHVIECosme HCM,--,--,1882,1,KEYSHU mặt nạ dưỡng da - 1 Miếng ( Hành Tím ),https://cf.shopee.vn/file/vn-11134207-81ztc-ms9j7s0atu6g77_tn,VIE GROUP HCM,03/10/2026 21:21,,--
586392463943829030,,Đã hủy,TikTok,TTVIESGN-HCM,--,--,2026,1,LRP Sữa Rửa Mặt Effaclar Purifying Foaming Gel - 50ml,https://p16-oec-va.ibyteimg.com/tos-maliva-i-o3syd03w52-us/420b403b9e0744c49f117f91cd51adc2~tplv-o3syd03w52-origin-jpeg.jpeg?dr=15568&t=555f072d&ps=933b5bde&shp=54477afb&shcp=3c3d9ffb&idc=my2&from=1413970683,VIE GROUP HCM,03/10/2026 21:19,,Chờ xử lý
586392462213154261,,Chờ xử lý,TikTok,TTVIEPRIME-HANOI,--,--,2024,1,LRP Sữa Rửa Mặt Effaclar Purifying Foaming Gel - 15ml,https://p16-oec-sg.ibyteimg.com/tos-alisg-i-aphluv4xwc-sg/db88b950e6274f3cb02fd159d93a3fdd~tplv-aphluv4xwc-origin-jpeg.jpeg?dr=15568&t=555f072d&ps=933b5bde&shp=54477afb&shcp=3c3d9ffb&idc=my3&from=1413970683,COSMEE HA NOI,03/10/2026 21:19,,--
586392390040388956,,Chờ in,TikTok,TTEPRIME-MALL-HCM,--,--,1350,1,CERAVE Sữa Rửa Mặt Foaming Cleanser - 30ml FRANCE,https://p16-oec-sg.ibyteimg.com/tos-alisg-i-aphluv4xwc-sg/16952075091c4f088d6a34050c4d6d0d~tplv-aphluv4xwc-origin-jpeg.jpeg?dr=15568&t=555f072d&ps=933b5bde&shp=54477afb&shcp=3c3d9ffb&idc=my&from=1413970683,VIE GROUP HCM,03/10/2026 21:17,,--
586392345772525481,,Chờ xử lý,TikTok,TTVIEPRIME-HANOI,--,--,CB2026.1-1710.1,1,COMBO Sữa rửa mặt LA ROCHE-POSAY 50ml + Nước tẩy trang Garnier cho da dầu mụn 50ml Hồng,https://p16-oec-sg.ibyteimg.com/tos-alisg-i-aphluv4xwc-sg/e638d3b0c26548829e0fbb2ff2dc0531~tplv-aphluv4xwc-origin-jpeg.jpeg?dr=15568&t=555f072d&ps=933b5bde&shp=54477afb&shcp=3c3d9ffb&idc=my3&from=1413970683,COSMEE HA NOI,03/10/2026 21:11,,--
586392330958963851,,Chờ xử lý,TikTok,TTASCosme - HANOI,--,--,1471,1,COMPLIMENT Sữa rửa mặt No Problem 200ml - Cam,https://p16-oec-sg.ibyteimg.com/tos-alisg-i-aphluv4xwc-sg/1ef3fdaecd5649d48047c4c4b6ff340c~tplv-aphluv4xwc-origin-jpeg.jpeg?dr=15568&t=555f072d&ps=933b5bde&shp=54477afb&shcp=3c3d9ffb&idc=my2&from=1413970683,COSMEE HA NOI,03/10/2026 21:11,,--
586392143327889072,,Chờ xử lý,TikTok,TTVIEPRIME-HANOI,--,--,2024,1,LRP Sữa Rửa Mặt Effaclar Purifying Foaming Gel - 15ml,https://p16-oec-sg.ibyteimg.com/tos-alisg-i-aphluv4xwc-sg/db88b950e6274f3cb02fd159d93a3fdd~tplv-aphluv4xwc-origin-jpeg.jpeg?dr=15568&t=555f072d&ps=933b5bde&shp=54477afb&shcp=3c3d9ffb&idc=my3&from=1413970683,COSMEE HA NOI,03/10/2026 21:06,,--
586392125787440612,,Chờ xử lý,TikTok,TTASCosme - HANOI,--,--,2024,1,LRP Sữa Rửa Mặt Effaclar Purifying Foaming Gel - 15ml,https://p16-oec-sg.ibyteimg.com/tos-alisg-i-aphluv4xwc-sg/86ff8a443676469a980a986b0a7b152f~tplv-aphluv4xwc-origin-jpeg.jpeg?dr=15568&t=555f072d&ps=933b5bde&shp=54477afb&shcp=3c3d9ffb&idc=my2&from=1413970683,COSMEE HA NOI,03/10/2026 21:05,,--
586392219058996912,,Đã hủy,TikTok,TTVIEPRIME-HANOI,--,--,2024,1,LRP Sữa Rửa Mặt Effaclar Purifying Foaming Gel - 15ml,https://p16-oec-sg.ibyteimg.com/tos-alisg-i-aphluv4xwc-sg/db88b950e6274f3cb02fd159d93a3fdd~tplv-aphluv4xwc-origin-jpeg.jpeg?dr=15568&t=555f072d&ps=933b5bde&shp=54477afb&shcp=3c3d9ffb&idc=my2&from=1413970683,COSMEE HA NOI,03/10/2026 21:05,,--
261003NCW99XQY,,Chờ in,Shopee,SHEP - HCM,--,--,1472,2,COMPLIMENT Sữa rửa mặt No Problem 200ml - Hồng,https://cf.shopee.vn/file/vn-11134207-7ras8-m12a0k10v2mz20_tn,VIE GROUP HCM,03/10/2026 21:04,,--
586392199632357307,,Chờ xử lý,TikTok,TTVIEPRIME-HANOI,--,--,CB2026.1-1710.1,1,COMBO Sữa rửa mặt LA ROCHE-POSAY 50ml + Nước tẩy trang Garnier cho da dầu mụn 50ml Hồng,https://p16-oec-sg.ibyteimg.com/tos-alisg-i-aphluv4xwc-sg/e638d3b0c26548829e0fbb2ff2dc0531~tplv-aphluv4xwc-origin-jpeg.jpeg?dr=15568&t=555f072d&ps=933b5bde&shp=54477afb&shcp=3c3d9ffb&idc=my3&from=1413970683,COSMEE HA NOI,03/10/2026 21:03,,--
586392233179513920,,Chờ xử lý,TikTok,TTASCosme - HANOI,--,--,CB2026.5,1,COMBO 5 TUÝP LRP Sữa Rửa Mặt Effaclar Purifying Foaming Gel - 50ml,https://p16-oec-sg.ibyteimg.com/tos-alisg-i-aphluv4xwc-sg/2b0ea863d01c4938a9f156c523f25b51~tplv-aphluv4xwc-origin-jpeg.jpeg?dr=15568&t=555f072d&ps=933b5bde&shp=54477afb&shcp=3c3d9ffb&idc=my2&from=1413970683,COSMEE HA NOI,03/10/2026 21:00,,--
261003NC57NMRJ,,Chờ in,Shopee,SHVIEMart - HCM,--,--,1725,1,GILLETTE Dao Cạo Râu Fusion Proglide 5 Manual (1 Cán + 1 Đầu + 1 Nắp Bảo Vệ),https://cf.shopee.vn/file/vn-11134207-7r98o-lxku7iemvd2340_tn,VIE GROUP HCM,03/10/2026 20:50,,--
586392022020949590,,Chờ in,TikTok,TTEPRIME-MALL-HCM,--,--,2026,1,LRP Sữa Rửa Mặt Effaclar Purifying Foaming Gel - 50ml,https://p16-oec-sg.ibyteimg.com/tos-alisg-i-aphluv4xwc-sg/e34ab459d15b4717b53d8bd8fe469991~tplv-aphluv4xwc-origin-jpeg.jpeg?dr=15568&t=555f072d&ps=933b5bde&shp=54477afb&shcp=3c3d9ffb&idc=my3&from=1413970683,VIE GROUP HCM,03/10/2026 20:49,,--
261003NC2QJFUP,,Chờ in,Shopee,SHVIEMart - HCM,--,--,CB2361.2,1,"SILCOT Bông tẩy trang Unicharm - 82 miếng Xanh dương, COMBO 2 HỘP",https://cf.shopee.vn/file/vn-11134207-7ras8-m13xux9z7ypn83_tn,VIE GROUP HCM,03/10/2026 20:49,,--
261003NBYYUG0G,,Đang giao hàng,Shopee,SHEP - HCM,--,--,CB1350.5,1,COMBO 5 Chai 30ml CERAVE Sữa Rửa Mặt Foaming Cleanser,https://cf.shopee.vn/file/vn-11134207-7ras8-m622orieqpx415_tn,VIE GROUP HCM,03/10/2026 20:47,,--
586391847728874514,,Đã hủy,TikTok,TTEPRIME-MALL-HCM,--,--,1350,1,CERAVE Sữa Rửa Mặt Foaming Cleanser - 30ml FRANCE,https://p16-oec-sg.ibyteimg.com/tos-alisg-i-aphluv4xwc-sg/50806a02e3104a3bb34e537bc386ab64~tplv-aphluv4xwc-origin-jpeg.jpeg?dr=15568&t=555f072d&ps=933b5bde&shp=54477afb&shcp=3c3d9ffb&idc=my2&from=1413970683,VIE GROUP HCM,03/10/2026 20:44,,Chờ xử lý
586391832916034598,,Chờ xử lý,TikTok,TTVIEPRIME-HANOI,--,--,CB1316.2,1,"COMBO 2 HŨ Phấn Phủ bột Carslan Soft Focus Mini kiềm dầu kháng nước, MÀU TRONG SUỐT 1G",https://p16-oec-sg.ibyteimg.com/tos-alisg-i-aphluv4xwc-sg/ee8dab97b9284523ad4321747442d366~tplv-aphluv4xwc-origin-jpeg.jpeg?dr=15568&t=555f072d&ps=933b5bde&shp=54477afb&shcp=3c3d9ffb&idc=my2&from=1413970683,COSMEE HA NOI,03/10/2026 20:43,,--
261003NBRCP2RU,,Đang giao hàng,Shopee,SHVIECosme HCM,--,--,2930,1,DR.SERA Mặt nạ nén tiệt trùng mềm mịn RELAXING TRAVEL COMPRESSED - Túi 10 mask,https://cf.shopee.vn/file/vn-11134207-81ztc-mot6lw2ybegy4c_tn,VIE GROUP HCM,03/10/2026 20:43,,--
261003NB5PP61V,,Chờ in,Shopee,SHEP - HCM,--,--,2586,3,VICHY Dầu gội Dercos Technique Anti-Dandruff Ds Advanced To Oily Hair - 50ml (Xanh da dầu),https://cf.shopee.vn/file/vn-11134207-7r98o-m01egt2ul4vhba_tn,VIE GROUP HCM,03/10/2026 20:32,,--
586391484867445768,,Chờ xử lý,TikTok,TTVIEPRIME-HANOI,--,--,CB1350.3 COMBO 3 Dầu x 30ml,1,COMBO 3 Chai 30ml CERAVE Sữa Rửa Mặt Foaming Cleanser,https://p16-oec-sg.ibyteimg.com/tos-alisg-i-aphluv4xwc-sg/a66ef569c50d41e5a9f53922eaa4f2fd~tplv-aphluv4xwc-origin-jpeg.jpeg?dr=15568&t=555f072d&ps=933b5bde&shp=54477afb&shcp=3c3d9ffb&idc=my2&from=1413970683,COSMEE HA NOI,03/10/2026 20:27,,--
586391509146698909,,Đã hủy,TikTok,TTASCosme - HANOI,--,--,CB1603.2,1,COMBO 2 TUÝP Dr.G Kem dưỡng R.E.D Blemish Clear Soothing Cream tuýp 30ml,https://p16-oec-sg.ibyteimg.com/tos-alisg-i-aphluv4xwc-sg/0a892d0c1a5a4e3e9caeedaaceff909d~tplv-aphluv4xwc-origin-jpeg.jpeg?dr=15568&t=555f072d&ps=933b5bde&shp=54477afb&shcp=3c3d9ffb&idc=my2&from=1413970683,COSMEE HA NOI,03/10/2026 20:22,,--
586391475693192511,,Chờ xử lý,TikTok,TTVIEPRIME-HANOI,--,--,,1,VASELINE Sáp Dưỡng Ẩm Pure Petroleum Jelly - 100ml,https://p16-oec-sg.ibyteimg.com/tos-alisg-i-aphluv4xwc-sg/41f8220f8d624c0e9f85614b053ec0b3~tplv-aphluv4xwc-origin-jpeg.jpeg?dr=15568&t=555f072d&ps=933b5bde&shp=54477afb&shcp=3c3d9ffb&idc=my2&from=1413970683,COSMEE HA NOI,03/10/2026 20:22,,--
586391382903981398,,Đã hủy,TikTok,TTVIESGN-HCM,--,--,1350,1,CERAVE Sữa Rửa Mặt Foaming Cleanser - 30ml FRANCE,https://p16-oec-sg.ibyteimg.com/tos-alisg-i-aphluv4xwc-sg/cc9742efae154cb89c3e62363dff00b1~tplv-aphluv4xwc-origin-jpeg.jpeg?dr=15568&t=555f072d&ps=933b5bde&shp=54477afb&shcp=3c3d9ffb&idc=my&from=1413970683,VIE GROUP HCM,03/10/2026 20:22,,Chờ xử lý
586391308392367962,,Đã hủy,TikTok,TTEPRIME-MALL-HCM,--,--,1350,1,CERAVE Sữa Rửa Mặt Foaming Cleanser - 30ml FRANCE,https://p16-oec-sg.ibyteimg.com/tos-alisg-i-aphluv4xwc-sg/50806a02e3104a3bb34e537bc386ab64~tplv-aphluv4xwc-origin-jpeg.jpeg?dr=15568&t=555f072d&ps=933b5bde&shp=54477afb&shcp=3c3d9ffb&idc=my&from=1413970683,VIE GROUP HCM,03/10/2026 20:16,,Chờ xử lý
586391253999780924,,Chờ in,TikTok,TTVIESGN-HCM,--,--,2026,1,LRP Sữa Rửa Mặt Effaclar Purifying Foaming Gel - 50ml,https://p16-oec-va.ibyteimg.com/tos-maliva-i-o3syd03w52-us/420b403b9e0744c49f117f91cd51adc2~tplv-o3syd03w52-origin-jpeg.jpeg?dr=15568&t=555f072d&ps=933b5bde&shp=54477afb&shcp=3c3d9ffb&idc=my2&from=1413970683,VIE GROUP HCM,03/10/2026 20:13,,--
586391239836402756,,Đã hủy,TikTok,TTEPRIME-MALL-HCM,--,--,2026,1,LRP Sữa Rửa Mặt Effaclar Purifying Foaming Gel - 50ml,https://p16-oec-sg.ibyteimg.com/tos-alisg-i-aphluv4xwc-sg/e34ab459d15b4717b53d8bd8fe469991~tplv-aphluv4xwc-origin-jpeg.jpeg?dr=15568&t=555f072d&ps=933b5bde&shp=54477afb&shcp=3c3d9ffb&idc=my&from=1413970683,VIE GROUP HCM,03/10/2026 20:07,,--
586391200378292160,,Đã hủy,TikTok,TTEPRIME-MALL-HCM,--,--,CB2026.3,1,COMBO 3 TUÝP LRP Sữa Rửa Mặt Effaclar Purifying Foaming Gel - 50ml,https://p16-oec-sg.ibyteimg.com/tos-alisg-i-aphluv4xwc-sg/4fdb1010396942c6bcbbb4ff16ba3159~tplv-aphluv4xwc-origin-jpeg.jpeg?dr=15568&t=555f072d&ps=933b5bde&shp=54477afb&shcp=3c3d9ffb&idc=my&from=1413970683,VIE GROUP HCM,03/10/2026 20:06,,Chờ xử lý
261003N9P2QM5C,,Chờ in,Shopee,SHEP - HCM,--,--,1472,1,COMPLIMENT Sữa rửa mặt No Problem 200ml - Hồng,https://cf.shopee.vn/file/vn-11134207-7ras8-m12a0k10v2mz20_tn,VIE GROUP HCM,03/10/2026 20:06,,--
261003N9MUMDUT,,Đang giao hàng,Shopee,SHEP - HCM,--,--,2361,1,SILCOT Bông tẩy trang Unicharm - 82 miếng Xanh dương,https://cf.shopee.vn/file/vn-11134207-7ras8-mcke8s4l7qqq55_tn,VIE GROUP HCM,03/10/2026 20:05,,--
261003N9G21RF1,,Chờ in,Shopee,SHEPRIME2-MALL - HCM,--,--,2026,1,LRP Sữa Rửa Mặt Effaclar Purifying Foaming Gel - 50ml,https://cf.shopee.vn/file/vn-11134207-81ztc-ms4g1nr09wck4c_tn,VIE GROUP HCM,03/10/2026 20:02,,--
261003N9FE2TBS,,Đã hủy,Shopee,SHEPRIME2-MALL - HCM,--,--,CB2026.5,1,COMBO 5 TUÝP LRP Sữa Rửa Mặt Effaclar Purifying Foaming Gel - 50ml,https://cf.shopee.vn/file/vn-11134207-81ztc-ms4g22buhjpd34_tn,VIE GROUP HCM,03/10/2026 20:02,,Chờ xử lý
586391093179221869,,Chờ in,TikTok,TTEPRIME-MALL-HCM,--,--,1350,2,CERAVE Sữa Rửa Mặt Foaming Cleanser - 30ml FRANCE,https://p16-oec-sg.ibyteimg.com/tos-alisg-i-aphluv4xwc-sg/b203882fafcc4a5dbc6ce5bef84bd40b~tplv-aphluv4xwc-origin-jpeg.jpeg?dr=15568&t=555f072d&ps=933b5bde&shp=54477afb&shcp=3c3d9ffb&idc=my&from=1413970683,VIE GROUP HCM,03/10/2026 20:02,,--
261003N9EHDNE0,,Chờ in,Shopee,SHVIECosme HCM,--,--,1882,1,KEYSHU mặt nạ dưỡng da - 1 Miếng ( Hành Tím ),https://cf.shopee.vn/file/vn-11134207-81ztc-ms9j7s0atu6g77_tn,VIE GROUP HCM,03/10/2026 20:01,,--
261003N904TQN6,,Chờ in,Shopee,SHEPRIME2-MALL - HCM,--,--,1858,1,JOHNSON'S Sữa tắm gội Baby Top-To-Toe Hair & Body (Vàng) - 200ml,https://cf.shopee.vn/file/sg-11134201-8259u-msk1gk4caryic0_tn,VIE GROUP HCM,03/10/2026 19:53,,--
586390932544521441,,Chờ in,TikTok,TTEPRIME-MALL-HCM,--,--,1350,1,CERAVE Sữa Rửa Mặt Foaming Cleanser - 30ml FRANCE,https://p16-oec-sg.ibyteimg.com/tos-alisg-i-aphluv4xwc-sg/50806a02e3104a3bb34e537bc386ab64~tplv-aphluv4xwc-origin-jpeg.jpeg?dr=15568&t=555f072d&ps=933b5bde&shp=54477afb&shcp=3c3d9ffb&idc=my3&from=1413970683,VIE GROUP HCM,03/10/2026 19:52,,--
586390861929088024,,Chờ xử lý,TikTok,TTVIEPRIME-HANOI,--,--,last8338,1,COMBO 3 Serum LA ROCHE-POSAY Hyalu B5-[ 10ml ],https://p16-oec-sg.ibyteimg.com/tos-alisg-i-aphluv4xwc-sg/ce9d79e42f654881a903f9263a4b7eb0~tplv-aphluv4xwc-origin-jpeg.jpeg?dr=15568&t=555f072d&ps=933b5bde&shp=54477afb&shcp=3c3d9ffb&idc=my2&from=1413970683,COSMEE HA NOI,03/10/2026 19:51,,--
586390802637424456,,Chờ in,TikTok,TTVIESGN-HCM,--,--,1350,1,CERAVE Sữa Rửa Mặt Foaming Cleanser - 30ml FRANCE,https://p16-oec-va.ibyteimg.com/tos-maliva-i-o3syd03w52-us/e3e9667ce3494a6c8150fb489cb2491d~tplv-o3syd03w52-origin-jpeg.jpeg?dr=15568&t=555f072d&ps=933b5bde&shp=54477afb&shcp=3c3d9ffb&idc=my2&from=1413970683,VIE GROUP HCM,03/10/2026 19:45,,--
586390724560455270,,Chờ in,TikTok,TTEPRIME-MALL-HCM,--,--,CB1350.3,1,COMBO 3 Chai 30ml CERAVE Sữa Rửa Mặt Foaming Cleanser,https://p16-oec-sg.ibyteimg.com/tos-alisg-i-aphluv4xwc-sg/a2376db661934510bc5ab6e7f01657b3~tplv-aphluv4xwc-origin-jpeg.jpeg?dr=15568&t=555f072d&ps=933b5bde&shp=54477afb&shcp=3c3d9ffb&idc=my3&from=1413970683,VIE GROUP HCM,03/10/2026 19:41,,--
261003N88EPNXG,,Đã hủy,Shopee,SHVIECosme HCM,--,--,1887,1,KEYSHU mặt nạ dưỡng da - 1 Miếng ( Vitamin C ),https://cf.shopee.vn/file/vn-11134207-81ztc-ms9j7fo7lv5sb3_tn,VIE GROUP HCM,03/10/2026 19:40,,Chờ xử lý
261003N88EPNXG,,Đã hủy,Shopee,SHVIECosme HCM,--,--,1882,3,KEYSHU mặt nạ dưỡng da - 1 Miếng ( Hành Tím ),https://cf.shopee.vn/file/vn-11134207-81ztc-ms9j7s0atu6g77_tn,VIE GROUP HCM,03/10/2026 19:40,,Chờ xử lý
586390727430472791,,Chờ xử lý,TikTok,TTVIEPRIME-HANOI,--,--,2026,1,LRP Sữa Rửa Mặt Effaclar Purifying Foaming Gel - 50ml,https://p16-oec-sg.ibyteimg.com/tos-alisg-i-aphluv4xwc-sg/e4dc23ba7aa04ac68154f7d70954e8c5~tplv-aphluv4xwc-origin-jpeg.jpeg?dr=15568&t=555f072d&ps=933b5bde&shp=54477afb&shcp=3c3d9ffb&idc=my2&from=1413970683,COSMEE HA NOI,03/10/2026 19:40,,--
586390683523319418,,Chờ in,TikTok,TTEPRIME-MALL-HCM,--,--,1350,1,CERAVE Sữa Rửa Mặt Foaming Cleanser - 30ml FRANCE,https://p16-oec-sg.ibyteimg.com/tos-alisg-i-aphluv4xwc-sg/50806a02e3104a3bb34e537bc386ab64~tplv-aphluv4xwc-origin-jpeg.jpeg?dr=15568&t=555f072d&ps=933b5bde&shp=54477afb&shcp=3c3d9ffb&idc=my&from=1413970683,VIE GROUP HCM,03/10/2026 19:40,,--
586390601092662786,,Chờ in,TikTok,TTVIESGN-HCM,--,--,1350,1,CERAVE Sữa Rửa Mặt Foaming Cleanser - 30ml FRANCE,https://p16-oec-sg.ibyteimg.com/tos-alisg-i-aphluv4xwc-sg/e6a9105da8614796ac0e8db7403f7c49~tplv-aphluv4xwc-origin-jpeg.jpeg?dr=15568&t=555f072d&ps=933b5bde&shp=54477afb&shcp=3c3d9ffb&idc=my&from=1413970683,VIE GROUP HCM,03/10/2026 19:32,,--
586390537455896080,,Chờ in,TikTok,TTVIESGN-HCM,--,--,1350,1,CERAVE Sữa Rửa Mặt Foaming Cleanser - 30ml FRANCE,https://p16-oec-sg.ibyteimg.com/tos-alisg-i-aphluv4xwc-sg/cc9742efae154cb89c3e62363dff00b1~tplv-aphluv4xwc-origin-jpeg.jpeg?dr=15568&t=555f072d&ps=933b5bde&shp=54477afb&shcp=3c3d9ffb&idc=my&from=1413970683,VIE GROUP HCM,03/10/2026 19:32,,--
586390562136163744,,Chờ xử lý,TikTok,TTVIEPRIME-HANOI,--,--,2471,1,THE SAEM D114 - SAEM - CHE KHUYẾT ĐIỂM - 1.5 (L17CO2 C),https://p16-oec-sg.ibyteimg.com/tos-alisg-i-aphluv4xwc-sg/f8ebfa48086e4cd58323e116b61618b2~tplv-aphluv4xwc-origin-jpeg.jpeg?dr=15568&t=555f072d&ps=933b5bde&shp=54477afb&shcp=3c3d9ffb&idc=my2&from=1413970683,COSMEE HA NOI,03/10/2026 19:30,,--
586390513969890848,,Chờ in,TikTok,TTEPRIME-MALL-HCM,--,--,2371,1,SIMPLE Sữa rửa mặt Purifying Gel Wash 150ml [Xanh dương],https://p16-oec-va.ibyteimg.com/tos-maliva-i-o3syd03w52-us/4f8407d8725d444b886471aeec810f4d~tplv-o3syd03w52-origin-jpeg.jpeg?dr=15568&t=555f072d&ps=933b5bde&shp=54477afb&shcp=3c3d9ffb&idc=my&from=1413970683,VIE GROUP HCM,03/10/2026 19:29,,--
586390483925173874,,Chờ xử lý,TikTok,TTVIEPRIME-HANOI,--,--,CB2026.5,1,COMBO 5 TUÝP LRP Sữa Rửa Mặt Effaclar Purifying Foaming Gel - 50ml,https://p16-oec-sg.ibyteimg.com/tos-alisg-i-aphluv4xwc-sg/790fc78336a043849e61c00f5b8cb791~tplv-aphluv4xwc-origin-jpeg.jpeg?dr=15568&t=555f072d&ps=933b5bde&shp=54477afb&shcp=3c3d9ffb&idc=my2&from=1413970683,COSMEE HA NOI,03/10/2026 19:26,,--
586390439977518980,,Chờ in,TikTok,TTEPRIME-MALL-HCM,--,--,1350,1,CERAVE Sữa Rửa Mặt Foaming Cleanser - 30ml FRANCE,https://p16-oec-sg.ibyteimg.com/tos-alisg-i-aphluv4xwc-sg/50806a02e3104a3bb34e537bc386ab64~tplv-aphluv4xwc-origin-jpeg.jpeg?dr=15568&t=555f072d&ps=933b5bde&shp=54477afb&shcp=3c3d9ffb&idc=my2&from=1413970683,VIE GROUP HCM,03/10/2026 19:24,,--
586390014749213781,,Chờ in,TikTok,TTEPRIME-MALL-HCM,--,--,1351,1,CERAVE Sữa Rửa Mặt Foaming Cleanser - 473ml FRANCE,https://p16-oec-sg.ibyteimg.com/tos-alisg-i-aphluv4xwc-sg/59c0767a7b6746d38acc2427ba1e5db1~tplv-aphluv4xwc-origin-jpeg.jpeg?dr=15568&t=555f072d&ps=933b5bde&shp=54477afb&shcp=3c3d9ffb&idc=my2&from=1413970683,VIE GROUP HCM,03/10/2026 19:24,,--
586390431880480748,,Đã hủy,TikTok,TTVIESGN-HCM,--,--,1943,1,LAMEILA Bông tẩy trang 222 miếng - Vàng FM,https://p16-oec-va.ibyteimg.com/tos-maliva-i-o3syd03w52-us/0be9a2f1b5ad4766bd0cbcbe35f15bf3~tplv-o3syd03w52-origin-jpeg.jpeg?dr=15568&t=555f072d&ps=933b5bde&shp=54477afb&shcp=3c3d9ffb&idc=my&from=1413970683,VIE GROUP HCM,03/10/2026 19:22,,--
586390372797089388,,Chờ in,TikTok,TTEPRIME-MALL-HCM,--,--,1350,1,CERAVE Sữa Rửa Mặt Foaming Cleanser - 30ml FRANCE,https://p16-oec-sg.ibyteimg.com/tos-alisg-i-aphluv4xwc-sg/50806a02e3104a3bb34e537bc386ab64~tplv-aphluv4xwc-origin-jpeg.jpeg?dr=15568&t=555f072d&ps=933b5bde&shp=54477afb&shcp=3c3d9ffb&idc=my&from=1413970683,VIE GROUP HCM,03/10/2026 19:21,,--
586390385747723680,,Đã hủy,TikTok,TTVIEPRIME-HANOI,--,--,2471,1,THE SAEM D114 - SAEM - CHE KHUYẾT ĐIỂM - 1.5 (L17CO2 C),https://p16-oec-sg.ibyteimg.com/tos-alisg-i-aphluv4xwc-sg/f8ebfa48086e4cd58323e116b61618b2~tplv-aphluv4xwc-origin-jpeg.jpeg?dr=15568&t=555f072d&ps=933b5bde&shp=54477afb&shcp=3c3d9ffb&idc=my2&from=1413970683,COSMEE HA NOI,03/10/2026 19:21,,Chờ xử lý
586390291126257620,,Chờ in,TikTok,TTEPRIME-MALL-HCM,--,--,CB1350.3,1,COMBO 3 Chai 30ml CERAVE Sữa Rửa Mặt Foaming Cleanser,https://p16-oec-sg.ibyteimg.com/tos-alisg-i-aphluv4xwc-sg/b203882fafcc4a5dbc6ce5bef84bd40b~tplv-aphluv4xwc-origin-jpeg.jpeg?dr=15568&t=555f072d&ps=933b5bde&shp=54477afb&shcp=3c3d9ffb&idc=my&from=1413970683,VIE GROUP HCM,03/10/2026 19:14,,--
586390197794407952,,Đã hủy,TikTok,TTVIESGN-HCM,--,--,1350,2,CERAVE Sữa Rửa Mặt Foaming Cleanser - 30ml FRANCE,https://p16-oec-sg.ibyteimg.com/tos-alisg-i-aphluv4xwc-sg/cc9742efae154cb89c3e62363dff00b1~tplv-aphluv4xwc-origin-jpeg.jpeg?dr=15568&t=555f072d&ps=933b5bde&shp=54477afb&shcp=3c3d9ffb&idc=my&from=1413970683,VIE GROUP HCM,03/10/2026 19:13,,Chờ xử lý
586390256556869585,,Chờ in,TikTok,TTVIESGN-HCM,--,--,1350,1,CERAVE Sữa Rửa Mặt Foaming Cleanser - 30ml FRANCE,https://p16-oec-sg.ibyteimg.com/tos-alisg-i-aphluv4xwc-sg/cc9742efae154cb89c3e62363dff00b1~tplv-aphluv4xwc-origin-jpeg.jpeg?dr=15568&t=555f072d&ps=933b5bde&shp=54477afb&shcp=3c3d9ffb&idc=my&from=1413970683,VIE GROUP HCM,03/10/2026 19:13,,--
261003N6HD6604,,Chờ in,Shopee,SHVIECosme HCM,--,--,1882,1,KEYSHU mặt nạ dưỡng da - 1 Miếng ( Hành Tím ),https://cf.shopee.vn/file/vn-11134207-81ztc-ms9j7s0atu6g77_tn,VIE GROUP HCM,03/10/2026 19:09,,--
261003N68AA1PA,,Chờ in,Shopee,SHEP - HCM,--,--,1472,1,COMPLIMENT Sữa rửa mặt No Problem 200ml - Hồng,https://cf.shopee.vn/file/vn-11134207-7ras8-m12a0k10v2mz20_tn,VIE GROUP HCM,03/10/2026 19:04,,--
586390164210550582,,Chờ xử lý,TikTok,TTVIEPRIME-HANOI,--,--,,1,VASELINE Sáp Dưỡng Ẩm Pure Petroleum Jelly - 100ml,https://p16-oec-sg.ibyteimg.com/tos-alisg-i-aphluv4xwc-sg/41f8220f8d624c0e9f85614b053ec0b3~tplv-aphluv4xwc-origin-jpeg.jpeg?dr=15568&t=555f072d&ps=933b5bde&shp=54477afb&shcp=3c3d9ffb&idc=my2&from=1413970683,COSMEE HA NOI,03/10/2026 19:04,,--
586390084511958018,,Chờ in,TikTok,TTEPRIME-MALL-HCM,--,--,CB2026.3,1,COMBO 3 TUÝP LRP Sữa Rửa Mặt Effaclar Purifying Foaming Gel - 50ml,https://p16-oec-sg.ibyteimg.com/tos-alisg-i-aphluv4xwc-sg/4fdb1010396942c6bcbbb4ff16ba3159~tplv-aphluv4xwc-origin-jpeg.jpeg?dr=15568&t=555f072d&ps=933b5bde&shp=54477afb&shcp=3c3d9ffb&idc=my&from=1413970683,VIE GROUP HCM,03/10/2026 19:03,,--
261003AASIAHACVXM5A,,Nền tảng đang xử lý,Shopee,SHEP - HCM,--,--,2361,1,SILCOT Bông tẩy trang Unicharm - 82 miếng Xanh dương,https://cf.shopee.vn/file/vn-11134207-7ras8-mcke8s4l7qqq55_tn,VIE GROUP HCM,03/10/2026 19:00,,--
261003AASIZRSEJGCNY,,Nền tảng đang xử lý,Shopee,SHEP - HCM,--,--,2361,1,SILCOT Bông tẩy trang Unicharm - 82 miếng Xanh dương,https://cf.shopee.vn/file/vn-11134207-7ras8-mcke8s4l7qqq55_tn,VIE GROUP HCM,03/10/2026 19:00,,--
261003AASFWYPKKSW5I,,Nền tảng đang xử lý,Shopee,SHEP - HCM,--,--,2361,1,SILCOT Bông tẩy trang Unicharm - 82 miếng Xanh dương,https://cf.shopee.vn/file/vn-11134207-7ras8-mcke8s4l7qqq55_tn,VIE GROUP HCM,03/10/2026 19:00,,--
532932732332036,,Chờ in,Lazada,LZDEPRIME-MALL - HCM,--,--,2026,1,LRP Sữa Rửa Mặt Effaclar Purifying Foaming Gel - 50ml,https://vn-live.slatic.net/p/b17c43ce7a2b8f641b2da2023b2e6b7c.jpg,VIE GROUP HCM,03/10/2026 18:59,,--
586390076831139760,,Chờ in,TikTok,TTEPRIME-MALL-HCM,--,--,CB2026.3,1,COMBO 3 TUÝP LRP Sữa Rửa Mặt Effaclar Purifying Foaming Gel - 50ml,https://p16-oec-sg.ibyteimg.com/tos-alisg-i-aphluv4xwc-sg/4fdb1010396942c6bcbbb4ff16ba3159~tplv-aphluv4xwc-origin-jpeg.jpeg?dr=15568&t=555f072d&ps=933b5bde&shp=54477afb&shcp=3c3d9ffb&idc=my&from=1413970683,VIE GROUP HCM,03/10/2026 18:56,,--
261003N5QFHY7N,,Chờ in,Shopee,SHEP - HCM,--,--,2100,5,MINISO Bông tẩy trang Nhật Bản 100% 180 Miếng,https://cf.shopee.vn/file/vn-11134207-81ztc-mtmgtix9883o2d_tn,VIE GROUP HCM,03/10/2026 18:55,,--
586389951214356214,,Chờ in,TikTok,TTEPRIME-MALL-HCM,--,--,CB2026.3,1,COMBO 3 TUÝP LRP Sữa Rửa Mặt Effaclar Purifying Foaming Gel - 50ml,https://p16-oec-sg.ibyteimg.com/tos-alisg-i-aphluv4xwc-sg/4fdb1010396942c6bcbbb4ff16ba3159~tplv-aphluv4xwc-origin-jpeg.jpeg?dr=15568&t=555f072d&ps=933b5bde&shp=54477afb&shcp=3c3d9ffb&idc=my2&from=1413970683,VIE GROUP HCM,03/10/2026 18:53,,--
261003N5JF8URR,,Đang giao hàng,Shopee,SHVIEPro-HANOI,--,--,1980,1,LOREAL Nước Tẩy Trang Revitalift Crystal Purifying Micellar Water [Xám] - 95ml,https://cf.shopee.vn/file/vn-11134207-7r98o-lp3u0heu5rh71b_tn,COSMEE HA NOI,03/10/2026 18:52,,--
586389987530343453,,Chờ in,TikTok,TTEPRIME-MALL-HCM,--,--,1350,1,CERAVE Sữa Rửa Mặt Foaming Cleanser - 30ml FRANCE,https://p16-oec-sg.ibyteimg.com/tos-alisg-i-aphluv4xwc-sg/50806a02e3104a3bb34e537bc386ab64~tplv-aphluv4xwc-origin-jpeg.jpeg?dr=15568&t=555f072d&ps=933b5bde&shp=54477afb&shcp=3c3d9ffb&idc=my&from=1413970683,VIE GROUP HCM,03/10/2026 18:51,,--
261003N5D0QR9X,,Đang giao hàng,Shopee,SHEP - HCM,--,--,CB2361.2,1,"SILCOT Bông tẩy trang Unicharm - 82 miếng Xanh dương, COMBO 2 HỘP",https://cf.shopee.vn/file/vn-11134207-7ras8-mcke8u9q2v4yd7_tn,VIE GROUP HCM,03/10/2026 18:49,,--
261003N53Q7N90,,Chờ in,Shopee,SHVIECosme HCM,--,--,1882,1,KEYSHU mặt nạ dưỡng da - 1 Miếng ( Hành Tím ),https://cf.shopee.vn/file/vn-11134207-81ztc-ms9j7s0atu6g77_tn,VIE GROUP HCM,03/10/2026 18:44,,--
261003N44ET3M1,,Nền tảng đang xử lý,Shopee,SHVIECosme HCM,--,--,1127,1,Aspasia - Xịt Khoáng Aspasia Moist Up Face Mist Aloe Làm Dịu Mát Bổ Sung Độ Ẩm Cho Làn Da Rạng Rỡ 150ml,https://cf.shopee.vn/file/vn-11134207-81ztc-mpsziotao3ya56_tn,VIE GROUP HCM,03/10/2026 18:26,,--
261003N41UU0EG,,Đang giao hàng,Shopee,SHEP - HCM,--,--,2030,1,LRP Tẩy Trang Effaclar Micellar Water For Oily Skin - 400ml (Xanh),https://cf.shopee.vn/file/vn-11134207-7ras8-maxt6zqsbd2042_tn,VIE GROUP HCM,03/10/2026 18:25,,--
261003N41UU0EH,,Chờ in,Shopee,SHEP - HCM,--,--,2277,2,PRETTYSKIN Serum B5 PRETTYSKIN Multi Hydra Max 50ml - Xanh đậm,https://cf.shopee.vn/file/vn-11134207-81ztc-mmlk9jds53bc7c_tn,VIE GROUP HCM,03/10/2026 18:25,,--
261003N41UU0EH,,Chờ in,Shopee,SHEP - HCM,--,--,QT40,1,MEDIANSWER Tinh chất hỗ trợ sáng da Vita Collagen Logic Ampoule - 2 ml,https://cf.shopee.vn/file/vn-11134207-81ztc-mtqcnbkc7coya1_tn,VIE GROUP HCM,03/10/2026 18:25,,--
586389490052990046,,Chờ in,TikTok,TTEPRIME-MALL-HCM,--,--,2026,1,LRP Sữa Rửa Mặt Effaclar Purifying Foaming Gel - 50ml,https://p16-oec-sg.ibyteimg.com/tos-alisg-i-aphluv4xwc-sg/e34ab459d15b4717b53d8bd8fe469991~tplv-aphluv4xwc-origin-jpeg.jpeg?dr=15568&t=555f072d&ps=933b5bde&shp=54477afb&shcp=3c3d9ffb&idc=my2&from=1413970683,VIE GROUP HCM,03/10/2026 18:23,,--
586389391022785540,,Chờ xử lý,TikTok,TTVIEPRIME-HANOI,--,--,,1,VASELINE Sáp Dưỡng Ẩm Pure Petroleum Jelly - 100ml,https://p16-oec-sg.ibyteimg.com/tos-alisg-i-aphluv4xwc-sg/41f8220f8d624c0e9f85614b053ec0b3~tplv-aphluv4xwc-origin-jpeg.jpeg?dr=15568&t=555f072d&ps=933b5bde&shp=54477afb&shcp=3c3d9ffb&idc=my2&from=1413970683,COSMEE HA NOI,03/10/2026 18:21,,--
586389374658512064,,Chờ in,TikTok,TTEPRIME-MALL-HCM,--,--,1350,1,CERAVE Sữa Rửa Mặt Foaming Cleanser - 30ml FRANCE,https://p16-oec-sg.ibyteimg.com/tos-alisg-i-aphluv4xwc-sg/50806a02e3104a3bb34e537bc386ab64~tplv-aphluv4xwc-origin-jpeg.jpeg?dr=15568&t=555f072d&ps=933b5bde&shp=54477afb&shcp=3c3d9ffb&idc=my&from=1413970683,VIE GROUP HCM,03/10/2026 18:20,,--
586389373084992941,,Đã hủy,TikTok,TTEPRIME-MALL-HCM,--,--,1844,1,JOHNSON'S Nước hoa Baby hương ban mai - 125ml (tím),https://p16-oec-va.ibyteimg.com/tos-maliva-i-o3syd03w52-us/7f684b0b694d4bdaabfcb2ddab3ad6d4~tplv-o3syd03w52-origin-jpeg.jpeg?dr=15568&t=555f072d&ps=933b5bde&shp=54477afb&shcp=3c3d9ffb&idc=my2&from=1413970683,VIE GROUP HCM,03/10/2026 18:19,,--
586389330046846821,,Chờ in,TikTok,TTEPRIME-MALL-HCM,--,--,1350,1,CERAVE Sữa Rửa Mặt Foaming Cleanser - 30ml FRANCE,https://p16-oec-sg.ibyteimg.com/tos-alisg-i-aphluv4xwc-sg/50806a02e3104a3bb34e537bc386ab64~tplv-aphluv4xwc-origin-jpeg.jpeg?dr=15568&t=555f072d&ps=933b5bde&shp=54477afb&shcp=3c3d9ffb&idc=my2&from=1413970683,VIE GROUP HCM,03/10/2026 18:17,,--
586389271112615427,,Đã hủy,TikTok,TTEPRIME-MALL-HCM,--,--,CB1350.3,1,COMBO 3 Chai 30ml CERAVE Sữa Rửa Mặt Foaming Cleanser,https://p16-oec-sg.ibyteimg.com/tos-alisg-i-aphluv4xwc-sg/a2376db661934510bc5ab6e7f01657b3~tplv-aphluv4xwc-origin-jpeg.jpeg?dr=15568&t=555f072d&ps=933b5bde&shp=54477afb&shcp=3c3d9ffb&idc=my3&from=1413970683,VIE GROUP HCM,03/10/2026 18:16,,Chờ xử lý
586389253035754749,,Đã hủy,TikTok,TTEPRIME-MALL-HCM,--,--,2026,2,LRP Sữa Rửa Mặt Effaclar Purifying Foaming Gel - 50ml,https://p16-oec-sg.ibyteimg.com/tos-alisg-i-aphluv4xwc-sg/e34ab459d15b4717b53d8bd8fe469991~tplv-aphluv4xwc-origin-jpeg.jpeg?dr=15568&t=555f072d&ps=933b5bde&shp=54477afb&shcp=3c3d9ffb&idc=my3&from=1413970683,VIE GROUP HCM,03/10/2026 18:13,,Chờ xử lý
586389309620192904,,Đã hủy,TikTok,TTEPRIME-MALL-HCM,--,--,2026,1,LRP Sữa Rửa Mặt Effaclar Purifying Foaming Gel - 50ml,https://p16-oec-sg.ibyteimg.com/tos-alisg-i-aphluv4xwc-sg/e34ab459d15b4717b53d8bd8fe469991~tplv-aphluv4xwc-origin-jpeg.jpeg?dr=15568&t=555f072d&ps=933b5bde&shp=54477afb&shcp=3c3d9ffb&idc=my&from=1413970683,VIE GROUP HCM,03/10/2026 18:13,,Chờ xử lý
261003N39NFXT5,,Chờ in,Shopee,SHCOSMEE-HANOI,--,--,,2,Cọ tán son môi [XT],https://cf.shopee.vn/file/vn-11134207-81ztc-mq4o693axde619_tn,COSMEE HA NOI,03/10/2026 18:11,,--
586389192240366809,,Chờ xử lý,TikTok,TTVIEPRIME-HANOI,--,--,1350 Lẻ 1 Da Dầu 30ml,1,CERAVE Sữa Rửa Mặt Foaming Cleanser - 30ml FRANCE,https://p16-oec-sg.ibyteimg.com/tos-alisg-i-aphluv4xwc-sg/aa6674c745e24a0c898498161668b853~tplv-aphluv4xwc-origin-jpeg.jpeg?dr=15568&t=555f072d&ps=933b5bde&shp=54477afb&shcp=3c3d9ffb&idc=my2&from=1413970683,COSMEE HA NOI,03/10/2026 18:11,,--
586389240869062532,,Chờ in,TikTok,TTEPRIME-MALL-HCM,--,--,CB2026.3,1,COMBO 3 TUÝP LRP Sữa Rửa Mặt Effaclar Purifying Foaming Gel - 50ml,https://p16-oec-sg.ibyteimg.com/tos-alisg-i-aphluv4xwc-sg/4fdb1010396942c6bcbbb4ff16ba3159~tplv-aphluv4xwc-origin-jpeg.jpeg?dr=15568&t=555f072d&ps=933b5bde&shp=54477afb&shcp=3c3d9ffb&idc=my2&from=1413970683,VIE GROUP HCM,03/10/2026 18:08,,--
261003N3409J46,,Chờ in,Shopee,SHEP - HCM,--,--,1472,1,COMPLIMENT Sữa rửa mặt No Problem 200ml - Hồng,https://cf.shopee.vn/file/vn-11134207-7ras8-m12a0k10v2mz20_tn,VIE GROUP HCM,03/10/2026 18:08,,--
261003N33NRPVF,,Chờ in,Shopee,SHVIECosme HCM,--,--,1882,1,KEYSHU mặt nạ dưỡng da - 1 Miếng ( Hành Tím ),https://cf.shopee.vn/file/vn-11134207-81ztc-ms9j7s0atu6g77_tn,VIE GROUP HCM,03/10/2026 18:08,,--
586389211542620114,,Đã hủy,TikTok,TTEPRIME-MALL-HCM,--,--,2026,1,LRP Sữa Rửa Mặt Effaclar Purifying Foaming Gel - 50ml,https://p16-oec-sg.ibyteimg.com/tos-alisg-i-aphluv4xwc-sg/e34ab459d15b4717b53d8bd8fe469991~tplv-aphluv4xwc-origin-jpeg.jpeg?dr=15568&t=555f072d&ps=933b5bde&shp=54477afb&shcp=3c3d9ffb&idc=my2&from=1413970683,VIE GROUP HCM,03/10/2026 18:05,,--
586389103028569506,,Đã hủy,TikTok,TTEPRIME-MALL-HCM,--,--,1350,1,CERAVE Sữa Rửa Mặt Foaming Cleanser - 30ml FRANCE,https://p16-oec-sg.ibyteimg.com/tos-alisg-i-aphluv4xwc-sg/50806a02e3104a3bb34e537bc386ab64~tplv-aphluv4xwc-origin-jpeg.jpeg?dr=15568&t=555f072d&ps=933b5bde&shp=54477afb&shcp=3c3d9ffb&idc=my2&from=1413970683,VIE GROUP HCM,03/10/2026 18:02,,Chờ xử lý
586389134682261028,,Chờ in,TikTok,TTEPRIME-MALL-HCM,--,--,2026,1,LRP Sữa Rửa Mặt Effaclar Purifying Foaming Gel - 50ml,https://p16-oec-sg.ibyteimg.com/tos-alisg-i-aphluv4xwc-sg/e34ab459d15b4717b53d8bd8fe469991~tplv-aphluv4xwc-origin-jpeg.jpeg?dr=15568&t=555f072d&ps=933b5bde&shp=54477afb&shcp=3c3d9ffb&idc=my2&from=1413970683,VIE GROUP HCM,03/10/2026 18:00,,--
586389054993565149,,Chờ xử lý,TikTok,TTVIEPRIME-HANOI,--,--,2026,1,LRP Sữa Rửa Mặt Effaclar Purifying Foaming Gel - 50ml,https://p16-oec-sg.ibyteimg.com/tos-alisg-i-aphluv4xwc-sg/e4dc23ba7aa04ac68154f7d70954e8c5~tplv-aphluv4xwc-origin-jpeg.jpeg?dr=15568&t=555f072d&ps=933b5bde&shp=54477afb&shcp=3c3d9ffb&idc=my2&from=1413970683,COSMEE HA NOI,03/10/2026 17:59,,--
586389062203770202,,Chờ in,TikTok,TTEPRIME-MALL-HCM,--,--,2026,1,LRP Sữa Rửa Mặt Effaclar Purifying Foaming Gel - 50ml,https://p16-oec-sg.ibyteimg.com/tos-alisg-i-aphluv4xwc-sg/e34ab459d15b4717b53d8bd8fe469991~tplv-aphluv4xwc-origin-jpeg.jpeg?dr=15568&t=555f072d&ps=933b5bde&shp=54477afb&shcp=3c3d9ffb&idc=my2&from=1413970683,VIE GROUP HCM,03/10/2026 17:58,,--
261003N2G55MU9,,Chờ in,Shopee,SHEP - HCM,--,--,1472,1,COMPLIMENT Sữa rửa mặt No Problem 200ml - Hồng,https://cf.shopee.vn/file/vn-11134207-7ras8-m12a0k10v2mz20_tn,VIE GROUP HCM,03/10/2026 17:57,,--
261003N2EYWS0Q,,Chờ xử lý,Shopee,SHVIECosme HCM,--,--,,1,ADERMA Kem Dưỡng Ẩm Dermalibour+ Repairing Cream - 50ml,https://cf.shopee.vn/file/vn-11134207-81ztc-msgv6ex5hdl617_tn,VIE GROUP HCM,03/10/2026 17:56,,--
261003N283M51P,,Chờ in,Shopee,SHEP - HCM,--,--,2586,1,VICHY Dầu gội Dercos Technique Anti-Dandruff Ds Advanced To Oily Hair - 50ml (Xanh da dầu),https://cf.shopee.vn/file/vn-11134207-7r98o-m01egt2ul4vhba_tn,VIE GROUP HCM,03/10/2026 17:53,,--
586388942277936130,,Chờ xử lý,TikTok,TTVIEPRIME-HANOI,--,--,2026,1,LRP Sữa Rửa Mặt Effaclar Purifying Foaming Gel - 50ml,https://p16-oec-sg.ibyteimg.com/tos-alisg-i-aphluv4xwc-sg/e4dc23ba7aa04ac68154f7d70954e8c5~tplv-aphluv4xwc-origin-jpeg.jpeg?dr=15568&t=555f072d&ps=933b5bde&shp=54477afb&shcp=3c3d9ffb&idc=my3&from=1413970683,COSMEE HA NOI,03/10/2026 17:48,,--
261003N1MNT4N9,,Chờ in,Shopee,SHVIECosme HCM,--,--,1885,1,KEYSHU mặt nạ dưỡng da - 1 Miếng ( Nâng Cơ ),https://cf.shopee.vn/file/vn-11134207-81ztc-ms9j7ile42km52_tn,VIE GROUP HCM,03/10/2026 17:42,,--
586388823478273319,,Chờ in,TikTok,TTEPRIME-MALL-HCM,--,--,1350,1,CERAVE Sữa Rửa Mặt Foaming Cleanser - 30ml FRANCE,https://p16-oec-sg.ibyteimg.com/tos-alisg-i-aphluv4xwc-sg/50806a02e3104a3bb34e537bc386ab64~tplv-aphluv4xwc-origin-jpeg.jpeg?dr=15568&t=555f072d&ps=933b5bde&shp=54477afb&shcp=3c3d9ffb&idc=my2&from=1413970683,VIE GROUP HCM,03/10/2026 17:39,,--
261003N16TCHS3,,Chờ in,Shopee,SHVIECosme HCM,--,--,1882,1,KEYSHU mặt nạ dưỡng da - 1 Miếng ( Hành Tím ),https://cf.shopee.vn/file/vn-11134207-81ztc-ms9j7s0atu6g77_tn,VIE GROUP HCM,03/10/2026 17:34,,--
261003N13CP4PV,,Đã hủy,Shopee,SHEP - HCM,--,--,2005,1,LRP Kem Dưỡng Cicaplast Baume B5+ Soothing Repairing Balm - 40ML,https://cf.shopee.vn/file/vn-11134207-7ras8-md167zzqsjlr76_tn,VIE GROUP HCM,03/10/2026 17:32,,Chờ xử lý
261003N13CP4PV,,Đã hủy,Shopee,SHEP - HCM,--,--,QT40,1,MEDIANSWER Tinh chất hỗ trợ sáng da Vita Collagen Logic Ampoule - 2 ml,https://cf.shopee.vn/file/vn-11134207-81ztc-mtqcnbkc7coya1_tn,VIE GROUP HCM,03/10/2026 17:32,,Chờ xử lý
586388697428494245,,Chờ in,TikTok,TTEPRIME-MALL-HCM,--,--,1350,1,CERAVE Sữa Rửa Mặt Foaming Cleanser - 30ml FRANCE,https://p16-oec-sg.ibyteimg.com/tos-alisg-i-aphluv4xwc-sg/50806a02e3104a3bb34e537bc386ab64~tplv-aphluv4xwc-origin-jpeg.jpeg?dr=15568&t=555f072d&ps=933b5bde&shp=54477afb&shcp=3c3d9ffb&idc=my2&from=1413970683,VIE GROUP HCM,03/10/2026 17:38,,--
586388695710598168,,Chờ xử lý,TikTok,TTVIEPRIME-HANOI,--,--,1350 Lẻ 1 Da Dầu 30ml,1,CERAVE Sữa Rửa Mặt Foaming Cleanser - 30ml FRANCE,https://p16-oec-sg.ibyteimg.com/tos-alisg-i-aphluv4xwc-sg/6d56f72d52ad48148cc7f891d0d6ff93~tplv-aphluv4xwc-origin-jpeg.jpeg?dr=15568&t=555f072d&ps=933b5bde&shp=54477afb&shcp=3c3d9ffb&idc=my3&from=1413970683,COSMEE HA NOI,03/10/2026 17:31,,--
261003N0QSQ5TW,,Đang giao hàng,Shopee,SHVIEPro-HANOI,--,--,1980,1,LOREAL Nước Tẩy Trang Revitalift Crystal Purifying Micellar Water [Xám] - 95ml,https://cf.shopee.vn/file/vn-11134207-7r98o-lp3u0heu5rh71b_tn,COSMEE HA NOI,03/10/2026 17:25,,--
586388545997145112,,Đã hủy,TikTok,TTVIEPRIME-HANOI,--,--,CB1350.3 COMBO 3 Dầu x 30ml,1,COMBO 3 Chai 30ml CERAVE Sữa Rửa Mặt Foaming Cleanser,https://p16-oec-sg.ibyteimg.com/tos-alisg-i-aphluv4xwc-sg/a66ef569c50d41e5a9f53922eaa4f2fd~tplv-aphluv4xwc-origin-jpeg.jpeg?dr=15568&t=555f072d&ps=933b5bde&shp=54477afb&shcp=3c3d9ffb&idc=my3&from=1413970683,COSMEE HA NOI,03/10/2026 17:25,,Chờ xử lý
261003N0DBW9YK,,Chờ in,Shopee,SHEP - HCM,--,--,2099,1,MINISO Bông tẩy trang Miniso Cao Cấp  100% cotton TRÒN 180 miếng,https://cf.shopee.vn/file/vn-11134207-81ztc-mrtx7fmb4ohzcc_tn,VIE GROUP HCM,03/10/2026 17:20,,--
261003N0CAHW4S,,Chờ in,Shopee,SHVIECosme HCM,--,--,1882,1,KEYSHU mặt nạ dưỡng da - 1 Miếng ( Hành Tím ),https://cf.shopee.vn/file/vn-11134207-81ztc-ms9j7s0atu6g77_tn,VIE GROUP HCM,03/10/2026 17:19,,--
261003MYXHX0NB,,Chờ in,Shopee,SHEP - HCM,--,--,2100,1,MINISO Bông tẩy trang Nhật Bản 100% 180 Miếng,https://cf.shopee.vn/file/vn-11134207-81ztc-mtmgtix9883o2d_tn,VIE GROUP HCM,03/10/2026 17:11,,--
261003MYS6B39A,,Chờ in,Shopee,SHCOSMEE-HANOI,--,--,,1,Cọ tán son môi [XT],https://cf.shopee.vn/file/vn-11134207-81ztc-mq4o693axde619_tn,COSMEE HA NOI,03/10/2026 17:08,,--
586388281980651053,,Chờ in,TikTok,TTEPRIME-MALL-HCM,--,--,1350,1,CERAVE Sữa Rửa Mặt Foaming Cleanser - 30ml FRANCE,https://p16-oec-sg.ibyteimg.com/tos-alisg-i-aphluv4xwc-sg/3a74939216bd408187fb49dc869e3bff~tplv-aphluv4xwc-origin-jpeg.jpeg?dr=15568&t=555f072d&ps=933b5bde&shp=54477afb&shcp=3c3d9ffb&idc=my&from=1413970683,VIE GROUP HCM,03/10/2026 17:03,,--
261003MYEUE08P,,Chờ in,Shopee,SHVIEMart - HCM,--,--,1002,1,Cọ tán son môi [XT],https://cf.shopee.vn/file/vn-11134207-7r98o-lpelicqgcpceda_tn,VIE GROUP HCM,03/10/2026 17:03,,--
261003MYEUE08P,,Chờ in,Shopee,SHVIEMart - HCM,--,--,CB1350.3 COMBO 3 Dầu x 30ml,1,COMBO 3 Chai 30ml CERAVE Sữa Rửa Mặt Foaming Cleanser,https://cf.shopee.vn/file/vn-11134207-7ra0g-m9gus1006zyac1_tn,VIE GROUP HCM,03/10/2026 17:03,,--
586388277164672707,,Chờ in,TikTok,TTEPRIME-MALL-HCM,--,--,2026,2,LRP Sữa Rửa Mặt Effaclar Purifying Foaming Gel - 50ml,https://p16-oec-sg.ibyteimg.com/tos-alisg-i-aphluv4xwc-sg/e34ab459d15b4717b53d8bd8fe469991~tplv-aphluv4xwc-origin-jpeg.jpeg?dr=15568&t=555f072d&ps=933b5bde&shp=54477afb&shcp=3c3d9ffb&idc=my2&from=1413970683,VIE GROUP HCM,03/10/2026 16:57,,--
261003MXUR3TPX,,Chờ in,Shopee,SHEPRIME2-MALL - HCM,--,--,2026,1,LRP Sữa Rửa Mặt Effaclar Purifying Foaming Gel - 50ml,https://cf.shopee.vn/file/vn-11134207-81ztc-ms4g1nr09wck4c_tn,VIE GROUP HCM,03/10/2026 16:52,,--
586388057887179915,,Chờ in,TikTok,TTEPRIME-MALL-HCM,--,--,CB2026.3,1,COMBO 3 TUÝP LRP Sữa Rửa Mặt Effaclar Purifying Foaming Gel - 50ml,https://p16-oec-sg.ibyteimg.com/tos-alisg-i-aphluv4xwc-sg/4fdb1010396942c6bcbbb4ff16ba3159~tplv-aphluv4xwc-origin-jpeg.jpeg?dr=15568&t=555f072d&ps=933b5bde&shp=54477afb&shcp=3c3d9ffb&idc=my2&from=1413970683,VIE GROUP HCM,03/10/2026 16:47,,--
586388030378837431,,Chờ xử lý,TikTok,TTVIEPRIME-HANOI,--,--,2230,1,OLAY Sữa Dưỡng B3 Cải Tiến Whitening Body Lotion Vitamin C +Niacinamide - 260ml,https://p16-oec-sg.ibyteimg.com/tos-alisg-i-aphluv4xwc-sg/268f5ca159844aafbb218fc571b95892~tplv-aphluv4xwc-origin-jpeg.jpeg?dr=15568&t=555f072d&ps=933b5bde&shp=54477afb&shcp=3c3d9ffb&idc=my2&from=1413970683,COSMEE HA NOI,03/10/2026 16:47,,--
261003MXEJH4Y0,,Đang giao hàng,Shopee,SHEP - HCM,--,--,1472,1,COMPLIMENT Sữa rửa mặt No Problem 200ml - Hồng,https://cf.shopee.vn/file/vn-11134207-7ras8-mdl81k1d0z3l56_tn,VIE GROUP HCM,03/10/2026 16:45,,--
586387957935211636,,Chờ in,TikTok,TTEPRIME-MALL-HCM,--,--,2026,1,LRP Sữa Rửa Mặt Effaclar Purifying Foaming Gel - 50ml,https://p16-oec-sg.ibyteimg.com/tos-alisg-i-aphluv4xwc-sg/e34ab459d15b4717b53d8bd8fe469991~tplv-aphluv4xwc-origin-jpeg.jpeg?dr=15568&t=555f072d&ps=933b5bde&shp=54477afb&shcp=3c3d9ffb&idc=my2&from=1413970683,VIE GROUP HCM,03/10/2026 16:41,,--
261003MX2PXK5E,,Chờ in,Shopee,SHEP - HCM,--,--,CB1886.5,1,COMBO 5 Miếng KEYSHU mặt nạ dưỡng da - ( Rau Má ),https://cf.shopee.vn/file/vn-11134207-820l4-mivefxjlcdfr64_tn,VIE GROUP HCM,03/10/2026 16:38,,--
586387915216684197,,Chờ in,TikTok,TTEPRIME-MALL-HCM,--,--,1350,1,CERAVE Sữa Rửa Mặt Foaming Cleanser - 30ml FRANCE,https://p16-oec-sg.ibyteimg.com/tos-alisg-i-aphluv4xwc-sg/b203882fafcc4a5dbc6ce5bef84bd40b~tplv-aphluv4xwc-origin-jpeg.jpeg?dr=15568&t=555f072d&ps=933b5bde&shp=54477afb&shcp=3c3d9ffb&idc=my&from=1413970683,VIE GROUP HCM,03/10/2026 16:38,,--
586387885846004917,,Đã hủy,TikTok,TTVIESGN-HCM,--,--,1350,1,CERAVE Sữa Rửa Mặt Foaming Cleanser - 30ml FRANCE,https://p16-oec-va.ibyteimg.com/tos-maliva-i-o3syd03w52-us/e3e9667ce3494a6c8150fb489cb2491d~tplv-o3syd03w52-origin-jpeg.jpeg?dr=15568&t=555f072d&ps=933b5bde&shp=54477afb&shcp=3c3d9ffb&idc=my&from=1413970683,VIE GROUP HCM,03/10/2026 16:36,,Chờ xử lý
261003MWSJ7DB2,,Đã hủy,Shopee,SHEP - HCM,--,--,2191,1,OBAGI Retinol Cream 0.5% USA 28g,https://cf.shopee.vn/file/vn-11134207-81ztc-mmh5boeovv9ded_tn,VIE GROUP HCM,03/10/2026 16:33,,Chờ xử lý
261003MWSJ7DB2,,Đã hủy,Shopee,SHEP - HCM,--,--,QT40,1,MEDIANSWER Tinh chất hỗ trợ sáng da Vita Collagen Logic Ampoule - 2 ml,https://cf.shopee.vn/file/vn-11134207-81ztc-mtqcnbkc7coya1_tn,VIE GROUP HCM,03/10/2026 16:33,,Chờ xử lý
261003MWNJE08T,,Đang giao hàng,Shopee,SHEPRIME2-MALL - HCM,--,--,1857,1,JOHNSON'S Sữa tắm gội Baby Top-To-Toe Hair & Body (Vàng) - 100ml,https://cf.shopee.vn/file/sg-11134201-825b0-msk1gjui1sec8a_tn,VIE GROUP HCM,03/10/2026 16:31,,--
586387809110492359,,Đang giao hàng,TikTok,TTVIESGN-HCM,--,--,CB2026.3,1,COMBO 3 TUÝP LRP Sữa Rửa Mặt Effaclar Purifying Foaming Gel - 50ml,https://p16-oec-va.ibyteimg.com/tos-maliva-i-o3syd03w52-us/e5a2cc16ea2a4127b9e3e75cc1ef1a41~tplv-o3syd03w52-origin-jpeg.jpeg?dr=15568&t=555f072d&ps=933b5bde&shp=54477afb&shcp=3c3d9ffb&idc=my2&from=1413970683,VIE GROUP HCM,03/10/2026 16:29,,--
586387739847722706,,Đang giao hàng,TikTok,TTEPRIME-MALL-HCM,--,--,1350,1,CERAVE Sữa Rửa Mặt Foaming Cleanser - 30ml FRANCE,https://p16-oec-sg.ibyteimg.com/tos-alisg-i-aphluv4xwc-sg/50806a02e3104a3bb34e537bc386ab64~tplv-aphluv4xwc-origin-jpeg.jpeg?dr=15568&t=555f072d&ps=933b5bde&shp=54477afb&shcp=3c3d9ffb&idc=my&from=1413970683,VIE GROUP HCM,03/10/2026 16:26,,--
261003MW64EYXN,,Đang giao hàng,Shopee,SHVIEMart - HCM,--,--,1004,1,Dũa móng 6 mặt [XT],https://cf.shopee.vn/file/vn-11134207-7ras8-mch930lruncdfb_tn,VIE GROUP HCM,03/10/2026 16:22,,--
261003MW5M7W7K,,Đang giao hàng,Shopee,SHVIECosme HCM,--,--,1882,1,KEYSHU mặt nạ dưỡng da - 1 Miếng ( Hành Tím ),https://cf.shopee.vn/file/vn-11134207-81ztc-ms9j7s0atu6g77_tn,VIE GROUP HCM,03/10/2026 16:22,,--
586387624202307529,,Đã hủy,TikTok,TTASCosme - HANOI,--,--,CB1711.3,1,COMBO 3 GARNIER Nước Tẩy Trang Micellar Cleansing Water 50ml - VÀNG TRẮNG OIL,https://p16-oec-sg.ibyteimg.com/tos-alisg-i-aphluv4xwc-sg/414d8bb5d95d4570a3d5edc829f7e9d4~tplv-aphluv4xwc-origin-jpeg.jpeg?dr=15568&t=555f072d&ps=933b5bde&shp=54477afb&shcp=3c3d9ffb&idc=my2&from=1413970683,COSMEE HA NOI,03/10/2026 16:19,,Chờ xử lý
261003MVXQV20U,,Đang giao hàng,Shopee,SHEP - HCM,--,--,2025,1,LRP Sữa Rửa Mặt Effaclar Purifying Foaming Gel - 200ml,https://cf.shopee.vn/file/vn-11134207-7ras8-maxuugykxyon4f_tn,VIE GROUP HCM,03/10/2026 16:18,,--
261003MVXQV20U,,Đang giao hàng,Shopee,SHEP - HCM,--,--,QT40,1,MEDIANSWER Tinh chất hỗ trợ sáng da Vita Collagen Logic Ampoule - 2 ml,https://cf.shopee.vn/file/vn-11134207-81ztc-mtqcnbkc7coya1_tn,VIE GROUP HCM,03/10/2026 16:18,,--
586387604450215594,,Đang giao hàng,TikTok,TTVIESGN-HCM,--,--,1350,1,CERAVE Sữa Rửa Mặt Foaming Cleanser - 30ml FRANCE,https://p16-oec-sg.ibyteimg.com/tos-alisg-i-aphluv4xwc-sg/cc9742efae154cb89c3e62363dff00b1~tplv-aphluv4xwc-origin-jpeg.jpeg?dr=15568&t=555f072d&ps=933b5bde&shp=54477afb&shcp=3c3d9ffb&idc=my2&from=1413970683,VIE GROUP HCM,03/10/2026 16:17,,--
586387534023459955,,Đang giao hàng,TikTok,TTVIEMart-MALL-HCM,--,--,1762,1,"HALLS XS Kẹo ngậm Không Đường Giúp Thơm Miệng, Giảm Ho, Đau Họng 12.6g - Watermelon",https://p16-oec-va.ibyteimg.com/tos-maliva-i-o3syd03w52-us/94a3e2a4d1a5495cbce70fc3b58a4503~tplv-o3syd03w52-origin-jpeg.jpeg?dr=15568&t=555f072d&ps=933b5bde&shp=54477afb&shcp=3c3d9ffb&idc=my2&from=1413970683,VIE GROUP HCM,03/10/2026 16:12,,--
586387417470109108,,Chờ xử lý,TikTok,TTVIEPRIME-HANOI,--,--,1472,1,COMPLIMENT Sữa rửa mặt No Problem 200ml - Hồng,https://p16-oec-sg.ibyteimg.com/tos-alisg-i-aphluv4xwc-sg/7434e317868148ba93f99925b05bfb45~tplv-aphluv4xwc-origin-jpeg.jpeg?dr=15568&t=555f072d&ps=933b5bde&shp=54477afb&shcp=3c3d9ffb&idc=my3&from=1413970683,COSMEE HA NOI,03/10/2026 16:09,,--
261003MVEG5DXS,,Đang giao hàng,Shopee,SHEP - HCM,--,--,1783,1,ICARE Dầu Gội Pharma Antisol dược liệu pH 6.5 240ml,https://cf.shopee.vn/file/vn-11134207-7ras8-m1z8ah332b2z23_tn,VIE GROUP HCM,03/10/2026 16:09,,--
261003MVEG5DXS,,Đang giao hàng,Shopee,SHEP - HCM,--,--,QT40,1,MEDIANSWER Tinh chất hỗ trợ sáng da Vita Collagen Logic Ampoule - 2 ml,https://cf.shopee.vn/file/vn-11134207-81ztc-mtqcnbkc7coya1_tn,VIE GROUP HCM,03/10/2026 16:09,,--
586387417485706251,,Đã hủy,TikTok,TTEPRIME-MALL-HCM,--,--,2026,1,LRP Sữa Rửa Mặt Effaclar Purifying Foaming Gel - 50ml,https://p16-oec-sg.ibyteimg.com/tos-alisg-i-aphluv4xwc-sg/e34ab459d15b4717b53d8bd8fe469991~tplv-aphluv4xwc-origin-jpeg.jpeg?dr=15568&t=555f072d&ps=933b5bde&shp=54477afb&shcp=3c3d9ffb&idc=my2&from=1413970683,VIE GROUP HCM,03/10/2026 16:06,,--
586387467654235611,,Đang giao hàng,TikTok,TTEPRIME-MALL-HCM,--,--,CB2026.3,1,COMBO 3 TUÝP LRP Sữa Rửa Mặt Effaclar Purifying Foaming Gel - 50ml,https://p16-oec-sg.ibyteimg.com/tos-alisg-i-aphluv4xwc-sg/4fdb1010396942c6bcbbb4ff16ba3159~tplv-aphluv4xwc-origin-jpeg.jpeg?dr=15568&t=555f072d&ps=933b5bde&shp=54477afb&shcp=3c3d9ffb&idc=my&from=1413970683,VIE GROUP HCM,03/10/2026 16:05,,--
586387466931766647,,Đang giao hàng,TikTok,TTEPRIME-MALL-HCM,--,--,2026,1,LRP Sữa Rửa Mặt Effaclar Purifying Foaming Gel - 50ml,https://p16-oec-sg.ibyteimg.com/tos-alisg-i-aphluv4xwc-sg/e34ab459d15b4717b53d8bd8fe469991~tplv-aphluv4xwc-origin-jpeg.jpeg?dr=15568&t=555f072d&ps=933b5bde&shp=54477afb&shcp=3c3d9ffb&idc=my2&from=1413970683,VIE GROUP HCM,03/10/2026 16:04,,--
586387409073177619,,Đang giao hàng,TikTok,TTEPRIME-MALL-HCM,--,--,2026,1,LRP Sữa Rửa Mặt Effaclar Purifying Foaming Gel - 50ml,https://p16-oec-sg.ibyteimg.com/tos-alisg-i-aphluv4xwc-sg/e34ab459d15b4717b53d8bd8fe469991~tplv-aphluv4xwc-origin-jpeg.jpeg?dr=15568&t=555f072d&ps=933b5bde&shp=54477afb&shcp=3c3d9ffb&idc=my2&from=1413970683,VIE GROUP HCM,03/10/2026 16:02,,--
586387385039488171,,Đang giao hàng,TikTok,TTEPRIME-MALL-HCM,--,--,1350,1,CERAVE Sữa Rửa Mặt Foaming Cleanser - 30ml FRANCE,https://p16-oec-sg.ibyteimg.com/tos-alisg-i-aphluv4xwc-sg/b203882fafcc4a5dbc6ce5bef84bd40b~tplv-aphluv4xwc-origin-jpeg.jpeg?dr=15568&t=555f072d&ps=933b5bde&shp=54477afb&shcp=3c3d9ffb&idc=my2&from=1413970683,VIE GROUP HCM,03/10/2026 16:01,,--
586387330328266352,,Đang giao hàng,TikTok,TTEPRIME-MALL-HCM,--,--,2026,1,LRP Sữa Rửa Mặt Effaclar Purifying Foaming Gel - 50ml,https://p16-oec-sg.ibyteimg.com/tos-alisg-i-aphluv4xwc-sg/e34ab459d15b4717b53d8bd8fe469991~tplv-aphluv4xwc-origin-jpeg.jpeg?dr=15568&t=555f072d&ps=933b5bde&shp=54477afb&shcp=3c3d9ffb&idc=my3&from=1413970683,VIE GROUP HCM,03/10/2026 16:00,,--
586387462844417546,,Đã hủy,TikTok,TTEPRIME-MALL-HCM,--,--,2026,1,LRP Sữa Rửa Mặt Effaclar Purifying Foaming Gel - 50ml,https://p16-oec-sg.ibyteimg.com/tos-alisg-i-aphluv4xwc-sg/e34ab459d15b4717b53d8bd8fe469991~tplv-aphluv4xwc-origin-jpeg.jpeg?dr=15568&t=555f072d&ps=933b5bde&shp=54477afb&shcp=3c3d9ffb&idc=my&from=1413970683,VIE GROUP HCM,03/10/2026 15:59,,--
586387328314344803,,Đang giao hàng,TikTok,TTEPRIME-MALL-HCM,--,--,CB2026.3,1,COMBO 3 TUÝP LRP Sữa Rửa Mặt Effaclar Purifying Foaming Gel - 50ml,https://p16-oec-sg.ibyteimg.com/tos-alisg-i-aphluv4xwc-sg/4fdb1010396942c6bcbbb4ff16ba3159~tplv-aphluv4xwc-origin-jpeg.jpeg?dr=15568&t=555f072d&ps=933b5bde&shp=54477afb&shcp=3c3d9ffb&idc=my2&from=1413970683,VIE GROUP HCM,03/10/2026 15:58,,--
261003MUUX1VEY,,Đang giao hàng,Shopee,SHEP - HCM,--,--,2100,2,MINISO Bông tẩy trang Nhật Bản 100% 180 Miếng,https://cf.shopee.vn/file/vn-11134207-81ztc-mtmgtix9883o2d_tn,VIE GROUP HCM,03/10/2026 15:58,,--
261003MUT3TG1H,,Đã hoàn thành,Shopee,SHEPRIME2-MALL - HCM,--,--,2026,1,LRP Sữa Rửa Mặt Effaclar Purifying Foaming Gel - 50ml,https://cf.shopee.vn/file/vn-11134207-81ztc-ms4g1nr09wck4c_tn,VIE GROUP HCM,03/10/2026 15:57,04/10/2026 15:39,--
261003MUDCNN3T,,Đang giao hàng,Shopee,SHEPRIME2-MALL - HCM,--,--,CB2026.3,1,COMBO 3 TUÝP LRP Sữa Rửa Mặt Effaclar Purifying Foaming Gel - 50ml,https://cf.shopee.vn/file/vn-11134207-81ztc-ms4g20918mbm6c_tn,VIE GROUP HCM,03/10/2026 15:50,,--
586387300788569906,,Chờ lấy hàng,TikTok,TTVIESGN-HCM,--,--,2026,1,LRP Sữa Rửa Mặt Effaclar Purifying Foaming Gel - 50ml,https://p16-oec-va.ibyteimg.com/tos-maliva-i-o3syd03w52-us/307dde19befb426e9d4f98983a79189c~tplv-o3syd03w52-origin-jpeg.jpeg?dr=15568&t=555f072d&ps=933b5bde&shp=54477afb&shcp=3c3d9ffb&idc=my2&from=1413970683,VIE GROUP HCM,03/10/2026 15:50,,--
261003MUA4PCKQ,,Đã hoàn thành,Shopee,SHEP - HCM,--,--,2654,1,"MARVIS Nước Súc Miệng Collutorio Hương Bạc Hà Thơm Mát, Hỗ Trợ Làm Sạch Khoang Miệng Whitening Mint - 400ml",https://cf.shopee.vn/file/vn-11134207-81ztc-mlrglzvt94hw4c_tn,VIE GROUP HCM,03/10/2026 15:48,04/10/2026 12:44,--
261003MUA4PCKQ,,Đã hoàn thành,Shopee,SHEP - HCM,--,--,QT40,1,MEDIANSWER Tinh chất hỗ trợ sáng da Vita Collagen Logic Ampoule - 2 ml,https://cf.shopee.vn/file/vn-11134207-81ztc-mtqcnbkc7coya1_tn,VIE GROUP HCM,03/10/2026 15:48,04/10/2026 12:44,--
261003MU9GNF9M,,Chờ in,Shopee,SHEP - HCM,--,--,1472,1,COMPLIMENT Sữa rửa mặt No Problem 200ml - Hồng,https://cf.shopee.vn/file/vn-11134207-7ras8-m12a0k10v2mz20_tn,VIE GROUP HCM,03/10/2026 15:48,,--
586387135858182127,,Đang giao hàng,TikTok,TTEPRIME-MALL-HCM,--,--,CB2026.3,1,COMBO 3 TUÝP LRP Sữa Rửa Mặt Effaclar Purifying Foaming Gel - 50ml,https://p16-oec-sg.ibyteimg.com/tos-alisg-i-aphluv4xwc-sg/4fdb1010396942c6bcbbb4ff16ba3159~tplv-aphluv4xwc-origin-jpeg.jpeg?dr=15568&t=555f072d&ps=933b5bde&shp=54477afb&shcp=3c3d9ffb&idc=my2&from=1413970683,VIE GROUP HCM,03/10/2026 15:48,,--
586387100185691847,,Đã hủy,TikTok,TTVIEPRIME-HANOI,--,--,CB1350.3 COMBO 3 Dầu x 30ml,1,COMBO 3 Chai 30ml CERAVE Sữa Rửa Mặt Foaming Cleanser,https://p16-oec-sg.ibyteimg.com/tos-alisg-i-aphluv4xwc-sg/a66ef569c50d41e5a9f53922eaa4f2fd~tplv-aphluv4xwc-origin-jpeg.jpeg?dr=15568&t=555f072d&ps=933b5bde&shp=54477afb&shcp=3c3d9ffb&idc=my3&from=1413970683,COSMEE HA NOI,03/10/2026 15:45,,Chờ xử lý
261003MU0R960C,,Chờ in,Shopee,SHCOSMEE-HANOI,--,--,QT01,2,Dr.Sera tây tế bào chết da đầu,https://cf.shopee.vn/file/vn-11134207-81ztc-mqeo7cswlonfa0_tn,COSMEE HA NOI,03/10/2026 15:43,,--
586387075589637342,,Đang giao hàng,TikTok,TTEPRIME-MALL-HCM,--,--,CB2026.3,1,COMBO 3 TUÝP LRP Sữa Rửa Mặt Effaclar Purifying Foaming Gel - 50ml,https://p16-oec-sg.ibyteimg.com/tos-alisg-i-aphluv4xwc-sg/4fdb1010396942c6bcbbb4ff16ba3159~tplv-aphluv4xwc-origin-jpeg.jpeg?dr=15568&t=555f072d&ps=933b5bde&shp=54477afb&shcp=3c3d9ffb&idc=my3&from=1413970683,VIE GROUP HCM,03/10/2026 15:41,,--
586387097457493431,,Đã hủy,TikTok,TTVIEPRIME-HANOI,--,--,2230,1,OLAY Sữa Dưỡng B3 Cải Tiến Whitening Body Lotion Vitamin C +Niacinamide - 260ml,https://p16-oec-sg.ibyteimg.com/tos-alisg-i-aphluv4xwc-sg/268f5ca159844aafbb218fc571b95892~tplv-aphluv4xwc-origin-jpeg.jpeg?dr=15568&t=555f072d&ps=933b5bde&shp=54477afb&shcp=3c3d9ffb&idc=my3&from=1413970683,COSMEE HA NOI,03/10/2026 15:40,,Chờ xử lý
261003MTNGP9DM,,Đã hoàn thành,Shopee,SHEP - HCM,--,--,2099,1,MINISO Bông tẩy trang Miniso Cao Cấp  100% cotton TRÒN 180 miếng,https://cf.shopee.vn/file/vn-11134207-81ztc-mrtx7fmb4ohzcc_tn,VIE GROUP HCM,03/10/2026 15:37,04/10/2026 17:37,--
261003MTB20PK1,,Nền tảng đang xử lý,Shopee,SHVIECosme HCM,--,--,1127,1,Aspasia - Xịt Khoáng Aspasia Moist Up Face Mist Aloe Làm Dịu Mát Bổ Sung Độ Ẩm Cho Làn Da Rạng Rỡ 150ml,https://cf.shopee.vn/file/vn-11134207-81ztc-mpsziotao3ya56_tn,VIE GROUP HCM,03/10/2026 15:31,,--
586386884268099165,,Chờ xử lý,TikTok,TTVIEPRIME-HANOI,--,--,2024,1,LRP Sữa Rửa Mặt Effaclar Purifying Foaming Gel - 15ml,https://p16-oec-sg.ibyteimg.com/tos-alisg-i-aphluv4xwc-sg/ffed6604b7e34e4cb07ce27267743d15~tplv-aphluv4xwc-origin-jpeg.jpeg?dr=15568&t=555f072d&ps=933b5bde&shp=54477afb&shcp=3c3d9ffb&idc=my&from=1413970683,COSMEE HA NOI,03/10/2026 15:31,,--
586386910653088844,,Chờ xử lý,TikTok,TTVIEPRIME-HANOI,--,--,2014,1,LRP SERUM B5 HYALU CONCENTRE - 10ml,https://p16-oec-sg.ibyteimg.com/tos-alisg-i-aphluv4xwc-sg/e07d299a8614444b8b8d09e4dcbafa6b~tplv-aphluv4xwc-origin-jpeg.jpeg?dr=15568&t=555f072d&ps=933b5bde&shp=54477afb&shcp=3c3d9ffb&idc=my&from=1413970683,COSMEE HA NOI,03/10/2026 15:30,,--
586386907316061199,,Đang giao hàng,TikTok,TTEPRIME-MALL-HCM,--,--,1350,1,CERAVE Sữa Rửa Mặt Foaming Cleanser - 30ml FRANCE,https://p16-oec-sg.ibyteimg.com/tos-alisg-i-aphluv4xwc-sg/50806a02e3104a3bb34e537bc386ab64~tplv-aphluv4xwc-origin-jpeg.jpeg?dr=15568&t=555f072d&ps=933b5bde&shp=54477afb&shcp=3c3d9ffb&idc=my2&from=1413970683,VIE GROUP HCM,03/10/2026 15:29,,--
261003MT79TGSB,,Đang giao hàng,Shopee,SHVIEPro-HANOI,--,--,1982,1,LOREAL Nước Tẩy Trang Revitalift Hyaluronic Acid Hydrating Micellar Water [Tím] - 95ml,https://cf.shopee.vn/file/vn-11134207-7r98o-lp3u0heu761n71_tn,COSMEE HA NOI,03/10/2026 15:29,,--
261003MT33BATE,,Đang giao hàng,Shopee,SHEP - HCM,--,--,2100,1,MINISO Bông tẩy trang Nhật Bản 100% 180 Miếng,https://cf.shopee.vn/file/vn-11134207-81ztc-mtmgtix9883o2d_tn,VIE GROUP HCM,03/10/2026 15:26,,--
261003MT09QS4V,,Đang giao hàng,Shopee,SHEPRIME2-MALL - HCM,--,--,2026,1,LRP Sữa Rửa Mặt Effaclar Purifying Foaming Gel - 50ml,https://cf.shopee.vn/file/vn-11134207-81ztc-ms4g1nr09wck4c_tn,VIE GROUP HCM,03/10/2026 15:25,,--
586386850949596176,,Đã hủy,TikTok,TTEPRIME-MALL-HCM,--,--,1350,1,CERAVE Sữa Rửa Mặt Foaming Cleanser - 30ml FRANCE,https://p16-oec-sg.ibyteimg.com/tos-alisg-i-aphluv4xwc-sg/50806a02e3104a3bb34e537bc386ab64~tplv-aphluv4xwc-origin-jpeg.jpeg?dr=15568&t=555f072d&ps=933b5bde&shp=54477afb&shcp=3c3d9ffb&idc=my3&from=1413970683,VIE GROUP HCM,03/10/2026 15:25,,Chờ xử lý
ODWTB4052112,,Chờ lấy hàng,Manual,ePharmacy_ws,CN00001148,Công ty TNHH SEN BAY (epharmacy),2389,10,SMAS Tinh Chất B5 Phục Hồi Da SMAS Pro Vitamin B5 Hydra Serum - 120ml,https://res.bigseller.pro/sku/images/merchantsku/944484/945303_1782467075583.jpg?imageView2/1/w/300/h/300,VIE GROUP HCM,03/10/2026 15:24,,--
261003MSPNMP68,,Đang giao hàng,Shopee,SHEP - HCM,--,--,2100,1,MINISO Bông tẩy trang Nhật Bản 100% 180 Miếng,https://cf.shopee.vn/file/vn-11134207-81ztc-mtmgtix9883o2d_tn,VIE GROUP HCM,03/10/2026 15:20,,--
261003MSM0RWGW,,Đang giao hàng,Shopee,SHEP - HCM,--,--,1472,1,COMPLIMENT Sữa rửa mặt No Problem 200ml - Hồng,https://cf.shopee.vn/file/vn-11134207-7ras8-m12a0k10v2mz20_tn,VIE GROUP HCM,03/10/2026 15:18,,--
261003MSE4WK4V,,Đang giao hàng,Shopee,SHEPRIME2-MALL - HCM,--,--,2026,1,LRP Sữa Rửa Mặt Effaclar Purifying Foaming Gel - 50ml,https://cf.shopee.vn/file/vn-11134207-81ztc-ms4g1nr09wck4c_tn,VIE GROUP HCM,03/10/2026 15:15,,--
261003MS98HGGK,,Đã hoàn thành,Shopee,SHEPRIME-HCM,--,--,1783,1,ICARE Dầu Gội Pharma Antisol dược liệu pH 6.5 240ml,https://cf.shopee.vn/file/vn-11134207-7r98o-lnv59n8j7dgt99_tn,VIE GROUP HCM,03/10/2026 15:12,04/10/2026 12:23,--
586386719143330818,,Đang giao hàng,TikTok,TTEPRIME-MALL-HCM,--,--,CB2026.5,1,COMBO 5 TUÝP LRP Sữa Rửa Mặt Effaclar Purifying Foaming Gel - 50ml,https://p16-oec-sg.ibyteimg.com/tos-alisg-i-aphluv4xwc-sg/aa209f876c5842a998b0bcfba253b471~tplv-aphluv4xwc-origin-jpeg.jpeg?dr=15568&t=555f072d&ps=933b5bde&shp=54477afb&shcp=3c3d9ffb&idc=my2&from=1413970683,VIE GROUP HCM,03/10/2026 15:10,,--
586386658426128226,,Đang giao hàng,TikTok,TTEPRIME-MALL-HCM,--,--,2026,1,LRP Sữa Rửa Mặt Effaclar Purifying Foaming Gel - 50ml,https://p16-oec-sg.ibyteimg.com/tos-alisg-i-aphluv4xwc-sg/e34ab459d15b4717b53d8bd8fe469991~tplv-aphluv4xwc-origin-jpeg.jpeg?dr=15568&t=555f072d&ps=933b5bde&shp=54477afb&shcp=3c3d9ffb&idc=my2&from=1413970683,VIE GROUP HCM,03/10/2026 15:09,,--
586386619923793618,,Chờ xử lý,TikTok,TTASCosme - HANOI,--,--,CB2026.3,1,COMBO 3 TUÝP LRP Sữa Rửa Mặt Effaclar Purifying Foaming Gel - 50ml,https://p16-oec-sg.ibyteimg.com/tos-alisg-i-aphluv4xwc-sg/83fc3cbdf8a440b6a37c12331b5e9344~tplv-aphluv4xwc-origin-jpeg.jpeg?dr=15568&t=555f072d&ps=933b5bde&shp=54477afb&shcp=3c3d9ffb&idc=my2&from=1413970683,COSMEE HA NOI,03/10/2026 15:07,,--
586386686354294638,,Đang giao hàng,TikTok,TTEPRIME-MALL-HCM,--,--,CB1350.3,1,COMBO 3 Chai 30ml CERAVE Sữa Rửa Mặt Foaming Cleanser,https://p16-oec-sg.ibyteimg.com/tos-alisg-i-aphluv4xwc-sg/a2376db661934510bc5ab6e7f01657b3~tplv-aphluv4xwc-origin-jpeg.jpeg?dr=15568&t=555f072d&ps=933b5bde&shp=54477afb&shcp=3c3d9ffb&idc=my2&from=1413970683,VIE GROUP HCM,03/10/2026 15:07,,--
261003MRYA018F,,Đã hủy,Shopee,SHEP - HCM,--,--,2586,1,VICHY Dầu gội Dercos Technique Anti-Dandruff Ds Advanced To Oily Hair - 50ml (Xanh da dầu),https://cf.shopee.vn/file/vn-11134207-7r98o-m01egt2ul4vhba_tn,VIE GROUP HCM,03/10/2026 15:07,,Chờ xử lý
261003MRWKNY84,,Đã hủy,Shopee,SHEPRIME2-MALL - HCM,--,--,2026,1,LRP Sữa Rửa Mặt Effaclar Purifying Foaming Gel - 50ml,https://cf.shopee.vn/file/vn-11134207-81ztc-ms4g1nr09wck4c_tn,VIE GROUP HCM,03/10/2026 15:06,,Chờ in
586386500949215046,,Đang giao hàng,TikTok,TTEPRIME-MALL-HCM,--,--,2026,1,LRP Sữa Rửa Mặt Effaclar Purifying Foaming Gel - 50ml,https://p16-oec-sg.ibyteimg.com/tos-alisg-i-aphluv4xwc-sg/e34ab459d15b4717b53d8bd8fe469991~tplv-aphluv4xwc-origin-jpeg.jpeg?dr=15568&t=555f072d&ps=933b5bde&shp=54477afb&shcp=3c3d9ffb&idc=my&from=1413970683,VIE GROUP HCM,03/10/2026 15:04,,--
586386459157300289,,Đang giao hàng,TikTok,TTEPRIME-MALL-HCM,--,--,1350,1,CERAVE Sữa Rửa Mặt Foaming Cleanser - 30ml FRANCE,https://p16-oec-sg.ibyteimg.com/tos-alisg-i-aphluv4xwc-sg/b203882fafcc4a5dbc6ce5bef84bd40b~tplv-aphluv4xwc-origin-jpeg.jpeg?dr=15568&t=555f072d&ps=933b5bde&shp=54477afb&shcp=3c3d9ffb&idc=my3&from=1413970683,VIE GROUP HCM,03/10/2026 15:00,,--
586386524000453697,,Đã hủy,TikTok,TTEPRIME-MALL-HCM,--,--,1350,1,CERAVE Sữa Rửa Mặt Foaming Cleanser - 30ml FRANCE,https://p16-oec-sg.ibyteimg.com/tos-alisg-i-aphluv4xwc-sg/50806a02e3104a3bb34e537bc386ab64~tplv-aphluv4xwc-origin-jpeg.jpeg?dr=15568&t=555f072d&ps=933b5bde&shp=54477afb&shcp=3c3d9ffb&idc=my3&from=1413970683,VIE GROUP HCM,03/10/2026 14:59,,--
586386286659143526,,Đang giao hàng,TikTok,TTVIESGN-HCM,--,--,1350,1,CERAVE Sữa Rửa Mặt Foaming Cleanser - 30ml FRANCE,https://p16-oec-va.ibyteimg.com/tos-maliva-i-o3syd03w52-us/e3e9667ce3494a6c8150fb489cb2491d~tplv-o3syd03w52-origin-jpeg.jpeg?dr=15568&t=555f072d&ps=933b5bde&shp=54477afb&shcp=3c3d9ffb&idc=my&from=1413970683,VIE GROUP HCM,03/10/2026 14:47,,--
261003MQ7KKMF1,,Đang giao hàng,Shopee,SHEP - HCM,--,--,2100,1,MINISO Bông tẩy trang Nhật Bản 100% 180 Miếng,https://cf.shopee.vn/file/vn-11134207-81ztc-mtmgtix9883o2d_tn,VIE GROUP HCM,03/10/2026 14:35,,--
261003MQ63UN0C,,Đã hủy,Shopee,SHEP - HCM,--,--,2100,1,MINISO Bông tẩy trang Nhật Bản 100% 180 Miếng,https://cf.shopee.vn/file/vn-11134207-81ztc-mtmgtix9883o2d_tn,VIE GROUP HCM,03/10/2026 14:35,,Chờ xử lý
586386106927187823,,Đang giao hàng,TikTok,TTEPRIME-MALL-HCM,--,--,CB1350.3,1,COMBO 3 Chai 30ml CERAVE Sữa Rửa Mặt Foaming Cleanser,https://p16-oec-sg.ibyteimg.com/tos-alisg-i-aphluv4xwc-sg/a2376db661934510bc5ab6e7f01657b3~tplv-aphluv4xwc-origin-jpeg.jpeg?dr=15568&t=555f072d&ps=933b5bde&shp=54477afb&shcp=3c3d9ffb&idc=my3&from=1413970683,VIE GROUP HCM,03/10/2026 14:34,,--
261003MQ1ABH8M,,Đã hủy,Shopee,SHVIEMart - HCM,--,--,1004,1,Dũa móng 6 mặt [XT],https://cf.shopee.vn/file/vn-11134207-7ras8-mch930lruncdfb_tn,VIE GROUP HCM,03/10/2026 14:32,,Chờ xử lý
586386054789629779,,Đang giao hàng,TikTok,TTEPRIME-MALL-HCM,--,--,1350,1,CERAVE Sữa Rửa Mặt Foaming Cleanser - 30ml FRANCE,https://p16-oec-sg.ibyteimg.com/tos-alisg-i-aphluv4xwc-sg/50806a02e3104a3bb34e537bc386ab64~tplv-aphluv4xwc-origin-jpeg.jpeg?dr=15568&t=555f072d&ps=933b5bde&shp=54477afb&shcp=3c3d9ffb&idc=my&from=1413970683,VIE GROUP HCM,03/10/2026 14:30,,--
261003MPD6MD0Q,,Đang giao hàng,Shopee,SHEP - HCM,--,--,2100,2,MINISO Bông tẩy trang Nhật Bản 100% 180 Miếng,https://cf.shopee.vn/file/vn-11134207-81ztc-mtmgtix9883o2d_tn,VIE GROUP HCM,03/10/2026 14:21,,--
586385822889903159,,Đang giao hàng,TikTok,TTVIESGN-HCM,--,--,1350,1,CERAVE Sữa Rửa Mặt Foaming Cleanser - 30ml FRANCE,https://p16-oec-sg.ibyteimg.com/tos-alisg-i-aphluv4xwc-sg/cc9742efae154cb89c3e62363dff00b1~tplv-aphluv4xwc-origin-jpeg.jpeg?dr=15568&t=555f072d&ps=933b5bde&shp=54477afb&shcp=3c3d9ffb&idc=my2&from=1413970683,VIE GROUP HCM,03/10/2026 14:18,,--
261003MP7XSG63,,Đã hoàn thành,Shopee,SHVIECosme HCM,--,--,1612,10,DR.SERA Bông Tẩy Trang Cotton Tiệt Trùng UV - PURE SNOW COTTON PAD - 234 Miếng,https://cf.shopee.vn/file/vn-11134207-81ztc-ms7yx63mhrlx16_tn,VIE GROUP HCM,03/10/2026 14:18,04/10/2026 21:16,--
ODWTB4052109,,Chờ lấy hàng,Manual,Cosmee.vn Hcm,CN00001095,LYO  GROUP ( Cosmee.hcm),1350,1024,CERAVE Sữa Rửa Mặt Foaming Cleanser - 30ml FRANCE,https://res.bigseller.pro/sku/images/merchantsku/944484/634847_1785651928354.jpg?imageView2/1/w/300/h/300,VIE GROUP HCM,03/10/2026 14:17,,--
586385843319244749,,Đã hủy,TikTok,TTEPRIME-MALL-HCM,--,--,1350,1,CERAVE Sữa Rửa Mặt Foaming Cleanser - 30ml FRANCE,https://p16-oec-sg.ibyteimg.com/tos-alisg-i-aphluv4xwc-sg/50806a02e3104a3bb34e537bc386ab64~tplv-aphluv4xwc-origin-jpeg.jpeg?dr=15568&t=555f072d&ps=933b5bde&shp=54477afb&shcp=3c3d9ffb&idc=my&from=1413970683,VIE GROUP HCM,03/10/2026 14:15,,Chờ lấy hàng
261003MNYUD6NS,,Đang giao hàng,Shopee,SHEP - HCM,--,--,2100,3,MINISO Bông tẩy trang Nhật Bản 100% 180 Miếng,https://cf.shopee.vn/file/vn-11134207-81ztc-mtmgtix9883o2d_tn,VIE GROUP HCM,03/10/2026 14:13,,--
586385739964515409,,Đang giao hàng,TikTok,TTEPRIME-MALL-HCM,--,--,1857,1,JOHNSON'S Sữa tắm gội Baby Top-To-Toe Hair & Body (Vàng) - 100ml,https://p16-oec-va.ibyteimg.com/tos-maliva-i-o3syd03w52-us/b9fc1654e104431ca29dcffc5d7253a0~tplv-o3syd03w52-origin-jpeg.jpeg?dr=15568&t=555f072d&ps=933b5bde&shp=54477afb&shcp=3c3d9ffb&idc=my2&from=1413970683,VIE GROUP HCM,03/10/2026 14:13,,--
586385720785077752,,Đang giao hàng,TikTok,TTEPRIME-MALL-HCM,--,--,2026,1,LRP Sữa Rửa Mặt Effaclar Purifying Foaming Gel - 50ml,https://p16-oec-sg.ibyteimg.com/tos-alisg-i-aphluv4xwc-sg/e34ab459d15b4717b53d8bd8fe469991~tplv-aphluv4xwc-origin-jpeg.jpeg?dr=15568&t=555f072d&ps=933b5bde&shp=54477afb&shcp=3c3d9ffb&idc=my&from=1413970683,VIE GROUP HCM,03/10/2026 14:11,,--
ODWTB4052106,,Chờ lấy hàng,Manual,Cosmee.vn Hcm,0798575921,Chị Diễm Q9,1915,30,"KYUNG LAB Mặt Nạ Dưỡng Ẩm, Phục Hồi Da Kyung Lab PDRN Therapy Mask 23ml",https://res.bigseller.pro/sku/images/merchantsku/944484/085574_1754365904177.jpg?imageView2/1/w/300/h/300,VIE GROUP HCM,03/10/2026 14:08,,--
586385648963061406,,Đang giao hàng,TikTok,TTVIESGN-HCM,--,--,2026,1,LRP Sữa Rửa Mặt Effaclar Purifying Foaming Gel - 50ml,https://p16-oec-sg.ibyteimg.com/tos-alisg-i-aphluv4xwc-sg/b89c16f9bd03476786c5da3ef0f6d556~tplv-aphluv4xwc-origin-jpeg.jpeg?dr=15568&t=555f072d&ps=933b5bde&shp=54477afb&shcp=3c3d9ffb&idc=my2&from=1413970683,VIE GROUP HCM,03/10/2026 14:04,,--
261003MNECJ3AH,,Đã hoàn thành,Shopee,SHEP - HCM,--,--,CB2415.3-2414.1-2417.4-2416.2,1,COMBO 10 MIẾNG MIX Mặt Nạ Vi Sợi SURMEDIC Micro Fiber Mask Dưỡng Da Chuyên Biệt,https://cf.shopee.vn/file/vn-11134207-7ras8-m2fj8km2snn8b0_tn,VIE GROUP HCM,03/10/2026 14:03,03/10/2026 15:53,--
586385630638605592,,Chờ xử lý,TikTok,TTVIEPRIME-HANOI,--,--,2026,1,LRP Sữa Rửa Mặt Effaclar Purifying Foaming Gel - 50ml,https://p16-oec-sg.ibyteimg.com/tos-alisg-i-aphluv4xwc-sg/e4dc23ba7aa04ac68154f7d70954e8c5~tplv-aphluv4xwc-origin-jpeg.jpeg?dr=15568&t=555f072d&ps=933b5bde&shp=54477afb&shcp=3c3d9ffb&idc=my2&from=1413970683,COSMEE HA NOI,03/10/2026 14:03,,--
261003MN3APU21,,Đang giao hàng,Shopee,SHVIEMart - HCM,--,--,1139,1,AVEENO Kem dưỡng ẩm Baby Soothing Relief Moisture 227g,https://cf.shopee.vn/file/vn-11134207-7r98o-lvjwthy64eq518_tn,VIE GROUP HCM,03/10/2026 13:57,,--
586385612207129912,,Đang giao hàng,TikTok,TTEPRIME-MALL-HCM,--,--,1350,1,CERAVE Sữa Rửa Mặt Foaming Cleanser - 30ml FRANCE,https://p16-oec-sg.ibyteimg.com/tos-alisg-i-aphluv4xwc-sg/b203882fafcc4a5dbc6ce5bef84bd40b~tplv-aphluv4xwc-origin-jpeg.jpeg?dr=15568&t=555f072d&ps=933b5bde&shp=54477afb&shcp=3c3d9ffb&idc=my2&from=1413970683,VIE GROUP HCM,03/10/2026 13:56,,--
586385468569454279,,Đang giao hàng,TikTok,TTVIESGN-HCM,--,--,1350,1,CERAVE Sữa Rửa Mặt Foaming Cleanser - 30ml FRANCE,https://p16-oec-sg.ibyteimg.com/tos-alisg-i-aphluv4xwc-sg/e6a9105da8614796ac0e8db7403f7c49~tplv-aphluv4xwc-origin-jpeg.jpeg?dr=15568&t=555f072d&ps=933b5bde&shp=54477afb&shcp=3c3d9ffb&idc=my&from=1413970683,VIE GROUP HCM,03/10/2026 13:53,,--
261003MMC1X7XW,,Đang giao hàng,Shopee,SHVIECosme HCM,--,--,1127,1,Aspasia - Xịt Khoáng Aspasia Moist Up Face Mist Aloe Làm Dịu Mát Bổ Sung Độ Ẩm Cho Làn Da Rạng Rỡ 150ml,https://cf.shopee.vn/file/vn-11134207-81ztc-mpsziotao3ya56_tn,VIE GROUP HCM,03/10/2026 13:44,,--
586385293222250169,,Đang giao hàng,TikTok,TTVIEPRIME-HANOI,--,--,2024,1,LRP Sữa Rửa Mặt Effaclar Purifying Foaming Gel - 15ml,https://p16-oec-sg.ibyteimg.com/tos-alisg-i-aphluv4xwc-sg/ffed6604b7e34e4cb07ce27267743d15~tplv-aphluv4xwc-origin-jpeg.jpeg?dr=15568&t=555f072d&ps=933b5bde&shp=54477afb&shcp=3c3d9ffb&idc=my2&from=1413970683,COSMEE HA NOI,03/10/2026 13:43,,--
ODWTB4052103,ĐƠN HUỶ (thay đổi thông tin),Chờ xử lý,Manual,ePharmacy_ws,CN00001148,Công ty TNHH SEN BAY (epharmacy),2388,20,SMAS Mặt nạ Peptide Silk Mask 25gr,https://res.bigseller.pro/sku/images/merchantsku/944484/640185_1754366310170.jpg?imageView2/1/w/300/h/300,VIE GROUP HCM,03/10/2026 13:42,,--
261003MKVUHYHN,,Đã hủy,Shopee,SHEP - HCM,--,--,CB2416.10,1,COMBO 10 MIẾNG SUR-MEDIC+ Mặt nạ Super Glutathione 100 Bright Mask 30g,https://cf.shopee.vn/file/vn-11134207-7ras8-m0e7tmkb6jkf8c_tn,VIE GROUP HCM,03/10/2026 13:36,,Chờ xử lý
586385054746773257,,Đang giao hàng,TikTok,TTVIEPRIME-HANOI,--,--,2026,1,LRP Sữa Rửa Mặt Effaclar Purifying Foaming Gel - 50ml,https://p16-oec-sg.ibyteimg.com/tos-alisg-i-aphluv4xwc-sg/38a227d65f6e4cd0807acb510b3b8ab3~tplv-aphluv4xwc-origin-jpeg.jpeg?dr=15568&t=555f072d&ps=933b5bde&shp=54477afb&shcp=3c3d9ffb&idc=my3&from=1413970683,VIE GROUP HCM,03/10/2026 13:29,,--
586385082628146244,,Đang giao hàng,TikTok,TTVIEPRIME-HANOI,--,--,2024,3,LRP Sữa Rửa Mặt Effaclar Purifying Foaming Gel - 15ml,https://p16-oec-sg.ibyteimg.com/tos-alisg-i-aphluv4xwc-sg/57d1a50c2c8347889a3d2f75c3de2d20~tplv-aphluv4xwc-origin-jpeg.jpeg?dr=15568&t=555f072d&ps=933b5bde&shp=54477afb&shcp=3c3d9ffb&idc=my&from=1413970683,COSMEE HA NOI,03/10/2026 13:28,,--
261003MKC7CD7S,,Đang giao hàng,Shopee,SHEP - HCM,--,--,2100,1,MINISO Bông tẩy trang Nhật Bản 100% 180 Miếng,https://cf.shopee.vn/file/vn-11134207-81ztc-mtmgtix9883o2d_tn,VIE GROUP HCM,03/10/2026 13:26,,--
261003MKB160NT,,Đã hủy,Shopee,SHEP - HCM,--,--,2100,1,MINISO Bông tẩy trang Nhật Bản 100% 180 Miếng,https://cf.shopee.vn/file/vn-11134207-81ztc-mtmgtix9883o2d_tn,VIE GROUP HCM,03/10/2026 13:26,,Chờ xử lý
586385033204369173,,Đang giao hàng,TikTok,TTEPRIME-MALL-HCM,--,--,1350,1,CERAVE Sữa Rửa Mặt Foaming Cleanser - 30ml FRANCE,https://p16-oec-sg.ibyteimg.com/tos-alisg-i-aphluv4xwc-sg/50806a02e3104a3bb34e537bc386ab64~tplv-aphluv4xwc-origin-jpeg.jpeg?dr=15568&t=555f072d&ps=933b5bde&shp=54477afb&shcp=3c3d9ffb&idc=my&from=1413970683,VIE GROUP HCM,03/10/2026 13:25,,--
ODWTB4052102,,Chờ lấy hàng,Manual,Cosmee.vn Hcm,0798575921,Chị Diễm Q9,1033,30,ABONNE Muối Tắm Tẩy Tế Bào Chết Spa 350gr - YOGURT,https://res.bigseller.pro/sku/images/merchantsku/944484/570974_1754365623594.jpg?imageView2/1/w/300/h/300,VIE GROUP HCM,03/10/2026 13:24,,--
261003MJYPSXVB,,Đã hoàn thành,Shopee,SHEP - HCM,--,--,2100,2,MINISO Bông tẩy trang Nhật Bản 100% 180 Miếng,https://cf.shopee.vn/file/vn-11134207-81ztc-mtmgtix9883o2d_tn,VIE GROUP HCM,03/10/2026 13:19,04/10/2026 20:56,--
261003MJTHTVWR,,Đang giao hàng,Shopee,SHEP - HCM,--,--,2100,1,MINISO Bông tẩy trang Nhật Bản 100% 180 Miếng,https://cf.shopee.vn/file/vn-11134207-81ztc-mtmgtix9883o2d_tn,VIE GROUP HCM,03/10/2026 13:16,,--
261003MJDF6EDU,,Chờ in,Shopee,SHEP - HCM,--,--,2039,1,LRP Kem Chống Nắng Nâng Tông Kiềm Dầu Anthelios XL SPF 50+ PA++++ 50ml ( Mẫu mới XL),https://cf.shopee.vn/file/vn-11134207-7ras8-maxseclx98t36f_tn,VIE GROUP HCM,04/10/2026 07:03,,--
261003MJDF6EDU,,Chờ in,Shopee,SHEP - HCM,--,--,QT40,1,MEDIANSWER Tinh chất hỗ trợ sáng da Vita Collagen Logic Ampoule - 2 ml,https://cf.shopee.vn/file/vn-11134207-81ztc-mtqcnbkc7coya1_tn,VIE GROUP HCM,04/10/2026 07:03,,--
586384816895067240,,Đang giao hàng,TikTok,TTEPRIME-MALL-HCM,--,--,2026,1,LRP Sữa Rửa Mặt Effaclar Purifying Foaming Gel - 50ml,https://p16-oec-sg.ibyteimg.com/tos-alisg-i-aphluv4xwc-sg/e34ab459d15b4717b53d8bd8fe469991~tplv-aphluv4xwc-origin-jpeg.jpeg?dr=15568&t=555f072d&ps=933b5bde&shp=54477afb&shcp=3c3d9ffb&idc=my2&from=1413970683,VIE GROUP HCM,03/10/2026 13:08,,--
586384739022439425,,Đang giao hàng,TikTok,TTVIESGN-HCM,--,--,2026,1,LRP Sữa Rửa Mặt Effaclar Purifying Foaming Gel - 50ml,https://p16-oec-va.ibyteimg.com/tos-maliva-i-o3syd03w52-us/307dde19befb426e9d4f98983a79189c~tplv-o3syd03w52-origin-jpeg.jpeg?dr=15568&t=555f072d&ps=933b5bde&shp=54477afb&shcp=3c3d9ffb&idc=my2&from=1413970683,VIE GROUP HCM,03/10/2026 13:08,,--
586384717531940419,,Đang giao hàng,TikTok,TTEPRIME-MALL-HCM,--,--,1350,1,CERAVE Sữa Rửa Mặt Foaming Cleanser - 30ml FRANCE,https://p16-oec-sg.ibyteimg.com/tos-alisg-i-aphluv4xwc-sg/50806a02e3104a3bb34e537bc386ab64~tplv-aphluv4xwc-origin-jpeg.jpeg?dr=15568&t=555f072d&ps=933b5bde&shp=54477afb&shcp=3c3d9ffb&idc=my&from=1413970683,VIE GROUP HCM,03/10/2026 13:07,,--
261003MJ92XR32,,Đã hủy,Shopee,SHVIECosme HCM,--,--,1127,1,Aspasia - Xịt Khoáng Aspasia Moist Up Face Mist Aloe Làm Dịu Mát Bổ Sung Độ Ẩm Cho Làn Da Rạng Rỡ 150ml,https://cf.shopee.vn/file/vn-11134207-81ztc-mpsziotao3ya56_tn,VIE GROUP HCM,03/10/2026 13:07,,Chờ xử lý
586384835998615469,,Đang giao hàng,TikTok,TTEPRIME-MALL-HCM,--,--,2026,1,LRP Sữa Rửa Mặt Effaclar Purifying Foaming Gel - 50ml,https://p16-oec-sg.ibyteimg.com/tos-alisg-i-aphluv4xwc-sg/e34ab459d15b4717b53d8bd8fe469991~tplv-aphluv4xwc-origin-jpeg.jpeg?dr=15568&t=555f072d&ps=933b5bde&shp=54477afb&shcp=3c3d9ffb&idc=my2&from=1413970683,VIE GROUP HCM,03/10/2026 13:06,,--
ODWTB4052100,ĐƠN HUỶ (thay đổi thông tin),Chờ lấy hàng,Manual,ePharmacy_ws,CN00001168,CHARM,2390,5,SMAS Tinh Chất Cấp Ẩm HA Plus Hyaluronic Acid 100ml,https://res.bigseller.pro/sku/images/merchantsku/944484/193704_1789625935638.jpg?imageView2/1/w/300/h/300,VIE GROUP HCM,03/10/2026 13:05,,--
586384666826016066,,Đã hủy,TikTok,TTVIEPRIME-HANOI,--,--,2469,1,THE SAEM D114 - SAEM - CHE KHUYẾT ĐIỂM - 0.5 (ICE BEIGE),https://p16-oec-sg.ibyteimg.com/tos-alisg-i-aphluv4xwc-sg/fcd676e36028414c82379b24a746a126~tplv-aphluv4xwc-origin-jpeg.jpeg?dr=15568&t=555f072d&ps=933b5bde&shp=54477afb&shcp=3c3d9ffb&idc=my&from=1413970683,COSMEE HA NOI,03/10/2026 13:04,,--
261003MJ4E8CRC,,Đang giao hàng,Shopee,SHVIECosme HCM,--,--,1882,1,KEYSHU mặt nạ dưỡng da - 1 Miếng ( Hành Tím ),https://cf.shopee.vn/file/vn-11134207-81ztc-ms9j7s0atu6g77_tn,VIE GROUP HCM,03/10/2026 13:04,,--
586384760576902505,,Đã hủy,TikTok,TTVIEPRIME-HANOI,--,--,1350 Lẻ 1 Da Dầu 30ml,1,CERAVE Sữa Rửa Mặt Foaming Cleanser - 30ml FRANCE,https://p16-oec-sg.ibyteimg.com/tos-alisg-i-aphluv4xwc-sg/aa6674c745e24a0c898498161668b853~tplv-aphluv4xwc-origin-jpeg.jpeg?dr=15568&t=555f072d&ps=933b5bde&shp=54477afb&shcp=3c3d9ffb&idc=my2&from=1413970683,VIE GROUP HCM,03/10/2026 13:01,,Chờ in
586384596582368462,,Đang giao hàng,TikTok,TTEPRIME-MALL-HCM,--,--,1849,1,JOHNSON'S Nước hoa Baby hương phấn hoa - 50ml (hồng),https://p16-oec-va.ibyteimg.com/tos-maliva-i-o3syd03w52-us/c805bcb935ab4f288666cffb67990579~tplv-o3syd03w52-origin-jpeg.jpeg?dr=15568&t=555f072d&ps=933b5bde&shp=54477afb&shcp=3c3d9ffb&idc=my3&from=1413970683,VIE GROUP HCM,03/10/2026 12:59,,--
586384596643906597,,Đang giao hàng,TikTok,TTEPRIME-MALL-HCM,--,--,1350,1,CERAVE Sữa Rửa Mặt Foaming Cleanser - 30ml FRANCE,https://p16-oec-sg.ibyteimg.com/tos-alisg-i-aphluv4xwc-sg/50806a02e3104a3bb34e537bc386ab64~tplv-aphluv4xwc-origin-jpeg.jpeg?dr=15568&t=555f072d&ps=933b5bde&shp=54477afb&shcp=3c3d9ffb&idc=my3&from=1413970683,VIE GROUP HCM,03/10/2026 12:59,,--
586384605301212811,,Đã hủy,TikTok,TTVIEPRIME-HANOI,--,--,CB1350.3 COMBO 3 Dầu x 30ml,1,COMBO 3 Chai 30ml CERAVE Sữa Rửa Mặt Foaming Cleanser,https://p16-oec-sg.ibyteimg.com/tos-alisg-i-aphluv4xwc-sg/a66ef569c50d41e5a9f53922eaa4f2fd~tplv-aphluv4xwc-origin-jpeg.jpeg?dr=15568&t=555f072d&ps=933b5bde&shp=54477afb&shcp=3c3d9ffb&idc=my2&from=1413970683,COSMEE HA NOI,03/10/2026 12:58,,Chờ xử lý
261003MHQ6SH23,,Đang giao hàng,Shopee,SHVIECosme HCM,--,--,1127,1,Aspasia - Xịt Khoáng Aspasia Moist Up Face Mist Aloe Làm Dịu Mát Bổ Sung Độ Ẩm Cho Làn Da Rạng Rỡ 150ml,https://cf.shopee.vn/file/vn-11134207-81ztc-mpsziotao3ya56_tn,VIE GROUP HCM,03/10/2026 12:57,,--
586384503806133366,,Đang giao hàng,TikTok,TTEPRIME-MALL-HCM,--,--,2026,1,LRP Sữa Rửa Mặt Effaclar Purifying Foaming Gel - 50ml,https://p16-oec-sg.ibyteimg.com/tos-alisg-i-aphluv4xwc-sg/e34ab459d15b4717b53d8bd8fe469991~tplv-aphluv4xwc-origin-jpeg.jpeg?dr=15568&t=555f072d&ps=933b5bde&shp=54477afb&shcp=3c3d9ffb&idc=my2&from=1413970683,VIE GROUP HCM,03/10/2026 12:54,,--
261003MHH65DGM,,Đang giao hàng,Shopee,SHEP - HCM,--,--,1472,1,COMPLIMENT Sữa rửa mặt No Problem 200ml - Hồng,https://cf.shopee.vn/file/vn-11134207-7ras8-m12a0k10v2mz20_tn,VIE GROUP HCM,03/10/2026 12:53,,--
261003MHERX9D9,,Đang giao hàng,Shopee,SHVIECosme HCM,--,--,1611,1,DR.SERA Bông Tẩy Trang Cotton Tiệt Trùng UV - PURE SNOW COTTON PAD - 150 Miếng,https://cf.shopee.vn/file/vn-11134207-81ztc-ms7yx63mj66ddb_tn,VIE GROUP HCM,03/10/2026 12:52,,--
586384481570162098,,Đã hủy,TikTok,TTEPRIME-MALL-HCM,--,--,1350,1,CERAVE Sữa Rửa Mặt Foaming Cleanser - 30ml FRANCE,https://p16-oec-sg.ibyteimg.com/tos-alisg-i-aphluv4xwc-sg/50806a02e3104a3bb34e537bc386ab64~tplv-aphluv4xwc-origin-jpeg.jpeg?dr=15568&t=555f072d&ps=933b5bde&shp=54477afb&shcp=3c3d9ffb&idc=my&from=1413970683,VIE GROUP HCM,03/10/2026 12:51,,Chờ xử lý
586384395187094693,Đơn hàng trùng lặp,Đã hủy,TikTok,TTEPRIME-MALL-HCM,--,--,2026,1,LRP Sữa Rửa Mặt Effaclar Purifying Foaming Gel - 50ml,https://p19-oec-sg.ibyteimg.com/tos-alisg-i-aphluv4xwc-sg/e34ab459d15b4717b53d8bd8fe469991~tplv-aphluv4xwc-origin-jpeg.jpeg?dr=15568&t=555f072d&ps=933b5bde&shp=54477afb&shcp=3c3d9ffb&idc=my&from=1413970683,VIE GROUP HCM,03/10/2026 12:50,,Chờ xử lý
586384418051884429,,Đang giao hàng,TikTok,TTEPRIME-MALL-HCM,--,--,2026,1,LRP Sữa Rửa Mặt Effaclar Purifying Foaming Gel - 50ml,https://p16-oec-sg.ibyteimg.com/tos-alisg-i-aphluv4xwc-sg/e34ab459d15b4717b53d8bd8fe469991~tplv-aphluv4xwc-origin-jpeg.jpeg?dr=15568&t=555f072d&ps=933b5bde&shp=54477afb&shcp=3c3d9ffb&idc=my3&from=1413970683,VIE GROUP HCM,03/10/2026 12:45,,--
261003MGUQG26Y,,Đang giao hàng,Shopee,SHEP - HCM,--,--,2361,1,SILCOT Bông tẩy trang Unicharm - 82 miếng Xanh dương,https://cf.shopee.vn/file/vn-11134207-7ras8-mcke8s4l7qqq55_tn,VIE GROUP HCM,03/10/2026 12:41,,--
261003MGTTWH37,,Đang giao hàng,Shopee,SHEP - HCM,--,--,,1,BAKING SODA Bột Pure Baking Soda Arm & Hammer - 454g,https://cf.shopee.vn/file/vn-11134207-81ztc-msvjjda1itqi4c_tn,VIE GROUP HCM,03/10/2026 12:41,,--
586384451634234486,,Đang giao hàng,TikTok,TTEPRIME-MALL-HCM,--,--,2026,1,LRP Sữa Rửa Mặt Effaclar Purifying Foaming Gel - 50ml,https://p16-oec-sg.ibyteimg.com/tos-alisg-i-aphluv4xwc-sg/e34ab459d15b4717b53d8bd8fe469991~tplv-aphluv4xwc-origin-jpeg.jpeg?dr=15568&t=555f072d&ps=933b5bde&shp=54477afb&shcp=3c3d9ffb&idc=my2&from=1413970683,VIE GROUP HCM,03/10/2026 12:40,,--
261003MGQWDDN5,,Đang giao hàng,Shopee,SHVIEMart - HCM,--,--,1004,1,Dũa móng 6 mặt [XT],https://cf.shopee.vn/file/vn-11134207-7ras8-mch930lruncdfb_tn,VIE GROUP HCM,03/10/2026 12:39,,--
586384159436408669,,Đã hủy,TikTok,TTVIESGN-HCM,--,--,1350,1,CERAVE Sữa Rửa Mặt Foaming Cleanser - 30ml FRANCE,https://p16-oec-sg.ibyteimg.com/tos-alisg-i-aphluv4xwc-sg/e6a9105da8614796ac0e8db7403f7c49~tplv-aphluv4xwc-origin-jpeg.jpeg?dr=15568&t=555f072d&ps=933b5bde&shp=54477afb&shcp=3c3d9ffb&idc=my3&from=1413970683,VIE GROUP HCM,03/10/2026 12:38,,--
586384321675757211,,Đang giao hàng,TikTok,TTEPRIME-MALL-HCM,--,--,1350,1,CERAVE Sữa Rửa Mặt Foaming Cleanser - 30ml FRANCE,https://p16-oec-sg.ibyteimg.com/tos-alisg-i-aphluv4xwc-sg/50806a02e3104a3bb34e537bc386ab64~tplv-aphluv4xwc-origin-jpeg.jpeg?dr=15568&t=555f072d&ps=933b5bde&shp=54477afb&shcp=3c3d9ffb&idc=my2&from=1413970683,VIE GROUP HCM,03/10/2026 12:37,,--
586384096909625064,Đơn hàng trùng lặp,Đang giao hàng,TikTok,TTEPRIME-MALL-HCM,--,--,2367,1,SIMPLE Nước Tẩy Trang Micellar Cleansing Water - 200ml,https://p16-oec-va.ibyteimg.com/tos-maliva-i-o3syd03w52-us/5e96411fea1b46bca0ca626bb182e1a9~tplv-o3syd03w52-origin-jpeg.jpeg?dr=15568&t=555f072d&ps=933b5bde&shp=54477afb&shcp=3c3d9ffb&idc=my&from=1413970683,VIE GROUP HCM,03/10/2026 12:28,,--
586384111629468711,,Đang giao hàng,TikTok,TTVIEPRIME-HANOI,--,--,1350 Lẻ 1 Da Dầu 30ml,1,CERAVE Sữa Rửa Mặt Foaming Cleanser - 30ml FRANCE,https://p16-oec-sg.ibyteimg.com/tos-alisg-i-aphluv4xwc-sg/aa6674c745e24a0c898498161668b853~tplv-aphluv4xwc-origin-jpeg.jpeg?dr=15568&t=555f072d&ps=933b5bde&shp=54477afb&shcp=3c3d9ffb&idc=my&from=1413970683,VIE GROUP HCM,03/10/2026 12:27,,--
586384108223235816,,Đã hủy,TikTok,TTEPRIME-MALL-HCM,--,--,2367,1,SIMPLE Nước Tẩy Trang Micellar Cleansing Water - 200ml,https://p16-oec-va.ibyteimg.com/tos-maliva-i-o3syd03w52-us/5e96411fea1b46bca0ca626bb182e1a9~tplv-o3syd03w52-origin-jpeg.jpeg?dr=15568&t=555f072d&ps=933b5bde&shp=54477afb&shcp=3c3d9ffb&idc=my2&from=1413970683,VIE GROUP HCM,03/10/2026 12:26,,Chưa thanh toán
586383944231585658,,Đang giao hàng,TikTok,TTEPRIME-MALL-HCM,--,--,2026,1,LRP Sữa Rửa Mặt Effaclar Purifying Foaming Gel - 50ml,https://p16-oec-sg.ibyteimg.com/tos-alisg-i-aphluv4xwc-sg/e34ab459d15b4717b53d8bd8fe469991~tplv-aphluv4xwc-origin-jpeg.jpeg?dr=15568&t=555f072d&ps=933b5bde&shp=54477afb&shcp=3c3d9ffb&idc=my2&from=1413970683,VIE GROUP HCM,03/10/2026 12:21,,--
261003MFM5XGX6,,Đang giao hàng,Shopee,SHEPRIME2-MALL - HCM,--,--,2026,1,LRP Sữa Rửa Mặt Effaclar Purifying Foaming Gel - 50ml,https://cf.shopee.vn/file/vn-11134207-81ztc-ms4g1nr09wck4c_tn,VIE GROUP HCM,03/10/2026 12:19,,--
ODWTB4052099,,Chờ xử lý,Manual,VieGroup Jsc,CN00001109,Thơ Hồng,2213,5,"OLAY  Kem Dưỡng Ẩm BAN ĐÊM LUMINOUS Hỗ Trợ Căng Bóng, Sáng Da Rạng Rỡ 50G",https://res.bigseller.pro/sku/images/merchantsku/944484/784299_1754365617429.jpg?imageView2/1/w/300/h/300,VIE GROUP HCM,03/10/2026 12:19,,--
ODWTB4052099,,Chờ xử lý,Manual,VieGroup Jsc,CN00001109,Thơ Hồng,2714,3,OLEXRS Dầu Xả Olexrs Argan Oil Collagen Hair Salon - 500ml,https://res.bigseller.pro/sku/images/merchantsku/944484/166262_1754919949229.jpg?imageView2/1/w/300/h/300,VIE GROUP HCM,03/10/2026 12:19,,--
ODWTB4052099,,Chờ xử lý,Manual,VieGroup Jsc,CN00001109,Thơ Hồng,2713,3,OLEXRS Dầu Gội Olexrs Argan Oil Collagen Hair Salon - 500ml,https://res.bigseller.pro/sku/images/merchantsku/944484/502903_1754364218301.jpg?imageView2/1/w/300/h/300,VIE GROUP HCM,03/10/2026 12:19,,--
ODWTB4052099,,Chờ xử lý,Manual,VieGroup Jsc,CN00001109,Thơ Hồng,1472,6,COMPLIMENT Sữa rửa mặt No Problem 200ml - Hồng,https://res.bigseller.pro/sku/images/merchantsku/944484/220412_1754366215630.jpg?imageView2/1/w/300/h/300,VIE GROUP HCM,03/10/2026 12:19,,--
ODWTB4052099,,Chờ xử lý,Manual,VieGroup Jsc,CN00001109,Thơ Hồng,2672,6,Goodal Kem Ốc Sên Premium Toner Up Cream - 30ml,https://res.bigseller.pro/sku/images/merchantsku/944484/358603_1779349220713.jpg?imageView2/1/w/300/h/300,VIE GROUP HCM,03/10/2026 12:19,,--
ODWTB4052099,,Chờ xử lý,Manual,VieGroup Jsc,CN00001109,Thơ Hồng,2361,12,SILCOT Bông tẩy trang Unicharm - 82 miếng Xanh dương,https://res.bigseller.pro/sku/images/merchantsku/944484/941114_1755015056285.jpg?imageView2/1/w/300/h/300,VIE GROUP HCM,03/10/2026 12:19,,--
ODWTB4052099,,Chờ xử lý,Manual,VieGroup Jsc,CN00001109,Thơ Hồng,1798,30,IPEK Bông tẩy trang - 150 miếng,https://res.bigseller.pro/sku/images/merchantsku/944484/810788_1754366312804.jpg?imageView2/1/w/300/h/300,VIE GROUP HCM,03/10/2026 12:19,,--
ODWTB4052099,,Chờ xử lý,Manual,VieGroup Jsc,CN00001109,Thơ Hồng,2375,6,SIMPLE Tẩy Trang Water boost Hydrating 400ml (XANH DƯƠNG),https://res.bigseller.pro/sku/images/merchantsku/944484/757032_1754365712876.jpg?imageView2/1/w/300/h/300,VIE GROUP HCM,03/10/2026 12:19,,--
ODWTB4052099,,Chờ xử lý,Manual,VieGroup Jsc,CN00001109,Thơ Hồng,2374,6,SIMPLE Tẩy Trang Purifying Micellar Water 400ml (XANH DƯƠNG Trắng),https://res.bigseller.pro/sku/images/merchantsku/944484/252890_1754365724661.jpg?imageView2/1/w/300/h/300,VIE GROUP HCM,03/10/2026 12:19,,--
ODWTB4052099,,Chờ xử lý,Manual,VieGroup Jsc,CN00001109,Thơ Hồng,1897,4,KLAIRS Toner Supple Preparation Unscented KHÔNG MÙI - 180ml,https://res.bigseller.pro/sku/images/merchantsku/944484/935165_1754365625494.jpg?imageView2/1/w/300/h/300,VIE GROUP HCM,03/10/2026 12:19,,--
ODWTB4052099,,Chờ xử lý,Manual,VieGroup Jsc,CN00001109,Thơ Hồng,1943,24,LAMEILA Bông tẩy trang 222 miếng - Vàng FM,https://res.bigseller.pro/sku/images/merchantsku/944484/321755_1754366310173.jpg?imageView2/1/w/300/h/300,VIE GROUP HCM,03/10/2026 12:19,,--
ODWTB4052099,,Chờ xử lý,Manual,VieGroup Jsc,CN00001109,Thơ Hồng,1608,3,DR.PEPTI Nước Hoa Hồng Centella Toner 180ml,https://res.bigseller.pro/sku/images/merchantsku/944484/040043_1785301472197.jpg?imageView2/1/w/300/h/300,VIE GROUP HCM,03/10/2026 12:19,,--
ODWTB4052099,,Chờ xử lý,Manual,VieGroup Jsc,CN00001109,Thơ Hồng,1474,6,COMPLIMENT Sữa rửa mặt No Problem 200ml - Xanh lá,https://res.bigseller.pro/sku/images/merchantsku/944484/724916_1754365717784.jpg?imageView2/1/w/300/h/300,VIE GROUP HCM,03/10/2026 12:19,,--
ODWTB4052099,,Chờ xử lý,Manual,VieGroup Jsc,CN00001109,Thơ Hồng,3181,6,DOVE Tinh chất Serum Ngăn Mùi 3% Niacinamide + 10x Vegan Collagen - 40ml,https://res.bigseller.pro/sku/images/merchantsku/944484/418640_1789113485690.jpg?imageView2/1/w/300/h/300,VIE GROUP HCM,03/10/2026 12:19,,--
ODWTB4052099,,Chờ xử lý,Manual,VieGroup Jsc,CN00001109,Thơ Hồng,3171,6,VASELINE Sữa Dưỡng Thể Trắng Da Toàn Thân Body Lotion Bản Mỹ (Màu nâu) - 725ml,https://res.bigseller.pro/sku/images/merchantsku/944484/389029_1789097999173.jpg?imageView2/1/w/300/h/300,VIE GROUP HCM,03/10/2026 12:19,,--
586383881405630202,,Đang giao hàng,TikTok,TTVIEPRIME-HANOI,--,--,,1,VASELINE Sáp Dưỡng Ẩm Pure Petroleum Jelly - 100ml,https://p16-oec-sg.ibyteimg.com/tos-alisg-i-aphluv4xwc-sg/41f8220f8d624c0e9f85614b053ec0b3~tplv-aphluv4xwc-origin-jpeg.jpeg?dr=15568&t=555f072d&ps=933b5bde&shp=54477afb&shcp=3c3d9ffb&idc=my&from=1413970683,COSMEE HA NOI,03/10/2026 12:18,,--
586383945639167147,,Đang giao hàng,TikTok,TTVIEPRIME-HANOI,--,--,2782,1,CARSLAN PHẤN PHỦ  BLACK  MAGNET SOFT FOCUS  MAKE-UP POWDER 05 Blue  Purple PHẤN PHỦ 1G,https://p16-oec-sg.ibyteimg.com/tos-alisg-i-aphluv4xwc-sg/7e97e9f3f51b48428aa46ad2b986ba44~tplv-aphluv4xwc-origin-jpeg.jpeg?dr=15568&t=555f072d&ps=933b5bde&shp=54477afb&shcp=3c3d9ffb&idc=my2&from=1413970683,COSMEE HA NOI,03/10/2026 12:18,,--
586383880457520502,,Đang giao hàng,TikTok,TTEPRIME-MALL-HCM,--,--,2026,1,LRP Sữa Rửa Mặt Effaclar Purifying Foaming Gel - 50ml,https://p16-oec-sg.ibyteimg.com/tos-alisg-i-aphluv4xwc-sg/e34ab459d15b4717b53d8bd8fe469991~tplv-aphluv4xwc-origin-jpeg.jpeg?dr=15568&t=555f072d&ps=933b5bde&shp=54477afb&shcp=3c3d9ffb&idc=my2&from=1413970683,VIE GROUP HCM,03/10/2026 12:16,,--
586383871839143232,,Đang giao hàng,TikTok,TTEPRIME-MALL-HCM,--,--,1350,1,CERAVE Sữa Rửa Mặt Foaming Cleanser - 30ml FRANCE,https://p16-oec-sg.ibyteimg.com/tos-alisg-i-aphluv4xwc-sg/b203882fafcc4a5dbc6ce5bef84bd40b~tplv-aphluv4xwc-origin-jpeg.jpeg?dr=15568&t=555f072d&ps=933b5bde&shp=54477afb&shcp=3c3d9ffb&idc=my&from=1413970683,VIE GROUP HCM,03/10/2026 12:14,,--
586383841628161315,,Đang giao hàng,TikTok,TTEPRIME-MALL-HCM,--,--,1350,1,CERAVE Sữa Rửa Mặt Foaming Cleanser - 30ml FRANCE,https://p16-oec-sg.ibyteimg.com/tos-alisg-i-aphluv4xwc-sg/50806a02e3104a3bb34e537bc386ab64~tplv-aphluv4xwc-origin-jpeg.jpeg?dr=15568&t=555f072d&ps=933b5bde&shp=54477afb&shcp=3c3d9ffb&idc=my2&from=1413970683,VIE GROUP HCM,03/10/2026 12:14,,--
586383903855314586,,Đang giao hàng,TikTok,TTEPRIME-MALL-HCM,--,--,2026,1,LRP Sữa Rửa Mặt Effaclar Purifying Foaming Gel - 50ml,https://p16-oec-sg.ibyteimg.com/tos-alisg-i-aphluv4xwc-sg/e34ab459d15b4717b53d8bd8fe469991~tplv-aphluv4xwc-origin-jpeg.jpeg?dr=15568&t=555f072d&ps=933b5bde&shp=54477afb&shcp=3c3d9ffb&idc=my&from=1413970683,VIE GROUP HCM,03/10/2026 12:13,,--
586383806205101974,,Đang giao hàng,TikTok,TTEPRIME-MALL-HCM,--,--,1844,1,JOHNSON'S Nước hoa Baby hương ban mai - 125ml (tím),https://p16-oec-va.ibyteimg.com/tos-maliva-i-o3syd03w52-us/7f684b0b694d4bdaabfcb2ddab3ad6d4~tplv-o3syd03w52-origin-jpeg.jpeg?dr=15568&t=555f072d&ps=933b5bde&shp=54477afb&shcp=3c3d9ffb&idc=my&from=1413970683,VIE GROUP HCM,03/10/2026 12:11,,--
586383806711563685,,Đang giao hàng,TikTok,TTVIEPRIME-HANOI,--,--,CB2026.3,1,COMBO 3 TUÝP LRP Sữa Rửa Mặt Effaclar Purifying Foaming Gel - 50ml,https://p16-oec-sg.ibyteimg.com/tos-alisg-i-aphluv4xwc-sg/1200e3e940994b57b36341a3f7c85513~tplv-aphluv4xwc-origin-jpeg.jpeg?dr=15568&t=555f072d&ps=933b5bde&shp=54477afb&shcp=3c3d9ffb&idc=my&from=1413970683,VIE GROUP HCM,03/10/2026 12:11,,--
261003MF4M6B0A,,Đã hủy,Shopee,SHEP - HCM,--,--,2100,1,MINISO Bông tẩy trang Nhật Bản 100% 180 Miếng,https://cf.shopee.vn/file/vn-11134207-81ztc-mtmgtix9883o2d_tn,VIE GROUP HCM,03/10/2026 12:10,,Chờ xử lý
261003MEYSN6P0,,Đang giao hàng,Shopee,SHVIECosme HCM,--,--,1472,1,COMPLIMENT Sữa rửa mặt No Problem 200ml - Hồng,https://cf.shopee.vn/file/vn-11134207-81ztc-mr8kkbibchs2de_tn,VIE GROUP HCM,03/10/2026 12:08,,--
586383743118050563,,Đang giao hàng,TikTok,TTASCosme - HANOI,--,--,2026,1,LRP Sữa Rửa Mặt Effaclar Purifying Foaming Gel - 50ml,https://p16-oec-sg.ibyteimg.com/tos-alisg-i-aphluv4xwc-sg/06bec7f4529a4a5fa5d0422d879eafd0~tplv-aphluv4xwc-origin-jpeg.jpeg?dr=15568&t=555f072d&ps=933b5bde&shp=54477afb&shcp=3c3d9ffb&idc=my&from=1413970683,VIE GROUP HCM,03/10/2026 12:06,,--
586383659904435365,,Đã hủy,TikTok,TTEPRIME-MALL-HCM,--,--,CB2026.3,1,COMBO 3 TUÝP LRP Sữa Rửa Mặt Effaclar Purifying Foaming Gel - 50ml,https://p16-oec-sg.ibyteimg.com/tos-alisg-i-aphluv4xwc-sg/4fdb1010396942c6bcbbb4ff16ba3159~tplv-aphluv4xwc-origin-jpeg.jpeg?dr=15568&t=555f072d&ps=933b5bde&shp=54477afb&shcp=3c3d9ffb&idc=my&from=1413970683,VIE GROUP HCM,03/10/2026 12:03,,Chờ xử lý
586383687547454629,,Đã hủy,TikTok,TTEPRIME-MALL-HCM,--,--,CB2026.3,1,COMBO 3 TUÝP LRP Sữa Rửa Mặt Effaclar Purifying Foaming Gel - 50ml,https://p16-oec-sg.ibyteimg.com/tos-alisg-i-aphluv4xwc-sg/4fdb1010396942c6bcbbb4ff16ba3159~tplv-aphluv4xwc-origin-jpeg.jpeg?dr=15568&t=555f072d&ps=933b5bde&shp=54477afb&shcp=3c3d9ffb&idc=my2&from=1413970683,VIE GROUP HCM,03/10/2026 12:03,,--
586383680355468991,,Đang giao hàng,TikTok,TTEPRIME-MALL-HCM,--,--,1920,1,LA SOIRÉE Bông Tẩy Trang 100% Cotton Siêu Mềm Siêu Mịn - 120 Miếng Tròn,https://p16-oec-va.ibyteimg.com/tos-maliva-i-o3syd03w52-us/9fc8e4edf184437e979aa15fae99d9e5~tplv-o3syd03w52-origin-jpeg.jpeg?dr=15568&t=555f072d&ps=933b5bde&shp=54477afb&shcp=3c3d9ffb&idc=my2&from=1413970683,VIE GROUP HCM,03/10/2026 11:59,,--
586383626836673694,,Đang giao hàng,TikTok,TTEPRIME-MALL-HCM,--,--,1783,1,ICARE Dầu Gội Pharma Antisol dược liệu pH 6.5 240ml,https://p16-oec-va.ibyteimg.com/tos-maliva-i-o3syd03w52-us/fba0ef3d3669462e8d6e5723ce4ca524~tplv-o3syd03w52-origin-jpeg.jpeg?dr=15568&t=555f072d&ps=933b5bde&shp=54477afb&shcp=3c3d9ffb&idc=my&from=1413970683,VIE GROUP HCM,03/10/2026 11:58,,--
586383570829936357,,Đang giao hàng,TikTok,TTVIESGN-HCM,--,--,2026,1,LRP Sữa Rửa Mặt Effaclar Purifying Foaming Gel - 50ml,https://p16-oec-va.ibyteimg.com/tos-maliva-i-o3syd03w52-us/307dde19befb426e9d4f98983a79189c~tplv-o3syd03w52-origin-jpeg.jpeg?dr=15568&t=555f072d&ps=933b5bde&shp=54477afb&shcp=3c3d9ffb&idc=my&from=1413970683,VIE GROUP HCM,03/10/2026 11:57,,--
261003ME2PUEAJ,,Đang giao hàng,Shopee,SHVIECosme HCM,--,--,1882,1,KEYSHU mặt nạ dưỡng da - 1 Miếng ( Hành Tím ),https://cf.shopee.vn/file/vn-11134207-81ztc-ms9j7s0atu6g77_tn,VIE GROUP HCM,03/10/2026 11:51,,--
261003ME2J2VHH,,Đã hủy,Shopee,SHVIEPro-HANOI,--,--,1980,1,LOREAL Nước Tẩy Trang Revitalift Crystal Purifying Micellar Water [Xám] - 95ml,https://cf.shopee.vn/file/vn-11134207-7r98o-lp3u0heu5rh71b_tn,COSMEE HA NOI,03/10/2026 11:51,,Đang giao hàng
586383483694384906,,Đang giao hàng,TikTok,TTVIESGN-HCM,--,--,2026,1,LRP Sữa Rửa Mặt Effaclar Purifying Foaming Gel - 50ml,https://p16-oec-va.ibyteimg.com/tos-maliva-i-o3syd03w52-us/307dde19befb426e9d4f98983a79189c~tplv-o3syd03w52-origin-jpeg.jpeg?dr=15568&t=555f072d&ps=933b5bde&shp=54477afb&shcp=3c3d9ffb&idc=my&from=1413970683,VIE GROUP HCM,03/10/2026 11:50,,--
261003MDYY3R3H,,Đang giao hàng,Shopee,SHVIEMart - HCM,--,--,CB1350.3 COMBO 3 Dầu x 30ml,1,COMBO 3 Chai 30ml CERAVE Sữa Rửa Mặt Foaming Cleanser,https://cf.shopee.vn/file/vn-11134207-7ra0g-m9gus1006zyac1_tn,VIE GROUP HCM,03/10/2026 11:50,,--
586383447981721458,,Đang giao hàng,TikTok,TTEPRIME-MALL-HCM,--,--,CB2026.3,1,COMBO 3 TUÝP LRP Sữa Rửa Mặt Effaclar Purifying Foaming Gel - 50ml,https://p16-oec-sg.ibyteimg.com/tos-alisg-i-aphluv4xwc-sg/4fdb1010396942c6bcbbb4ff16ba3159~tplv-aphluv4xwc-origin-jpeg.jpeg?dr=15568&t=555f072d&ps=933b5bde&shp=54477afb&shcp=3c3d9ffb&idc=my2&from=1413970683,VIE GROUP HCM,03/10/2026 11:49,,--
532919583324220,,Đã hủy,Lazada,LZDEPRIME-MALL - HCM,--,--,2361,1,SILCOT Bông tẩy trang Unicharm - 82 miếng Xanh dương,https://vn-live.slatic.net/p/82f1af18bd6a807a10da492f24ded378.png,VIE GROUP HCM,03/10/2026 11:48,,Chờ xử lý
586383375329166566,,Đã hủy,TikTok,TTVIEPRIME-HANOI,--,--,,1,VASELINE Sáp Dưỡng ẨmPure Petroleum Jelly Original 5.5g,https://p16-oec-sg.ibyteimg.com/tos-alisg-i-aphluv4xwc-sg/41f8220f8d624c0e9f85614b053ec0b3~tplv-aphluv4xwc-origin-jpeg.jpeg?dr=15568&t=555f072d&ps=933b5bde&shp=54477afb&shcp=3c3d9ffb&idc=my&from=1413970683,COSMEE HA NOI,03/10/2026 11:47,,Chờ xử lý
261003MDS6NY9S,,Đang giao hàng,Shopee,SHEP - HCM,--,--,2100,1,MINISO Bông tẩy trang Nhật Bản 100% 180 Miếng,https://cf.shopee.vn/file/vn-11134207-81ztc-mtmgtix9883o2d_tn,VIE GROUP HCM,03/10/2026 11:46,,--
586383454030169790,,Đã hủy,TikTok,TTEPRIME-MALL-HCM,--,--,2026,1,LRP Sữa Rửa Mặt Effaclar Purifying Foaming Gel - 50ml,https://p16-oec-sg.ibyteimg.com/tos-alisg-i-aphluv4xwc-sg/e34ab459d15b4717b53d8bd8fe469991~tplv-aphluv4xwc-origin-jpeg.jpeg?dr=15568&t=555f072d&ps=933b5bde&shp=54477afb&shcp=3c3d9ffb&idc=my&from=1413970683,VIE GROUP HCM,03/10/2026 11:46,,Chờ in
586383385300600762,,Đang giao hàng,TikTok,TTEPRIME-MALL-HCM,--,--,1350,1,CERAVE Sữa Rửa Mặt Foaming Cleanser - 30ml FRANCE,https://p16-oec-sg.ibyteimg.com/tos-alisg-i-aphluv4xwc-sg/50806a02e3104a3bb34e537bc386ab64~tplv-aphluv4xwc-origin-jpeg.jpeg?dr=15568&t=555f072d&ps=933b5bde&shp=54477afb&shcp=3c3d9ffb&idc=my2&from=1413970683,VIE GROUP HCM,03/10/2026 11:45,,--
586383474789156212,,Đang giao hàng,TikTok,TTVIEPRIME-HANOI,--,--,CB1350.3 COMBO 3 Dầu x 30ml,1,COMBO 3 Chai 30ml CERAVE Sữa Rửa Mặt Foaming Cleanser,https://p16-oec-sg.ibyteimg.com/tos-alisg-i-aphluv4xwc-sg/a66ef569c50d41e5a9f53922eaa4f2fd~tplv-aphluv4xwc-origin-jpeg.jpeg?dr=15568&t=555f072d&ps=933b5bde&shp=54477afb&shcp=3c3d9ffb&idc=my&from=1413970683,VIE GROUP HCM,03/10/2026 11:44,,--
586383474766218281,,Đang giao hàng,TikTok,TTVIEPRIME-HANOI,--,--,2471,1,THE SAEM D114 - SAEM - CHE KHUYẾT ĐIỂM - 1.5 (L17CO2 C),https://p16-oec-sg.ibyteimg.com/tos-alisg-i-aphluv4xwc-sg/f8ebfa48086e4cd58323e116b61618b2~tplv-aphluv4xwc-origin-jpeg.jpeg?dr=15568&t=555f072d&ps=933b5bde&shp=54477afb&shcp=3c3d9ffb&idc=my3&from=1413970683,COSMEE HA NOI,03/10/2026 11:43,,--
586383471668725184,,Đang giao hàng,TikTok,TTVIESGN-HCM,--,--,2026,2,LRP Sữa Rửa Mặt Effaclar Purifying Foaming Gel - 50ml,https://p16-oec-va.ibyteimg.com/tos-maliva-i-o3syd03w52-us/307dde19befb426e9d4f98983a79189c~tplv-o3syd03w52-origin-jpeg.jpeg?dr=15568&t=555f072d&ps=933b5bde&shp=54477afb&shcp=3c3d9ffb&idc=my2&from=1413970683,VIE GROUP HCM,03/10/2026 11:42,,--
ODWTB4052113,,Chờ lấy hàng,Manual,VieBeaute_ws,0983719072,CÔNG TY TNHH GLOWIE GLOBAL ( Mỹ Kim VIe ),2553,60,VASELINE Sáp Dưỡng Môi Lip Care KOREA 7g - Rosy Lips Hoa Hồng,https://res.bigseller.pro/sku/images/merchantsku/944484/028871_1754366313737.jpg?imageView2/1/w/300/h/300,VIE GROUP HCM,03/10/2026 11:42,,--
ODWTB4052113,,Chờ lấy hàng,Manual,VieBeaute_ws,0983719072,CÔNG TY TNHH GLOWIE GLOBAL ( Mỹ Kim VIe ),2551,16,VASELINE Sáp Dưỡng Môi Lip Care KOREA 7g - Creme Brulle Vani,https://res.bigseller.pro/sku/images/merchantsku/944484/445288_1754365906365.jpg?imageView2/1/w/300/h/300,VIE GROUP HCM,03/10/2026 11:42,,--
ODWTB4052113,,Chờ lấy hàng,Manual,VieBeaute_ws,0983719072,CÔNG TY TNHH GLOWIE GLOBAL ( Mỹ Kim VIe ),2536,12,VASELINE Son Dưỡng Môi  Therapy Lip Balm Dạng Tuýt 10g - ORIGINAL XANH,https://res.bigseller.pro/sku/images/merchantsku/944484/704015_1768913244064.jpg?imageView2/1/w/300/h/300,VIE GROUP HCM,03/10/2026 11:42,,--
ODWTB4052113,,Chờ lấy hàng,Manual,VieBeaute_ws,0983719072,CÔNG TY TNHH GLOWIE GLOBAL ( Mỹ Kim VIe ),2552,60,VASELINE Sáp Dưỡng Môi Lip Care KOREA 7g - Original Không Mùi,https://res.bigseller.pro/sku/images/merchantsku/944484/824371_1755553283439.jpg?imageView2/1/w/300/h/300,VIE GROUP HCM,03/10/2026 11:42,,--
586383274326657003,,Đang giao hàng,TikTok,TTEPRIME-MALL-HCM,--,--,CB1350.3,1,COMBO 3 Chai 30ml CERAVE Sữa Rửa Mặt Foaming Cleanser,https://p16-oec-sg.ibyteimg.com/tos-alisg-i-aphluv4xwc-sg/a2376db661934510bc5ab6e7f01657b3~tplv-aphluv4xwc-origin-jpeg.jpeg?dr=15568&t=555f072d&ps=933b5bde&shp=54477afb&shcp=3c3d9ffb&idc=my2&from=1413970683,VIE GROUP HCM,03/10/2026 11:41,,--
261003MDBX8RTN,,Đã hoàn thành,Shopee,SHEP - HCM,--,--,1472,1,COMPLIMENT Sữa rửa mặt No Problem 200ml - Hồng,https://cf.shopee.vn/file/vn-11134207-7ras8-m12a0k10v2mz20_tn,VIE GROUP HCM,03/10/2026 11:39,04/10/2026 11:10,--
586383240650327096,,Đang giao hàng,TikTok,TTEPRIME-MALL-HCM,--,--,2026,2,LRP Sữa Rửa Mặt Effaclar Purifying Foaming Gel - 50ml,https://p16-oec-sg.ibyteimg.com/tos-alisg-i-aphluv4xwc-sg/e34ab459d15b4717b53d8bd8fe469991~tplv-aphluv4xwc-origin-jpeg.jpeg?dr=15568&t=555f072d&ps=933b5bde&shp=54477afb&shcp=3c3d9ffb&idc=my2&from=1413970683,VIE GROUP HCM,03/10/2026 11:37,,--
586383077053531322,,Đang giao hàng,TikTok,TTVIESGN-HCM,--,--,2014,1,LRP SERUM B5 HYALU CONCENTRE - 10ml,https://p16-oec-va.ibyteimg.com/tos-maliva-i-o3syd03w52-us/944e6cc2c2874386a33a513cc5fc2ce9~tplv-o3syd03w52-origin-jpeg.jpeg?dr=15568&t=555f072d&ps=933b5bde&shp=54477afb&shcp=3c3d9ffb&idc=my&from=1413970683,VIE GROUP HCM,03/10/2026 11:30,,--
ODWTB4052095,,Chờ lấy hàng,Manual,VieGroup Jsc,0798576027,Nhân Viên Thủy,1178,1,BABE Sữa Rửa Mặt Stop Akn Purifying Cleansing Gel - 200ml,https://res.bigseller.pro/sku/images/merchantsku/944484/978816_1754365624406.jpg?imageView2/1/w/300/h/300,VIE GROUP HCM,03/10/2026 11:30,,--
ODWTB4052095,,Chờ lấy hàng,Manual,VieGroup Jsc,0798576027,Nhân Viên Thủy,1127,1,Aspasia - Xịt Khoáng Aspasia Moist Up Face Mist Aloe Làm Dịu Mát Bổ Sung Độ Ẩm Cho Làn Da Rạng Rỡ 150ml,https://res.bigseller.pro/sku/images/merchantsku/944484/898863_1765802675558.jpg?imageView2/1/w/300/h/300,VIE GROUP HCM,03/10/2026 11:30,,--
ODWTB4052095,,Chờ lấy hàng,Manual,VieGroup Jsc,0798576027,Nhân Viên Thủy,1129,1,Aspasia Xịt Khoáng Tinh Chất Collagen,https://res.bigseller.pro/sku/images/merchantsku/944484/019091_1772088529232.jpg?imageView2/1/w/300/h/300,VIE GROUP HCM,03/10/2026 11:30,,--
ODWTB4052095,,Chờ lấy hàng,Manual,VieGroup Jsc,0798576027,Nhân Viên Thủy,QT65,10,MAXCLINIC Tinh Chất Vi Kim Dưỡng Trắng Glutathione Ampoule Shot - Mẫu thử (Sample),https://res.bigseller.pro/sku/images/merchantsku/944484/141880_1790655787276.jpg?imageView2/1/w/300/h/300,VIE GROUP HCM,03/10/2026 11:30,,--
586383161493522253,,Đang giao hàng,TikTok,TTVIEPRIME-HANOI,--,--,2470,1,THE SAEM D114 - SAEM - CHE KHUYẾT ĐIỂM - 1.25 (L19E07 E),https://p16-oec-sg.ibyteimg.com/tos-alisg-i-aphluv4xwc-sg/a31c769585a44f0baef8673a8929c9d1~tplv-aphluv4xwc-origin-jpeg.jpeg?dr=15568&t=555f072d&ps=933b5bde&shp=54477afb&shcp=3c3d9ffb&idc=my&from=1413970683,COSMEE HA NOI,03/10/2026 11:30,,--
586383058206099073,,Đang giao hàng,TikTok,TTEPRIME-MALL-HCM,--,--,CB2026.3,1,COMBO 3 TUÝP LRP Sữa Rửa Mặt Effaclar Purifying Foaming Gel - 50ml,https://p16-oec-sg.ibyteimg.com/tos-alisg-i-aphluv4xwc-sg/4fdb1010396942c6bcbbb4ff16ba3159~tplv-aphluv4xwc-origin-jpeg.jpeg?dr=15568&t=555f072d&ps=933b5bde&shp=54477afb&shcp=3c3d9ffb&idc=my&from=1413970683,VIE GROUP HCM,03/10/2026 11:29,,--
261003MCSHVGCG,,Đã hủy,Shopee,SHVIECosme HCM,--,--,1887,2,KEYSHU mặt nạ dưỡng da - 1 Miếng ( Vitamin C ),https://cf.shopee.vn/file/vn-11134207-81ztc-ms9j7fo7lv5sb3_tn,VIE GROUP HCM,03/10/2026 11:28,,Chờ xử lý
261003MCSHVGCG,,Đã hủy,Shopee,SHVIECosme HCM,--,--,1882,1,KEYSHU mặt nạ dưỡng da - 1 Miếng ( Hành Tím ),https://cf.shopee.vn/file/vn-11134207-81ztc-ms9j7s0atu6g77_tn,VIE GROUP HCM,03/10/2026 11:28,,Chờ xử lý
586383098786841841,,Đang giao hàng,TikTok,TTVIESGN-HCM,--,--,2026,1,LRP Sữa Rửa Mặt Effaclar Purifying Foaming Gel - 50ml,https://p16-oec-va.ibyteimg.com/tos-maliva-i-o3syd03w52-us/420b403b9e0744c49f117f91cd51adc2~tplv-o3syd03w52-origin-jpeg.jpeg?dr=15568&t=555f072d&ps=933b5bde&shp=54477afb&shcp=3c3d9ffb&idc=my&from=1413970683,VIE GROUP HCM,03/10/2026 11:26,,--
586382946531903423,,Đang giao hàng,TikTok,TTEPRIME-MALL-HCM,--,--,2026,1,LRP Sữa Rửa Mặt Effaclar Purifying Foaming Gel - 50ml,https://p16-oec-sg.ibyteimg.com/tos-alisg-i-aphluv4xwc-sg/e34ab459d15b4717b53d8bd8fe469991~tplv-aphluv4xwc-origin-jpeg.jpeg?dr=15568&t=555f072d&ps=933b5bde&shp=54477afb&shcp=3c3d9ffb&idc=my&from=1413970683,VIE GROUP HCM,03/10/2026 11:21,,--
586382995832800531,,Đã hủy,TikTok,TTEPRIME-MALL-HCM,--,--,1845,1,JOHNSON'S Nước hoa Baby hương ban mai - 50ml (tím),https://p16-oec-va.ibyteimg.com/tos-maliva-i-o3syd03w52-us/7f684b0b694d4bdaabfcb2ddab3ad6d4~tplv-o3syd03w52-origin-jpeg.jpeg?dr=15568&t=555f072d&ps=933b5bde&shp=54477afb&shcp=3c3d9ffb&idc=my2&from=1413970683,VIE GROUP HCM,03/10/2026 11:21,,Chờ xử lý
586382959305066493,,Đã hủy,TikTok,TTEPRIME-MALL-HCM,--,--,2026,1,LRP Sữa Rửa Mặt Effaclar Purifying Foaming Gel - 50ml,https://p16-oec-sg.ibyteimg.com/tos-alisg-i-aphluv4xwc-sg/e34ab459d15b4717b53d8bd8fe469991~tplv-aphluv4xwc-origin-jpeg.jpeg?dr=15568&t=555f072d&ps=933b5bde&shp=54477afb&shcp=3c3d9ffb&idc=my2&from=1413970683,VIE GROUP HCM,03/10/2026 11:20,,Chờ in
586382974787028336,,Đang giao hàng,TikTok,TTEPRIME-MALL-HCM,--,--,CB1350.3,1,COMBO 3 Chai 30ml CERAVE Sữa Rửa Mặt Foaming Cleanser,https://p16-oec-sg.ibyteimg.com/tos-alisg-i-aphluv4xwc-sg/b203882fafcc4a5dbc6ce5bef84bd40b~tplv-aphluv4xwc-origin-jpeg.jpeg?dr=15568&t=555f072d&ps=933b5bde&shp=54477afb&shcp=3c3d9ffb&idc=my2&from=1413970683,VIE GROUP HCM,03/10/2026 11:20,,--
261003MC8M3XH9,,Đang giao hàng,Shopee,SHVIECosme HCM,--,--,1472,1,COMPLIMENT Sữa rửa mặt No Problem 200ml - Hồng,https://cf.shopee.vn/file/vn-11134207-81ztc-mr8kkbibchs2de_tn,VIE GROUP HCM,03/10/2026 11:19,,--
586382924168988594,,Đang giao hàng,TikTok,TTVIESGN-HCM,--,--,CB2026.3,1,COMBO 3 TUÝP LRP Sữa Rửa Mặt Effaclar Purifying Foaming Gel - 50ml,https://p16-oec-va.ibyteimg.com/tos-maliva-i-o3syd03w52-us/e5a2cc16ea2a4127b9e3e75cc1ef1a41~tplv-o3syd03w52-origin-jpeg.jpeg?dr=15568&t=555f072d&ps=933b5bde&shp=54477afb&shcp=3c3d9ffb&idc=my&from=1413970683,VIE GROUP HCM,03/10/2026 11:19,,--
586383040739771950,,Đã hủy,TikTok,TTEPRIME-MALL-HCM,--,--,CB1350.3,1,COMBO 3 Chai 30ml CERAVE Sữa Rửa Mặt Foaming Cleanser,https://p16-oec-sg.ibyteimg.com/tos-alisg-i-aphluv4xwc-sg/a2376db661934510bc5ab6e7f01657b3~tplv-aphluv4xwc-origin-jpeg.jpeg?dr=15568&t=555f072d&ps=933b5bde&shp=54477afb&shcp=3c3d9ffb&idc=my2&from=1413970683,VIE GROUP HCM,03/10/2026 11:19,,--
261003MC5KSH87,,Đang giao hàng,Shopee,SHEP - HCM,--,--,1472,1,COMPLIMENT Sữa rửa mặt No Problem 200ml - Hồng,https://cf.shopee.vn/file/vn-11134207-7ras8-m12a0k10v2mz20_tn,VIE GROUP HCM,03/10/2026 11:17,,--
586382874344851419,,Đang giao hàng,TikTok,TTEPRIME-MALL-HCM,--,--,CB2026.3,1,COMBO 3 TUÝP LRP Sữa Rửa Mặt Effaclar Purifying Foaming Gel - 50ml,https://p16-oec-sg.ibyteimg.com/tos-alisg-i-aphluv4xwc-sg/4fdb1010396942c6bcbbb4ff16ba3159~tplv-aphluv4xwc-origin-jpeg.jpeg?dr=15568&t=555f072d&ps=933b5bde&shp=54477afb&shcp=3c3d9ffb&idc=my2&from=1413970683,VIE GROUP HCM,03/10/2026 11:16,,--
261003MBYJ70D4,,Đang giao hàng,Shopee,SHVIECosme HCM,--,--,2930,1,DR.SERA Mặt nạ nén tiệt trùng mềm mịn RELAXING TRAVEL COMPRESSED - Túi 10 mask,https://cf.shopee.vn/file/vn-11134207-81ztc-mot6lw2ybegy4c_tn,VIE GROUP HCM,03/10/2026 11:14,,--
261003MBTKVRUC,,Đang giao hàng,Shopee,SHEP - HCM,--,--,2100,1,MINISO Bông tẩy trang Nhật Bản 100% 180 Miếng,https://cf.shopee.vn/file/vn-11134207-81ztc-mtmgtix9883o2d_tn,VIE GROUP HCM,03/10/2026 11:11,,--
261003MBSCUAC0,,Đang giao hàng,Shopee,SHVIECosme HCM,--,--,1472,1,COMPLIMENT Sữa rửa mặt No Problem 200ml - Hồng,https://cf.shopee.vn/file/vn-11134207-81ztc-mr8kkbibchs2de_tn,VIE GROUP HCM,03/10/2026 11:11,,--
261003MBQNHVW0,,Đang giao hàng,Shopee,SHEP - HCM,--,--,2100,2,MINISO Bông tẩy trang Nhật Bản 100% 180 Miếng,https://cf.shopee.vn/file/vn-11134207-81ztc-mtmgtix9883o2d_tn,VIE GROUP HCM,03/10/2026 11:10,,--
586382778695386915,,Đang giao hàng,TikTok,TTEPRIME-MALL-HCM,--,--,1925,1,LA SOIRÉE Bông Tẩy Trang 100% Cotton Siêu Mềm Siêu Mịn - 85 Miếng Vuông,https://p16-oec-va.ibyteimg.com/tos-maliva-i-o3syd03w52-us/fa1ffe68752742449014b04e38e1e10e~tplv-o3syd03w52-origin-jpeg.jpeg?dr=15568&t=555f072d&ps=933b5bde&shp=54477afb&shcp=3c3d9ffb&idc=my&from=1413970683,VIE GROUP HCM,03/10/2026 11:08,,--
586382760016905562,,Đang giao hàng,TikTok,TTEPRIME-MALL-HCM,--,--,2367,1,SIMPLE Nước Tẩy Trang Micellar Cleansing Water - 200ml,https://p16-oec-va.ibyteimg.com/tos-maliva-i-o3syd03w52-us/5e96411fea1b46bca0ca626bb182e1a9~tplv-o3syd03w52-origin-jpeg.jpeg?dr=15568&t=555f072d&ps=933b5bde&shp=54477afb&shcp=3c3d9ffb&idc=my2&from=1413970683,VIE GROUP HCM,03/10/2026 11:07,,--
586382756617291249,,Đang giao hàng,TikTok,TTVIEPRIME-HANOI,--,--,2026,1,LRP Sữa Rửa Mặt Effaclar Purifying Foaming Gel - 50ml,https://p16-oec-sg.ibyteimg.com/tos-alisg-i-aphluv4xwc-sg/e4dc23ba7aa04ac68154f7d70954e8c5~tplv-aphluv4xwc-origin-jpeg.jpeg?dr=15568&t=555f072d&ps=933b5bde&shp=54477afb&shcp=3c3d9ffb&idc=my&from=1413970683,VIE GROUP HCM,03/10/2026 11:07,,--
586382753698645073,,Đang giao hàng,TikTok,TTVIEPRIME-HANOI,--,--,2024,1,LRP Sữa Rửa Mặt Effaclar Purifying Foaming Gel - 15ml,https://p16-oec-sg.ibyteimg.com/tos-alisg-i-aphluv4xwc-sg/db88b950e6274f3cb02fd159d93a3fdd~tplv-aphluv4xwc-origin-jpeg.jpeg?dr=15568&t=555f072d&ps=933b5bde&shp=54477afb&shcp=3c3d9ffb&idc=my3&from=1413970683,COSMEE HA NOI,03/10/2026 11:04,,--
586382717500032515,Đơn hàng trùng lặp,Đang giao hàng,TikTok,TTEPRIME-MALL-HCM,--,--,2026,1,LRP Sữa Rửa Mặt Effaclar Purifying Foaming Gel - 50ml,https://p16-oec-sg.ibyteimg.com/tos-alisg-i-aphluv4xwc-sg/e34ab459d15b4717b53d8bd8fe469991~tplv-aphluv4xwc-origin-jpeg.jpeg?dr=15568&t=555f072d&ps=933b5bde&shp=54477afb&shcp=3c3d9ffb&idc=my&from=1413970683,VIE GROUP HCM,03/10/2026 11:03,,--
586382641558619651,,Đã hủy,TikTok,TTEPRIME-MALL-HCM,--,--,2026,1,LRP Sữa Rửa Mặt Effaclar Purifying Foaming Gel - 50ml,https://p16-oec-sg.ibyteimg.com/tos-alisg-i-aphluv4xwc-sg/e34ab459d15b4717b53d8bd8fe469991~tplv-aphluv4xwc-origin-jpeg.jpeg?dr=15568&t=555f072d&ps=933b5bde&shp=54477afb&shcp=3c3d9ffb&idc=my2&from=1413970683,VIE GROUP HCM,03/10/2026 11:02,,Chưa thanh toán
586382636864734319,,Đã hủy,TikTok,TTVIEPRIME-HANOI,--,--,CB1350.5 COMBO 5 Dầu x 30m,1,COMBO 5 Chai 30ml CERAVE Sữa Rửa Mặt Foaming Cleanser,https://p16-oec-sg.ibyteimg.com/tos-alisg-i-aphluv4xwc-sg/ac6f9207a7104f7d9acf82424d1f96e3~tplv-aphluv4xwc-origin-jpeg.jpeg?dr=15568&t=555f072d&ps=933b5bde&shp=54477afb&shcp=3c3d9ffb&idc=my2&from=1413970683,VIE GROUP HCM,03/10/2026 11:00,,Chờ in
261003MB54ATCX,,Đang giao hàng,Shopee,SHEP - HCM,--,--,1471,1,COMPLIMENT Sữa rửa mặt No Problem 200ml - Cam,https://cf.shopee.vn/file/vn-11134207-7ras8-m12a0ndq18yn31_tn,VIE GROUP HCM,03/10/2026 10:59,,--
586382577387996723,,Đang giao hàng,TikTok,TTEPRIME-MALL-HCM,--,--,CB1350.3,1,COMBO 3 Chai 30ml CERAVE Sữa Rửa Mặt Foaming Cleanser,https://p16-oec-sg.ibyteimg.com/tos-alisg-i-aphluv4xwc-sg/a2376db661934510bc5ab6e7f01657b3~tplv-aphluv4xwc-origin-jpeg.jpeg?dr=15568&t=555f072d&ps=933b5bde&shp=54477afb&shcp=3c3d9ffb&idc=my2&from=1413970683,VIE GROUP HCM,03/10/2026 10:58,,--
586382595418130162,,Đang giao hàng,TikTok,TTEPRIME-MALL-HCM,--,--,2026,1,LRP Sữa Rửa Mặt Effaclar Purifying Foaming Gel - 50ml,https://p16-oec-sg.ibyteimg.com/tos-alisg-i-aphluv4xwc-sg/e34ab459d15b4717b53d8bd8fe469991~tplv-aphluv4xwc-origin-jpeg.jpeg?dr=15568&t=555f072d&ps=933b5bde&shp=54477afb&shcp=3c3d9ffb&idc=my&from=1413970683,VIE GROUP HCM,03/10/2026 10:56,,--
261003MAWJ2ARS,,Đang giao hàng,Shopee,SHVIECosme HCM,--,--,1882,1,KEYSHU mặt nạ dưỡng da - 1 Miếng ( Hành Tím ),https://cf.shopee.vn/file/vn-11134207-81ztc-ms9j7s0atu6g77_tn,VIE GROUP HCM,03/10/2026 10:55,,--
586382442613999530,,Đang giao hàng,TikTok,TTVIEPRIME-HANOI,--,--,2024,1,LRP Sữa Rửa Mặt Effaclar Purifying Foaming Gel - 15ml,https://p16-oec-sg.ibyteimg.com/tos-alisg-i-aphluv4xwc-sg/db88b950e6274f3cb02fd159d93a3fdd~tplv-aphluv4xwc-origin-jpeg.jpeg?dr=15568&t=555f072d&ps=933b5bde&shp=54477afb&shcp=3c3d9ffb&idc=my2&from=1413970683,COSMEE HA NOI,03/10/2026 10:54,,--
586382509818676996,,Đang giao hàng,TikTok,TTVIEPRIME-HANOI,--,--,1350 Lẻ 1 Da Dầu 30ml,1,CERAVE Sữa Rửa Mặt Foaming Cleanser - 30ml FRANCE,https://p16-oec-sg.ibyteimg.com/tos-alisg-i-aphluv4xwc-sg/aa6674c745e24a0c898498161668b853~tplv-aphluv4xwc-origin-jpeg.jpeg?dr=15568&t=555f072d&ps=933b5bde&shp=54477afb&shcp=3c3d9ffb&idc=my&from=1413970683,VIE GROUP HCM,03/10/2026 10:53,,--
586382461042328787,,Đang giao hàng,TikTok,TTEPRIME-MALL-HCM,--,--,2026,1,LRP Sữa Rửa Mặt Effaclar Purifying Foaming Gel - 50ml,https://p16-oec-sg.ibyteimg.com/tos-alisg-i-aphluv4xwc-sg/e34ab459d15b4717b53d8bd8fe469991~tplv-aphluv4xwc-origin-jpeg.jpeg?dr=15568&t=555f072d&ps=933b5bde&shp=54477afb&shcp=3c3d9ffb&idc=my2&from=1413970683,VIE GROUP HCM,03/10/2026 10:52,,--
586382485764802084,,Đang giao hàng,TikTok,TTEPRIME-MALL-HCM,--,--,CB1350.3,1,COMBO 3 Chai 30ml CERAVE Sữa Rửa Mặt Foaming Cleanser,https://p16-oec-sg.ibyteimg.com/tos-alisg-i-aphluv4xwc-sg/b203882fafcc4a5dbc6ce5bef84bd40b~tplv-aphluv4xwc-origin-jpeg.jpeg?dr=15568&t=555f072d&ps=933b5bde&shp=54477afb&shcp=3c3d9ffb&idc=my3&from=1413970683,VIE GROUP HCM,03/10/2026 10:51,,--
ODWTB4052094,,Chờ lấy hàng,Manual,Cosmee.vn Hcm,CN00000447,DUC THUAN SHOP ( Cosmee.hcm ),1552,94,DERMAXILIC Kem ngày Dermaxilic B5 Tone up cream  - 50ml,https://res.bigseller.pro/sku/images/merchantsku/944484/039048_1778121897307.jpg?imageView2/1/w/300/h/300,VIE GROUP HCM,03/10/2026 10:50,,--
ODWTB4052094,,Chờ lấy hàng,Manual,Cosmee.vn Hcm,CN00000447,DUC THUAN SHOP ( Cosmee.hcm ),QT32,2,DERMAXILIC Mút Tắm,https://res.bigseller.pro/sku/images/merchantsku/944484/596994_1786607904615.jpg?imageView2/1/w/300/h/300,VIE GROUP HCM,03/10/2026 10:50,,--
586382368491865294,,Đang giao hàng,TikTok,TTVIEPRIME-HANOI,--,--,2541,1,VASELINE Dưỡng môi Lip Therapy UK 20g [XT] - ROSE,https://p16-oec-sg.ibyteimg.com/tos-alisg-i-aphluv4xwc-sg/a8a3baa4361e4897808b888b54e507a9~tplv-aphluv4xwc-origin-jpeg.jpeg?dr=15568&t=555f072d&ps=933b5bde&shp=54477afb&shcp=3c3d9ffb&idc=my&from=1413970683,COSMEE HA NOI,03/10/2026 10:48,,--
586382363101529814,,Đang giao hàng,TikTok,TTVIEPRIME-HANOI,--,--,2024,1,LRP Sữa Rửa Mặt Effaclar Purifying Foaming Gel - 15ml,https://p16-oec-sg.ibyteimg.com/tos-alisg-i-aphluv4xwc-sg/db88b950e6274f3cb02fd159d93a3fdd~tplv-aphluv4xwc-origin-jpeg.jpeg?dr=15568&t=555f072d&ps=933b5bde&shp=54477afb&shcp=3c3d9ffb&idc=my&from=1413970683,COSMEE HA NOI,03/10/2026 10:46,,--
586382399257937161,,Đang giao hàng,TikTok,TTVIESGN-HCM,--,--,1350,1,CERAVE Sữa Rửa Mặt Foaming Cleanser - 30ml FRANCE,https://p16-oec-sg.ibyteimg.com/tos-alisg-i-aphluv4xwc-sg/cc9742efae154cb89c3e62363dff00b1~tplv-aphluv4xwc-origin-jpeg.jpeg?dr=15568&t=555f072d&ps=933b5bde&shp=54477afb&shcp=3c3d9ffb&idc=my&from=1413970683,VIE GROUP HCM,03/10/2026 10:46,,--
261003MAAHKRPQ,,Đã hủy,Shopee,SHEPRIME2-MALL - HCM,--,--,2026,1,LRP Sữa Rửa Mặt Effaclar Purifying Foaming Gel - 50ml,https://cf.shopee.vn/file/vn-11134207-81ztc-ms4g1nr09wck4c_tn,VIE GROUP HCM,03/10/2026 10:44,,Chờ xử lý
261003MA6W9JNJ,,Đang giao hàng,Shopee,SHVIEPro-HANOI,--,--,1980,1,LOREAL Nước Tẩy Trang Revitalift Crystal Purifying Micellar Water [Xám] - 95ml,https://cf.shopee.vn/file/vn-11134207-7r98o-lp3u0heu5rh71b_tn,COSMEE HA NOI,03/10/2026 10:42,04/10/2026 21:13,--
586382273763968295,,Đang giao hàng,TikTok,TTVIEPRIME-HANOI,--,--,CB2026.3,1,COMBO 3 TUÝP LRP Sữa Rửa Mặt Effaclar Purifying Foaming Gel - 50ml,https://p16-oec-sg.ibyteimg.com/tos-alisg-i-aphluv4xwc-sg/1200e3e940994b57b36341a3f7c85513~tplv-aphluv4xwc-origin-jpeg.jpeg?dr=15568&t=555f072d&ps=933b5bde&shp=54477afb&shcp=3c3d9ffb&idc=my2&from=1413970683,VIE GROUP HCM,03/10/2026 10:41,,--
261003MA27M2W5,,Đang giao hàng,Shopee,SHVIECosme HCM,--,--,1887,1,KEYSHU mặt nạ dưỡng da - 1 Miếng ( Vitamin C ),https://cf.shopee.vn/file/vn-11134207-81ztc-ms9j7fo7lv5sb3_tn,VIE GROUP HCM,03/10/2026 10:40,,--
586382239136842909,,Đang giao hàng,TikTok,TTVIEPRIME-HANOI,--,--,2026,1,LRP Sữa Rửa Mặt Effaclar Purifying Foaming Gel - 50ml,https://p16-oec-sg.ibyteimg.com/tos-alisg-i-aphluv4xwc-sg/e4dc23ba7aa04ac68154f7d70954e8c5~tplv-aphluv4xwc-origin-jpeg.jpeg?dr=15568&t=555f072d&ps=933b5bde&shp=54477afb&shcp=3c3d9ffb&idc=my&from=1413970683,VIE GROUP HCM,03/10/2026 10:38,,--
586382300933162583,,Đã hủy,TikTok,TTVIESGN-HCM,--,--,2026,1,LRP Sữa Rửa Mặt Effaclar Purifying Foaming Gel - 50ml,https://p16-oec-va.ibyteimg.com/tos-maliva-i-o3syd03w52-us/307dde19befb426e9d4f98983a79189c~tplv-o3syd03w52-origin-jpeg.jpeg?dr=15568&t=555f072d&ps=933b5bde&shp=54477afb&shcp=3c3d9ffb&idc=my3&from=1413970683,VIE GROUP HCM,03/10/2026 10:38,,Chờ in
586382296906434489,,Đang giao hàng,TikTok,TTEPRIME-MALL-HCM,--,--,2026,1,LRP Sữa Rửa Mặt Effaclar Purifying Foaming Gel - 50ml,https://p16-oec-sg.ibyteimg.com/tos-alisg-i-aphluv4xwc-sg/1e10caa309fd4734816f9ccab855d73f~tplv-aphluv4xwc-origin-jpeg.jpeg?dr=15568&t=555f072d&ps=933b5bde&shp=54477afb&shcp=3c3d9ffb&idc=my2&from=1413970683,VIE GROUP HCM,03/10/2026 10:36,,--
586382210393867536,,Đang giao hàng,TikTok,TTEPRIME-MALL-HCM,--,--,CB1350.3,1,COMBO 3 Chai 30ml CERAVE Sữa Rửa Mặt Foaming Cleanser,https://p16-oec-sg.ibyteimg.com/tos-alisg-i-aphluv4xwc-sg/a2376db661934510bc5ab6e7f01657b3~tplv-aphluv4xwc-origin-jpeg.jpeg?dr=15568&t=555f072d&ps=933b5bde&shp=54477afb&shcp=3c3d9ffb&idc=my&from=1413970683,VIE GROUP HCM,03/10/2026 10:34,,--
586382107633944547,,Đã hủy,TikTok,TTEPRIME-MALL-HCM,--,--,CB1350.3,1,COMBO 3 Chai 30ml CERAVE Sữa Rửa Mặt Foaming Cleanser,https://p16-oec-sg.ibyteimg.com/tos-alisg-i-aphluv4xwc-sg/a2376db661934510bc5ab6e7f01657b3~tplv-aphluv4xwc-origin-jpeg.jpeg?dr=15568&t=555f072d&ps=933b5bde&shp=54477afb&shcp=3c3d9ffb&idc=my&from=1413970683,VIE GROUP HCM,03/10/2026 10:30,,Chờ lấy hàng
261003M9FXXYY9,,Đang giao hàng,Shopee,SHEP - HCM,--,--,1471,1,COMPLIMENT Sữa rửa mặt No Problem 200ml - Cam,https://cf.shopee.vn/file/vn-11134207-7ras8-m12a0ndq18yn31_tn,VIE GROUP HCM,03/10/2026 10:29,,--
586382072853792555,,Đang giao hàng,TikTok,TTEPRIME-MALL-HCM,--,--,CB2026.3,1,COMBO 3 TUÝP LRP Sữa Rửa Mặt Effaclar Purifying Foaming Gel - 50ml,https://p16-oec-sg.ibyteimg.com/tos-alisg-i-aphluv4xwc-sg/4fdb1010396942c6bcbbb4ff16ba3159~tplv-aphluv4xwc-origin-jpeg.jpeg?dr=15568&t=555f072d&ps=933b5bde&shp=54477afb&shcp=3c3d9ffb&idc=my2&from=1413970683,VIE GROUP HCM,03/10/2026 10:28,,--
586382120671085682,,Đang giao hàng,TikTok,TTEPRIME-MALL-HCM,--,--,CB2026.3,1,COMBO 3 TUÝP LRP Sữa Rửa Mặt Effaclar Purifying Foaming Gel - 50ml,https://p16-oec-sg.ibyteimg.com/tos-alisg-i-aphluv4xwc-sg/4fdb1010396942c6bcbbb4ff16ba3159~tplv-aphluv4xwc-origin-jpeg.jpeg?dr=15568&t=555f072d&ps=933b5bde&shp=54477afb&shcp=3c3d9ffb&idc=my2&from=1413970683,VIE GROUP HCM,03/10/2026 10:28,,--
586382034269144364,,Đang giao hàng,TikTok,TTEPRIME-MALL-HCM,--,--,CB2026.3,1,COMBO 3 TUÝP LRP Sữa Rửa Mặt Effaclar Purifying Foaming Gel - 50ml,https://p16-oec-sg.ibyteimg.com/tos-alisg-i-aphluv4xwc-sg/4fdb1010396942c6bcbbb4ff16ba3159~tplv-aphluv4xwc-origin-jpeg.jpeg?dr=15568&t=555f072d&ps=933b5bde&shp=54477afb&shcp=3c3d9ffb&idc=my&from=1413970683,VIE GROUP HCM,03/10/2026 10:27,,--
586382023756973689,,Đang giao hàng,TikTok,TTVIEPRIME-HANOI,--,--,2026,1,LRP Sữa Rửa Mặt Effaclar Purifying Foaming Gel - 50ml,https://p16-oec-sg.ibyteimg.com/tos-alisg-i-aphluv4xwc-sg/e4dc23ba7aa04ac68154f7d70954e8c5~tplv-aphluv4xwc-origin-jpeg.jpeg?dr=15568&t=555f072d&ps=933b5bde&shp=54477afb&shcp=3c3d9ffb&idc=my&from=1413970683,VIE GROUP HCM,03/10/2026 10:25,,--
586382017449068106,,Đang giao hàng,TikTok,TTVIEPRIME-HANOI,--,--,CB2026.5,1,COMBO 5 TUÝP LRP Sữa Rửa Mặt Effaclar Purifying Foaming Gel - 50ml,https://p16-oec-sg.ibyteimg.com/tos-alisg-i-aphluv4xwc-sg/790fc78336a043849e61c00f5b8cb791~tplv-aphluv4xwc-origin-jpeg.jpeg?dr=15568&t=555f072d&ps=933b5bde&shp=54477afb&shcp=3c3d9ffb&idc=my2&from=1413970683,VIE GROUP HCM,03/10/2026 10:23,,--
261003M941G247,,Đã hủy,Shopee,SHEP - HCM,--,--,2060,1,"MARVIS Nước Súc Miệng Collutorio Hương Bạc Hà Thơm Mát, Hỗ Trợ Làm Sạch Khoang Miệng Jasmin Mint - 400ml",https://cf.shopee.vn/file/vn-11134207-81ztc-mlrglszukphgaf_tn,VIE GROUP HCM,03/10/2026 10:23,,Chờ xử lý
261003M92C39P4,,Đang giao hàng,Shopee,SHEP - HCM,--,--,CB2361.2,1,"SILCOT Bông tẩy trang Unicharm - 82 miếng Xanh dương, COMBO 2 HỘP",https://cf.shopee.vn/file/vn-11134207-7ras8-mcke8u9q2v4yd7_tn,VIE GROUP HCM,03/10/2026 10:22,,--
261003M8VSQVMW,,Đang giao hàng,Shopee,SHEP - HCM,--,--,2100,1,MINISO Bông tẩy trang Nhật Bản 100% 180 Miếng,https://cf.shopee.vn/file/vn-11134207-81ztc-mtmgtix9883o2d_tn,VIE GROUP HCM,03/10/2026 10:19,,--
ODWTB4052090,,Chờ lấy hàng,Manual,Cosmee.vn Hcm,CN00001095,LYO  GROUP ( Cosmee.hcm),1350,512,CERAVE Sữa Rửa Mặt Foaming Cleanser - 30ml FRANCE,https://res.bigseller.pro/sku/images/merchantsku/944484/634847_1785651928354.jpg?imageView2/1/w/300/h/300,VIE GROUP HCM,03/10/2026 10:18,,--
586381906168809015,,Đang giao hàng,TikTok,TTVIEPRIME-HANOI,--,--,2026,1,LRP Sữa Rửa Mặt Effaclar Purifying Foaming Gel - 50ml,https://p16-oec-sg.ibyteimg.com/tos-alisg-i-aphluv4xwc-sg/e4dc23ba7aa04ac68154f7d70954e8c5~tplv-aphluv4xwc-origin-jpeg.jpeg?dr=15568&t=555f072d&ps=933b5bde&shp=54477afb&shcp=3c3d9ffb&idc=my&from=1413970683,VIE GROUP HCM,03/10/2026 10:15,,--
ODWTB4052089,,Chờ lấy hàng,Manual,VieBeaute_ws,CN00001136,CÔNG TY CỔ PHẦN GẠO NÂU PRODUCTION HOUSE,1704,12,GARNIER Nước Tẩy Trang Micellar Cleansing Water 400ml - Hồng nhạy cảm,https://res.bigseller.pro/sku/images/merchantsku/944484/240262_1754366310068.jpg?imageView2/1/w/300/h/300,VIE GROUP HCM,03/10/2026 10:15,,--
586381740891538588,,Đang giao hàng,TikTok,TTVIEPRIME-HANOI,--,--,CB2026.3,1,COMBO 3 TUÝP LRP Sữa Rửa Mặt Effaclar Purifying Foaming Gel - 50ml,https://p16-oec-sg.ibyteimg.com/tos-alisg-i-aphluv4xwc-sg/1200e3e940994b57b36341a3f7c85513~tplv-aphluv4xwc-origin-jpeg.jpeg?dr=15568&t=555f072d&ps=933b5bde&shp=54477afb&shcp=3c3d9ffb&idc=my2&from=1413970683,VIE GROUP HCM,03/10/2026 10:09,,--
261003M8967E6T,,Đang giao hàng,Shopee,SHVIECosme HCM,--,--,1472,1,COMPLIMENT Sữa rửa mặt No Problem 200ml - Hồng,https://cf.shopee.vn/file/vn-11134207-81ztc-mr8kkbibchs2de_tn,VIE GROUP HCM,03/10/2026 10:08,,--
586381798608307599,,Đang giao hàng,TikTok,TTVIEPRIME-HANOI,--,--,2026,1,LRP Sữa Rửa Mặt Effaclar Purifying Foaming Gel - 50ml,https://p16-oec-sg.ibyteimg.com/tos-alisg-i-aphluv4xwc-sg/e4dc23ba7aa04ac68154f7d70954e8c5~tplv-aphluv4xwc-origin-jpeg.jpeg?dr=15568&t=555f072d&ps=933b5bde&shp=54477afb&shcp=3c3d9ffb&idc=my&from=1413970683,VIE GROUP HCM,03/10/2026 10:07,,--
261003M86S1NNP,,Đang giao hàng,Shopee,SHEP - HCM,--,--,CB2415.3-2414.1-2417.4-2416.2,2,COMBO 10 MIẾNG MIX Mặt Nạ Vi Sợi SURMEDIC Micro Fiber Mask Dưỡng Da Chuyên Biệt,https://cf.shopee.vn/file/vn-11134207-7ras8-m2fj8km2snn8b0_tn,VIE GROUP HCM,03/10/2026 10:06,,--
261003M86S1NNP,,Đang giao hàng,Shopee,SHEP - HCM,--,--,QT40,1,MEDIANSWER Tinh chất hỗ trợ sáng da Vita Collagen Logic Ampoule - 2 ml,https://cf.shopee.vn/file/vn-11134207-81ztc-mtqcnbkc7coya1_tn,VIE GROUP HCM,03/10/2026 10:06,,--
586381715247695865,,Đang giao hàng,TikTok,TTEPRIME-MALL-HCM,--,--,2026,1,LRP Sữa Rửa Mặt Effaclar Purifying Foaming Gel - 50ml,https://p19-oec-sg.ibyteimg.com/tos-alisg-i-aphluv4xwc-sg/e34ab459d15b4717b53d8bd8fe469991~tplv-aphluv4xwc-origin-jpeg.jpeg?dr=15568&t=555f072d&ps=933b5bde&shp=54477afb&shcp=3c3d9ffb&idc=my&from=1413970683,VIE GROUP HCM,03/10/2026 10:06,,--
586381730208580724,,Đang giao hàng,TikTok,TTVIESGN-HCM,--,--,CB2361.2,1,"SILCOT Bông tẩy trang Unicharm - 82 miếng Xanh dương, COMBO 2 HỘP",https://p16-oec-va.ibyteimg.com/tos-maliva-i-o3syd03w52-us/7357bf01a9504eea84d1c15968689052~tplv-o3syd03w52-origin-jpeg.jpeg?dr=15568&t=555f072d&ps=933b5bde&shp=54477afb&shcp=3c3d9ffb&idc=my&from=1413970683,VIE GROUP HCM,03/10/2026 10:05,,--
ODWTB4052088,,Chờ lấy hàng,Manual,ePharmacy_ws,CN00000408,Công Ty TNHH 86 Market (epharmacy),1182,24,BALANCE Serum Active Formula Vitamin C Brightening Serum Glow & Radiance - 30ml,https://res.bigseller.pro/sku/images/merchantsku/944484/460511_1787502872542.jpg?imageView2/1/w/300/h/300,VIE GROUP HCM,03/10/2026 10:05,,--
586381678185383132,,Đang giao hàng,TikTok,TTEPharma-MALL-HCM,--,--,1480,1,COMPLIMENT Toner 10% Glycolic Acid & Aloe Lô hội - 200ML,https://p16-oec-sg.ibyteimg.com/tos-alisg-i-aphluv4xwc-sg/cf13e1c94455461cb4344593a1731f05~tplv-aphluv4xwc-origin-jpeg.jpeg?dr=15568&t=555f072d&ps=933b5bde&shp=54477afb&shcp=3c3d9ffb&idc=my&from=1413970683,VIE GROUP HCM,03/10/2026 10:01,,--
261003M7UASP9A,,Đang giao hàng,Shopee,SHEP - HCM,--,--,CB2361.2,1,"SILCOT Bông tẩy trang Unicharm - 82 miếng Xanh dương, COMBO 2 HỘP",https://cf.shopee.vn/file/vn-11134207-7ras8-mcke8u9q2v4yd7_tn,VIE GROUP HCM,03/10/2026 10:00,,--
586381578413179922,,Đang giao hàng,TikTok,TTVIEPRIME-HANOI,--,--,2026,1,LRP Sữa Rửa Mặt Effaclar Purifying Foaming Gel - 50ml,https://p16-oec-sg.ibyteimg.com/tos-alisg-i-aphluv4xwc-sg/e4dc23ba7aa04ac68154f7d70954e8c5~tplv-aphluv4xwc-origin-jpeg.jpeg?dr=15568&t=555f072d&ps=933b5bde&shp=54477afb&shcp=3c3d9ffb&idc=my&from=1413970683,VIE GROUP HCM,03/10/2026 09:58,,--
586381610744841559,,Đang giao hàng,TikTok,TTVIEPRIME-HANOI,--,--,2026,2,LRP Sữa Rửa Mặt Effaclar Purifying Foaming Gel - 50ml,https://p16-oec-sg.ibyteimg.com/tos-alisg-i-aphluv4xwc-sg/e4dc23ba7aa04ac68154f7d70954e8c5~tplv-aphluv4xwc-origin-jpeg.jpeg?dr=15568&t=555f072d&ps=933b5bde&shp=54477afb&shcp=3c3d9ffb&idc=my&from=1413970683,VIE GROUP HCM,03/10/2026 09:58,,--
586381624248993560,,Đang giao hàng,TikTok,TTVIEPRIME-HANOI,--,--,2026,1,LRP Sữa Rửa Mặt Effaclar Purifying Foaming Gel - 50ml,https://p16-oec-sg.ibyteimg.com/tos-alisg-i-aphluv4xwc-sg/e4dc23ba7aa04ac68154f7d70954e8c5~tplv-aphluv4xwc-origin-jpeg.jpeg?dr=15568&t=555f072d&ps=933b5bde&shp=54477afb&shcp=3c3d9ffb&idc=my3&from=1413970683,VIE GROUP HCM,03/10/2026 09:57,,--
586381607337559377,,Đã hủy,TikTok,TTVIEPRIME-HANOI,--,--,2024,1,LRP Sữa Rửa Mặt Effaclar Purifying Foaming Gel - 15ml,https://p16-oec-sg.ibyteimg.com/tos-alisg-i-aphluv4xwc-sg/db88b950e6274f3cb02fd159d93a3fdd~tplv-aphluv4xwc-origin-jpeg.jpeg?dr=15568&t=555f072d&ps=933b5bde&shp=54477afb&shcp=3c3d9ffb&idc=my3&from=1413970683,COSMEE HA NOI,03/10/2026 09:57,,Chờ xử lý
586381517878363624,,Đang giao hàng,TikTok,TTVIEPRIME-HANOI,--,--,2026,1,LRP Sữa Rửa Mặt Effaclar Purifying Foaming Gel - 50ml,https://p16-oec-sg.ibyteimg.com/tos-alisg-i-aphluv4xwc-sg/e4dc23ba7aa04ac68154f7d70954e8c5~tplv-aphluv4xwc-origin-jpeg.jpeg?dr=15568&t=555f072d&ps=933b5bde&shp=54477afb&shcp=3c3d9ffb&idc=my&from=1413970683,VIE GROUP HCM,03/10/2026 09:55,,--
261003M7FNW9UR,,Đang giao hàng,Shopee,SHEP - HCM,--,--,2039,1,LRP Kem Chống Nắng Nâng Tông Kiềm Dầu Anthelios XL SPF 50+ PA++++ 50ml ( Mẫu mới XL),https://cf.shopee.vn/file/vn-11134207-7ras8-maxseclx98t36f_tn,VIE GROUP HCM,03/10/2026 09:54,,--
261003M7FNW9UR,,Đang giao hàng,Shopee,SHEP - HCM,--,--,QT40,1,MEDIANSWER Tinh chất hỗ trợ sáng da Vita Collagen Logic Ampoule - 2 ml,https://cf.shopee.vn/file/vn-11134207-81ztc-mtqcnbkc7coya1_tn,VIE GROUP HCM,03/10/2026 09:54,,--
586381499126744898,,Đang giao hàng,TikTok,TTEPRIME-MALL-HCM,--,--,CB1350.3,1,COMBO 3 Chai 30ml CERAVE Sữa Rửa Mặt Foaming Cleanser,https://p16-oec-sg.ibyteimg.com/tos-alisg-i-aphluv4xwc-sg/a2376db661934510bc5ab6e7f01657b3~tplv-aphluv4xwc-origin-jpeg.jpeg?dr=15568&t=555f072d&ps=933b5bde&shp=54477afb&shcp=3c3d9ffb&idc=my&from=1413970683,VIE GROUP HCM,03/10/2026 09:52,,--
261003M7CMMSTD,,Đang giao hàng,Shopee,SHVIECosme HCM,--,--,1612,1,DR.SERA Bông Tẩy Trang Cotton Tiệt Trùng UV - PURE SNOW COTTON PAD - 234 Miếng,https://cf.shopee.vn/file/vn-11134207-81ztc-ms7yx63mhrlx16_tn,VIE GROUP HCM,03/10/2026 09:52,,--
586381510581585611,,Đã hủy,TikTok,TTVIEPRIME-HANOI,--,--,2026,1,LRP Sữa Rửa Mặt Effaclar Purifying Foaming Gel - 50ml,https://p16-oec-sg.ibyteimg.com/tos-alisg-i-aphluv4xwc-sg/e4dc23ba7aa04ac68154f7d70954e8c5~tplv-aphluv4xwc-origin-jpeg.jpeg?dr=15568&t=555f072d&ps=933b5bde&shp=54477afb&shcp=3c3d9ffb&idc=my&from=1413970683,COSMEE HA NOI,03/10/2026 09:52,,--
586381603693757620,,Đang giao hàng,TikTok,TTVIEPRIME-HANOI,--,--,CB2026.3,1,COMBO 3 TUÝP LRP Sữa Rửa Mặt Effaclar Purifying Foaming Gel - 50ml,https://p16-oec-sg.ibyteimg.com/tos-alisg-i-aphluv4xwc-sg/d63283936c3d4598af8c0a676d67dd41~tplv-aphluv4xwc-origin-jpeg.jpeg?dr=15568&t=555f072d&ps=933b5bde&shp=54477afb&shcp=3c3d9ffb&idc=my&from=1413970683,VIE GROUP HCM,03/10/2026 09:51,,--
261003M7AD4PMN,,Đang giao hàng,Shopee,SHVIEPro-HANOI,--,--,,1,COMBO 3 Serum LA ROCHE-POSAY Hyalu B5-[ 10ml ],https://cf.shopee.vn/file/vn-11134207-7ras8-mc78shjwkmmmf4_tn,VIE GROUP HCM,03/10/2026 09:51,,--
261003M7AD4PMN,,Đang giao hàng,Shopee,SHVIEPro-HANOI,--,--,QT01,1,FRESH & CARE Dung dịch vệ sinh phụ nữ Odor Fresh+ - 150ml,https://cf.shopee.vn/file/vn-11134207-81ztc-mqyhiy5e3bpe1a_tn,VIE GROUP HCM,03/10/2026 09:51,,--
586381535526618305,,Đang giao hàng,TikTok,TTVIEPRIME-HANOI,--,--,2024,1,LRP Sữa Rửa Mặt Effaclar Purifying Foaming Gel - 15ml,https://p16-oec-sg.ibyteimg.com/tos-alisg-i-aphluv4xwc-sg/db88b950e6274f3cb02fd159d93a3fdd~tplv-aphluv4xwc-origin-jpeg.jpeg?dr=15568&t=555f072d&ps=933b5bde&shp=54477afb&shcp=3c3d9ffb&idc=my2&from=1413970683,COSMEE HA NOI,03/10/2026 09:50,,--
586381433376769756,,Đang giao hàng,TikTok,TTVIEPRIME-HANOI,--,--,2014,1,LRP SERUM B5 HYALU CONCENTRE - 10ml,https://p16-oec-sg.ibyteimg.com/tos-alisg-i-aphluv4xwc-sg/e07d299a8614444b8b8d09e4dcbafa6b~tplv-aphluv4xwc-origin-jpeg.jpeg?dr=15568&t=555f072d&ps=933b5bde&shp=54477afb&shcp=3c3d9ffb&idc=my2&from=1413970683,VIE GROUP HCM,03/10/2026 09:49,,--
586381413999871176,,Đang giao hàng,TikTok,TTVIEPRIME-HANOI,--,--,2026,1,LRP Sữa Rửa Mặt Effaclar Purifying Foaming Gel - 50ml,https://p16-oec-sg.ibyteimg.com/tos-alisg-i-aphluv4xwc-sg/e4dc23ba7aa04ac68154f7d70954e8c5~tplv-aphluv4xwc-origin-jpeg.jpeg?dr=15568&t=555f072d&ps=933b5bde&shp=54477afb&shcp=3c3d9ffb&idc=my2&from=1413970683,VIE GROUP HCM,03/10/2026 09:47,,--
586381371252311683,,Đang giao hàng,TikTok,TTEPRIME-MALL-HCM,--,--,2026,1,LRP Sữa Rửa Mặt Effaclar Purifying Foaming Gel - 50ml,https://p16-oec-sg.ibyteimg.com/tos-alisg-i-aphluv4xwc-sg/e34ab459d15b4717b53d8bd8fe469991~tplv-aphluv4xwc-origin-jpeg.jpeg?dr=15568&t=555f072d&ps=933b5bde&shp=54477afb&shcp=3c3d9ffb&idc=my2&from=1413970683,VIE GROUP HCM,03/10/2026 09:43,,--
586381388002395353,,Đang giao hàng,TikTok,TTEPRIME-MALL-HCM,--,--,CB2026.3,1,COMBO 3 TUÝP LRP Sữa Rửa Mặt Effaclar Purifying Foaming Gel - 50ml,https://p16-oec-sg.ibyteimg.com/tos-alisg-i-aphluv4xwc-sg/4fdb1010396942c6bcbbb4ff16ba3159~tplv-aphluv4xwc-origin-jpeg.jpeg?dr=15568&t=555f072d&ps=933b5bde&shp=54477afb&shcp=3c3d9ffb&idc=my2&from=1413970683,VIE GROUP HCM,03/10/2026 09:41,,--
261003M6PTHTHJ,,Đã hủy,Shopee,SHVIEPro-HANOI,--,--,1465,1,COMPLIMENT Serum 27ml - Salycylic BHA 2%,https://cf.shopee.vn/file/vn-11134207-81ztc-mos4uhkivdhn60_tn,COSMEE HA NOI,03/10/2026 09:40,,Chờ xử lý
261003M6PTHTHJ,,Đã hủy,Shopee,SHVIEPro-HANOI,--,--,QT01,1,Dr.Sera tây tế bào chết da đầu,https://cf.shopee.vn/file/vn-11134207-81ztc-mqyhiy5e3bpe1a_tn,COSMEE HA NOI,03/10/2026 09:40,,Chờ xử lý
586381291160241809,,Đang giao hàng,TikTok,TTVIESGN-HCM,--,--,1350,1,CERAVE Sữa Rửa Mặt Foaming Cleanser - 30ml FRANCE,https://p16-oec-sg.ibyteimg.com/tos-alisg-i-aphluv4xwc-sg/e6a9105da8614796ac0e8db7403f7c49~tplv-aphluv4xwc-origin-jpeg.jpeg?dr=15568&t=555f072d&ps=933b5bde&shp=54477afb&shcp=3c3d9ffb&idc=my2&from=1413970683,VIE GROUP HCM,03/10/2026 09:39,,--
586381277561914511,,Đang giao hàng,TikTok,TTVIEPRIME-HANOI,--,--,2024,1,LRP Sữa Rửa Mặt Effaclar Purifying Foaming Gel - 15ml,https://p16-oec-sg.ibyteimg.com/tos-alisg-i-aphluv4xwc-sg/db88b950e6274f3cb02fd159d93a3fdd~tplv-aphluv4xwc-origin-jpeg.jpeg?dr=15568&t=555f072d&ps=933b5bde&shp=54477afb&shcp=3c3d9ffb&idc=my&from=1413970683,COSMEE HA NOI,03/10/2026 09:39,,--
261003M6HY2083,,Đang giao hàng,Shopee,SHEP - HCM,--,--,2100,1,MINISO Bông tẩy trang Nhật Bản 100% 180 Miếng,https://cf.shopee.vn/file/vn-11134207-81ztc-mtmgtix9883o2d_tn,VIE GROUP HCM,03/10/2026 09:37,,--
586381269989558108,,Đang giao hàng,TikTok,TTVIEPRIME-HANOI,--,--,2026,1,LRP Sữa Rửa Mặt Effaclar Purifying Foaming Gel - 50ml,https://p16-oec-sg.ibyteimg.com/tos-alisg-i-aphluv4xwc-sg/e4dc23ba7aa04ac68154f7d70954e8c5~tplv-aphluv4xwc-origin-jpeg.jpeg?dr=15568&t=555f072d&ps=933b5bde&shp=54477afb&shcp=3c3d9ffb&idc=my2&from=1413970683,VIE GROUP HCM,03/10/2026 09:36,,--
261003M6AHMHSD,,Đang giao hàng,Shopee,SHEPRIME2-MALL - HCM,--,--,1858,1,JOHNSON'S Sữa tắm gội Baby Top-To-Toe Hair & Body (Vàng) - 200ml,https://cf.shopee.vn/file/sg-11134201-8259u-msk1gk4caryic0_tn,VIE GROUP HCM,03/10/2026 09:45,,--
586381206859843194,,Đang giao hàng,TikTok,TTVIEPRIME-HANOI,--,--,CB2026.3,1,COMBO 3 TUÝP LRP Sữa Rửa Mặt Effaclar Purifying Foaming Gel - 50ml,https://p16-oec-sg.ibyteimg.com/tos-alisg-i-aphluv4xwc-sg/1200e3e940994b57b36341a3f7c85513~tplv-aphluv4xwc-origin-jpeg.jpeg?dr=15568&t=555f072d&ps=933b5bde&shp=54477afb&shcp=3c3d9ffb&idc=my2&from=1413970683,VIE GROUP HCM,03/10/2026 09:32,,--
586381164213536554,,Đang giao hàng,TikTok,TTEPRIME-MALL-HCM,--,--,CB2026.3,1,COMBO 3 TUÝP LRP Sữa Rửa Mặt Effaclar Purifying Foaming Gel - 50ml,https://p16-oec-sg.ibyteimg.com/tos-alisg-i-aphluv4xwc-sg/4fdb1010396942c6bcbbb4ff16ba3159~tplv-aphluv4xwc-origin-jpeg.jpeg?dr=15568&t=555f072d&ps=933b5bde&shp=54477afb&shcp=3c3d9ffb&idc=my&from=1413970683,VIE GROUP HCM,03/10/2026 09:30,,--
586381111573644530,,Đang giao hàng,TikTok,TTVIEPRIME-HANOI,--,--,2026,1,LRP Sữa Rửa Mặt Effaclar Purifying Foaming Gel - 50ml,https://p16-oec-sg.ibyteimg.com/tos-alisg-i-aphluv4xwc-sg/e4dc23ba7aa04ac68154f7d70954e8c5~tplv-aphluv4xwc-origin-jpeg.jpeg?dr=15568&t=555f072d&ps=933b5bde&shp=54477afb&shcp=3c3d9ffb&idc=my2&from=1413970683,VIE GROUP HCM,03/10/2026 09:26,,--
586381074404181041,,Đang giao hàng,TikTok,TTEPRIME-MALL-HCM,--,--,1350,1,CERAVE Sữa Rửa Mặt Foaming Cleanser - 30ml FRANCE,https://p16-oec-sg.ibyteimg.com/tos-alisg-i-aphluv4xwc-sg/50806a02e3104a3bb34e537bc386ab64~tplv-aphluv4xwc-origin-jpeg.jpeg?dr=15568&t=555f072d&ps=933b5bde&shp=54477afb&shcp=3c3d9ffb&idc=my&from=1413970683,VIE GROUP HCM,03/10/2026 09:25,,--
586381068147524645,,Đang giao hàng,TikTok,TTEPRIME-MALL-HCM,--,--,2026,1,LRP Sữa Rửa Mặt Effaclar Purifying Foaming Gel - 50ml,https://p16-oec-sg.ibyteimg.com/tos-alisg-i-aphluv4xwc-sg/e34ab459d15b4717b53d8bd8fe469991~tplv-aphluv4xwc-origin-jpeg.jpeg?dr=15568&t=555f072d&ps=933b5bde&shp=54477afb&shcp=3c3d9ffb&idc=my2&from=1413970683,VIE GROUP HCM,03/10/2026 09:22,,--
586381061412652687,,Đang giao hàng,TikTok,TTEPRIME-MALL-HCM,--,--,CB2026.3,1,COMBO 3 TUÝP LRP Sữa Rửa Mặt Effaclar Purifying Foaming Gel - 50ml,https://p16-oec-sg.ibyteimg.com/tos-alisg-i-aphluv4xwc-sg/4fdb1010396942c6bcbbb4ff16ba3159~tplv-aphluv4xwc-origin-jpeg.jpeg?dr=15568&t=555f072d&ps=933b5bde&shp=54477afb&shcp=3c3d9ffb&idc=my&from=1413970683,VIE GROUP HCM,03/10/2026 09:19,,--
586381018277709815,,Đang giao hàng,TikTok,TTEPRIME-MALL-HCM,--,--,CB1350.3,1,COMBO 3 Chai 30ml CERAVE Sữa Rửa Mặt Foaming Cleanser,https://p16-oec-sg.ibyteimg.com/tos-alisg-i-aphluv4xwc-sg/a2376db661934510bc5ab6e7f01657b3~tplv-aphluv4xwc-origin-jpeg.jpeg?dr=15568&t=555f072d&ps=933b5bde&shp=54477afb&shcp=3c3d9ffb&idc=my&from=1413970683,VIE GROUP HCM,03/10/2026 09:18,,--
586380923208697192,,Đang giao hàng,TikTok,TTEPRIME-MALL-HCM,--,--,1350,1,CERAVE Sữa Rửa Mặt Foaming Cleanser - 30ml FRANCE,https://p16-oec-sg.ibyteimg.com/tos-alisg-i-aphluv4xwc-sg/50806a02e3104a3bb34e537bc386ab64~tplv-aphluv4xwc-origin-jpeg.jpeg?dr=15568&t=555f072d&ps=933b5bde&shp=54477afb&shcp=3c3d9ffb&idc=my2&from=1413970683,VIE GROUP HCM,03/10/2026 09:17,,--
586380946799101712,,Đang giao hàng,TikTok,TTVIEPRIME-HANOI,--,--,2024,2,LRP Sữa Rửa Mặt Effaclar Purifying Foaming Gel - 15ml,https://p16-oec-sg.ibyteimg.com/tos-alisg-i-aphluv4xwc-sg/db88b950e6274f3cb02fd159d93a3fdd~tplv-aphluv4xwc-origin-jpeg.jpeg?dr=15568&t=555f072d&ps=933b5bde&shp=54477afb&shcp=3c3d9ffb&idc=my3&from=1413970683,COSMEE HA NOI,03/10/2026 09:16,,--
586381016225383946,Đơn hàng trùng lặp,Đã hủy,TikTok,TTVIEPRIME-HANOI,--,--,2026,1,LRP Sữa Rửa Mặt Effaclar Purifying Foaming Gel - 50ml,https://p16-oec-sg.ibyteimg.com/tos-alisg-i-aphluv4xwc-sg/e4dc23ba7aa04ac68154f7d70954e8c5~tplv-aphluv4xwc-origin-jpeg.jpeg?dr=15568&t=555f072d&ps=933b5bde&shp=54477afb&shcp=3c3d9ffb&idc=my&from=1413970683,COSMEE HA NOI,03/10/2026 09:14,,Chờ xử lý
261003M59PPYET,,Đang giao hàng,Shopee,SHEPRIME2-MALL - HCM,--,--,2026,2,LRP Sữa Rửa Mặt Effaclar Purifying Foaming Gel - 50ml,https://cf.shopee.vn/file/vn-11134207-81ztc-ms4g1nr09wck4c_tn,VIE GROUP HCM,03/10/2026 09:14,,--
586380957788046645,,Đang giao hàng,TikTok,TTVIEPRIME-HANOI,--,--,2026,1,LRP Sữa Rửa Mặt Effaclar Purifying Foaming Gel - 50ml,https://p16-oec-sg.ibyteimg.com/tos-alisg-i-aphluv4xwc-sg/e4dc23ba7aa04ac68154f7d70954e8c5~tplv-aphluv4xwc-origin-jpeg.jpeg?dr=15568&t=555f072d&ps=933b5bde&shp=54477afb&shcp=3c3d9ffb&idc=my2&from=1413970683,VIE GROUP HCM,03/10/2026 09:14,,--
586380930993587509,,Đã hủy,TikTok,TTVIEPRIME-HANOI,--,--,2026,1,LRP Sữa Rửa Mặt Effaclar Purifying Foaming Gel - 50ml,https://p16-oec-sg.ibyteimg.com/tos-alisg-i-aphluv4xwc-sg/e4dc23ba7aa04ac68154f7d70954e8c5~tplv-aphluv4xwc-origin-jpeg.jpeg?dr=15568&t=555f072d&ps=933b5bde&shp=54477afb&shcp=3c3d9ffb&idc=my2&from=1413970683,COSMEE HA NOI,03/10/2026 09:14,,--
261003M58R5EEV,,Đang giao hàng,Shopee,SHEP - HCM,--,--,1472,1,COMPLIMENT Sữa rửa mặt No Problem 200ml - Hồng,https://cf.shopee.vn/file/vn-11134207-7ras8-m12a0k10v2mz20_tn,VIE GROUP HCM,03/10/2026 09:14,,--
586380941766591599,,Đang giao hàng,TikTok,TTEPRIME-MALL-HCM,--,--,1350,1,CERAVE Sữa Rửa Mặt Foaming Cleanser - 30ml FRANCE,https://p16-oec-sg.ibyteimg.com/tos-alisg-i-aphluv4xwc-sg/50806a02e3104a3bb34e537bc386ab64~tplv-aphluv4xwc-origin-jpeg.jpeg?dr=15568&t=555f072d&ps=933b5bde&shp=54477afb&shcp=3c3d9ffb&idc=my&from=1413970683,VIE GROUP HCM,03/10/2026 09:13,,--
261003M56DSHGX,,Đang giao hàng,Shopee,SHEP - HCM,--,--,2011,1,LRP Kem Dưỡng Lipikar Baume AP+M - 200ml,https://cf.shopee.vn/file/vn-11134207-81ztc-mlcv6ugg8v7s0d_tn,VIE GROUP HCM,03/10/2026 09:13,,--
261003M56DSHGX,,Đang giao hàng,Shopee,SHEP - HCM,--,--,QT40,1,MEDIANSWER Tinh chất hỗ trợ sáng da Vita Collagen Logic Ampoule - 2 ml,https://cf.shopee.vn/file/vn-11134207-81ztc-mtqcnbkc7coya1_tn,VIE GROUP HCM,03/10/2026 09:13,,--
586380916343080616,,Đang giao hàng,TikTok,TTEPRIME-MALL-HCM,--,--,2026,1,LRP Sữa Rửa Mặt Effaclar Purifying Foaming Gel - 50ml,https://p16-oec-sg.ibyteimg.com/tos-alisg-i-aphluv4xwc-sg/e34ab459d15b4717b53d8bd8fe469991~tplv-aphluv4xwc-origin-jpeg.jpeg?dr=15568&t=555f072d&ps=933b5bde&shp=54477afb&shcp=3c3d9ffb&idc=my&from=1413970683,VIE GROUP HCM,03/10/2026 09:13,,--
586380874812852051,,Đang giao hàng,TikTok,TTASCosme - HANOI,--,--,CB1472.1-1980.1,1,COMBO 1 SRM COMPLIMNET ĐỎ + 1 NTT LOREAL XÁM 95ML,https://p16-oec-sg.ibyteimg.com/tos-alisg-i-aphluv4xwc-sg/a19ce14281ba43c99c8e590506864069~tplv-aphluv4xwc-origin-jpeg.jpeg?dr=15568&t=555f072d&ps=933b5bde&shp=54477afb&shcp=3c3d9ffb&idc=my&from=1413970683,VIE GROUP HCM,03/10/2026 09:09,,--
586380821447738494,,Đang giao hàng,TikTok,TTVIESGN-HCM,--,--,1350,1,CERAVE Sữa Rửa Mặt Foaming Cleanser - 30ml FRANCE,https://p16-oec-va.ibyteimg.com/tos-maliva-i-o3syd03w52-us/e3e9667ce3494a6c8150fb489cb2491d~tplv-o3syd03w52-origin-jpeg.jpeg?dr=15568&t=555f072d&ps=933b5bde&shp=54477afb&shcp=3c3d9ffb&idc=my2&from=1413970683,VIE GROUP HCM,03/10/2026 09:08,,--
261003M4UNH5KT,,Đang giao hàng,Shopee,SHEP - HCM,--,--,1472,1,COMPLIMENT Sữa rửa mặt No Problem 200ml - Hồng,https://cf.shopee.vn/file/vn-11134207-7ras8-m12a0k10v2mz20_tn,VIE GROUP HCM,03/10/2026 09:07,,--
261003M4SJQQK5,,Đang giao hàng,Shopee,SHVIECosme HCM,--,--,1472,1,COMPLIMENT Sữa rửa mặt No Problem 200ml - Hồng,https://cf.shopee.vn/file/vn-11134207-81ztc-mr8kkbibchs2de_tn,VIE GROUP HCM,03/10/2026 09:05,04/10/2026 00:44,--
261003M4Q3JNE8,,Đã hủy,Shopee,SHEP - HCM,--,--,1472,1,COMPLIMENT Sữa rửa mặt No Problem 200ml - Hồng,https://cf.shopee.vn/file/vn-11134207-7ras8-m12a0k10v2mz20_tn,VIE GROUP HCM,03/10/2026 09:04,,Chưa thanh toán
586380784656614758,,Đang giao hàng,TikTok,TTEPRIME-MALL-HCM,--,--,1350,1,CERAVE Sữa Rửa Mặt Foaming Cleanser - 30ml FRANCE,https://p16-oec-sg.ibyteimg.com/tos-alisg-i-aphluv4xwc-sg/50806a02e3104a3bb34e537bc386ab64~tplv-aphluv4xwc-origin-jpeg.jpeg?dr=15568&t=555f072d&ps=933b5bde&shp=54477afb&shcp=3c3d9ffb&idc=my2&from=1413970683,VIE GROUP HCM,03/10/2026 09:03,,--
586380705267419129,,Đã hủy,TikTok,TTEPRIME-MALL-HCM,--,--,2026,1,LRP Sữa Rửa Mặt Effaclar Purifying Foaming Gel - 50ml,https://p16-oec-sg.ibyteimg.com/tos-alisg-i-aphluv4xwc-sg/e34ab459d15b4717b53d8bd8fe469991~tplv-aphluv4xwc-origin-jpeg.jpeg?dr=15568&t=555f072d&ps=933b5bde&shp=54477afb&shcp=3c3d9ffb&idc=my&from=1413970683,VIE GROUP HCM,03/10/2026 09:03,,Chờ in
261003M49S8U09,,Đang giao hàng,Shopee,SHEP - HCM,--,--,1978,1,LOREAL Nước tẩy trang 3-in-1 Micellar Water 400ml - Xanh nhạt,https://cf.shopee.vn/file/vn-11134207-81ztc-moxdtni0dqml98_tn,VIE GROUP HCM,03/10/2026 08:58,,--
532927309068736,,Đang giao hàng,Lazada,LZDEPRIME-MALL - HCM,--,--,CB2039.2,1,COMBO 2 TUÝP  Kem Chống Nắng Anthelois XL 50+ PA+++ 50ml,https://vn-live.slatic.net/p/e02724692b767cbe6e4606a785aec566.png,VIE GROUP HCM,03/10/2026 08:55,,--
586380681640773566,,Đang giao hàng,TikTok,TTASCosme - HANOI,--,--,1316,1,CARSLAN PHẤN PHỦ  BLACK  MAGNET SOFT FOCUS  MAKE-UP POWDER 01  PHẤN PHỦ 1G,https://p16-oec-sg.ibyteimg.com/tos-alisg-i-aphluv4xwc-sg/226068b460ae47a6b3852937cb8229e6~tplv-aphluv4xwc-origin-jpeg.jpeg?dr=15568&t=555f072d&ps=933b5bde&shp=54477afb&shcp=3c3d9ffb&idc=my2&from=1413970683,COSMEE HA NOI,03/10/2026 08:54,,--
586380652997018751,,Đang giao hàng,TikTok,TTVIEPRIME-HANOI,--,--,2026,1,LRP Sữa Rửa Mặt Effaclar Purifying Foaming Gel - 50ml,https://p16-oec-sg.ibyteimg.com/tos-alisg-i-aphluv4xwc-sg/e4dc23ba7aa04ac68154f7d70954e8c5~tplv-aphluv4xwc-origin-jpeg.jpeg?dr=15568&t=555f072d&ps=933b5bde&shp=54477afb&shcp=3c3d9ffb&idc=my&from=1413970683,VIE GROUP HCM,03/10/2026 08:54,,--
261003M44KCQY0,,Đang giao hàng,Shopee,SHVIECosme HCM,--,--,1887,1,KEYSHU mặt nạ dưỡng da - 1 Miếng ( Vitamin C ),https://cf.shopee.vn/file/vn-11134207-81ztc-ms9j7fo7lv5sb3_tn,VIE GROUP HCM,03/10/2026 08:54,,--
261003M42DQ9HU,,Đang giao hàng,Shopee,SHVIEPro-HANOI,--,--,1920,1,LA SOIRÉE Bông Tẩy Trang 100% Cotton Siêu Mềm Siêu Mịn - 120 Miếng Tròn,https://cf.shopee.vn/file/vn-11134207-81ztc-ms2f0jhfrf2g22_tn,COSMEE HA NOI,03/10/2026 08:52,,--
586380609116538804,,Đang giao hàng,TikTok,TTVIESGN-HCM,--,--,2026,1,LRP Sữa Rửa Mặt Effaclar Purifying Foaming Gel - 50ml,https://p16-oec-va.ibyteimg.com/tos-maliva-i-o3syd03w52-us/307dde19befb426e9d4f98983a79189c~tplv-o3syd03w52-origin-jpeg.jpeg?dr=15568&t=555f072d&ps=933b5bde&shp=54477afb&shcp=3c3d9ffb&idc=my&from=1413970683,VIE GROUP HCM,03/10/2026 08:50,,--
586380517786879715,,Đang giao hàng,TikTok,TTEPRIME-MALL-HCM,--,--,1350,1,CERAVE Sữa Rửa Mặt Foaming Cleanser - 30ml FRANCE,https://p16-oec-sg.ibyteimg.com/tos-alisg-i-aphluv4xwc-sg/b203882fafcc4a5dbc6ce5bef84bd40b~tplv-aphluv4xwc-origin-jpeg.jpeg?dr=15568&t=555f072d&ps=933b5bde&shp=54477afb&shcp=3c3d9ffb&idc=my2&from=1413970683,VIE GROUP HCM,03/10/2026 08:44,,--
586380467082987169,,Đang giao hàng,TikTok,TTEPRIME-MALL-HCM,--,--,1350,1,CERAVE Sữa Rửa Mặt Foaming Cleanser - 30ml FRANCE,https://p16-oec-sg.ibyteimg.com/tos-alisg-i-aphluv4xwc-sg/50806a02e3104a3bb34e537bc386ab64~tplv-aphluv4xwc-origin-jpeg.jpeg?dr=15568&t=555f072d&ps=933b5bde&shp=54477afb&shcp=3c3d9ffb&idc=my&from=1413970683,VIE GROUP HCM,03/10/2026 08:44,,--
261003M3GQ9PD1,,Đang giao hàng,Shopee,SHEP - HCM,--,--,2442,1,SVR Sữa Rửa Mặt SEBIACLEAR Gel Moussant - 400ml,https://cf.shopee.vn/file/vn-11134207-81ztc-mlxcqm58191f8a_tn,VIE GROUP HCM,03/10/2026 08:42,,--
261003M3GQ9PD1,,Đang giao hàng,Shopee,SHEP - HCM,--,--,QT40,1,MEDIANSWER Tinh chất hỗ trợ sáng da Vita Collagen Logic Ampoule - 2 ml,https://cf.shopee.vn/file/vn-11134207-81ztc-mtqcnbkc7coya1_tn,VIE GROUP HCM,03/10/2026 08:42,,--
586380407051027826,,Đang giao hàng,TikTok,TTEPRIME-MALL-HCM,--,--,2026,2,LRP Sữa Rửa Mặt Effaclar Purifying Foaming Gel - 50ml,https://p16-oec-sg.ibyteimg.com/tos-alisg-i-aphluv4xwc-sg/e34ab459d15b4717b53d8bd8fe469991~tplv-aphluv4xwc-origin-jpeg.jpeg?dr=15568&t=555f072d&ps=933b5bde&shp=54477afb&shcp=3c3d9ffb&idc=my3&from=1413970683,VIE GROUP HCM,03/10/2026 08:40,,--
586380436244694880,,Đang giao hàng,TikTok,TTVIEPRIME-HANOI,--,--,1472,1,COMPLIMENT Sữa rửa mặt No Problem 200ml - Hồng,https://p16-oec-sg.ibyteimg.com/tos-alisg-i-aphluv4xwc-sg/2d8ed632f645452e823212bc6840827c~tplv-aphluv4xwc-origin-jpeg.jpeg?dr=15568&t=555f072d&ps=933b5bde&shp=54477afb&shcp=3c3d9ffb&idc=my&from=1413970683,COSMEE HA NOI,03/10/2026 08:39,,--
586380436244694880,,Đang giao hàng,TikTok,TTVIEPRIME-HANOI,--,--,CB1472.2,1,COMBO 2 chai COMPLIMENT Sữa rửa mặt No Problem 200ml - Hồng,https://p16-oec-sg.ibyteimg.com/tos-alisg-i-aphluv4xwc-sg/7434e317868148ba93f99925b05bfb45~tplv-aphluv4xwc-origin-jpeg.jpeg?dr=15568&t=555f072d&ps=933b5bde&shp=54477afb&shcp=3c3d9ffb&idc=my&from=1413970683,COSMEE HA NOI,03/10/2026 08:39,,--
586380402236163517,,Đang giao hàng,TikTok,TTEPRIME-MALL-HCM,--,--,2026,1,LRP Sữa Rửa Mặt Effaclar Purifying Foaming Gel - 50ml,https://p16-oec-sg.ibyteimg.com/tos-alisg-i-aphluv4xwc-sg/e34ab459d15b4717b53d8bd8fe469991~tplv-aphluv4xwc-origin-jpeg.jpeg?dr=15568&t=555f072d&ps=933b5bde&shp=54477afb&shcp=3c3d9ffb&idc=my2&from=1413970683,VIE GROUP HCM,03/10/2026 08:35,,--
261003M2Y5HCSV,,Đang giao hàng,Shopee,SHEP - HCM,--,--,1472,1,COMPLIMENT Sữa rửa mặt No Problem 200ml - Hồng,https://cf.shopee.vn/file/vn-11134207-7ras8-m12a0k10v2mz20_tn,VIE GROUP HCM,03/10/2026 08:33,,--
586380315018299209,,Chờ xử lý,TikTok,TTASCosme - HANOI,--,--,2804,1,CARSLAN PHẤN NÉN BLACK MAGNET SOFT FOCUS POWDER 01 PHẤN NÉN 1.5G,https://p16-oec-sg.ibyteimg.com/tos-alisg-i-aphluv4xwc-sg/36dd20b3d7b342248e72687c954a9f68~tplv-aphluv4xwc-origin-jpeg.jpeg?dr=15568&t=555f072d&ps=933b5bde&shp=54477afb&shcp=3c3d9ffb&idc=my2&from=1413970683,COSMEE HA NOI,03/10/2026 08:31,,--
586380313198888190,,Đang giao hàng,TikTok,TTEPRIME-MALL-HCM,--,--,2026,1,LRP Sữa Rửa Mặt Effaclar Purifying Foaming Gel - 50ml,https://p16-oec-sg.ibyteimg.com/tos-alisg-i-aphluv4xwc-sg/e34ab459d15b4717b53d8bd8fe469991~tplv-aphluv4xwc-origin-jpeg.jpeg?dr=15568&t=555f072d&ps=933b5bde&shp=54477afb&shcp=3c3d9ffb&idc=my3&from=1413970683,VIE GROUP HCM,03/10/2026 08:30,,--
586380222993696267,,Đang giao hàng,TikTok,TTEPRIME-MALL-HCM,--,--,1858,1,JOHNSON'S Sữa tắm gội Baby Top-To-Toe Hair & Body (Vàng) - 200ml,https://p16-oec-va.ibyteimg.com/tos-maliva-i-o3syd03w52-us/af675c5456b54968bf597c798db19654~tplv-o3syd03w52-origin-jpeg.jpeg?dr=15568&t=555f072d&ps=933b5bde&shp=54477afb&shcp=3c3d9ffb&idc=my&from=1413970683,VIE GROUP HCM,03/10/2026 08:26,,--
261003M2G21B9M,,Đang giao hàng,Shopee,SHEP - HCM,--,--,1472,1,COMPLIMENT Sữa rửa mặt No Problem 200ml - Hồng,https://cf.shopee.vn/file/vn-11134207-7ras8-m12a0k10v2mz20_tn,VIE GROUP HCM,03/10/2026 08:24,,--
261003M299H0SE,,Đã hoàn thành,Shopee,SHEP - HCM,--,--,,1,"OEM Mũ Trùm Tóc Khi Tắm Bằng Nilon In Hình Hoạt Họa Dễ Thương, Giúp Ủ Dưỡng Tóc, Spa Tại Nhà",https://cf.shopee.vn/file/vn-11134207-81ztc-mt0pqu7ip153d2_tn,VIE GROUP HCM,03/10/2026 08:20,03/10/2026 11:42,--
261003M299H0SE,,Đã hoàn thành,Shopee,SHEP - HCM,--,--,3171,1,VASELINE Sữa Dưỡng Thể Trắng Da Toàn Thân Body Lotion Bản Mỹ (Màu nâu) - 725ml,https://cf.shopee.vn/file/vn-11134207-81ztc-mtb8i83vc3k62a_tn,VIE GROUP HCM,03/10/2026 08:20,03/10/2026 11:42,--
586380121291130417,,Đang giao hàng,TikTok,TTEPRIME-MALL-HCM,--,--,1350,1,CERAVE Sữa Rửa Mặt Foaming Cleanser - 30ml FRANCE,https://p16-oec-sg.ibyteimg.com/tos-alisg-i-aphluv4xwc-sg/50806a02e3104a3bb34e537bc386ab64~tplv-aphluv4xwc-origin-jpeg.jpeg?dr=15568&t=555f072d&ps=933b5bde&shp=54477afb&shcp=3c3d9ffb&idc=my2&from=1413970683,VIE GROUP HCM,03/10/2026 08:17,,--
586380037805409827,,Đang giao hàng,TikTok,TTEPRIME-MALL-HCM,--,--,1350,1,CERAVE Sữa Rửa Mặt Foaming Cleanser - 30ml FRANCE,https://p16-oec-sg.ibyteimg.com/tos-alisg-i-aphluv4xwc-sg/b203882fafcc4a5dbc6ce5bef84bd40b~tplv-aphluv4xwc-origin-jpeg.jpeg?dr=15568&t=555f072d&ps=933b5bde&shp=54477afb&shcp=3c3d9ffb&idc=my2&from=1413970683,VIE GROUP HCM,03/10/2026 08:15,,--
586380156891268243,,Đang giao hàng,TikTok,TTVIEPRIME-HANOI,--,--,2014,1,LRP SERUM B5 HYALU CONCENTRE - 10ml,https://p16-oec-sg.ibyteimg.com/tos-alisg-i-aphluv4xwc-sg/e07d299a8614444b8b8d09e4dcbafa6b~tplv-aphluv4xwc-origin-jpeg.jpeg?dr=15568&t=555f072d&ps=933b5bde&shp=54477afb&shcp=3c3d9ffb&idc=my&from=1413970683,VIE GROUP HCM,03/10/2026 08:14,,--
586380021702624665,,Đang giao hàng,TikTok,TTVIEPRIME-HANOI,--,--,2026,1,LRP Sữa Rửa Mặt Effaclar Purifying Foaming Gel - 50ml,https://p16-oec-sg.ibyteimg.com/tos-alisg-i-aphluv4xwc-sg/e4dc23ba7aa04ac68154f7d70954e8c5~tplv-aphluv4xwc-origin-jpeg.jpeg?dr=15568&t=555f072d&ps=933b5bde&shp=54477afb&shcp=3c3d9ffb&idc=my3&from=1413970683,VIE GROUP HCM,03/10/2026 08:13,,--
586380026945373229,,Đang giao hàng,TikTok,TTEPRIME-MALL-HCM,--,--,2026,1,LRP Sữa Rửa Mặt Effaclar Purifying Foaming Gel - 50ml,https://p16-oec-sg.ibyteimg.com/tos-alisg-i-aphluv4xwc-sg/e34ab459d15b4717b53d8bd8fe469991~tplv-aphluv4xwc-origin-jpeg.jpeg?dr=15568&t=555f072d&ps=933b5bde&shp=54477afb&shcp=3c3d9ffb&idc=my&from=1413970683,VIE GROUP HCM,03/10/2026 08:10,,--
586379999575770932,,Đang giao hàng,TikTok,TTEPRIME-MALL-HCM,--,--,CB1350.3,1,COMBO 3 Chai 30ml CERAVE Sữa Rửa Mặt Foaming Cleanser,https://p16-oec-sg.ibyteimg.com/tos-alisg-i-aphluv4xwc-sg/a2376db661934510bc5ab6e7f01657b3~tplv-aphluv4xwc-origin-jpeg.jpeg?dr=15568&t=555f072d&ps=933b5bde&shp=54477afb&shcp=3c3d9ffb&idc=my2&from=1413970683,VIE GROUP HCM,03/10/2026 08:08,,--
586380043266786928,,Đang giao hàng,TikTok,TTASCosme - HANOI,--,--,1316,1,CARSLAN PHẤN PHỦ  BLACK  MAGNET SOFT FOCUS  MAKE-UP POWDER 01  PHẤN PHỦ 1G,https://p16-oec-sg.ibyteimg.com/tos-alisg-i-aphluv4xwc-sg/d2cb1f22cafd4b1ba10efa9968230ba9~tplv-aphluv4xwc-origin-jpeg.jpeg?dr=15568&t=555f072d&ps=933b5bde&shp=54477afb&shcp=3c3d9ffb&idc=my2&from=1413970683,COSMEE HA NOI,03/10/2026 08:07,,--
586379998013850737,,Đang giao hàng,TikTok,TTEPRIME-MALL-HCM,--,--,CB1350.3,1,COMBO 3 Chai 30ml CERAVE Sữa Rửa Mặt Foaming Cleanser,https://p16-oec-sg.ibyteimg.com/tos-alisg-i-aphluv4xwc-sg/a2376db661934510bc5ab6e7f01657b3~tplv-aphluv4xwc-origin-jpeg.jpeg?dr=15568&t=555f072d&ps=933b5bde&shp=54477afb&shcp=3c3d9ffb&idc=my2&from=1413970683,VIE GROUP HCM,03/10/2026 08:06,,--
586379871289443823,,Đang giao hàng,TikTok,TTEPRIME-MALL-HCM,--,--,CB1350.3,1,COMBO 3 Chai 30ml CERAVE Sữa Rửa Mặt Foaming Cleanser,https://p16-oec-sg.ibyteimg.com/tos-alisg-i-aphluv4xwc-sg/a2376db661934510bc5ab6e7f01657b3~tplv-aphluv4xwc-origin-jpeg.jpeg?dr=15568&t=555f072d&ps=933b5bde&shp=54477afb&shcp=3c3d9ffb&idc=my2&from=1413970683,VIE GROUP HCM,03/10/2026 08:01,,--
261003M10E2VGR,,Đang giao hàng,Shopee,SHVIECosme HCM,--,--,2930,2,DR.SERA Mặt nạ nén tiệt trùng mềm mịn RELAXING TRAVEL COMPRESSED - Túi 10 mask,https://cf.shopee.vn/file/vn-11134207-81ztc-mot6lw2ybegy4c_tn,VIE GROUP HCM,03/10/2026 07:58,04/10/2026 11:17,--
ODWTB4052083,,Chờ xử lý,Manual,VieGroup Jsc,CN00000615,CÔNG TY TNHH DOCAS - KIM MAI (VieGroup Jsc),2372,36,SIMPLE Sữa Rửa Mặt Refreshing Facial Wash - 150ml [Xanh lá],https://res.bigseller.pro/sku/images/merchantsku/944484/106789_1787289379447.jpg?imageView2/1/w/300/h/300,VIE GROUP HCM,03/10/2026 07:58,,--
ODWTB4052083,,Chờ xử lý,Manual,VieGroup Jsc,CN00000615,CÔNG TY TNHH DOCAS - KIM MAI (VieGroup Jsc),1353,4,CERAVE Sữa Rửa Mặt HYDRATING Cleanser - 236ml FRANCE,https://res.bigseller.pro/sku/images/merchantsku/944484/013712_1754366216280.jpg?imageView2/1/w/300/h/300,VIE GROUP HCM,03/10/2026 07:58,,--
ODWTB4052083,,Chờ xử lý,Manual,VieGroup Jsc,CN00000615,CÔNG TY TNHH DOCAS - KIM MAI (VieGroup Jsc),1349,4,CERAVE Sữa Rửa Mặt Foaming Cleanser - 236ml FRANCE,https://res.bigseller.pro/sku/images/merchantsku/944484/862346_1754365717686.jpg?imageView2/1/w/300/h/300,VIE GROUP HCM,03/10/2026 07:58,,--
ODWTB4052083,,Chờ xử lý,Manual,VieGroup Jsc,CN00000615,CÔNG TY TNHH DOCAS - KIM MAI (VieGroup Jsc),1357,4,CERAVE Sữa Rửa Mặt SA Smoothing Cleanser - 236ml FRANCE,https://res.bigseller.pro/sku/images/merchantsku/944484/840743_1754365623720.jpg?imageView2/1/w/300/h/300,VIE GROUP HCM,03/10/2026 07:58,,--
ODWTB4052083,,Chờ xử lý,Manual,VieGroup Jsc,CN00000615,CÔNG TY TNHH DOCAS - KIM MAI (VieGroup Jsc),2360,30,SILCOT Bông tẩy trang Unicharm - 66 miếng Xanh lá,https://res.bigseller.pro/sku/images/merchantsku/944484/780386_1754365910094.jpg?imageView2/1/w/300/h/300,VIE GROUP HCM,03/10/2026 07:58,,--
ODWTB4052082,,Chờ lấy hàng,Manual,VieGroup Jsc,0983719031,Chị Kim Anh,3145,360,VASELINE Dưỡng Thể Intensive Care Advanced Repair Phục Hồi (Trắng) - 725ml,https://res.bigseller.pro/sku/images/merchantsku/944484/587663_1787553867677.jpg?imageView2/1/w/300/h/300,VIE GROUP HCM,03/10/2026 07:54,,--
261003M0NRNKPE,,Đang giao hàng,Shopee,SHVIEMart - HCM,--,--,1922,1,LA SOIRÉE Bông Tẩy Trang 100% Cotton Siêu Mềm Siêu Mịn - 225 Miếng Tròn,https://cf.shopee.vn/file/vn-11134207-7r98o-lzsscw83thupc5_tn,VIE GROUP HCM,03/10/2026 07:52,,--
586379622239143730,Đơn hàng trùng lặp,Đang giao hàng,TikTok,TTEPRIME-MALL-HCM,--,--,CB1350.3,1,COMBO 3 Chai 30ml CERAVE Sữa Rửa Mặt Foaming Cleanser,https://p16-oec-sg.ibyteimg.com/tos-alisg-i-aphluv4xwc-sg/a2376db661934510bc5ab6e7f01657b3~tplv-aphluv4xwc-origin-jpeg.jpeg?dr=15568&t=555f072d&ps=933b5bde&shp=54477afb&shcp=3c3d9ffb&idc=my3&from=1413970683,VIE GROUP HCM,03/10/2026 07:40,,--
586379622773786418,,Đã hủy,TikTok,TTEPRIME-MALL-HCM,--,--,1350,1,CERAVE Sữa Rửa Mặt Foaming Cleanser - 30ml FRANCE,https://p16-oec-sg.ibyteimg.com/tos-alisg-i-aphluv4xwc-sg/50806a02e3104a3bb34e537bc386ab64~tplv-aphluv4xwc-origin-jpeg.jpeg?dr=15568&t=555f072d&ps=933b5bde&shp=54477afb&shcp=3c3d9ffb&idc=my2&from=1413970683,VIE GROUP HCM,03/10/2026 07:39,,Chờ xử lý
586379640369153251,,Đang giao hàng,TikTok,TTEPRIME-MALL-HCM,--,--,CB1350.3,1,COMBO 3 Chai 30ml CERAVE Sữa Rửa Mặt Foaming Cleanser,https://p16-oec-sg.ibyteimg.com/tos-alisg-i-aphluv4xwc-sg/a2376db661934510bc5ab6e7f01657b3~tplv-aphluv4xwc-origin-jpeg.jpeg?dr=15568&t=555f072d&ps=933b5bde&shp=54477afb&shcp=3c3d9ffb&idc=my3&from=1413970683,VIE GROUP HCM,03/10/2026 07:37,,--
586379570784208216,,Đang giao hàng,TikTok,TTEPRIME-MALL-HCM,--,--,1666,1,FEMFRESH Dung Dịch Vệ Sinh Active Fresh Wash Xanh Dương 250ml,https://p16-oec-va.ibyteimg.com/tos-maliva-i-o3syd03w52-us/a2885f832bf7440693dae43ceeaf77db~tplv-o3syd03w52-origin-jpeg.jpeg?dr=15568&t=555f072d&ps=933b5bde&shp=54477afb&shcp=3c3d9ffb&idc=my2&from=1413970683,VIE GROUP HCM,03/10/2026 07:33,,--
261003KYMDGP9D,,Đang giao hàng,Shopee,SHEPRIME-HCM,--,--,2011,1,LRP Kem Dưỡng Lipikar Baume AP+M - 200ml,https://cf.shopee.vn/file/vn-11134207-7ra0g-m76buysawim06f_tn,VIE GROUP HCM,03/10/2026 07:33,,--
586379577720865880,,Đã hủy,TikTok,TTASCosme - HANOI,--,--,1316,1,CARSLAN PHẤN PHỦ  BLACK  MAGNET SOFT FOCUS  MAKE-UP POWDER 01  PHẤN PHỦ 1G,https://p16-oec-sg.ibyteimg.com/tos-alisg-i-aphluv4xwc-sg/d2cb1f22cafd4b1ba10efa9968230ba9~tplv-aphluv4xwc-origin-jpeg.jpeg?dr=15568&t=555f072d&ps=933b5bde&shp=54477afb&shcp=3c3d9ffb&idc=my2&from=1413970683,COSMEE HA NOI,03/10/2026 07:32,,Chờ xử lý
261003KY6J0NS6,,Đang giao hàng,Shopee,SHEPRIME2-MALL - HCM,--,--,CB2026.5,1,COMBO 5 TUÝP LRP Sữa Rửa Mặt Effaclar Purifying Foaming Gel - 50ml,https://cf.shopee.vn/file/vn-11134207-81ztc-ms4g22buhjpd34_tn,VIE GROUP HCM,03/10/2026 07:25,,--
261003KY3KMU3Q,,Đang giao hàng,Shopee,SHEP - HCM,--,--,1472,1,COMPLIMENT Sữa rửa mặt No Problem 200ml - Hồng,https://cf.shopee.vn/file/vn-11134207-7ras8-mdl81k1d0z3l56_tn,VIE GROUP HCM,03/10/2026 07:24,,--
586379364754097617,,Chờ in,TikTok,TTEPRIME-MALL-HCM,--,--,1350,1,CERAVE Sữa Rửa Mặt Foaming Cleanser - 30ml FRANCE,https://p16-oec-sg.ibyteimg.com/tos-alisg-i-aphluv4xwc-sg/50806a02e3104a3bb34e537bc386ab64~tplv-aphluv4xwc-origin-jpeg.jpeg?dr=15568&t=555f072d&ps=933b5bde&shp=54477afb&shcp=3c3d9ffb&idc=my&from=1413970683,VIE GROUP HCM,03/10/2026 19:01,,--
261003KXKU2DXF,,Đang giao hàng,Shopee,SHEPRIME2-MALL - HCM,--,--,2026,1,LRP Sữa Rửa Mặt Effaclar Purifying Foaming Gel - 50ml,https://cf.shopee.vn/file/vn-11134207-81ztc-ms4g1nr09wck4c_tn,VIE GROUP HCM,03/10/2026 07:15,,--
261003KXK567YH,,Đang giao hàng,Shopee,SHVIECosme HCM,--,--,1882,1,KEYSHU mặt nạ dưỡng da - 1 Miếng ( Hành Tím ),https://cf.shopee.vn/file/vn-11134207-81ztc-ms9j7s0atu6g77_tn,VIE GROUP HCM,03/10/2026 07:14,,--
261003KXJAFMCM,,Đang giao hàng,Shopee,SHEP - HCM,--,--,CB2415.3-2414.1-2417.4-2416.2,1,COMBO 10 MIẾNG MIX Mặt Nạ Vi Sợi SURMEDIC Micro Fiber Mask Dưỡng Da Chuyên Biệt,https://cf.shopee.vn/file/vn-11134207-7ras8-m2fj8km2snn8b0_tn,VIE GROUP HCM,03/10/2026 07:14,,--
261003KXGDE590,,Đang giao hàng,Shopee,SHEP - HCM,--,--,1047,1,ADERMA Kem Dưỡng Ẩm Exomega Allergo Emollient Balm - 200ml,https://cf.shopee.vn/file/vn-11134207-81ztc-mqbpo5eiwv7l0f_tn,VIE GROUP HCM,03/10/2026 07:13,,--
261003KXGDE590,,Đang giao hàng,Shopee,SHEP - HCM,--,--,QT40,1,MEDIANSWER Tinh chất hỗ trợ sáng da Vita Collagen Logic Ampoule - 2 ml,https://cf.shopee.vn/file/vn-11134207-81ztc-mtqcnbkc7coya1_tn,VIE GROUP HCM,03/10/2026 07:13,,--
261003KXC51V2J,,Đang giao hàng,Shopee,SHVIECosme HCM,--,--,1612,1,DR.SERA Bông Tẩy Trang Cotton Tiệt Trùng UV - PURE SNOW COTTON PAD - 234 Miếng,https://cf.shopee.vn/file/vn-11134207-81ztc-ms7yx63mhrlx16_tn,VIE GROUP HCM,03/10/2026 07:11,,--
586379227683915460,,Đang giao hàng,TikTok,TTASCosme - HANOI,--,--,CB2026.3,1,COMBO 3 TUÝP LRP Sữa Rửa Mặt Effaclar Purifying Foaming Gel - 50ml,https://p16-oec-sg.ibyteimg.com/tos-alisg-i-aphluv4xwc-sg/83fc3cbdf8a440b6a37c12331b5e9344~tplv-aphluv4xwc-origin-jpeg.jpeg?dr=15568&t=555f072d&ps=933b5bde&shp=54477afb&shcp=3c3d9ffb&idc=my2&from=1413970683,VIE GROUP HCM,03/10/2026 07:05,,--
586379199190369861,,Đang giao hàng,TikTok,TTVIESGN-HCM,--,--,1612,1,DR.SERA Bông Tẩy Trang Cotton Tiệt Trùng UV - PURE SNOW COTTON PAD - 234 Miếng,https://p16-oec-sg.ibyteimg.com/tos-alisg-i-aphluv4xwc-sg/be447027166341e7ae638863573c31b6~tplv-aphluv4xwc-origin-jpeg.jpeg?dr=15568&t=555f072d&ps=933b5bde&shp=54477afb&shcp=3c3d9ffb&idc=my2&from=1413970683,VIE GROUP HCM,03/10/2026 07:05,,--
261003KWUPJWQX,,Đã hủy,Shopee,SHEPRIME2-MALL - HCM,--,--,CB2026.5,1,COMBO 5 TUÝP LRP Sữa Rửa Mặt Effaclar Purifying Foaming Gel - 50ml,https://cf.shopee.vn/file/vn-11134207-81ztc-ms4g22buhjpd34_tn,VIE GROUP HCM,03/10/2026 07:01,,Chờ xử lý
261003KWRMD8TF,,Đã hủy,Shopee,SHVIECosme HCM,--,--,1882,1,KEYSHU mặt nạ dưỡng da - 1 Miếng ( Hành Tím ),https://cf.shopee.vn/file/vn-11134207-81ztc-ms9j7s0atu6g77_tn,VIE GROUP HCM,03/10/2026 07:00,,Chờ xử lý
586379139939992890,,Đang giao hàng,TikTok,TTEPRIME-MALL-HCM,--,--,CB2026.3,1,COMBO 3 TUÝP LRP Sữa Rửa Mặt Effaclar Purifying Foaming Gel - 50ml,https://p16-oec-sg.ibyteimg.com/tos-alisg-i-aphluv4xwc-sg/4fdb1010396942c6bcbbb4ff16ba3159~tplv-aphluv4xwc-origin-jpeg.jpeg?dr=15568&t=555f072d&ps=933b5bde&shp=54477afb&shcp=3c3d9ffb&idc=my&from=1413970683,VIE GROUP HCM,03/10/2026 06:56,,--
586378960566716038,,Đang giao hàng,TikTok,TTEPRIME-MALL-HCM,--,--,CB1857.2,1,COM BO 2 Chai Sữa Tắm Gội Johnson's Baby Top-To-Toe Toàn Thân Dịu Nhẹ Cho Bé,https://p16-oec-sg.ibyteimg.com/tos-alisg-i-aphluv4xwc-sg/60c990e79cd043aaaa61b4a9b9f44c9f~tplv-aphluv4xwc-origin-jpeg.jpeg?dr=15568&t=555f072d&ps=933b5bde&shp=54477afb&shcp=3c3d9ffb&idc=my2&from=1413970683,VIE GROUP HCM,03/10/2026 06:39,,--
261003KVC5HJ4R,,Đang giao hàng,Shopee,SHEP - HCM,--,--,1472,1,COMPLIMENT Sữa rửa mặt No Problem 200ml - Hồng,https://cf.shopee.vn/file/vn-11134207-7ras8-m12a0k10v2mz20_tn,VIE GROUP HCM,03/10/2026 06:35,,--
586378883607070349,,Đang giao hàng,TikTok,TTVIESGN-HCM,--,--,1350,1,CERAVE Sữa Rửa Mặt Foaming Cleanser - 30ml FRANCE,https://p16-oec-va.ibyteimg.com/tos-maliva-i-o3syd03w52-us/e3e9667ce3494a6c8150fb489cb2491d~tplv-o3syd03w52-origin-jpeg.jpeg?dr=15568&t=555f072d&ps=933b5bde&shp=54477afb&shcp=3c3d9ffb&idc=my2&from=1413970683,VIE GROUP HCM,03/10/2026 06:31,,--
586378873174263529,,Đang giao hàng,TikTok,TTEPRIME-MALL-HCM,--,--,CB1350.3,1,COMBO 3 Chai 30ml CERAVE Sữa Rửa Mặt Foaming Cleanser,https://p16-oec-sg.ibyteimg.com/tos-alisg-i-aphluv4xwc-sg/a2376db661934510bc5ab6e7f01657b3~tplv-aphluv4xwc-origin-jpeg.jpeg?dr=15568&t=555f072d&ps=933b5bde&shp=54477afb&shcp=3c3d9ffb&idc=my&from=1413970683,VIE GROUP HCM,03/10/2026 06:30,,--
586378814955488599,,Đang giao hàng,TikTok,TTEPRIME-MALL-HCM,--,--,CB1350.3,1,COMBO 3 Chai 30ml CERAVE Sữa Rửa Mặt Foaming Cleanser,https://p16-oec-sg.ibyteimg.com/tos-alisg-i-aphluv4xwc-sg/b203882fafcc4a5dbc6ce5bef84bd40b~tplv-aphluv4xwc-origin-jpeg.jpeg?dr=15568&t=555f072d&ps=933b5bde&shp=54477afb&shcp=3c3d9ffb&idc=my2&from=1413970683,VIE GROUP HCM,03/10/2026 06:25,,--
586378781299016775,,Đang giao hàng,TikTok,TTEPRIME-MALL-HCM,--,--,1350,1,CERAVE Sữa Rửa Mặt Foaming Cleanser - 30ml FRANCE,https://p16-oec-sg.ibyteimg.com/tos-alisg-i-aphluv4xwc-sg/50806a02e3104a3bb34e537bc386ab64~tplv-aphluv4xwc-origin-jpeg.jpeg?dr=15568&t=555f072d&ps=933b5bde&shp=54477afb&shcp=3c3d9ffb&idc=my2&from=1413970683,VIE GROUP HCM,03/10/2026 06:16,,--
261003KTRY27B4,,Đang giao hàng,Shopee,SHVIECosme HCM,--,--,1882,1,KEYSHU mặt nạ dưỡng da - 1 Miếng ( Hành Tím ),https://cf.shopee.vn/file/vn-11134207-81ztc-ms9j7s0atu6g77_tn,VIE GROUP HCM,03/10/2026 06:06,,--
586378637354764222,,Đang giao hàng,TikTok,TTVIESGN-HCM,--,--,2026,1,LRP Sữa Rửa Mặt Effaclar Purifying Foaming Gel - 50ml,https://p16-oec-va.ibyteimg.com/tos-maliva-i-o3syd03w52-us/307dde19befb426e9d4f98983a79189c~tplv-o3syd03w52-origin-jpeg.jpeg?dr=15568&t=555f072d&ps=933b5bde&shp=54477afb&shcp=3c3d9ffb&idc=my&from=1413970683,VIE GROUP HCM,03/10/2026 06:02,,--
586378593409337303,,Đang giao hàng,TikTok,TTEPRIME-MALL-HCM,--,--,CB1350.3,1,COMBO 3 Chai 30ml CERAVE Sữa Rửa Mặt Foaming Cleanser,https://p16-oec-sg.ibyteimg.com/tos-alisg-i-aphluv4xwc-sg/a2376db661934510bc5ab6e7f01657b3~tplv-aphluv4xwc-origin-jpeg.jpeg?dr=15568&t=555f072d&ps=933b5bde&shp=54477afb&shcp=3c3d9ffb&idc=my2&from=1413970683,VIE GROUP HCM,03/10/2026 05:59,,--
261003KT72V72K,,Nền tảng đang xử lý,Shopee,SHVIECosme HCM,--,--,1127,1,Aspasia - Xịt Khoáng Aspasia Moist Up Face Mist Aloe Làm Dịu Mát Bổ Sung Độ Ẩm Cho Làn Da Rạng Rỡ 150ml,https://cf.shopee.vn/file/vn-11134207-81ztc-mpsziotao3ya56_tn,VIE GROUP HCM,03/10/2026 05:56,,--
586378440278312628,,Đang giao hàng,TikTok,TTEPRIME-MALL-HCM,--,--,CB1350.3,1,COMBO 3 Chai 30ml CERAVE Sữa Rửa Mặt Foaming Cleanser,https://p16-oec-sg.ibyteimg.com/tos-alisg-i-aphluv4xwc-sg/a2376db661934510bc5ab6e7f01657b3~tplv-aphluv4xwc-origin-jpeg.jpeg?dr=15568&t=555f072d&ps=933b5bde&shp=54477afb&shcp=3c3d9ffb&idc=my3&from=1413970683,VIE GROUP HCM,03/10/2026 05:36,,--
586378446679607280,,Đang giao hàng,TikTok,TTEPRIME-MALL-HCM,--,--,2026,1,LRP Sữa Rửa Mặt Effaclar Purifying Foaming Gel - 50ml,https://p16-oec-sg.ibyteimg.com/tos-alisg-i-aphluv4xwc-sg/e34ab459d15b4717b53d8bd8fe469991~tplv-aphluv4xwc-origin-jpeg.jpeg?dr=15568&t=555f072d&ps=933b5bde&shp=54477afb&shcp=3c3d9ffb&idc=my&from=1413970683,VIE GROUP HCM,03/10/2026 05:35,,--
261003KPN7UJ06,,Đang giao hàng,Shopee,SHEPRIME2-MALL - HCM,--,--,2026,1,LRP Sữa Rửa Mặt Effaclar Purifying Foaming Gel - 50ml,https://cf.shopee.vn/file/vn-11134207-81ztc-ms4g1nr09wck4c_tn,VIE GROUP HCM,03/10/2026 04:52,,--
261003KP3M8HHA,,Đang giao hàng,Shopee,SHVIECosme HCM,--,--,1882,2,KEYSHU mặt nạ dưỡng da - 1 Miếng ( Hành Tím ),https://cf.shopee.vn/file/vn-11134207-81ztc-ms9j7s0atu6g77_tn,VIE GROUP HCM,03/10/2026 04:43,,--
261003KKYE72T5,,Đang giao hàng,Shopee,SHEP - HCM,--,--,CB2014.3,1,COMBO 3 Serum LA ROCHE-POSAY Hyalu B5-[ 10ml ],https://cf.shopee.vn/file/vn-11134207-7ras8-mck3gx7o8xpp91_tn,VIE GROUP HCM,03/10/2026 04:05,,--
261003KKYE72T5,,Đang giao hàng,Shopee,SHEP - HCM,--,--,QT40,1,MEDIANSWER Tinh chất hỗ trợ sáng da Vita Collagen Logic Ampoule - 2 ml,https://cf.shopee.vn/file/vn-11134207-81ztc-mtqcnbkc7coya1_tn,VIE GROUP HCM,03/10/2026 04:05,,--
586377937054696864,,Đang giao hàng,TikTok,TTEPRIME-MALL-HCM,--,--,1350,1,CERAVE Sữa Rửa Mặt Foaming Cleanser - 30ml FRANCE,https://p16-oec-sg.ibyteimg.com/tos-alisg-i-aphluv4xwc-sg/50806a02e3104a3bb34e537bc386ab64~tplv-aphluv4xwc-origin-jpeg.jpeg?dr=15568&t=555f072d&ps=933b5bde&shp=54477afb&shcp=3c3d9ffb&idc=my&from=1413970683,VIE GROUP HCM,03/10/2026 04:03,,--
586377891558491489,,Đang giao hàng,TikTok,TTEPRIME-MALL-HCM,--,--,CB1350.3,1,COMBO 3 Chai 30ml CERAVE Sữa Rửa Mặt Foaming Cleanser,https://p16-oec-sg.ibyteimg.com/tos-alisg-i-aphluv4xwc-sg/a2376db661934510bc5ab6e7f01657b3~tplv-aphluv4xwc-origin-jpeg.jpeg?dr=15568&t=555f072d&ps=933b5bde&shp=54477afb&shcp=3c3d9ffb&idc=my2&from=1413970683,VIE GROUP HCM,03/10/2026 03:41,,--
586377865634023166,,Đang giao hàng,TikTok,TTVIEPRIME-HANOI,--,--,2555,1,"Vaseline Serum Gluta-Hya Serum Burst Lotion Overnight Radiance Repair, Mặt Nạ Dưỡng Thể 70ml",https://p16-oec-sg.ibyteimg.com/tos-alisg-i-aphluv4xwc-sg/d68ba6602b9545ecb37916fbd1d03206~tplv-aphluv4xwc-origin-jpeg.jpeg?dr=15568&t=555f072d&ps=933b5bde&shp=54477afb&shcp=3c3d9ffb&idc=my&from=1413970683,COSMEE HA NOI,03/10/2026 03:38,,--
261003KGY8Q15S,,Đang giao hàng,Shopee,SHEP - HCM,--,--,2100,1,MINISO Bông tẩy trang Nhật Bản 100% 180 Miếng,https://cf.shopee.vn/file/vn-11134207-81ztc-mtmgtix9883o2d_tn,VIE GROUP HCM,03/10/2026 03:11,,--
586377740584650011,,Đang giao hàng,TikTok,TTEPRIME-MALL-HCM,--,--,2026,1,LRP Sữa Rửa Mặt Effaclar Purifying Foaming Gel - 50ml,https://p16-oec-sg.ibyteimg.com/tos-alisg-i-aphluv4xwc-sg/e34ab459d15b4717b53d8bd8fe469991~tplv-aphluv4xwc-origin-jpeg.jpeg?dr=15568&t=555f072d&ps=933b5bde&shp=54477afb&shcp=3c3d9ffb&idc=my&from=1413970683,VIE GROUP HCM,03/10/2026 03:03,,--
261003KF2DAC5S,,Đã hủy,Shopee,SHEP - HCM,--,--,1472,1,COMPLIMENT Sữa rửa mặt No Problem 200ml - Hồng,https://cf.shopee.vn/file/vn-11134207-7ras8-m12a0k10v2mz20_tn,VIE GROUP HCM,03/10/2026 02:37,,Chờ xử lý
586377558324774773,,Đang giao hàng,TikTok,TTASCosme - HANOI,--,--,CB1316.2,1,"COMBO 2 HŨ Phấn Phủ bột Carslan Soft Focus Mini kiềm dầu kháng nước, MÀU TRONG SUỐT 1G",https://p16-oec-sg.ibyteimg.com/tos-alisg-i-aphluv4xwc-sg/d2cb1f22cafd4b1ba10efa9968230ba9~tplv-aphluv4xwc-origin-jpeg.jpeg?dr=15568&t=555f072d&ps=933b5bde&shp=54477afb&shcp=3c3d9ffb&idc=my2&from=1413970683,COSMEE HA NOI,03/10/2026 02:20,,--
261003KDAM1XG3,,Đang giao hàng,Shopee,SHEP - HCM,--,--,2011,1,LRP Kem Dưỡng Lipikar Baume AP+M - 200ml,https://cf.shopee.vn/file/vn-11134207-81ztc-mlcv6ugg8v7s0d_tn,VIE GROUP HCM,03/10/2026 02:06,,--
261003KDAM1XG3,,Đang giao hàng,Shopee,SHEP - HCM,--,--,QT40,1,MEDIANSWER Tinh chất hỗ trợ sáng da Vita Collagen Logic Ampoule - 2 ml,https://cf.shopee.vn/file/vn-11134207-81ztc-mtqcnbkc7coya1_tn,VIE GROUP HCM,03/10/2026 02:06,,--
261003KC8YCCEK,,Đang giao hàng,Shopee,SHEP - HCM,--,--,1514,1,COSRX Sữa Rửa Mặt Low pH Good Morning Gel Cleanser - 150ml,https://cf.shopee.vn/file/vn-11134207-7r98o-lzu7aj2yymxt70_tn,VIE GROUP HCM,03/10/2026 01:47,,--
261003KC8YCCEK,,Đang giao hàng,Shopee,SHEP - HCM,--,--,1943,1,LAMEILA Bông tẩy trang 222 miếng - Vàng FM,https://cf.shopee.vn/file/vn-11134207-81ztc-mr9n9lforriab0_tn,VIE GROUP HCM,03/10/2026 01:47,,--
586377397980923847,,Đang giao hàng,TikTok,TTEPRIME-MALL-HCM,--,--,CB2026.3,1,COMBO 3 TUÝP LRP Sữa Rửa Mặt Effaclar Purifying Foaming Gel - 50ml,https://p16-oec-sg.ibyteimg.com/tos-alisg-i-aphluv4xwc-sg/4fdb1010396942c6bcbbb4ff16ba3159~tplv-aphluv4xwc-origin-jpeg.jpeg?dr=15568&t=555f072d&ps=933b5bde&shp=54477afb&shcp=3c3d9ffb&idc=my2&from=1413970683,VIE GROUP HCM,03/10/2026 01:45,,--
261003KBRC5PAW,,Đang giao hàng,Shopee,SHVIEMart - HCM,--,--,1004,1,Dũa móng 6 mặt [XT],https://cf.shopee.vn/file/vn-11134207-7ras8-mch930lruncdfb_tn,VIE GROUP HCM,03/10/2026 01:37,,--
261003KBPWE437,,Đã hủy,Shopee,SHVIECosme HCM,--,--,1472,1,COMPLIMENT Sữa rửa mặt No Problem 200ml - Hồng,https://cf.shopee.vn/file/vn-11134207-81ztc-mtrtrdvsqosqda_tn,VIE GROUP HCM,03/10/2026 01:36,,Chờ lấy hàng
261003KB66CAN3,,Đang giao hàng,Shopee,SHVIECosme HCM,--,--,1472,1,COMPLIMENT Sữa rửa mặt No Problem 200ml - Hồng,https://cf.shopee.vn/file/vn-11134207-81ztc-mr8kkbibchs2de_tn,VIE GROUP HCM,03/10/2026 01:27,03/10/2026 22:46,--
586377277266101756,,Chờ lấy hàng,TikTok,TTVIESGN-HCM,--,--,2026,1,LRP Sữa Rửa Mặt Effaclar Purifying Foaming Gel - 50ml,https://p16-oec-va.ibyteimg.com/tos-maliva-i-o3syd03w52-us/307dde19befb426e9d4f98983a79189c~tplv-o3syd03w52-origin-jpeg.jpeg?dr=15568&t=555f072d&ps=933b5bde&shp=54477afb&shcp=3c3d9ffb&idc=my3&from=1413970683,VIE GROUP HCM,03/10/2026 01:22,,--
586377247269619394,,Đang giao hàng,TikTok,TTEPRIME-MALL-HCM,--,--,2026,1,LRP Sữa Rửa Mặt Effaclar Purifying Foaming Gel - 50ml,https://p16-oec-sg.ibyteimg.com/tos-alisg-i-aphluv4xwc-sg/e34ab459d15b4717b53d8bd8fe469991~tplv-aphluv4xwc-origin-jpeg.jpeg?dr=15568&t=555f072d&ps=933b5bde&shp=54477afb&shcp=3c3d9ffb&idc=my2&from=1413970683,VIE GROUP HCM,03/10/2026 01:15,,--
586377222020564220,,Đang giao hàng,TikTok,TTEPRIME-MALL-HCM,--,--,2026,1,LRP Sữa Rửa Mặt Effaclar Purifying Foaming Gel - 50ml,https://p16-oec-sg.ibyteimg.com/tos-alisg-i-aphluv4xwc-sg/e34ab459d15b4717b53d8bd8fe469991~tplv-aphluv4xwc-origin-jpeg.jpeg?dr=15568&t=555f072d&ps=933b5bde&shp=54477afb&shcp=3c3d9ffb&idc=my2&from=1413970683,VIE GROUP HCM,03/10/2026 01:14,,--
261003KA39MW9D,,Đang giao hàng,Shopee,SHEP - HCM,--,--,2361,1,SILCOT Bông tẩy trang Unicharm - 82 miếng Xanh dương,https://cf.shopee.vn/file/vn-11134207-7ras8-mcke8s4l7qqq55_tn,VIE GROUP HCM,03/10/2026 01:24,,--
261003KA1P6EY1,,Đang giao hàng,Shopee,SHEP - HCM,--,--,2361,1,SILCOT Bông tẩy trang Unicharm - 82 miếng Xanh dương,https://cf.shopee.vn/file/vn-11134207-7ras8-mcke8s4l7qqq55_tn,VIE GROUP HCM,03/10/2026 01:25,,--
261003KA0KSJCB,,Đang giao hàng,Shopee,SHEP - HCM,--,--,2361,1,SILCOT Bông tẩy trang Unicharm - 82 miếng Xanh dương,https://cf.shopee.vn/file/vn-11134207-7ras8-mcke8s4l7qqq55_tn,VIE GROUP HCM,03/10/2026 01:23,,--
586377167025833032,,Đang giao hàng,TikTok,TTVIEPRIME-HANOI,--,--,CB2026.5,1,COMBO 5 TUÝP LRP Sữa Rửa Mặt Effaclar Purifying Foaming Gel - 50ml,https://p16-oec-sg.ibyteimg.com/tos-alisg-i-aphluv4xwc-sg/790fc78336a043849e61c00f5b8cb791~tplv-aphluv4xwc-origin-jpeg.jpeg?dr=15568&t=555f072d&ps=933b5bde&shp=54477afb&shcp=3c3d9ffb&idc=my&from=1413970683,VIE GROUP HCM,03/10/2026 01:05,,--
586377175061660902,,Đang giao hàng,TikTok,TTEPRIME-MALL-HCM,--,--,CB1350.3,1,COMBO 3 Chai 30ml CERAVE Sữa Rửa Mặt Foaming Cleanser,https://p16-oec-sg.ibyteimg.com/tos-alisg-i-aphluv4xwc-sg/a2376db661934510bc5ab6e7f01657b3~tplv-aphluv4xwc-origin-jpeg.jpeg?dr=15568&t=555f072d&ps=933b5bde&shp=54477afb&shcp=3c3d9ffb&idc=my&from=1413970683,VIE GROUP HCM,03/10/2026 01:04,,--
261003K9UHQ5N2,,Đã hủy,Shopee,SHEP - HCM,--,--,2361,1,SILCOT Bông tẩy trang Unicharm - 82 miếng Xanh dương,https://cf.shopee.vn/file/vn-11134207-7ras8-mcke8s4l7qqq55_tn,VIE GROUP HCM,03/10/2026 01:03,,Đang giao hàng
261003K9NE6HVU,,Đang giao hàng,Shopee,SHVIEPro-HANOI,--,--,1451,1,"COMPLIMENT Kem dưỡng No problem AHA-BHA-PHA phục hồi, tái tạo da dầu mụn 50ml",https://cf.shopee.vn/file/vn-11134207-7r98o-ltdapj6ukv5w5e_tn,COSMEE HA NOI,03/10/2026 01:00,,--
261003K9GHTT35,,Đang giao hàng,Shopee,SHEP - HCM,--,--,,1,COMBO 10 - LRP Sữa Rửa Mặt Effaclar Purifying Foaming Gel - 15ml,https://cf.shopee.vn/file/vn-11134207-81ztc-mlcx1ndfx4i718_tn,VIE GROUP HCM,03/10/2026 00:57,,--
586377097542403216,,Đang giao hàng,TikTok,TTEPRIME-MALL-HCM,--,--,1350,1,CERAVE Sữa Rửa Mặt Foaming Cleanser - 30ml FRANCE,https://p16-oec-sg.ibyteimg.com/tos-alisg-i-aphluv4xwc-sg/b203882fafcc4a5dbc6ce5bef84bd40b~tplv-aphluv4xwc-origin-jpeg.jpeg?dr=15568&t=555f072d&ps=933b5bde&shp=54477afb&shcp=3c3d9ffb&idc=my&from=1413970683,VIE GROUP HCM,03/10/2026 00:54,,--
586377072453584350,,Đang giao hàng,TikTok,TTEPRIME-MALL-HCM,--,--,1350,1,CERAVE Sữa Rửa Mặt Foaming Cleanser - 30ml FRANCE,https://p16-oec-sg.ibyteimg.com/tos-alisg-i-aphluv4xwc-sg/50806a02e3104a3bb34e537bc386ab64~tplv-aphluv4xwc-origin-jpeg.jpeg?dr=15568&t=555f072d&ps=933b5bde&shp=54477afb&shcp=3c3d9ffb&idc=my2&from=1413970683,VIE GROUP HCM,03/10/2026 00:54,,--
586377083756185019,,Đang giao hàng,TikTok,TTEPRIME-MALL-HCM,--,--,2026,1,LRP Sữa Rửa Mặt Effaclar Purifying Foaming Gel - 50ml,https://p16-oec-sg.ibyteimg.com/tos-alisg-i-aphluv4xwc-sg/e34ab459d15b4717b53d8bd8fe469991~tplv-aphluv4xwc-origin-jpeg.jpeg?dr=15568&t=555f072d&ps=933b5bde&shp=54477afb&shcp=3c3d9ffb&idc=my&from=1413970683,VIE GROUP HCM,03/10/2026 00:51,,--
586376984140285737,,Đã hủy,TikTok,TTVIESGN-HCM,--,--,CB1350.3,1,COMBO 3 Chai 30ml CERAVE Sữa Rửa Mặt Foaming Cleanser,https://p16-oec-va.ibyteimg.com/tos-maliva-i-o3syd03w52-us/8351a2a3c98848f69b4dbb54014260a1~tplv-o3syd03w52-origin-jpeg.jpeg?dr=15568&t=555f072d&ps=933b5bde&shp=54477afb&shcp=3c3d9ffb&idc=my2&from=1413970683,VIE GROUP HCM,03/10/2026 00:47,,Chờ xử lý
586376991767234540,,Đang giao hàng,TikTok,TTEPRIME-MALL-HCM,--,--,2026,1,LRP Sữa Rửa Mặt Effaclar Purifying Foaming Gel - 50ml,https://p16-oec-sg.ibyteimg.com/tos-alisg-i-aphluv4xwc-sg/e34ab459d15b4717b53d8bd8fe469991~tplv-aphluv4xwc-origin-jpeg.jpeg?dr=15568&t=555f072d&ps=933b5bde&shp=54477afb&shcp=3c3d9ffb&idc=my3&from=1413970683,VIE GROUP HCM,03/10/2026 00:43,,--
261003K7PC78B2,,Đang giao hàng,Shopee,SHVIECosme HCM,--,--,1127,1,Aspasia - Xịt Khoáng Aspasia Moist Up Face Mist Aloe Làm Dịu Mát Bổ Sung Độ Ẩm Cho Làn Da Rạng Rỡ 150ml,https://cf.shopee.vn/file/vn-11134207-81ztc-mpsziotao3ya56_tn,VIE GROUP HCM,03/10/2026 00:25,,--
261003K7NFMXFW,,Đang giao hàng,Shopee,SHVIECosme HCM,--,--,1472,1,COMPLIMENT Sữa rửa mặt No Problem 200ml - Hồng,https://cf.shopee.vn/file/vn-11134207-81ztc-mr8kkbibchs2de_tn,VIE GROUP HCM,03/10/2026 00:24,03/10/2026 20:02,--
261003K7MVJAJV,,Đang giao hàng,Shopee,SHEP - HCM,--,--,1472,1,COMPLIMENT Sữa rửa mặt No Problem 200ml - Hồng,https://cf.shopee.vn/file/vn-11134207-7ras8-m12a0k10v2mz20_tn,VIE GROUP HCM,03/10/2026 00:24,,--
586376831109203199,,Đang giao hàng,TikTok,TTEPRIME-MALL-HCM,--,--,2026,1,LRP Sữa Rửa Mặt Effaclar Purifying Foaming Gel - 50ml,https://p16-oec-sg.ibyteimg.com/tos-alisg-i-aphluv4xwc-sg/e34ab459d15b4717b53d8bd8fe469991~tplv-aphluv4xwc-origin-jpeg.jpeg?dr=15568&t=555f072d&ps=933b5bde&shp=54477afb&shcp=3c3d9ffb&idc=my&from=1413970683,VIE GROUP HCM,03/10/2026 00:24,,--
261003K7AW1UWY,,Đang giao hàng,Shopee,SHEP - HCM,--,--,CB2361.2,2,"SILCOT Bông tẩy trang Unicharm - 82 miếng Xanh dương, COMBO 2 HỘP",https://cf.shopee.vn/file/vn-11134207-7ras8-mcke8u9q2v4yd7_tn,VIE GROUP HCM,03/10/2026 00:18,,--
261003K77WPC70,,Đã hủy,Shopee,SHEPRIME2-MALL - HCM,--,--,1858,1,JOHNSON'S Sữa tắm gội Baby Top-To-Toe Hair & Body (Vàng) - 200ml,https://cf.shopee.vn/file/sg-11134201-8259u-msk1gk4caryic0_tn,VIE GROUP HCM,03/10/2026 00:16,,Chờ xử lý
586376776285717932,,Đang giao hàng,TikTok,TTEPRIME-MALL-HCM,--,--,2026,1,LRP Sữa Rửa Mặt Effaclar Purifying Foaming Gel - 50ml,https://p16-oec-sg.ibyteimg.com/tos-alisg-i-aphluv4xwc-sg/e34ab459d15b4717b53d8bd8fe469991~tplv-aphluv4xwc-origin-jpeg.jpeg?dr=15568&t=555f072d&ps=933b5bde&shp=54477afb&shcp=3c3d9ffb&idc=my&from=1413970683,VIE GROUP HCM,03/10/2026 00:16,,--
586376798828398037,,Đang giao hàng,TikTok,TTEPRIME-MALL-HCM,--,--,1350,1,CERAVE Sữa Rửa Mặt Foaming Cleanser - 30ml FRANCE,https://p16-oec-sg.ibyteimg.com/tos-alisg-i-aphluv4xwc-sg/50806a02e3104a3bb34e537bc386ab64~tplv-aphluv4xwc-origin-jpeg.jpeg?dr=15568&t=555f072d&ps=933b5bde&shp=54477afb&shcp=3c3d9ffb&idc=my3&from=1413970683,VIE GROUP HCM,03/10/2026 00:14,,--
261003K6VUW9T7,,Đang giao hàng,Shopee,SHEP - HCM,--,--,CB2361.2,1,"SILCOT Bông tẩy trang Unicharm - 82 miếng Xanh dương, COMBO 2 HỘP",https://cf.shopee.vn/file/vn-11134207-7ras8-mcke8u9q2v4yd7_tn,VIE GROUP HCM,03/10/2026 00:10,,--
261003K6SUGYDB,,Đang giao hàng,Shopee,SHEP - HCM,--,--,CB2361.2,1,"SILCOT Bông tẩy trang Unicharm - 82 miếng Xanh dương, COMBO 2 HỘP",https://cf.shopee.vn/file/vn-11134207-7ras8-mcke8u9q2v4yd7_tn,VIE GROUP HCM,03/10/2026 00:09,05/10/2026 05:53,--
261003K6MHT1S9,,Chờ in,Shopee,SHEP - HCM,--,--,1472,1,COMPLIMENT Sữa rửa mặt No Problem 200ml - Hồng,https://cf.shopee.vn/file/vn-11134207-7ras8-m12a0k10v2mz20_tn,VIE GROUP HCM,03/10/2026 20:22,,--
261003K6KXQ54E,,Đang giao hàng,Shopee,SHEPRIME2-MALL - HCM,--,--,1857,1,JOHNSON'S Sữa tắm gội Baby Top-To-Toe Hair & Body (Vàng) - 100ml,https://cf.shopee.vn/file/sg-11134201-825b0-msk1gjui1sec8a_tn,VIE GROUP HCM,03/10/2026 00:06,,--
261003K6HV04K8,,Đã hủy,Shopee,SHEP - HCM,--,--,CB2361.2,2,"SILCOT Bông tẩy trang Unicharm - 82 miếng Xanh dương, COMBO 2 HỘP",https://cf.shopee.vn/file/vn-11134207-7ras8-mcke8u9q2v4yd7_tn,VIE GROUP HCM,03/10/2026 00:04,,Đang giao hàng
586376645064492949,,Đang giao hàng,TikTok,TTVIEPRIME-HANOI,--,--,CB1350.3 COMBO 3 Dầu x 30ml,1,COMBO 3 Chai 30ml CERAVE Sữa Rửa Mặt Foaming Cleanser,https://p19-oec-sg.ibyteimg.com/tos-alisg-i-aphluv4xwc-sg/4a09dbd1bc7a4e2f8b0ed647106af20c~tplv-aphluv4xwc-origin-jpeg.jpeg?dr=15568&t=555f072d&ps=933b5bde&shp=54477afb&shcp=3c3d9ffb&idc=my&from=1413970683,VIE GROUP HCM,03/10/2026 00:03,,--
261003K6CP1GJU,,Đã hoàn thành,Shopee,SHVIECosme HCM,--,--,1472,1,COMPLIMENT Sữa rửa mặt No Problem 200ml - Hồng,https://cf.shopee.vn/file/vn-11134207-81ztc-mr8kkbibchs2de_tn,VIE GROUP HCM,03/10/2026 00:01,04/10/2026 18:01,--
261003K6AGERYW,,Đã hủy,Shopee,SHEP - HCM,--,--,1705,1,GARNIER Nước Tẩy Trang Micellar Cleansing Water 400ml - Trắng make up,https://cf.shopee.vn/file/vn-11134207-7ra0g-m9fplsnyjipzfd_tn,VIE GROUP HCM,03/10/2026 00:00,,Chờ xử lý
261003K66NDP0S,,Đang giao hàng,Shopee,SHEP - HCM,--,--,CB2416.10,1,COMBO 10 MIẾNG SUR-MEDIC+ Mặt nạ Super Glutathione 100 Bright Mask 30g,https://cf.shopee.vn/file/vn-11134207-7ras8-m0e7tmkb6jkf8c_tn,VIE GROUP HCM,02/10/2026 23:58,,--
586376612908008940,,Đang giao hàng,TikTok,TTEPRIME-MALL-HCM,--,--,2026,1,LRP Sữa Rửa Mặt Effaclar Purifying Foaming Gel - 50ml,https://p16-oec-sg.ibyteimg.com/tos-alisg-i-aphluv4xwc-sg/e34ab459d15b4717b53d8bd8fe469991~tplv-aphluv4xwc-origin-jpeg.jpeg?dr=15568&t=555f072d&ps=933b5bde&shp=54477afb&shcp=3c3d9ffb&idc=my&from=1413970683,VIE GROUP HCM,02/10/2026 23:57,,--
586376643650880749,,Đang giao hàng,TikTok,TTASCosme - HANOI,--,--,2026,1,LRP Sữa Rửa Mặt Effaclar Purifying Foaming Gel - 50ml,https://p16-oec-sg.ibyteimg.com/tos-alisg-i-aphluv4xwc-sg/38bb54df58b742f7aa245284dde1b29e~tplv-aphluv4xwc-origin-jpeg.jpeg?dr=15568&t=555f072d&ps=933b5bde&shp=54477afb&shcp=3c3d9ffb&idc=my&from=1413970683,VIE GROUP HCM,02/10/2026 23:55,,--
261003K61P5C9A,,Đã hủy,Shopee,SHVIECosme HCM,--,--,1882,1,KEYSHU mặt nạ dưỡng da - 1 Miếng ( Hành Tím ),https://cf.shopee.vn/file/vn-11134207-81ztc-ms9j7s0atu6g77_tn,VIE GROUP HCM,02/10/2026 23:55,,Chờ xử lý
586376588940575828,,Đang giao hàng,TikTok,TTVIEPRIME-HANOI,--,--,CB1350.3 COMBO 3 Dầu x 30ml,1,COMBO 3 Chai 30ml CERAVE Sữa Rửa Mặt Foaming Cleanser,https://p16-oec-sg.ibyteimg.com/tos-alisg-i-aphluv4xwc-sg/a66ef569c50d41e5a9f53922eaa4f2fd~tplv-aphluv4xwc-origin-jpeg.jpeg?dr=15568&t=555f072d&ps=933b5bde&shp=54477afb&shcp=3c3d9ffb&idc=my2&from=1413970683,VIE GROUP HCM,02/10/2026 23:55,,--
261003K60D4Q9N,,Đã hoàn thành,Shopee,SHEP - HCM,--,--,2100,1,MINISO Bông tẩy trang Nhật Bản 100% 180 Miếng,https://cf.shopee.vn/file/vn-11134207-81ztc-mtmgtix9883o2d_tn,VIE GROUP HCM,02/10/2026 23:54,04/10/2026 10:01,--
261003K5YQ520W,,Đã hoàn thành,Shopee,SHVIEMart - HCM,--,--,1004,1,Dũa móng 6 mặt [XT],https://cf.shopee.vn/file/vn-11134207-7ras8-mch930lruncdfb_tn,VIE GROUP HCM,02/10/2026 23:54,04/10/2026 18:02,--
586376558120502754,,Đang giao hàng,TikTok,TTEPRIME-MALL-HCM,--,--,1350,1,CERAVE Sữa Rửa Mặt Foaming Cleanser - 30ml FRANCE,https://p16-oec-sg.ibyteimg.com/tos-alisg-i-aphluv4xwc-sg/50806a02e3104a3bb34e537bc386ab64~tplv-aphluv4xwc-origin-jpeg.jpeg?dr=15568&t=555f072d&ps=933b5bde&shp=54477afb&shcp=3c3d9ffb&idc=my3&from=1413970683,VIE GROUP HCM,02/10/2026 23:54,,--
261003K5U0GH23,,Đang giao hàng,Shopee,SHEP - HCM,--,--,2361,1,SILCOT Bông tẩy trang Unicharm - 82 miếng Xanh dương,https://cf.shopee.vn/file/vn-11134207-7ras8-mcke8s4l7qqq55_tn,VIE GROUP HCM,02/10/2026 23:51,,--
261003K5S2J19A,,Đang giao hàng,Shopee,SHEPRIME2-MALL - HCM,--,--,2026,1,LRP Sữa Rửa Mặt Effaclar Purifying Foaming Gel - 50ml,https://cf.shopee.vn/file/vn-11134207-81ztc-ms4g1nr09wck4c_tn,VIE GROUP HCM,02/10/2026 23:50,,--
586376432110307147,,Đang giao hàng,TikTok,TTEPharma-MALL-HCM,--,--,1480,1,COMPLIMENT Toner 10% Glycolic Acid & Aloe Lô hội - 200ML,https://p16-oec-sg.ibyteimg.com/tos-alisg-i-aphluv4xwc-sg/cf13e1c94455461cb4344593a1731f05~tplv-aphluv4xwc-origin-jpeg.jpeg?dr=15568&t=555f072d&ps=933b5bde&shp=54477afb&shcp=3c3d9ffb&idc=my3&from=1413970683,VIE GROUP HCM,02/10/2026 23:43,,--
586376506846840341,,Đang giao hàng,TikTok,TTEPRIME-MALL-HCM,--,--,2586,1,VICHY Dầu gội Dercos Technique Anti-Dandruff Ds Advanced To Oily Hair - 50ml (Xanh da dầu),https://p16-oec-va.ibyteimg.com/tos-maliva-i-o3syd03w52-us/e30080ab5eed45b6858e6a2272686cd6~tplv-o3syd03w52-origin-jpeg.jpeg?dr=15568&t=555f072d&ps=933b5bde&shp=54477afb&shcp=3c3d9ffb&idc=my3&from=1413970683,VIE GROUP HCM,02/10/2026 23:43,,--
261003K59YXNUG,,Đang giao hàng,Shopee,SHEP - HCM,--,--,1634,1,EMBRYOLISSE Kem dưỡng Lait CONCENTRE - 30ml,https://cf.shopee.vn/file/vn-11134207-81ztc-mp1yhezffitoc4_tn,VIE GROUP HCM,02/10/2026 23:42,,--
261003K59YXNUG,,Đang giao hàng,Shopee,SHEP - HCM,--,--,QT40,1,MEDIANSWER Tinh chất hỗ trợ sáng da Vita Collagen Logic Ampoule - 2 ml,https://cf.shopee.vn/file/vn-11134207-81ztc-mtqcnbkc7coya1_tn,VIE GROUP HCM,02/10/2026 23:42,,--
261003K59YXNUG,,Đang giao hàng,Shopee,SHEP - HCM,--,--,2945,1,DR.SERA Giấy giặt hút màu Color Catcher Laundry Sheet Gói 40 miếng - Hương Lavender,https://cf.shopee.vn/file/vn-11134207-81ztc-mos1vsd620az07_tn,VIE GROUP HCM,02/10/2026 23:42,,--
261003K59YXNUG,,Đang giao hàng,Shopee,SHEP - HCM,--,--,2944,1,DR.SERA Giấy giặt hút màu Color Catcher Laundry Sheet Gói 40 miếng - Hương hoa phong lan,https://cf.shopee.vn/file/vn-11134207-81ztc-mos1oqlivsi5b6_tn,VIE GROUP HCM,02/10/2026 23:42,,--
261003K59YXNUG,,Đang giao hàng,Shopee,SHEP - HCM,--,--,,1,Quần chip VAGISIL,https://cf.shopee.vn/file/vn-11134207-81ztc-mpj8lkd9hkoxd6_tn,VIE GROUP HCM,02/10/2026 23:42,,--
261003K50GP0EW,,Đã hủy,Shopee,SHEP - HCM,--,--,1473,1,COMPLIMENT Sữa rửa mặt No Problem 200ml - Vàng,https://cf.shopee.vn/file/vn-11134207-7ras8-mdl80tqxhy5rf2_tn,VIE GROUP HCM,02/10/2026 23:37,,Chờ xử lý
261003K50GP0EW,,Đã hủy,Shopee,SHEP - HCM,--,--,1471,1,COMPLIMENT Sữa rửa mặt No Problem 200ml - Cam,https://cf.shopee.vn/file/vn-11134207-7ras8-mdl81d0bba2987_tn,VIE GROUP HCM,02/10/2026 23:37,,Chờ xử lý
261003K50CUFGB,,Trả hàng & Hoàn tiền,Shopee,SHEP - HCM,--,--,2100,1,MINISO Bông tẩy trang Nhật Bản 100% 180 Miếng,https://cf.shopee.vn/file/vn-11134207-81ztc-mtmgtix9883o2d_tn,VIE GROUP HCM,02/10/2026 23:36,,--
261003K4Y00J3B,,Đang giao hàng,Shopee,SHEP - HCM,--,--,1472,1,COMPLIMENT Sữa rửa mặt No Problem 200ml - Hồng,https://cf.shopee.vn/file/vn-11134207-7ras8-m12a0k10v2mz20_tn,VIE GROUP HCM,02/10/2026 23:36,,--
586376331625268778,,Đang giao hàng,TikTok,TTEPRIME-MALL-HCM,--,--,2026,1,LRP Sữa Rửa Mặt Effaclar Purifying Foaming Gel - 50ml,https://p16-oec-sg.ibyteimg.com/tos-alisg-i-aphluv4xwc-sg/e34ab459d15b4717b53d8bd8fe469991~tplv-aphluv4xwc-origin-jpeg.jpeg?dr=15568&t=555f072d&ps=933b5bde&shp=54477afb&shcp=3c3d9ffb&idc=my&from=1413970683,VIE GROUP HCM,02/10/2026 23:35,,--
586376332383520510,,Đang giao hàng,TikTok,TTEPRIME-MALL-HCM,--,--,1350,1,CERAVE Sữa Rửa Mặt Foaming Cleanser - 30ml FRANCE,https://p16-oec-sg.ibyteimg.com/tos-alisg-i-aphluv4xwc-sg/50806a02e3104a3bb34e537bc386ab64~tplv-aphluv4xwc-origin-jpeg.jpeg?dr=15568&t=555f072d&ps=933b5bde&shp=54477afb&shcp=3c3d9ffb&idc=my&from=1413970683,VIE GROUP HCM,02/10/2026 23:35,,--
261003K4RE713Y,,Đã hủy,Shopee,SHEP - HCM,--,--,2100,1,MINISO Bông tẩy trang Nhật Bản 100% 180 Miếng,https://cf.shopee.vn/file/vn-11134207-81ztc-mtmgtix9883o2d_tn,VIE GROUP HCM,02/10/2026 23:32,,Chờ xử lý
261003K4NTAV5W,,Đang giao hàng,Shopee,SHEPRIME-HCM,--,--,2094,1,MEGADUO Gel dưỡng 15g - bản thường,https://cf.shopee.vn/file/vn-11134207-7r98o-llwx15aj75cv3c_tn,VIE GROUP HCM,02/10/2026 23:31,,--
586376250144622438,,Đang giao hàng,TikTok,TTVIEPRIME-HANOI,--,--,2541,1,VASELINE Dưỡng môi Lip Therapy UK 20g [XT] - ROSE,https://p16-oec-sg.ibyteimg.com/tos-alisg-i-aphluv4xwc-sg/a8a3baa4361e4897808b888b54e507a9~tplv-aphluv4xwc-origin-jpeg.jpeg?dr=15568&t=555f072d&ps=933b5bde&shp=54477afb&shcp=3c3d9ffb&idc=my&from=1413970683,COSMEE HA NOI,02/10/2026 23:29,,--
261003K4907Y9G,,Đang giao hàng,Shopee,SHVIEPro-HANOI,--,--,1980,1,LOREAL Nước Tẩy Trang Revitalift Crystal Purifying Micellar Water [Xám] - 95ml,https://cf.shopee.vn/file/vn-11134207-7r98o-lp3u0heu5rh71b_tn,COSMEE HA NOI,02/10/2026 23:23,,--
586376193063421046,,Đã hủy,TikTok,TTEPRIME-MALL-HCM,--,--,1350,1,CERAVE Sữa Rửa Mặt Foaming Cleanser - 30ml FRANCE,https://p16-oec-sg.ibyteimg.com/tos-alisg-i-aphluv4xwc-sg/50806a02e3104a3bb34e537bc386ab64~tplv-aphluv4xwc-origin-jpeg.jpeg?dr=15568&t=555f072d&ps=933b5bde&shp=54477afb&shcp=3c3d9ffb&idc=my2&from=1413970683,VIE GROUP HCM,02/10/2026 23:22,,--
586376110687880388,,Đang giao hàng,TikTok,TTVIEPRIME-HANOI,--,--,2026,1,LRP Sữa Rửa Mặt Effaclar Purifying Foaming Gel - 50ml,https://p16-oec-sg.ibyteimg.com/tos-alisg-i-aphluv4xwc-sg/e4dc23ba7aa04ac68154f7d70954e8c5~tplv-aphluv4xwc-origin-jpeg.jpeg?dr=15568&t=555f072d&ps=933b5bde&shp=54477afb&shcp=3c3d9ffb&idc=my&from=1413970683,VIE GROUP HCM,02/10/2026 23:22,,--
261003K43V8CBQ,,Đang giao hàng,Shopee,SHEP - HCM,--,--,CB2361.2,1,"SILCOT Bông tẩy trang Unicharm - 82 miếng Xanh dương, COMBO 2 HỘP",https://cf.shopee.vn/file/vn-11134207-7ras8-mcke8u9q2v4yd7_tn,VIE GROUP HCM,02/10/2026 23:21,05/10/2026 08:25,--
586376185507251532,,Đang giao hàng,TikTok,TTVIEPRIME-HANOI,--,--,2541,1,VASELINE Dưỡng môi Lip Therapy UK 20g [XT] - ROSE,https://p16-oec-sg.ibyteimg.com/tos-alisg-i-aphluv4xwc-sg/a8a3baa4361e4897808b888b54e507a9~tplv-aphluv4xwc-origin-jpeg.jpeg?dr=15568&t=555f072d&ps=933b5bde&shp=54477afb&shcp=3c3d9ffb&idc=my&from=1413970683,COSMEE HA NOI,02/10/2026 23:18,,--
586376140716147828,,Đang giao hàng,TikTok,TTVIEPRIME-HANOI,--,--,,1,COMBO VASELINE Sáp Dưỡng Ẩm Pure Petroleum Jelly 50ml + OEM Cọ tán son môi Silicon,https://p16-oec-sg.ibyteimg.com/tos-alisg-i-aphluv4xwc-sg/41f8220f8d624c0e9f85614b053ec0b3~tplv-aphluv4xwc-origin-jpeg.jpeg?dr=15568&t=555f072d&ps=933b5bde&shp=54477afb&shcp=3c3d9ffb&idc=my2&from=1413970683,COSMEE HA NOI,02/10/2026 23:16,,--
586376120567629652,,Đã hủy,TikTok,TTEPRIME-MALL-HCM,--,--,2026,1,LRP Sữa Rửa Mặt Effaclar Purifying Foaming Gel - 50ml,https://p16-oec-sg.ibyteimg.com/tos-alisg-i-aphluv4xwc-sg/e34ab459d15b4717b53d8bd8fe469991~tplv-aphluv4xwc-origin-jpeg.jpeg?dr=15568&t=555f072d&ps=933b5bde&shp=54477afb&shcp=3c3d9ffb&idc=my3&from=1413970683,VIE GROUP HCM,02/10/2026 23:16,,Chờ xử lý
586376149615216261,,Chờ lấy hàng,TikTok,TTVIESGN-HCM,--,--,2014,1,LRP SERUM B5 HYALU CONCENTRE - 10ml,https://p16-oec-va.ibyteimg.com/tos-maliva-i-o3syd03w52-us/944e6cc2c2874386a33a513cc5fc2ce9~tplv-o3syd03w52-origin-jpeg.jpeg?dr=15568&t=555f072d&ps=933b5bde&shp=54477afb&shcp=3c3d9ffb&idc=my3&from=1413970683,VIE GROUP HCM,02/10/2026 23:15,,--
586376197420910362,,Đã hủy,TikTok,TTEPRIME-MALL-HCM,--,--,1350,1,CERAVE Sữa Rửa Mặt Foaming Cleanser - 30ml FRANCE,https://p16-oec-sg.ibyteimg.com/tos-alisg-i-aphluv4xwc-sg/50806a02e3104a3bb34e537bc386ab64~tplv-aphluv4xwc-origin-jpeg.jpeg?dr=15568&t=555f072d&ps=933b5bde&shp=54477afb&shcp=3c3d9ffb&idc=my3&from=1413970683,VIE GROUP HCM,02/10/2026 23:14,,Chờ xử lý
261003K3RD2408,,Đang giao hàng,Shopee,SHEP - HCM,--,--,1472,1,COMPLIMENT Sữa rửa mặt No Problem 200ml - Hồng,https://cf.shopee.vn/file/vn-11134207-7ras8-m12a0k10v2mz20_tn,VIE GROUP HCM,02/10/2026 23:14,,--
586376068996499291,,Đang giao hàng,TikTok,TTVIEPRIME-HANOI,--,--,1471,1,COMPLIMENT Sữa rửa mặt No Problem 200ml - Cam,https://p16-oec-sg.ibyteimg.com/tos-alisg-i-aphluv4xwc-sg/6bd31873d9cf4c28a14d0d8e991519f5~tplv-aphluv4xwc-origin-jpeg.jpeg?dr=15568&t=555f072d&ps=933b5bde&shp=54477afb&shcp=3c3d9ffb&idc=my2&from=1413970683,COSMEE HA NOI,02/10/2026 23:12,,--
261003K3KDR07Y,,Đang giao hàng,Shopee,SHEP - HCM,--,--,2551,1,VASELINE Sáp Dưỡng Môi Lip Care KOREA 7g - Creme Brulle Vani,https://cf.shopee.vn/file/vn-11134207-820l4-mjdm563a330gbf_tn,VIE GROUP HCM,02/10/2026 23:11,,--
586376101054088220,Đơn hàng trùng lặp,Đang giao hàng,TikTok,TTEPRIME-MALL-HCM,--,--,2026,1,LRP Sữa Rửa Mặt Effaclar Purifying Foaming Gel - 50ml,https://p16-oec-sg.ibyteimg.com/tos-alisg-i-aphluv4xwc-sg/e34ab459d15b4717b53d8bd8fe469991~tplv-aphluv4xwc-origin-jpeg.jpeg?dr=15568&t=555f072d&ps=933b5bde&shp=54477afb&shcp=3c3d9ffb&idc=my2&from=1413970683,VIE GROUP HCM,02/10/2026 23:11,,--
586376071986119708,,Đã hủy,TikTok,TTEPRIME-MALL-HCM,--,--,2026,1,LRP Sữa Rửa Mặt Effaclar Purifying Foaming Gel - 50ml,https://p16-oec-sg.ibyteimg.com/tos-alisg-i-aphluv4xwc-sg/e34ab459d15b4717b53d8bd8fe469991~tplv-aphluv4xwc-origin-jpeg.jpeg?dr=15568&t=555f072d&ps=933b5bde&shp=54477afb&shcp=3c3d9ffb&idc=my2&from=1413970683,VIE GROUP HCM,02/10/2026 23:11,,Chưa thanh toán
261003K3D1NFJ4,,Đang giao hàng,Shopee,SHVIEMart - HCM,--,--,CB1350.3 COMBO 3 Dầu x 30ml,1,COMBO 3 Chai 30ml CERAVE Sữa Rửa Mặt Foaming Cleanser,https://cf.shopee.vn/file/vn-11134207-7ra0g-m9gus1006zyac1_tn,VIE GROUP HCM,02/10/2026 23:08,,--
586376004584441277,,Đã hủy,TikTok,TTVIEPRIME-HANOI,--,--,,1,VASELINE Sáp Dưỡng Ẩm Pure Petroleum Jelly - 100ml,https://p16-oec-sg.ibyteimg.com/tos-alisg-i-aphluv4xwc-sg/41f8220f8d624c0e9f85614b053ec0b3~tplv-aphluv4xwc-origin-jpeg.jpeg?dr=15568&t=555f072d&ps=933b5bde&shp=54477afb&shcp=3c3d9ffb&idc=my&from=1413970683,COSMEE HA NOI,02/10/2026 23:07,,Chờ xử lý
586376051546686860,,Đang giao hàng,TikTok,TTEPRIME-MALL-HCM,--,--,2026,1,LRP Sữa Rửa Mặt Effaclar Purifying Foaming Gel - 50ml,https://p16-oec-sg.ibyteimg.com/tos-alisg-i-aphluv4xwc-sg/e34ab459d15b4717b53d8bd8fe469991~tplv-aphluv4xwc-origin-jpeg.jpeg?dr=15568&t=555f072d&ps=933b5bde&shp=54477afb&shcp=3c3d9ffb&idc=my2&from=1413970683,VIE GROUP HCM,02/10/2026 23:07,,--
586376012043617999,,Đang giao hàng,TikTok,TTASCosme - HANOI,--,--,,1,VICHY Dầu gội Dercos Technique Anti-Dandruff Ds Advanced To Oily Hair - 50ml (Xanh da dầu),https://p16-oec-sg.ibyteimg.com/tos-alisg-i-aphluv4xwc-sg/c866730931f7405592c5aea67c3d40b0~tplv-aphluv4xwc-origin-jpeg.jpeg?dr=15568&t=555f072d&ps=933b5bde&shp=54477afb&shcp=3c3d9ffb&idc=my&from=1413970683,COSMEE HA NOI,02/10/2026 23:04,,--
261003K30UKHWV,,Đã hoàn thành,Shopee,SHVIECosme HCM,--,--,1127,1,Aspasia - Xịt Khoáng Aspasia Moist Up Face Mist Aloe Làm Dịu Mát Bổ Sung Độ Ẩm Cho Làn Da Rạng Rỡ 150ml,https://cf.shopee.vn/file/vn-11134207-81ztc-ms6u2zn5g3rb25_tn,VIE GROUP HCM,03/10/2026 13:20,04/10/2026 11:49,--
586375936330466747,,Đang giao hàng,TikTok,TTEPharma-MALL-HCM,--,--,2709,1,LRP Toner Effaclar Astringent Lotion 200ml (da dầu),https://p16-oec-va.ibyteimg.com/tos-maliva-i-o3syd03w52-us/5858eac110a549d8aa7a949cc2e62ff6~tplv-o3syd03w52-origin-jpeg.jpeg?dr=15568&t=555f072d&ps=933b5bde&shp=54477afb&shcp=3c3d9ffb&idc=my&from=1413970683,VIE GROUP HCM,02/10/2026 23:00,,--
261002K2VXQVBE,,Đang giao hàng,Shopee,SHVIEMart - HCM,--,--,1004,1,Dũa móng 6 mặt [XT],https://cf.shopee.vn/file/vn-11134207-7ras8-mch930lruncdfb_tn,VIE GROUP HCM,02/10/2026 22:59,,--
261002K2VFD9CU,,Đang giao hàng,Shopee,SHVIECosme HCM,--,--,1350,1,CERAVE Sữa Rửa Mặt Foaming Cleanser - 30ml FRANCE,https://cf.shopee.vn/file/sg-11134201-82587-mey65lbwzhmtf1_tn,VIE GROUP HCM,02/10/2026 22:58,,--
261002K2UE1DXG,,Đang giao hàng,Shopee,SHVIECosme HCM,--,--,1882,1,KEYSHU mặt nạ dưỡng da - 1 Miếng ( Hành Tím ),https://cf.shopee.vn/file/vn-11134207-81ztc-ms9j7s0atu6g77_tn,VIE GROUP HCM,02/10/2026 22:58,,--
586375950215776138,,Đang giao hàng,TikTok,TTVIEPRIME-HANOI,--,--,,1,VASELINE Sáp Dưỡng Ẩm Pure Petroleum Jelly - 100ml,https://p16-oec-sg.ibyteimg.com/tos-alisg-i-aphluv4xwc-sg/41f8220f8d624c0e9f85614b053ec0b3~tplv-aphluv4xwc-origin-jpeg.jpeg?dr=15568&t=555f072d&ps=933b5bde&shp=54477afb&shcp=3c3d9ffb&idc=my&from=1413970683,COSMEE HA NOI,02/10/2026 22:57,,--
261002K2S3P6H5,,Đã hoàn thành,Shopee,SHEP - HCM,--,--,1472,1,COMPLIMENT Sữa rửa mặt No Problem 200ml - Hồng,https://cf.shopee.vn/file/vn-11134207-7ras8-m12a0k10v2mz20_tn,VIE GROUP HCM,02/10/2026 22:57,04/10/2026 10:17,--
261002K2M3EJB9,,Chờ xử lý,Shopee,SHVIEPro-HANOI,--,--,2694,1,Silky  Kem Dưỡng Da Tay Silky Oil Elixir Nga 80ml - Da Khô,https://cf.shopee.vn/file/vn-11134207-7ras8-m0y4gh512ywfed_tn,COSMEE HA NOI,02/10/2026 22:54,,--
586375934583867059,,Đang giao hàng,TikTok,TTVIEPRIME-HANOI,--,--,,1,COMBO VASELINE Sáp Dưỡng Ẩm Pure Petroleum Jelly 50ml + OEM Cọ tán son môi Silicon,https://p16-oec-sg.ibyteimg.com/tos-alisg-i-aphluv4xwc-sg/41f8220f8d624c0e9f85614b053ec0b3~tplv-aphluv4xwc-origin-jpeg.jpeg?dr=15568&t=555f072d&ps=933b5bde&shp=54477afb&shcp=3c3d9ffb&idc=my&from=1413970683,COSMEE HA NOI,02/10/2026 22:54,,--
261002K2KEFFVM,,Đang giao hàng,Shopee,SHEP - HCM,--,--,CB1922.3,1,COMBO 3 MIẾNG LA SOIRÉE Bông Tẩy Trang 100% Cotton Siêu Mềm Siêu Mịn - 225 Miếng Tròn,https://cf.shopee.vn/file/vn-11134207-7r98o-lzce2ic901n118_tn,VIE GROUP HCM,02/10/2026 22:54,,--
261002K2JX87UV,,Đã hoàn thành,Shopee,SHEPRIME2-MALL - HCM,--,--,2595,1,VICHY Lăn Khử Mùi Détranspirant Intensif 72h Transpiration Excessive 50ml,https://cf.shopee.vn/file/vn-11134207-820l4-mglx60d0jwnca2_tn,VIE GROUP HCM,02/10/2026 22:53,03/10/2026 10:07,--
586375819484366683,,Đã hủy,TikTok,TTVIEPRIME-HANOI,--,--,1471,1,COMPLIMENT Sữa rửa mặt No Problem 200ml - Cam,https://p16-oec-sg.ibyteimg.com/tos-alisg-i-aphluv4xwc-sg/6bd31873d9cf4c28a14d0d8e991519f5~tplv-aphluv4xwc-origin-jpeg.jpeg?dr=15568&t=555f072d&ps=933b5bde&shp=54477afb&shcp=3c3d9ffb&idc=my&from=1413970683,COSMEE HA NOI,02/10/2026 22:53,,--
586375800334026675,,Đang giao hàng,TikTok,TTVIESGN-HCM,--,--,2026,1,LRP Sữa Rửa Mặt Effaclar Purifying Foaming Gel - 50ml,https://p16-oec-va.ibyteimg.com/tos-maliva-i-o3syd03w52-us/307dde19befb426e9d4f98983a79189c~tplv-o3syd03w52-origin-jpeg.jpeg?dr=15568&t=555f072d&ps=933b5bde&shp=54477afb&shcp=3c3d9ffb&idc=my2&from=1413970683,VIE GROUP HCM,02/10/2026 22:51,,--
586375894528001040,,Đã hủy,TikTok,TTVIEPRIME-HANOI,--,--,,1,VASELINE Sáp Dưỡng Ẩm Pure Petroleum Jelly - 100ml,https://p16-oec-sg.ibyteimg.com/tos-alisg-i-aphluv4xwc-sg/41f8220f8d624c0e9f85614b053ec0b3~tplv-aphluv4xwc-origin-jpeg.jpeg?dr=15568&t=555f072d&ps=933b5bde&shp=54477afb&shcp=3c3d9ffb&idc=my&from=1413970683,COSMEE HA NOI,02/10/2026 22:49,,Chờ xử lý
586375710288348958,,Đang giao hàng,TikTok,TTEPRIME-MALL-HCM,--,--,2026,1,LRP Sữa Rửa Mặt Effaclar Purifying Foaming Gel - 50ml,https://p16-oec-sg.ibyteimg.com/tos-alisg-i-aphluv4xwc-sg/e34ab459d15b4717b53d8bd8fe469991~tplv-aphluv4xwc-origin-jpeg.jpeg?dr=15568&t=555f072d&ps=933b5bde&shp=54477afb&shcp=3c3d9ffb&idc=my2&from=1413970683,VIE GROUP HCM,02/10/2026 22:44,,--
261002K1YDJT3D,,Đã hoàn thành,Shopee,SHEP - HCM,--,--,2039,1,LRP Kem Chống Nắng Nâng Tông Kiềm Dầu Anthelios XL SPF 50+ PA++++ 50ml ( Mẫu mới XL),https://cf.shopee.vn/file/vn-11134207-7ras8-maxseclx98t36f_tn,VIE GROUP HCM,02/10/2026 22:42,04/10/2026 14:08,--
261002K1YDJT3D,,Đã hoàn thành,Shopee,SHEP - HCM,--,--,QT40,1,MEDIANSWER Tinh chất hỗ trợ sáng da Vita Collagen Logic Ampoule - 2 ml,https://cf.shopee.vn/file/vn-11134207-81ztc-mtqcnbkc7coya1_tn,VIE GROUP HCM,02/10/2026 22:42,04/10/2026 14:08,--
586375617180304952,,Đang giao hàng,TikTok,TTEPRIME-MALL-HCM,--,--,2026,1,LRP Sữa Rửa Mặt Effaclar Purifying Foaming Gel - 50ml,https://p16-oec-sg.ibyteimg.com/tos-alisg-i-aphluv4xwc-sg/e34ab459d15b4717b53d8bd8fe469991~tplv-aphluv4xwc-origin-jpeg.jpeg?dr=15568&t=555f072d&ps=933b5bde&shp=54477afb&shcp=3c3d9ffb&idc=my2&from=1413970683,VIE GROUP HCM,02/10/2026 22:39,,--
586375660745164035,,Đã hủy,TikTok,TTVIEPRIME-HANOI,--,--,2471,1,THE SAEM D114 - SAEM - CHE KHUYẾT ĐIỂM - 1.5 (L17CO2 C),https://p16-oec-sg.ibyteimg.com/tos-alisg-i-aphluv4xwc-sg/f8ebfa48086e4cd58323e116b61618b2~tplv-aphluv4xwc-origin-jpeg.jpeg?dr=15568&t=555f072d&ps=933b5bde&shp=54477afb&shcp=3c3d9ffb&idc=my&from=1413970683,COSMEE HA NOI,02/10/2026 22:38,,Chờ xử lý
261002K1MP928A,,Nền tảng đang xử lý,Shopee,SHVIECosme HCM,--,--,1127,1,Aspasia - Xịt Khoáng Aspasia Moist Up Face Mist Aloe Làm Dịu Mát Bổ Sung Độ Ẩm Cho Làn Da Rạng Rỡ 150ml,https://cf.shopee.vn/file/vn-11134207-81ztc-mpsziotao3ya56_tn,VIE GROUP HCM,02/10/2026 22:37,,--
586375596564186438,,Đang giao hàng,TikTok,TTEPharma-MALL-HCM,--,--,QT26,1,VELLA Kem cổ NECK Cream 1ml,https://p16-oec-sg.ibyteimg.com/tos-alisg-i-aphluv4xwc-sg/a129cc1f93f34f7da267ad576214f6c4~tplv-aphluv4xwc-origin-jpeg.jpeg?dr=15568&t=555f072d&ps=933b5bde&shp=54477afb&shcp=3c3d9ffb&idc=my2&from=1413970683,VIE GROUP HCM,02/10/2026 22:35,,--
586375596564186438,,Đang giao hàng,TikTok,TTEPharma-MALL-HCM,--,--,1922,1,LA SOIRÉE Bông Tẩy Trang 100% Cotton Siêu Mềm Siêu Mịn - 225 Miếng Tròn,https://p16-oec-sg.ibyteimg.com/tos-alisg-i-aphluv4xwc-sg/c5600a1d05594c9fa93ac75dc455205b~tplv-aphluv4xwc-origin-jpeg.jpeg?dr=15568&t=555f072d&ps=933b5bde&shp=54477afb&shcp=3c3d9ffb&idc=my2&from=1413970683,VIE GROUP HCM,02/10/2026 22:35,,--
586375552713656272,,Đang giao hàng,TikTok,TTEPRIME-MALL-HCM,--,--,1922,1,LA SOIRÉE Bông Tẩy Trang 100% Cotton Siêu Mềm Siêu Mịn - 225 Miếng Tròn,https://p16-oec-va.ibyteimg.com/tos-maliva-i-o3syd03w52-us/c0985d1e2b694400acc7797954cbb4b0~tplv-o3syd03w52-origin-jpeg.jpeg?dr=15568&t=555f072d&ps=933b5bde&shp=54477afb&shcp=3c3d9ffb&idc=my3&from=1413970683,VIE GROUP HCM,02/10/2026 22:34,,--
586375580762080294,,Đang giao hàng,TikTok,TTEPRIME-MALL-HCM,--,--,2026,1,LRP Sữa Rửa Mặt Effaclar Purifying Foaming Gel - 50ml,https://p16-oec-sg.ibyteimg.com/tos-alisg-i-aphluv4xwc-sg/e34ab459d15b4717b53d8bd8fe469991~tplv-aphluv4xwc-origin-jpeg.jpeg?dr=15568&t=555f072d&ps=933b5bde&shp=54477afb&shcp=3c3d9ffb&idc=my2&from=1413970683,VIE GROUP HCM,02/10/2026 22:33,,--
261002K1DR2EQ0,,Đã hoàn thành,Shopee,SHVIECosme HCM,--,--,2022,1,LRP Sữa Rửa Mặt Effaclar + M Purifying Foaming Gel - 400ml,https://cf.shopee.vn/file/vn-11134207-81ztc-mrl94y7kjegy1d_tn,VIE GROUP HCM,02/10/2026 22:33,03/10/2026 15:57,--
586375477683062229,,Đang giao hàng,TikTok,TTEPRIME-MALL-HCM,--,--,2026,1,LRP Sữa Rửa Mặt Effaclar Purifying Foaming Gel - 50ml,https://p16-oec-sg.ibyteimg.com/tos-alisg-i-aphluv4xwc-sg/e34ab459d15b4717b53d8bd8fe469991~tplv-aphluv4xwc-origin-jpeg.jpeg?dr=15568&t=555f072d&ps=933b5bde&shp=54477afb&shcp=3c3d9ffb&idc=my3&from=1413970683,VIE GROUP HCM,02/10/2026 22:32,,--
586375622808143734,,Đang giao hàng,TikTok,TTEPRIME-MALL-HCM,--,--,1350,1,CERAVE Sữa Rửa Mặt Foaming Cleanser - 30ml FRANCE,https://p16-oec-sg.ibyteimg.com/tos-alisg-i-aphluv4xwc-sg/b203882fafcc4a5dbc6ce5bef84bd40b~tplv-aphluv4xwc-origin-jpeg.jpeg?dr=15568&t=555f072d&ps=933b5bde&shp=54477afb&shcp=3c3d9ffb&idc=my2&from=1413970683,VIE GROUP HCM,02/10/2026 22:32,,--
586375577086232304,,Đã hủy,TikTok,TTVIEPRIME-HANOI,--,--,CB2026.3,1,COMBO 3 TUÝP LRP Sữa Rửa Mặt Effaclar Purifying Foaming Gel - 50ml,https://p16-oec-sg.ibyteimg.com/tos-alisg-i-aphluv4xwc-sg/1200e3e940994b57b36341a3f7c85513~tplv-aphluv4xwc-origin-jpeg.jpeg?dr=15568&t=555f072d&ps=933b5bde&shp=54477afb&shcp=3c3d9ffb&idc=my&from=1413970683,COSMEE HA NOI,02/10/2026 22:32,,Chờ xử lý
586375622359286800,,Đã hủy,TikTok,TTVIEPRIME-HANOI,--,--,,1,VASELINE Sáp Dưỡng Ẩm Pure Petroleum Jelly - 100ml,https://p19-oec-sg.ibyteimg.com/tos-alisg-i-aphluv4xwc-sg/41f8220f8d624c0e9f85614b053ec0b3~tplv-aphluv4xwc-origin-jpeg.jpeg?dr=15568&t=555f072d&ps=933b5bde&shp=54477afb&shcp=3c3d9ffb&idc=my&from=1413970683,COSMEE HA NOI,02/10/2026 22:31,,Chờ xử lý
261002K190DKHU,,Đang giao hàng,Shopee,SHEP - HCM,--,--,2361,1,SILCOT Bông tẩy trang Unicharm - 82 miếng Xanh dương,https://cf.shopee.vn/file/vn-11134207-7ras8-mcke8s4l7qqq55_tn,VIE GROUP HCM,02/10/2026 22:30,,--
586375501949666634,,Đang giao hàng,TikTok,TTEPRIME-MALL-HCM,--,--,CB1350.3,1,COMBO 3 Chai 30ml CERAVE Sữa Rửa Mặt Foaming Cleanser,https://p16-oec-sg.ibyteimg.com/tos-alisg-i-aphluv4xwc-sg/8cd78ddcd728445a9ef4489196965f1d~tplv-aphluv4xwc-origin-jpeg.jpeg?dr=15568&t=555f072d&ps=933b5bde&shp=54477afb&shcp=3c3d9ffb&idc=my&from=1413970683,VIE GROUP HCM,02/10/2026 22:28,,--
586375512031987484,,Đang giao hàng,TikTok,TTEPRIME-MALL-HCM,--,--,1350,1,CERAVE Sữa Rửa Mặt Foaming Cleanser - 30ml FRANCE,https://p16-oec-sg.ibyteimg.com/tos-alisg-i-aphluv4xwc-sg/b203882fafcc4a5dbc6ce5bef84bd40b~tplv-aphluv4xwc-origin-jpeg.jpeg?dr=15568&t=555f072d&ps=933b5bde&shp=54477afb&shcp=3c3d9ffb&idc=my2&from=1413970683,VIE GROUP HCM,02/10/2026 22:28,,--
261002K15E0MKX,,Đang giao hàng,Shopee,SHEP - HCM,--,--,1035,1,ACNE AID SOAP BAR OIL CONTROL XÀ PHÒNG - ĐỎ,https://cf.shopee.vn/file/vn-11134207-7ras8-m4o4l3ysh46o1c_tn,VIE GROUP HCM,02/10/2026 22:28,,--
586375456161301719,,Đang giao hàng,TikTok,TTASCosme - HANOI,--,--,1316,1,CARSLAN PHẤN PHỦ  BLACK  MAGNET SOFT FOCUS  MAKE-UP POWDER 01  PHẤN PHỦ 1G,https://p16-oec-sg.ibyteimg.com/tos-alisg-i-aphluv4xwc-sg/d2cb1f22cafd4b1ba10efa9968230ba9~tplv-aphluv4xwc-origin-jpeg.jpeg?dr=15568&t=555f072d&ps=933b5bde&shp=54477afb&shcp=3c3d9ffb&idc=my2&from=1413970683,COSMEE HA NOI,02/10/2026 22:28,,--
586375443942245813,,Đang giao hàng,TikTok,TTEPRIME-MALL-HCM,--,--,2026,1,LRP Sữa Rửa Mặt Effaclar Purifying Foaming Gel - 50ml,https://p16-oec-sg.ibyteimg.com/tos-alisg-i-aphluv4xwc-sg/e34ab459d15b4717b53d8bd8fe469991~tplv-aphluv4xwc-origin-jpeg.jpeg?dr=15568&t=555f072d&ps=933b5bde&shp=54477afb&shcp=3c3d9ffb&idc=my3&from=1413970683,VIE GROUP HCM,02/10/2026 22:27,,--
586375468252627979,,Đang giao hàng,TikTok,TTVIEPRIME-HANOI,--,--,2541,1,VASELINE Dưỡng môi Lip Therapy UK 20g [XT] - ROSE,https://p16-oec-sg.ibyteimg.com/tos-alisg-i-aphluv4xwc-sg/a8a3baa4361e4897808b888b54e507a9~tplv-aphluv4xwc-origin-jpeg.jpeg?dr=15568&t=555f072d&ps=933b5bde&shp=54477afb&shcp=3c3d9ffb&idc=my&from=1413970683,COSMEE HA NOI,02/10/2026 22:27,,--
586375416345625628,,Đang giao hàng,TikTok,TTEPRIME-MALL-HCM,--,--,2026,1,LRP Sữa Rửa Mặt Effaclar Purifying Foaming Gel - 50ml,https://p16-oec-sg.ibyteimg.com/tos-alisg-i-aphluv4xwc-sg/e34ab459d15b4717b53d8bd8fe469991~tplv-aphluv4xwc-origin-jpeg.jpeg?dr=15568&t=555f072d&ps=933b5bde&shp=54477afb&shcp=3c3d9ffb&idc=my&from=1413970683,VIE GROUP HCM,02/10/2026 22:25,,--
586375526461310389,,Đang giao hàng,TikTok,TTASCosme - HANOI,--,--,1316,1,CARSLAN PHẤN PHỦ  BLACK  MAGNET SOFT FOCUS  MAKE-UP POWDER 01  PHẤN PHỦ 1G,https://p16-oec-sg.ibyteimg.com/tos-alisg-i-aphluv4xwc-sg/d2cb1f22cafd4b1ba10efa9968230ba9~tplv-aphluv4xwc-origin-jpeg.jpeg?dr=15568&t=555f072d&ps=933b5bde&shp=54477afb&shcp=3c3d9ffb&idc=my2&from=1413970683,COSMEE HA NOI,02/10/2026 22:25,,--
261002K0QJK3FC,,Đã hoàn thành,Shopee,SHVIEMart - HCM,--,--,CB1350.3 COMBO 3 Dầu x 30ml,1,COMBO 3 Chai 30ml CERAVE Sữa Rửa Mặt Foaming Cleanser,https://cf.shopee.vn/file/vn-11134207-7ra0g-m9gus1006zyac1_tn,VIE GROUP HCM,02/10/2026 22:20,04/10/2026 11:03,--
586375337974072780,,Đang giao hàng,TikTok,TTEPRIME-MALL-HCM,--,--,1350,1,CERAVE Sữa Rửa Mặt Foaming Cleanser - 30ml FRANCE,https://p16-oec-sg.ibyteimg.com/tos-alisg-i-aphluv4xwc-sg/3a74939216bd408187fb49dc869e3bff~tplv-aphluv4xwc-origin-jpeg.jpeg?dr=15568&t=555f072d&ps=933b5bde&shp=54477afb&shcp=3c3d9ffb&idc=my&from=1413970683,VIE GROUP HCM,02/10/2026 22:19,,--
261002K0KUACYE,,Đang giao hàng,Shopee,SHEP - HCM,--,--,1472,1,COMPLIMENT Sữa rửa mặt No Problem 200ml - Hồng,https://cf.shopee.vn/file/vn-11134207-7ras8-m12a0k10v2mz20_tn,VIE GROUP HCM,02/10/2026 22:18,,--
261002K0K5EA38,Đơn hàng trùng lặp,Đã hủy,Shopee,SHVIECosme HCM,--,--,1074,1,AMORTALS  Mút Rửa Mặt AMORTALS Dạng Giọt Nước ( CÓ HỘP KÈM),https://cf.shopee.vn/file/sg-11134201-824hq-mf2cieiyyr678b_tn,VIE GROUP HCM,02/10/2026 22:18,,Chưa thanh toán
586375231783339050,,Đang giao hàng,TikTok,TTEPRIME-MALL-HCM,--,--,2026,1,LRP Sữa Rửa Mặt Effaclar Purifying Foaming Gel - 50ml,https://p16-oec-sg.ibyteimg.com/tos-alisg-i-aphluv4xwc-sg/e34ab459d15b4717b53d8bd8fe469991~tplv-aphluv4xwc-origin-jpeg.jpeg?dr=15568&t=555f072d&ps=933b5bde&shp=54477afb&shcp=3c3d9ffb&idc=my3&from=1413970683,VIE GROUP HCM,02/10/2026 22:15,,--
586375230158309086,,Đã hủy,TikTok,TTVIESGN-HCM,--,--,1350,1,CERAVE Sữa Rửa Mặt Foaming Cleanser - 30ml FRANCE,https://p16-oec-sg.ibyteimg.com/tos-alisg-i-aphluv4xwc-sg/cc9742efae154cb89c3e62363dff00b1~tplv-aphluv4xwc-origin-jpeg.jpeg?dr=15568&t=555f072d&ps=933b5bde&shp=54477afb&shcp=3c3d9ffb&idc=my&from=1413970683,VIE GROUP HCM,02/10/2026 22:14,,Chờ xử lý
586375293998957610,,Đã hủy,TikTok,TTEPRIME-MALL-HCM,--,--,2026,1,LRP Sữa Rửa Mặt Effaclar Purifying Foaming Gel - 50ml,https://p16-oec-sg.ibyteimg.com/tos-alisg-i-aphluv4xwc-sg/e34ab459d15b4717b53d8bd8fe469991~tplv-aphluv4xwc-origin-jpeg.jpeg?dr=15568&t=555f072d&ps=933b5bde&shp=54477afb&shcp=3c3d9ffb&idc=my&from=1413970683,VIE GROUP HCM,02/10/2026 22:14,,--
261002K0548KGA,,Đang giao hàng,Shopee,SHVIECosme HCM,--,--,1472,1,COMPLIMENT Sữa rửa mặt No Problem 200ml - Hồng,https://cf.shopee.vn/file/vn-11134207-81ztc-mr8kkbibchs2de_tn,VIE GROUP HCM,02/10/2026 22:10,04/10/2026 16:57,--
586375145200322075,,Đã hủy,TikTok,TTEPRIME-MALL-HCM,--,--,2026,1,LRP Sữa Rửa Mặt Effaclar Purifying Foaming Gel - 50ml,https://p16-oec-sg.ibyteimg.com/tos-alisg-i-aphluv4xwc-sg/e34ab459d15b4717b53d8bd8fe469991~tplv-aphluv4xwc-origin-jpeg.jpeg?dr=15568&t=555f072d&ps=933b5bde&shp=54477afb&shcp=3c3d9ffb&idc=my3&from=1413970683,VIE GROUP HCM,02/10/2026 22:09,,Chờ xử lý
261002K041WFY7,,Đang giao hàng,Shopee,SHVIECosme HCM,--,--,1611,1,DR.SERA Bông Tẩy Trang Cotton Tiệt Trùng UV - PURE SNOW COTTON PAD - 150 Miếng,https://cf.shopee.vn/file/vn-11134207-81ztc-ms7yx63mj66ddb_tn,VIE GROUP HCM,02/10/2026 22:10,,--
586375305266431289,,Đang giao hàng,TikTok,TTVIEPRIME-HANOI,--,--,2024,1,LRP Sữa Rửa Mặt Effaclar Purifying Foaming Gel - 15ml,https://p16-oec-sg.ibyteimg.com/tos-alisg-i-aphluv4xwc-sg/ffed6604b7e34e4cb07ce27267743d15~tplv-aphluv4xwc-origin-jpeg.jpeg?dr=15568&t=555f072d&ps=933b5bde&shp=54477afb&shcp=3c3d9ffb&idc=my&from=1413970683,COSMEE HA NOI,02/10/2026 22:09,,--
586375304842806614,,Đang giao hàng,TikTok,TTEPRIME-MALL-HCM,--,--,2026,2,LRP Sữa Rửa Mặt Effaclar Purifying Foaming Gel - 50ml,https://p16-oec-sg.ibyteimg.com/tos-alisg-i-aphluv4xwc-sg/e34ab459d15b4717b53d8bd8fe469991~tplv-aphluv4xwc-origin-jpeg.jpeg?dr=15568&t=555f072d&ps=933b5bde&shp=54477afb&shcp=3c3d9ffb&idc=my&from=1413970683,VIE GROUP HCM,02/10/2026 22:07,,--
586375111559316819,,Đang giao hàng,TikTok,TTASCosme - HANOI,--,--,2024,1,LRP Sữa Rửa Mặt Effaclar Purifying Foaming Gel - 15ml,https://p16-oec-sg.ibyteimg.com/tos-alisg-i-aphluv4xwc-sg/86ff8a443676469a980a986b0a7b152f~tplv-aphluv4xwc-origin-jpeg.jpeg?dr=15568&t=555f072d&ps=933b5bde&shp=54477afb&shcp=3c3d9ffb&idc=my2&from=1413970683,COSMEE HA NOI,02/10/2026 22:03,,--
261002JYS20J8F,,Chờ xử lý,Shopee,SHEP - HCM,--,--,1020,5,OEM Khăn tắm nén cotton 70x140cm - XANH [XT],https://cf.shopee.vn/file/vn-11134207-7r98o-lwryqgn9h0pl9c_tn,VIE GROUP HCM,02/10/2026 22:03,,--
586375075722463100,,Đang giao hàng,TikTok,TTEPRIME-MALL-HCM,--,--,2026,1,LRP Sữa Rửa Mặt Effaclar Purifying Foaming Gel - 50ml,https://p16-oec-sg.ibyteimg.com/tos-alisg-i-aphluv4xwc-sg/e34ab459d15b4717b53d8bd8fe469991~tplv-aphluv4xwc-origin-jpeg.jpeg?dr=15568&t=555f072d&ps=933b5bde&shp=54477afb&shcp=3c3d9ffb&idc=my3&from=1413970683,VIE GROUP HCM,02/10/2026 22:03,,--
586375091182143372,,Đang giao hàng,TikTok,TTEPRIME-MALL-HCM,--,--,2026,1,LRP Sữa Rửa Mặt Effaclar Purifying Foaming Gel - 50ml,https://p16-oec-sg.ibyteimg.com/tos-alisg-i-aphluv4xwc-sg/e34ab459d15b4717b53d8bd8fe469991~tplv-aphluv4xwc-origin-jpeg.jpeg?dr=15568&t=555f072d&ps=933b5bde&shp=54477afb&shcp=3c3d9ffb&idc=my&from=1413970683,VIE GROUP HCM,02/10/2026 22:01,,--
261002JYJQU55B,,Đang giao hàng,Shopee,SHVIECosme HCM,--,--,1472,1,COMPLIMENT Sữa rửa mặt No Problem 200ml - Hồng,https://cf.shopee.vn/file/vn-11134207-81ztc-mr8kkbibchs2de_tn,VIE GROUP HCM,02/10/2026 21:59,,--
586374919401079844,,Đang giao hàng,TikTok,TTASCosme - HANOI,--,--,2026,1,LRP Sữa Rửa Mặt Effaclar Purifying Foaming Gel - 50ml,https://p16-oec-sg.ibyteimg.com/tos-alisg-i-aphluv4xwc-sg/38bb54df58b742f7aa245284dde1b29e~tplv-aphluv4xwc-origin-jpeg.jpeg?dr=15568&t=555f072d&ps=933b5bde&shp=54477afb&shcp=3c3d9ffb&idc=my2&from=1413970683,VIE GROUP HCM,02/10/2026 21:58,,--
586375048326448384,,Đang giao hàng,TikTok,TTEPRIME-MALL-HCM,--,--,1920,1,LA SOIRÉE Bông Tẩy Trang 100% Cotton Siêu Mềm Siêu Mịn - 120 Miếng Tròn,https://p16-oec-va.ibyteimg.com/tos-maliva-i-o3syd03w52-us/9fc8e4edf184437e979aa15fae99d9e5~tplv-o3syd03w52-origin-jpeg.jpeg?dr=15568&t=555f072d&ps=933b5bde&shp=54477afb&shcp=3c3d9ffb&idc=my2&from=1413970683,VIE GROUP HCM,02/10/2026 21:57,,--
261002JY93S354,,Đang giao hàng,Shopee,SHVIECosme HCM,--,--,1882,1,KEYSHU mặt nạ dưỡng da - 1 Miếng ( Hành Tím ),https://cf.shopee.vn/file/vn-11134207-81ztc-ms9j7s0atu6g77_tn,VIE GROUP HCM,02/10/2026 21:54,,--
586374911662065421,,Đang giao hàng,TikTok,TTVIEPRIME-HANOI,--,--,1466,1,COMPLIMENT Serum 27ml - Vitamin C 20%,https://p16-oec-va.ibyteimg.com/tos-maliva-i-o3syd03w52-us/429cca4784ef458dba03fcff45835d47~tplv-o3syd03w52-origin-jpeg.jpeg?dr=15568&t=555f072d&ps=933b5bde&shp=54477afb&shcp=3c3d9ffb&idc=my&from=1413970683,COSMEE HA NOI,02/10/2026 21:54,,--
586374960432317498,,Đang giao hàng,TikTok,TTEPRIME-MALL-HCM,--,--,1857,1,JOHNSON'S Sữa tắm gội Baby Top-To-Toe Hair & Body (Vàng) - 100ml,https://p16-oec-va.ibyteimg.com/tos-maliva-i-o3syd03w52-us/b9fc1654e104431ca29dcffc5d7253a0~tplv-o3syd03w52-origin-jpeg.jpeg?dr=15568&t=555f072d&ps=933b5bde&shp=54477afb&shcp=3c3d9ffb&idc=my2&from=1413970683,VIE GROUP HCM,02/10/2026 21:53,,--
261002JY6RDSC6,,Đang giao hàng,Shopee,SHEP - HCM,--,--,2587,1,VICHY Dầu gội Dercos Technique Anti-Dandruff Ds Normal To Oily Hair - 200ml (Xanh da dầu),https://cf.shopee.vn/file/vn-11134207-7r98o-m01egp8o7clr9c_tn,VIE GROUP HCM,02/10/2026 21:53,,--
261002JY6RDSC6,,Đang giao hàng,Shopee,SHEP - HCM,--,--,QT40,1,MEDIANSWER Tinh chất hỗ trợ sáng da Vita Collagen Logic Ampoule - 2 ml,https://cf.shopee.vn/file/vn-11134207-81ztc-mtqcnbkc7coya1_tn,VIE GROUP HCM,02/10/2026 21:53,,--
586374830959986419,,Đang giao hàng,TikTok,TTEPRIME-MALL-HCM,--,--,1350,1,CERAVE Sữa Rửa Mặt Foaming Cleanser - 30ml FRANCE,https://p16-oec-sg.ibyteimg.com/tos-alisg-i-aphluv4xwc-sg/50806a02e3104a3bb34e537bc386ab64~tplv-aphluv4xwc-origin-jpeg.jpeg?dr=15568&t=555f072d&ps=933b5bde&shp=54477afb&shcp=3c3d9ffb&idc=my&from=1413970683,VIE GROUP HCM,02/10/2026 21:49,,--
586374864613115862,,Đang giao hàng,TikTok,TTASCosme - HANOI,--,--,1350,1,CERAVE Sữa Rửa Mặt Foaming Cleanser - 30ml FRANCE,https://p16-oec-sg.ibyteimg.com/tos-alisg-i-aphluv4xwc-sg/46e63d0be11d47568e40e1b3400fd6d0~tplv-aphluv4xwc-origin-jpeg.jpeg?dr=15568&t=555f072d&ps=933b5bde&shp=54477afb&shcp=3c3d9ffb&idc=my&from=1413970683,VIE GROUP HCM,02/10/2026 21:49,,--
586374846028022927,,Đang giao hàng,TikTok,TTEPRIME-MALL-HCM,--,--,CB2026.3,1,COMBO 3 TUÝP LRP Sữa Rửa Mặt Effaclar Purifying Foaming Gel - 50ml,https://p16-oec-sg.ibyteimg.com/tos-alisg-i-aphluv4xwc-sg/4fdb1010396942c6bcbbb4ff16ba3159~tplv-aphluv4xwc-origin-jpeg.jpeg?dr=15568&t=555f072d&ps=933b5bde&shp=54477afb&shcp=3c3d9ffb&idc=my&from=1413970683,VIE GROUP HCM,02/10/2026 21:48,,--
261002JXX01D1T,,Đang giao hàng,Shopee,SHVIECosme HCM,--,--,1472,1,COMPLIMENT Sữa rửa mặt No Problem 200ml - Hồng,https://cf.shopee.vn/file/vn-11134207-81ztc-mr8kkbibchs2de_tn,VIE GROUP HCM,02/10/2026 21:48,,--
586374827265983973,,Đang giao hàng,TikTok,TTEPRIME-MALL-HCM,--,--,1350,1,CERAVE Sữa Rửa Mặt Foaming Cleanser - 30ml FRANCE,https://p16-oec-sg.ibyteimg.com/tos-alisg-i-aphluv4xwc-sg/50806a02e3104a3bb34e537bc386ab64~tplv-aphluv4xwc-origin-jpeg.jpeg?dr=15568&t=555f072d&ps=933b5bde&shp=54477afb&shcp=3c3d9ffb&idc=my2&from=1413970683,VIE GROUP HCM,02/10/2026 21:46,,--
586374792678180276,,Đang giao hàng,TikTok,TTVIEPRIME-HANOI,--,--,CB2026.3,1,COMBO 3 TUÝP LRP Sữa Rửa Mặt Effaclar Purifying Foaming Gel - 50ml,https://p16-oec-sg.ibyteimg.com/tos-alisg-i-aphluv4xwc-sg/1200e3e940994b57b36341a3f7c85513~tplv-aphluv4xwc-origin-jpeg.jpeg?dr=15568&t=555f072d&ps=933b5bde&shp=54477afb&shcp=3c3d9ffb&idc=my2&from=1413970683,VIE GROUP HCM,02/10/2026 21:46,,--
586374739379783678,,Đang giao hàng,TikTok,TTVIEPRIME-HANOI,--,--,,1,COMBO VASELINE Sáp Dưỡng Ẩm Pure Petroleum Jelly 50ml + OEM Cọ tán son môi Silicon,https://p16-oec-sg.ibyteimg.com/tos-alisg-i-aphluv4xwc-sg/41f8220f8d624c0e9f85614b053ec0b3~tplv-aphluv4xwc-origin-jpeg.jpeg?dr=15568&t=555f072d&ps=933b5bde&shp=54477afb&shcp=3c3d9ffb&idc=my&from=1413970683,COSMEE HA NOI,02/10/2026 21:46,,--
586374827135632666,Đơn hàng trùng lặp,Đang giao hàng,TikTok,TTEPRIME-MALL-HCM,--,--,2026,1,LRP Sữa Rửa Mặt Effaclar Purifying Foaming Gel - 50ml,https://p16-oec-sg.ibyteimg.com/tos-alisg-i-aphluv4xwc-sg/e34ab459d15b4717b53d8bd8fe469991~tplv-aphluv4xwc-origin-jpeg.jpeg?dr=15568&t=555f072d&ps=933b5bde&shp=54477afb&shcp=3c3d9ffb&idc=my&from=1413970683,VIE GROUP HCM,02/10/2026 21:45,,--
261002JXREPEJS,,Đang giao hàng,Shopee,SHEP - HCM,--,--,1472,1,COMPLIMENT Sữa rửa mặt No Problem 200ml - Hồng,https://cf.shopee.vn/file/vn-11134207-7ras8-m12a0k10v2mz20_tn,VIE GROUP HCM,02/10/2026 21:45,,--
586374685776250269,,Đang giao hàng,TikTok,TTVIEPRIME-HANOI,--,--,,1,VASELINE Sáp Dưỡng Ẩm Pure Petroleum Jelly - 100ml,https://p16-oec-sg.ibyteimg.com/tos-alisg-i-aphluv4xwc-sg/41f8220f8d624c0e9f85614b053ec0b3~tplv-aphluv4xwc-origin-jpeg.jpeg?dr=15568&t=555f072d&ps=933b5bde&shp=54477afb&shcp=3c3d9ffb&idc=my3&from=1413970683,COSMEE HA NOI,02/10/2026 21:44,,--
261002JXNGA04D,,Đang giao hàng,Shopee,SHEPRIME2-MALL - HCM,--,--,2026,1,LRP Sữa Rửa Mặt Effaclar Purifying Foaming Gel - 50ml,https://cf.shopee.vn/file/vn-11134207-81ztc-ms4g1nr09wck4c_tn,VIE GROUP HCM,02/10/2026 21:43,,--
586374717736256864,,Đã hủy,TikTok,TTVIESGN-HCM,--,--,1472,1,COMPLIMENT Sữa rửa mặt No Problem 200ml - Hồng,https://p16-oec-va.ibyteimg.com/tos-maliva-i-o3syd03w52-us/87701981696346eda751212c867e7f8e~tplv-o3syd03w52-origin-jpeg.jpeg?dr=15568&t=555f072d&ps=933b5bde&shp=54477afb&shcp=3c3d9ffb&idc=my&from=1413970683,VIE GROUP HCM,02/10/2026 21:43,,Chờ xử lý
586374697721169815,,Đang giao hàng,TikTok,TTVIEPRIME-HANOI,--,--,CB2693.3,1,COMBO 3 Cọ Môi Silicon,https://p16-oec-sg.ibyteimg.com/tos-alisg-i-aphluv4xwc-sg/41f8220f8d624c0e9f85614b053ec0b3~tplv-aphluv4xwc-origin-jpeg.jpeg?dr=15568&t=555f072d&ps=933b5bde&shp=54477afb&shcp=3c3d9ffb&idc=my2&from=1413970683,COSMEE HA NOI,02/10/2026 21:43,,--
586374657578731182,,Đang giao hàng,TikTok,TTVIEPRIME-HANOI,--,--,2026,1,LRP Sữa Rửa Mặt Effaclar Purifying Foaming Gel - 50ml,https://p16-oec-sg.ibyteimg.com/tos-alisg-i-aphluv4xwc-sg/e4dc23ba7aa04ac68154f7d70954e8c5~tplv-aphluv4xwc-origin-jpeg.jpeg?dr=15568&t=555f072d&ps=933b5bde&shp=54477afb&shcp=3c3d9ffb&idc=my&from=1413970683,VIE GROUP HCM,02/10/2026 21:39,,--
586374707715671404,,Đang giao hàng,TikTok,TTEPRIME-MALL-HCM,--,--,2026,1,LRP Sữa Rửa Mặt Effaclar Purifying Foaming Gel - 50ml,https://p16-oec-sg.ibyteimg.com/tos-alisg-i-aphluv4xwc-sg/e34ab459d15b4717b53d8bd8fe469991~tplv-aphluv4xwc-origin-jpeg.jpeg?dr=15568&t=555f072d&ps=933b5bde&shp=54477afb&shcp=3c3d9ffb&idc=my2&from=1413970683,VIE GROUP HCM,02/10/2026 21:39,,--
586374570623141837,,Đang giao hàng,TikTok,TTVIESGN-HCM,--,--,2026,1,LRP Sữa Rửa Mặt Effaclar Purifying Foaming Gel - 50ml,https://p16-oec-va.ibyteimg.com/tos-maliva-i-o3syd03w52-us/307dde19befb426e9d4f98983a79189c~tplv-o3syd03w52-origin-jpeg.jpeg?dr=15568&t=555f072d&ps=933b5bde&shp=54477afb&shcp=3c3d9ffb&idc=my&from=1413970683,VIE GROUP HCM,02/10/2026 21:33,,--
261002JWT2VEMM,,Đang giao hàng,Shopee,SHVIECosme HCM,--,--,1882,2,KEYSHU mặt nạ dưỡng da - 1 Miếng ( Hành Tím ),https://cf.shopee.vn/file/vn-11134207-81ztc-ms9j7s0atu6g77_tn,VIE GROUP HCM,02/10/2026 21:28,,--
261002JWQF0AC9,,Đang giao hàng,Shopee,SHEP - HCM,--,--,2011,1,LRP Kem Dưỡng Lipikar Baume AP+M - 200ml,https://cf.shopee.vn/file/vn-11134207-81ztc-mlcv6ugg8v7s0d_tn,VIE GROUP HCM,02/10/2026 21:26,,--
261002JWQF0AC9,,Đang giao hàng,Shopee,SHEP - HCM,--,--,QT40,1,MEDIANSWER Tinh chất hỗ trợ sáng da Vita Collagen Logic Ampoule - 2 ml,https://cf.shopee.vn/file/vn-11134207-81ztc-mtqcnbkc7coya1_tn,VIE GROUP HCM,02/10/2026 21:26,,--
586374417033233639,,Đang giao hàng,TikTok,TTVIESGN-HCM,--,--,1350,1,CERAVE Sữa Rửa Mặt Foaming Cleanser - 30ml FRANCE,https://p16-oec-sg.ibyteimg.com/tos-alisg-i-aphluv4xwc-sg/e6a9105da8614796ac0e8db7403f7c49~tplv-aphluv4xwc-origin-jpeg.jpeg?dr=15568&t=555f072d&ps=933b5bde&shp=54477afb&shcp=3c3d9ffb&idc=my&from=1413970683,VIE GROUP HCM,02/10/2026 21:25,,--
586374413844907740,,Đang giao hàng,TikTok,TTEPRIME-MALL-HCM,--,--,1350,1,CERAVE Sữa Rửa Mặt Foaming Cleanser - 30ml FRANCE,https://p16-oec-sg.ibyteimg.com/tos-alisg-i-aphluv4xwc-sg/50806a02e3104a3bb34e537bc386ab64~tplv-aphluv4xwc-origin-jpeg.jpeg?dr=15568&t=555f072d&ps=933b5bde&shp=54477afb&shcp=3c3d9ffb&idc=my2&from=1413970683,VIE GROUP HCM,02/10/2026 21:24,,--
586374321674421512,,Đang giao hàng,TikTok,TTEPRIME-MALL-HCM,--,--,CB1350.3,1,COMBO 3 Chai 30ml CERAVE Sữa Rửa Mặt Foaming Cleanser,https://p16-oec-sg.ibyteimg.com/tos-alisg-i-aphluv4xwc-sg/a2376db661934510bc5ab6e7f01657b3~tplv-aphluv4xwc-origin-jpeg.jpeg?dr=15568&t=555f072d&ps=933b5bde&shp=54477afb&shcp=3c3d9ffb&idc=my2&from=1413970683,VIE GROUP HCM,02/10/2026 21:21,,--
586374349058246319,,Đang giao hàng,TikTok,TTVIESGN-HCM,--,--,1350,2,CERAVE Sữa Rửa Mặt Foaming Cleanser - 30ml FRANCE,https://p16-oec-sg.ibyteimg.com/tos-alisg-i-aphluv4xwc-sg/e6a9105da8614796ac0e8db7403f7c49~tplv-aphluv4xwc-origin-jpeg.jpeg?dr=15568&t=555f072d&ps=933b5bde&shp=54477afb&shcp=3c3d9ffb&idc=my2&from=1413970683,VIE GROUP HCM,02/10/2026 21:20,,--
586374262284388020,,Đã hủy,TikTok,TTVIESGN-HCM,--,--,1350,1,CERAVE Sữa Rửa Mặt Foaming Cleanser - 30ml FRANCE,https://p16-oec-va.ibyteimg.com/tos-maliva-i-o3syd03w52-us/e3e9667ce3494a6c8150fb489cb2491d~tplv-o3syd03w52-origin-jpeg.jpeg?dr=15568&t=555f072d&ps=933b5bde&shp=54477afb&shcp=3c3d9ffb&idc=my2&from=1413970683,VIE GROUP HCM,02/10/2026 21:19,,Chờ xử lý
586374329008555175,,Đang giao hàng,TikTok,TTEPRIME-MALL-HCM,--,--,1350,1,CERAVE Sữa Rửa Mặt Foaming Cleanser - 30ml FRANCE,https://p16-oec-sg.ibyteimg.com/tos-alisg-i-aphluv4xwc-sg/3a74939216bd408187fb49dc869e3bff~tplv-aphluv4xwc-origin-jpeg.jpeg?dr=15568&t=555f072d&ps=933b5bde&shp=54477afb&shcp=3c3d9ffb&idc=my&from=1413970683,VIE GROUP HCM,02/10/2026 21:18,,--
261002JW758C8A,,Đang giao hàng,Shopee,SHEP - HCM,--,--,2361,1,SILCOT Bông tẩy trang Unicharm - 82 miếng Xanh dương,https://cf.shopee.vn/file/vn-11134207-7ras8-mcke8s4l7qqq55_tn,VIE GROUP HCM,02/10/2026 21:17,,--
586374311292536703,,Đang giao hàng,TikTok,TTVIESGN-HCM,--,--,2477,1,TIAM Serum Vita A Bakuchiol Youth Serum 40ml,https://p16-oec-va.ibyteimg.com/tos-maliva-i-o3syd03w52-us/d1b9892351694893821e0e38d3a24acc~tplv-o3syd03w52-origin-jpeg.jpeg?dr=15568&t=555f072d&ps=933b5bde&shp=54477afb&shcp=3c3d9ffb&idc=my&from=1413970683,VIE GROUP HCM,02/10/2026 21:17,,--
586374235462010020,,Đang giao hàng,TikTok,TTVIEPRIME-HANOI,--,--,CB2026.5,1,COMBO 5 TUÝP LRP Sữa Rửa Mặt Effaclar Purifying Foaming Gel - 50ml,https://p16-oec-sg.ibyteimg.com/tos-alisg-i-aphluv4xwc-sg/790fc78336a043849e61c00f5b8cb791~tplv-aphluv4xwc-origin-jpeg.jpeg?dr=15568&t=555f072d&ps=933b5bde&shp=54477afb&shcp=3c3d9ffb&idc=my&from=1413970683,VIE GROUP HCM,02/10/2026 21:16,,--
586374289467671719,,Đã hủy,TikTok,TTEPRIME-MALL-HCM,--,--,1350,2,CERAVE Sữa Rửa Mặt Foaming Cleanser - 30ml FRANCE,https://p16-oec-sg.ibyteimg.com/tos-alisg-i-aphluv4xwc-sg/50806a02e3104a3bb34e537bc386ab64~tplv-aphluv4xwc-origin-jpeg.jpeg?dr=15568&t=555f072d&ps=933b5bde&shp=54477afb&shcp=3c3d9ffb&idc=my&from=1413970683,VIE GROUP HCM,02/10/2026 21:15,,--
261002JW2WW3EV,,Đang giao hàng,Shopee,SHEP - HCM,--,--,1472,1,COMPLIMENT Sữa rửa mặt No Problem 200ml - Hồng,https://cf.shopee.vn/file/vn-11134207-7ras8-m12a0k10v2mz20_tn,VIE GROUP HCM,02/10/2026 21:15,,--
586374192334997221,,Đang giao hàng,TikTok,TTEPRIME-MALL-HCM,--,--,2026,1,LRP Sữa Rửa Mặt Effaclar Purifying Foaming Gel - 50ml,https://p16-oec-sg.ibyteimg.com/tos-alisg-i-aphluv4xwc-sg/e34ab459d15b4717b53d8bd8fe469991~tplv-aphluv4xwc-origin-jpeg.jpeg?dr=15568&t=555f072d&ps=933b5bde&shp=54477afb&shcp=3c3d9ffb&idc=my&from=1413970683,VIE GROUP HCM,02/10/2026 21:10,,--
261002JVN49J0Q,,Đang giao hàng,Shopee,SHEPRIME2-MALL - HCM,--,--,2026,1,LRP Sữa Rửa Mặt Effaclar Purifying Foaming Gel - 50ml,https://cf.shopee.vn/file/vn-11134207-81ztc-ms4g1nr09wck4c_tn,VIE GROUP HCM,02/10/2026 21:07,,--
261002JVFMTW7Q,,Đã hoàn thành,Shopee,SHEP - HCM,--,--,2091,1,MEDIPEEL NAITE THREAD Neck Cream Medi Peel 100ml Kem dưỡng da vùng cổ,https://cf.shopee.vn/file/vn-11134207-81ztc-msnyy1rqccg0fd_tn,VIE GROUP HCM,02/10/2026 21:04,04/10/2026 13:06,--
261002JVFMTW7Q,,Đã hoàn thành,Shopee,SHEP - HCM,--,--,QT40,1,MEDIANSWER Tinh chất hỗ trợ sáng da Vita Collagen Logic Ampoule - 2 ml,https://cf.shopee.vn/file/vn-11134207-81ztc-mtqcnbkc7coya1_tn,VIE GROUP HCM,02/10/2026 21:04,04/10/2026 13:06,--
261002JVDXETB8,,Đã hủy,Shopee,SHEP - HCM,--,--,2091,1,MEDIPEEL NAITE THREAD Neck Cream Medi Peel 100ml Kem dưỡng da vùng cổ,https://cf.shopee.vn/file/vn-11134207-81ztc-msnyy1rqccg0fd_tn,VIE GROUP HCM,02/10/2026 21:03,,Chờ xử lý
261002JVDXETB8,,Đã hủy,Shopee,SHEP - HCM,--,--,QT40,1,MEDIANSWER Tinh chất hỗ trợ sáng da Vita Collagen Logic Ampoule - 2 ml,https://cf.shopee.vn/file/vn-11134207-81ztc-mtqcnbkc7coya1_tn,VIE GROUP HCM,02/10/2026 21:03,,Chờ xử lý
586374069619033851,,Đã hủy,TikTok,TTEPRIME-MALL-HCM,--,--,1472,1,COMPLIMENT Sữa rửa mặt No Problem 200ml - Hồng,https://p16-oec-va.ibyteimg.com/tos-maliva-i-o3syd03w52-us/d0e3c93d082c420388abbb9ec53076bb~tplv-o3syd03w52-origin-jpeg.jpeg?dr=15568&t=555f072d&ps=933b5bde&shp=54477afb&shcp=3c3d9ffb&idc=my&from=1413970683,VIE GROUP HCM,02/10/2026 21:02,,--
586374014280304617,,Đang giao hàng,TikTok,TTEPharma-MALL-HCM,--,--,2030,1,LRP Tẩy Trang Effaclar Micellar Water For Oily Skin - 400ml (Xanh),https://p16-oec-va.ibyteimg.com/tos-maliva-i-o3syd03w52-us/4109b721324a4f3994085735501a5df1~tplv-o3syd03w52-origin-jpeg.jpeg?dr=15568&t=555f072d&ps=933b5bde&shp=54477afb&shcp=3c3d9ffb&idc=my2&from=1413970683,VIE GROUP HCM,02/10/2026 21:02,,--
586374067925256046,,Đang giao hàng,TikTok,TTVIESGN-HCM,--,--,2014,1,LRP SERUM B5 HYALU CONCENTRE - 10ml,https://p16-oec-va.ibyteimg.com/tos-maliva-i-o3syd03w52-us/944e6cc2c2874386a33a513cc5fc2ce9~tplv-o3syd03w52-origin-jpeg.jpeg?dr=15568&t=555f072d&ps=933b5bde&shp=54477afb&shcp=3c3d9ffb&idc=my&from=1413970683,VIE GROUP HCM,02/10/2026 20:58,,--
586373906904876647,,Đang giao hàng,TikTok,TTEPRIME-MALL-HCM,--,--,2026,1,LRP Sữa Rửa Mặt Effaclar Purifying Foaming Gel - 50ml,https://p16-oec-sg.ibyteimg.com/tos-alisg-i-aphluv4xwc-sg/e34ab459d15b4717b53d8bd8fe469991~tplv-aphluv4xwc-origin-jpeg.jpeg?dr=15568&t=555f072d&ps=933b5bde&shp=54477afb&shcp=3c3d9ffb&idc=my2&from=1413970683,VIE GROUP HCM,02/10/2026 20:54,,--
586373921798653027,,Đang giao hàng,TikTok,TTEPRIME-MALL-HCM,--,--,1350,1,CERAVE Sữa Rửa Mặt Foaming Cleanser - 30ml FRANCE,https://p16-oec-sg.ibyteimg.com/tos-alisg-i-aphluv4xwc-sg/50806a02e3104a3bb34e537bc386ab64~tplv-aphluv4xwc-origin-jpeg.jpeg?dr=15568&t=555f072d&ps=933b5bde&shp=54477afb&shcp=3c3d9ffb&idc=my2&from=1413970683,VIE GROUP HCM,02/10/2026 20:54,,--
586373833903867075,,Đang giao hàng,TikTok,TTVIEPRIME-HANOI,--,--,2782,1,CARSLAN PHẤN PHỦ  BLACK  MAGNET SOFT FOCUS  MAKE-UP POWDER 05 Blue  Purple PHẤN PHỦ 1G,https://p16-oec-sg.ibyteimg.com/tos-alisg-i-aphluv4xwc-sg/7e97e9f3f51b48428aa46ad2b986ba44~tplv-aphluv4xwc-origin-jpeg.jpeg?dr=15568&t=555f072d&ps=933b5bde&shp=54477afb&shcp=3c3d9ffb&idc=my2&from=1413970683,COSMEE HA NOI,02/10/2026 20:53,,--
261002JURD0H5B,,Đã hủy,Shopee,SHEP - HCM,--,--,2060,1,"MARVIS Nước Súc Miệng Collutorio Hương Bạc Hà Thơm Mát, Hỗ Trợ Làm Sạch Khoang Miệng Jasmin Mint - 400ml",https://cf.shopee.vn/file/vn-11134207-81ztc-mlrglszukphgaf_tn,VIE GROUP HCM,02/10/2026 20:51,,Chờ xử lý
586373734747374702,,Đang giao hàng,TikTok,TTEPRIME-MALL-HCM,--,--,2026,1,LRP Sữa Rửa Mặt Effaclar Purifying Foaming Gel - 50ml,https://p16-oec-sg.ibyteimg.com/tos-alisg-i-aphluv4xwc-sg/e34ab459d15b4717b53d8bd8fe469991~tplv-aphluv4xwc-origin-jpeg.jpeg?dr=15568&t=555f072d&ps=933b5bde&shp=54477afb&shcp=3c3d9ffb&idc=my&from=1413970683,VIE GROUP HCM,02/10/2026 20:50,,--
261002JUPNNG8K,,Đang giao hàng,Shopee,SHEP - HCM,--,--,CB2024.3,1,COMBO 3 MINI 15ML -  LRP Sữa Rửa Mặt Effaclar Purifying Foaming Gel - 15ml,https://cf.shopee.vn/file/vn-11134207-81ztc-mszapgjugg7c47_tn,VIE GROUP HCM,02/10/2026 20:50,,--
261002JUK3870C,,Đã hoàn thành,Shopee,SHVIECosme HCM,--,--,1883,2,KEYSHU mặt nạ dưỡng da - 1 Miếng ( Hoa Cúc ),https://cf.shopee.vn/file/vn-11134207-81ztc-ms9j7cb9ktmr3e_tn,VIE GROUP HCM,02/10/2026 20:48,04/10/2026 22:50,--
586373756530557979,,Đang giao hàng,TikTok,TTEPRIME-MALL-HCM,--,--,CB1925.3,1,COMBO 3 MIẾNG LA SOIRÉE Bông Tẩy Trang 100% Cotton Siêu Mềm Siêu Mịn - 85 Miếng Vuông,https://p16-oec-va.ibyteimg.com/tos-maliva-i-o3syd03w52-us/fa1ffe68752742449014b04e38e1e10e~tplv-o3syd03w52-origin-jpeg.jpeg?dr=15568&t=555f072d&ps=933b5bde&shp=54477afb&shcp=3c3d9ffb&idc=my3&from=1413970683,VIE GROUP HCM,02/10/2026 20:46,,--
586373687739778190,,Đã hủy,TikTok,TTEPRIME-MALL-HCM,--,--,2026,1,LRP Sữa Rửa Mặt Effaclar Purifying Foaming Gel - 50ml,https://p16-oec-sg.ibyteimg.com/tos-alisg-i-aphluv4xwc-sg/e34ab459d15b4717b53d8bd8fe469991~tplv-aphluv4xwc-origin-jpeg.jpeg?dr=15568&t=555f072d&ps=933b5bde&shp=54477afb&shcp=3c3d9ffb&idc=my&from=1413970683,VIE GROUP HCM,02/10/2026 20:45,,--
261002JUCUXM97,,Đã hoàn thành,Shopee,SHEP - HCM,--,--,2100,1,MINISO Bông tẩy trang Nhật Bản 100% 180 Miếng,https://cf.shopee.vn/file/vn-11134207-81ztc-mtmgtix9883o2d_tn,VIE GROUP HCM,02/10/2026 20:44,04/10/2026 15:59,--
586373703953515861,,Đang giao hàng,TikTok,TTEPRIME-MALL-HCM,--,--,1350,1,CERAVE Sữa Rửa Mặt Foaming Cleanser - 30ml FRANCE,https://p16-oec-sg.ibyteimg.com/tos-alisg-i-aphluv4xwc-sg/50806a02e3104a3bb34e537bc386ab64~tplv-aphluv4xwc-origin-jpeg.jpeg?dr=15568&t=555f072d&ps=933b5bde&shp=54477afb&shcp=3c3d9ffb&idc=my2&from=1413970683,VIE GROUP HCM,02/10/2026 20:44,,--
586373672000718789,,Đang giao hàng,TikTok,TTEPRIME-MALL-HCM,--,--,1350,1,CERAVE Sữa Rửa Mặt Foaming Cleanser - 30ml FRANCE,https://p16-oec-sg.ibyteimg.com/tos-alisg-i-aphluv4xwc-sg/50806a02e3104a3bb34e537bc386ab64~tplv-aphluv4xwc-origin-jpeg.jpeg?dr=15568&t=555f072d&ps=933b5bde&shp=54477afb&shcp=3c3d9ffb&idc=my&from=1413970683,VIE GROUP HCM,02/10/2026 20:44,,--
586373703194675171,,Đã hủy,TikTok,TTEPRIME-MALL-HCM,--,--,CB1350.3,1,COMBO 3 Chai 30ml CERAVE Sữa Rửa Mặt Foaming Cleanser,https://p16-oec-sg.ibyteimg.com/tos-alisg-i-aphluv4xwc-sg/a2376db661934510bc5ab6e7f01657b3~tplv-aphluv4xwc-origin-jpeg.jpeg?dr=15568&t=555f072d&ps=933b5bde&shp=54477afb&shcp=3c3d9ffb&idc=my&from=1413970683,VIE GROUP HCM,02/10/2026 20:44,,Chờ xử lý
586373652655343249,,Đã hủy,TikTok,TTEPRIME-MALL-HCM,--,--,1350,1,CERAVE Sữa Rửa Mặt Foaming Cleanser - 30ml FRANCE,https://p16-oec-sg.ibyteimg.com/tos-alisg-i-aphluv4xwc-sg/50806a02e3104a3bb34e537bc386ab64~tplv-aphluv4xwc-origin-jpeg.jpeg?dr=15568&t=555f072d&ps=933b5bde&shp=54477afb&shcp=3c3d9ffb&idc=my&from=1413970683,VIE GROUP HCM,02/10/2026 20:44,,Chờ xử lý
586373590993503270,,Đã hủy,TikTok,TTEPRIME-MALL-HCM,--,--,1858,1,JOHNSON'S Sữa tắm gội Baby Top-To-Toe Hair & Body (Vàng) - 200ml,https://p16-oec-va.ibyteimg.com/tos-maliva-i-o3syd03w52-us/af675c5456b54968bf597c798db19654~tplv-o3syd03w52-origin-jpeg.jpeg?dr=15568&t=555f072d&ps=933b5bde&shp=54477afb&shcp=3c3d9ffb&idc=my&from=1413970683,VIE GROUP HCM,02/10/2026 20:42,,Chờ xử lý
586373645768492118,,Đang giao hàng,TikTok,TTEPRIME-MALL-HCM,--,--,1844,1,JOHNSON'S Nước hoa Baby hương ban mai - 125ml (tím),https://p16-oec-va.ibyteimg.com/tos-maliva-i-o3syd03w52-us/7f684b0b694d4bdaabfcb2ddab3ad6d4~tplv-o3syd03w52-origin-jpeg.jpeg?dr=15568&t=555f072d&ps=933b5bde&shp=54477afb&shcp=3c3d9ffb&idc=my&from=1413970683,VIE GROUP HCM,02/10/2026 20:41,,--
586373676386715015,,Đang giao hàng,TikTok,TTEPRIME-MALL-HCM,--,--,CB2026.3,1,COMBO 3 TUÝP LRP Sữa Rửa Mặt Effaclar Purifying Foaming Gel - 50ml,https://p16-oec-sg.ibyteimg.com/tos-alisg-i-aphluv4xwc-sg/4fdb1010396942c6bcbbb4ff16ba3159~tplv-aphluv4xwc-origin-jpeg.jpeg?dr=15568&t=555f072d&ps=933b5bde&shp=54477afb&shcp=3c3d9ffb&idc=my&from=1413970683,VIE GROUP HCM,02/10/2026 20:40,,--
586373621274084576,,Đang giao hàng,TikTok,TTEPRIME-MALL-HCM,--,--,2026,1,LRP Sữa Rửa Mặt Effaclar Purifying Foaming Gel - 50ml,https://p16-oec-sg.ibyteimg.com/tos-alisg-i-aphluv4xwc-sg/e34ab459d15b4717b53d8bd8fe469991~tplv-aphluv4xwc-origin-jpeg.jpeg?dr=15568&t=555f072d&ps=933b5bde&shp=54477afb&shcp=3c3d9ffb&idc=my&from=1413970683,VIE GROUP HCM,02/10/2026 20:40,,--
586373546378561232,,Đang giao hàng,TikTok,TTEPRIME-MALL-HCM,--,--,2244,1,OLD SPICE Lăn khử mùi Mỹ 85g - PURE SPORT,https://p16-oec-sg.ibyteimg.com/tos-alisg-i-aphluv4xwc-sg/91570c5b6cb1430a8a1304836f604491~tplv-aphluv4xwc-origin-jpeg.jpeg?dr=15568&t=555f072d&ps=933b5bde&shp=54477afb&shcp=3c3d9ffb&idc=my&from=1413970683,VIE GROUP HCM,02/10/2026 20:37,,--
261002JTY1C33X,,Đang giao hàng,Shopee,SHVIECosme HCM,--,--,1472,1,COMPLIMENT Sữa rửa mặt No Problem 200ml - Hồng,https://cf.shopee.vn/file/vn-11134207-81ztc-mr8kkbibchs2de_tn,VIE GROUP HCM,02/10/2026 20:37,,--
261002JTTP4KS5,,Đang giao hàng,Shopee,SHEP - HCM,--,--,2100,1,MINISO Bông tẩy trang Nhật Bản 100% 180 Miếng,https://cf.shopee.vn/file/vn-11134207-81ztc-mtmgtix9883o2d_tn,VIE GROUP HCM,02/10/2026 20:34,,--
586373463796057854,,Đang giao hàng,TikTok,TTEPRIME-MALL-HCM,--,--,CB2026.3,1,COMBO 3 TUÝP LRP Sữa Rửa Mặt Effaclar Purifying Foaming Gel - 50ml,https://p16-oec-sg.ibyteimg.com/tos-alisg-i-aphluv4xwc-sg/4fdb1010396942c6bcbbb4ff16ba3159~tplv-aphluv4xwc-origin-jpeg.jpeg?dr=15568&t=555f072d&ps=933b5bde&shp=54477afb&shcp=3c3d9ffb&idc=my2&from=1413970683,VIE GROUP HCM,02/10/2026 20:34,,--
261002JTRCRT7Q,,Đang giao hàng,Shopee,SHVIEPro-HANOI,--,--,1980,1,LOREAL Nước Tẩy Trang Revitalift Crystal Purifying Micellar Water [Xám] - 95ml,https://cf.shopee.vn/file/vn-11134207-7r98o-lp3u0heu5rh71b_tn,COSMEE HA NOI,02/10/2026 20:33,,--
586373422953170688,,Đang giao hàng,TikTok,TTEPRIME-MALL-HCM,--,--,1857,1,JOHNSON'S Sữa tắm gội Baby Top-To-Toe Hair & Body (Vàng) - 100ml,https://p16-oec-va.ibyteimg.com/tos-maliva-i-o3syd03w52-us/b9fc1654e104431ca29dcffc5d7253a0~tplv-o3syd03w52-origin-jpeg.jpeg?dr=15568&t=555f072d&ps=933b5bde&shp=54477afb&shcp=3c3d9ffb&idc=my&from=1413970683,VIE GROUP HCM,02/10/2026 20:32,,--
586373491941344473,,Đang giao hàng,TikTok,TTVIEPRIME-HANOI,--,--,CB1350.3 COMBO 3 Dầu x 30ml,1,COMBO 3 Chai 30ml CERAVE Sữa Rửa Mặt Foaming Cleanser,https://p16-oec-sg.ibyteimg.com/tos-alisg-i-aphluv4xwc-sg/a66ef569c50d41e5a9f53922eaa4f2fd~tplv-aphluv4xwc-origin-jpeg.jpeg?dr=15568&t=555f072d&ps=933b5bde&shp=54477afb&shcp=3c3d9ffb&idc=my2&from=1413970683,VIE GROUP HCM,02/10/2026 20:31,,--
586373452699567273,,Đang giao hàng,TikTok,TTEPRIME-MALL-HCM,--,--,2026,1,LRP Sữa Rửa Mặt Effaclar Purifying Foaming Gel - 50ml,https://p16-oec-sg.ibyteimg.com/tos-alisg-i-aphluv4xwc-sg/e34ab459d15b4717b53d8bd8fe469991~tplv-aphluv4xwc-origin-jpeg.jpeg?dr=15568&t=555f072d&ps=933b5bde&shp=54477afb&shcp=3c3d9ffb&idc=my&from=1413970683,VIE GROUP HCM,02/10/2026 20:30,,--
586373400934909788,,Đang giao hàng,TikTok,TTEPRIME-MALL-HCM,--,--,2026,1,LRP Sữa Rửa Mặt Effaclar Purifying Foaming Gel - 50ml,https://p16-oec-sg.ibyteimg.com/tos-alisg-i-aphluv4xwc-sg/e34ab459d15b4717b53d8bd8fe469991~tplv-aphluv4xwc-origin-jpeg.jpeg?dr=15568&t=555f072d&ps=933b5bde&shp=54477afb&shcp=3c3d9ffb&idc=my2&from=1413970683,VIE GROUP HCM,02/10/2026 20:29,,--
261002JTFDN151,,Nền tảng đang xử lý,Shopee,SHVIECosme HCM,--,--,1127,1,Aspasia - Xịt Khoáng Aspasia Moist Up Face Mist Aloe Làm Dịu Mát Bổ Sung Độ Ẩm Cho Làn Da Rạng Rỡ 150ml,https://cf.shopee.vn/file/vn-11134207-81ztc-mpsziotao3ya56_tn,VIE GROUP HCM,02/10/2026 20:28,,--
586373354379446061,,Đang giao hàng,TikTok,TTEPRIME-MALL-HCM,--,--,2026,1,LRP Sữa Rửa Mặt Effaclar Purifying Foaming Gel - 50ml,https://p16-oec-sg.ibyteimg.com/tos-alisg-i-aphluv4xwc-sg/e34ab459d15b4717b53d8bd8fe469991~tplv-aphluv4xwc-origin-jpeg.jpeg?dr=15568&t=555f072d&ps=933b5bde&shp=54477afb&shcp=3c3d9ffb&idc=my2&from=1413970683,VIE GROUP HCM,02/10/2026 20:26,,--
586373354280420864,,Đang giao hàng,TikTok,TTVIEPRIME-HANOI,--,--,1129,1,Aspasia Xịt Khoáng Tinh Chất Collagen,https://p16-oec-sg.ibyteimg.com/tos-alisg-i-aphluv4xwc-sg/75821de507064d8099bc8e874f30d3a3~tplv-aphluv4xwc-origin-jpeg.jpeg?dr=15568&t=555f072d&ps=933b5bde&shp=54477afb&shcp=3c3d9ffb&idc=my2&from=1413970683,VIE GROUP HCM,02/10/2026 20:25,,--
586373276962818008,,Đang giao hàng,TikTok,TTEPRIME-MALL-HCM,--,--,2026,1,LRP Sữa Rửa Mặt Effaclar Purifying Foaming Gel - 50ml,https://p16-oec-sg.ibyteimg.com/tos-alisg-i-aphluv4xwc-sg/e34ab459d15b4717b53d8bd8fe469991~tplv-aphluv4xwc-origin-jpeg.jpeg?dr=15568&t=555f072d&ps=933b5bde&shp=54477afb&shcp=3c3d9ffb&idc=my&from=1413970683,VIE GROUP HCM,02/10/2026 20:24,,--
586373310133732756,,Đang giao hàng,TikTok,TTEPharma-MALL-HCM,--,--,1480,1,COMPLIMENT Toner 10% Glycolic Acid & Aloe Lô hội - 200ML,https://p16-oec-sg.ibyteimg.com/tos-alisg-i-aphluv4xwc-sg/cf13e1c94455461cb4344593a1731f05~tplv-aphluv4xwc-origin-jpeg.jpeg?dr=15568&t=555f072d&ps=933b5bde&shp=54477afb&shcp=3c3d9ffb&idc=my&from=1413970683,VIE GROUP HCM,02/10/2026 20:23,,--
586373259426497666,,Đang giao hàng,TikTok,TTVIEPRIME-HANOI,--,--,,1,VASELINE Sáp Dưỡng Ẩm Pure Petroleum Jelly - 100ml,https://p16-oec-sg.ibyteimg.com/tos-alisg-i-aphluv4xwc-sg/41f8220f8d624c0e9f85614b053ec0b3~tplv-aphluv4xwc-origin-jpeg.jpeg?dr=15568&t=555f072d&ps=933b5bde&shp=54477afb&shcp=3c3d9ffb&idc=my&from=1413970683,COSMEE HA NOI,02/10/2026 20:18,,--
261002JSVPTACU,,Đang giao hàng,Shopee,SHVIECosme HCM,--,--,1882,1,KEYSHU mặt nạ dưỡng da - 1 Miếng ( Hành Tím ),https://cf.shopee.vn/file/vn-11134207-81ztc-ms9j7s0atu6g77_tn,VIE GROUP HCM,02/10/2026 20:18,,--
586373203763103706,,Đang giao hàng,TikTok,TTEPRIME-MALL-HCM,--,--,1350,1,CERAVE Sữa Rửa Mặt Foaming Cleanser - 30ml FRANCE,https://p16-oec-sg.ibyteimg.com/tos-alisg-i-aphluv4xwc-sg/50806a02e3104a3bb34e537bc386ab64~tplv-aphluv4xwc-origin-jpeg.jpeg?dr=15568&t=555f072d&ps=933b5bde&shp=54477afb&shcp=3c3d9ffb&idc=my&from=1413970683,VIE GROUP HCM,02/10/2026 20:17,,--
586373098669770652,,Đang giao hàng,TikTok,TTEPRIME-MALL-HCM,--,--,2026,1,LRP Sữa Rửa Mặt Effaclar Purifying Foaming Gel - 50ml,https://p16-oec-sg.ibyteimg.com/tos-alisg-i-aphluv4xwc-sg/e34ab459d15b4717b53d8bd8fe469991~tplv-aphluv4xwc-origin-jpeg.jpeg?dr=15568&t=555f072d&ps=933b5bde&shp=54477afb&shcp=3c3d9ffb&idc=my2&from=1413970683,VIE GROUP HCM,02/10/2026 20:15,,--
586373179484309041,,Đang giao hàng,TikTok,TTVIEPRIME-HANOI,--,--,,1,VASELINE Sáp Dưỡng Ẩm Pure Petroleum Jelly - 100ml,https://p16-oec-sg.ibyteimg.com/tos-alisg-i-aphluv4xwc-sg/41f8220f8d624c0e9f85614b053ec0b3~tplv-aphluv4xwc-origin-jpeg.jpeg?dr=15568&t=555f072d&ps=933b5bde&shp=54477afb&shcp=3c3d9ffb&idc=my2&from=1413970683,COSMEE HA NOI,02/10/2026 20:15,,--
261002JSPYQ4CB,,Đang giao hàng,Shopee,SHVIEMart - HCM,--,--,1783,1,ICARE Dầu Gội Pharma Antisol dược liệu pH 6.5 240ml,https://cf.shopee.vn/file/vn-11134207-7r98o-lqa9s688hioif5_tn,VIE GROUP HCM,02/10/2026 20:14,,--
586373115851474906,,Đang giao hàng,TikTok,TTEPRIME-MALL-HCM,--,--,1350,1,CERAVE Sữa Rửa Mặt Foaming Cleanser - 30ml FRANCE,https://p16-oec-sg.ibyteimg.com/tos-alisg-i-aphluv4xwc-sg/50806a02e3104a3bb34e537bc386ab64~tplv-aphluv4xwc-origin-jpeg.jpeg?dr=15568&t=555f072d&ps=933b5bde&shp=54477afb&shcp=3c3d9ffb&idc=my&from=1413970683,VIE GROUP HCM,02/10/2026 20:14,,--
261002JSE968JF,,Đang giao hàng,Shopee,SHEP - HCM,--,--,2361,1,SILCOT Bông tẩy trang Unicharm - 82 miếng Xanh dương,https://cf.shopee.vn/file/vn-11134207-7ras8-mcke8s4l7qqq55_tn,VIE GROUP HCM,02/10/2026 20:09,,--
586373043214189802,,Đang giao hàng,TikTok,TTEPRIME-MALL-HCM,--,--,CB2026.3,1,COMBO 3 TUÝP LRP Sữa Rửa Mặt Effaclar Purifying Foaming Gel - 50ml,https://p16-oec-sg.ibyteimg.com/tos-alisg-i-aphluv4xwc-sg/4fdb1010396942c6bcbbb4ff16ba3159~tplv-aphluv4xwc-origin-jpeg.jpeg?dr=15568&t=555f072d&ps=933b5bde&shp=54477afb&shcp=3c3d9ffb&idc=my2&from=1413970683,VIE GROUP HCM,02/10/2026 20:07,,--
586372912466724734,,Đang giao hàng,TikTok,TTEPRIME-MALL-HCM,--,--,2026,1,LRP Sữa Rửa Mặt Effaclar Purifying Foaming Gel - 50ml,https://p16-oec-sg.ibyteimg.com/tos-alisg-i-aphluv4xwc-sg/e34ab459d15b4717b53d8bd8fe469991~tplv-aphluv4xwc-origin-jpeg.jpeg?dr=15568&t=555f072d&ps=933b5bde&shp=54477afb&shcp=3c3d9ffb&idc=my2&from=1413970683,VIE GROUP HCM,02/10/2026 20:01,,--
586372938856039840,,Đang giao hàng,TikTok,TTEPRIME-MALL-HCM,--,--,2026,1,LRP Sữa Rửa Mặt Effaclar Purifying Foaming Gel - 50ml,https://p16-oec-sg.ibyteimg.com/tos-alisg-i-aphluv4xwc-sg/e34ab459d15b4717b53d8bd8fe469991~tplv-aphluv4xwc-origin-jpeg.jpeg?dr=15568&t=555f072d&ps=933b5bde&shp=54477afb&shcp=3c3d9ffb&idc=my3&from=1413970683,VIE GROUP HCM,02/10/2026 19:59,,--
586372795556005649,,Đang giao hàng,TikTok,TTEPRIME-MALL-HCM,--,--,2026,1,LRP Sữa Rửa Mặt Effaclar Purifying Foaming Gel - 50ml,https://p16-oec-sg.ibyteimg.com/tos-alisg-i-aphluv4xwc-sg/e34ab459d15b4717b53d8bd8fe469991~tplv-aphluv4xwc-origin-jpeg.jpeg?dr=15568&t=555f072d&ps=933b5bde&shp=54477afb&shcp=3c3d9ffb&idc=my&from=1413970683,VIE GROUP HCM,02/10/2026 19:58,,--
261002JRMQVWDY,,Đang giao hàng,Shopee,SHEP - HCM,--,--,1472,1,COMPLIMENT Sữa rửa mặt No Problem 200ml - Hồng,https://cf.shopee.vn/file/vn-11134207-7ras8-m12a0k10v2mz20_tn,VIE GROUP HCM,02/10/2026 19:55,,--
261002JRKFTB6E,,Nền tảng đang xử lý,Shopee,SHVIECosme HCM,--,--,1127,1,Aspasia - Xịt Khoáng Aspasia Moist Up Face Mist Aloe Làm Dịu Mát Bổ Sung Độ Ẩm Cho Làn Da Rạng Rỡ 150ml,https://cf.shopee.vn/file/vn-11134207-81ztc-mpsziotao3ya56_tn,VIE GROUP HCM,02/10/2026 19:54,,--
586372845149652985,,Đang giao hàng,TikTok,TTVIEPRIME-HANOI,--,--,2026,1,LRP Sữa Rửa Mặt Effaclar Purifying Foaming Gel - 50ml,https://p16-oec-sg.ibyteimg.com/tos-alisg-i-aphluv4xwc-sg/e4dc23ba7aa04ac68154f7d70954e8c5~tplv-aphluv4xwc-origin-jpeg.jpeg?dr=15568&t=555f072d&ps=933b5bde&shp=54477afb&shcp=3c3d9ffb&idc=my2&from=1413970683,VIE GROUP HCM,02/10/2026 19:54,,--
586372842754770585,,Đang giao hàng,TikTok,TTEPRIME-MALL-HCM,--,--,1350,1,CERAVE Sữa Rửa Mặt Foaming Cleanser - 30ml FRANCE,https://p16-oec-sg.ibyteimg.com/tos-alisg-i-aphluv4xwc-sg/50806a02e3104a3bb34e537bc386ab64~tplv-aphluv4xwc-origin-jpeg.jpeg?dr=15568&t=555f072d&ps=933b5bde&shp=54477afb&shcp=3c3d9ffb&idc=my3&from=1413970683,VIE GROUP HCM,02/10/2026 19:54,,--
586372841118270799,,Đang giao hàng,TikTok,TTEPRIME-MALL-HCM,--,--,1350,1,CERAVE Sữa Rửa Mặt Foaming Cleanser - 30ml FRANCE,https://p16-oec-sg.ibyteimg.com/tos-alisg-i-aphluv4xwc-sg/50806a02e3104a3bb34e537bc386ab64~tplv-aphluv4xwc-origin-jpeg.jpeg?dr=15568&t=555f072d&ps=933b5bde&shp=54477afb&shcp=3c3d9ffb&idc=my&from=1413970683,VIE GROUP HCM,02/10/2026 19:54,,--
261002JRAA2AHM,Đơn hàng trùng lặp,Đã hoàn thành,Shopee,SHEP - HCM,--,--,2100,1,MINISO Bông tẩy trang Nhật Bản 100% 180 Miếng,https://cf.shopee.vn/file/vn-11134207-81ztc-mtmgtix9883o2d_tn,VIE GROUP HCM,02/10/2026 19:49,04/10/2026 16:48,--
261002JR9BJ9JC,,Đã hủy,Shopee,SHEP - HCM,--,--,2100,1,MINISO Bông tẩy trang Nhật Bản 100% 180 Miếng,https://cf.shopee.vn/file/vn-11134207-81ztc-mtmgtix9883o2d_tn,VIE GROUP HCM,02/10/2026 19:49,,Chờ xử lý
586372746214213534,,Đang giao hàng,TikTok,TTEPRIME-MALL-HCM,--,--,2026,1,LRP Sữa Rửa Mặt Effaclar Purifying Foaming Gel - 50ml,https://p16-oec-sg.ibyteimg.com/tos-alisg-i-aphluv4xwc-sg/e34ab459d15b4717b53d8bd8fe469991~tplv-aphluv4xwc-origin-jpeg.jpeg?dr=15568&t=555f072d&ps=933b5bde&shp=54477afb&shcp=3c3d9ffb&idc=my2&from=1413970683,VIE GROUP HCM,02/10/2026 19:48,,--
586372662818211164,,Đang giao hàng,TikTok,TTEPRIME-MALL-HCM,--,--,2026,1,LRP Sữa Rửa Mặt Effaclar Purifying Foaming Gel - 50ml,https://p16-oec-sg.ibyteimg.com/tos-alisg-i-aphluv4xwc-sg/e34ab459d15b4717b53d8bd8fe469991~tplv-aphluv4xwc-origin-jpeg.jpeg?dr=15568&t=555f072d&ps=933b5bde&shp=54477afb&shcp=3c3d9ffb&idc=my&from=1413970683,VIE GROUP HCM,02/10/2026 19:47,,--
586372674379154992,,Đang giao hàng,TikTok,TTEPRIME-MALL-HCM,--,--,1350,1,CERAVE Sữa Rửa Mặt Foaming Cleanser - 30ml FRANCE,https://p16-oec-sg.ibyteimg.com/tos-alisg-i-aphluv4xwc-sg/50806a02e3104a3bb34e537bc386ab64~tplv-aphluv4xwc-origin-jpeg.jpeg?dr=15568&t=555f072d&ps=933b5bde&shp=54477afb&shcp=3c3d9ffb&idc=my2&from=1413970683,VIE GROUP HCM,02/10/2026 19:47,,--
586372548286579830,,Đang giao hàng,TikTok,TTEPRIME-MALL-HCM,--,--,1350,1,CERAVE Sữa Rửa Mặt Foaming Cleanser - 30ml FRANCE,https://p16-oec-sg.ibyteimg.com/tos-alisg-i-aphluv4xwc-sg/50806a02e3104a3bb34e537bc386ab64~tplv-aphluv4xwc-origin-jpeg.jpeg?dr=15568&t=555f072d&ps=933b5bde&shp=54477afb&shcp=3c3d9ffb&idc=my2&from=1413970683,VIE GROUP HCM,02/10/2026 19:40,,--
586372544245499317,,Đang giao hàng,TikTok,TTEPRIME-MALL-HCM,--,--,2026,1,LRP Sữa Rửa Mặt Effaclar Purifying Foaming Gel - 50ml,https://p16-oec-sg.ibyteimg.com/tos-alisg-i-aphluv4xwc-sg/e34ab459d15b4717b53d8bd8fe469991~tplv-aphluv4xwc-origin-jpeg.jpeg?dr=15568&t=555f072d&ps=933b5bde&shp=54477afb&shcp=3c3d9ffb&idc=my&from=1413970683,VIE GROUP HCM,02/10/2026 19:38,,--
586372495855945631,,Đã hủy,TikTok,TTEPRIME-MALL-HCM,--,--,2026,1,LRP Sữa Rửa Mặt Effaclar Purifying Foaming Gel - 50ml,https://p16-oec-sg.ibyteimg.com/tos-alisg-i-aphluv4xwc-sg/e34ab459d15b4717b53d8bd8fe469991~tplv-aphluv4xwc-origin-jpeg.jpeg?dr=15568&t=555f072d&ps=933b5bde&shp=54477afb&shcp=3c3d9ffb&idc=my&from=1413970683,VIE GROUP HCM,02/10/2026 19:38,,Chờ xử lý
586372422325667455,,Đang giao hàng,TikTok,TTEPRIME-MALL-HCM,--,--,2026,1,LRP Sữa Rửa Mặt Effaclar Purifying Foaming Gel - 50ml,https://p16-oec-sg.ibyteimg.com/tos-alisg-i-aphluv4xwc-sg/e34ab459d15b4717b53d8bd8fe469991~tplv-aphluv4xwc-origin-jpeg.jpeg?dr=15568&t=555f072d&ps=933b5bde&shp=54477afb&shcp=3c3d9ffb&idc=my2&from=1413970683,VIE GROUP HCM,02/10/2026 19:34,,--
261002JQD4FGV3,,Đang giao hàng,Shopee,SHEP - HCM,--,--,CB2361.2,1,"SILCOT Bông tẩy trang Unicharm - 82 miếng Xanh dương, COMBO 2 HỘP",https://cf.shopee.vn/file/vn-11134207-7ras8-mcke8u9q2v4yd7_tn,VIE GROUP HCM,02/10/2026 19:33,03/10/2026 17:04,--
586372345952241386,,Đang giao hàng,TikTok,TTEPRIME-MALL-HCM,--,--,2026,1,LRP Sữa Rửa Mặt Effaclar Purifying Foaming Gel - 50ml,https://p16-oec-sg.ibyteimg.com/tos-alisg-i-aphluv4xwc-sg/e34ab459d15b4717b53d8bd8fe469991~tplv-aphluv4xwc-origin-jpeg.jpeg?dr=15568&t=555f072d&ps=933b5bde&shp=54477afb&shcp=3c3d9ffb&idc=my&from=1413970683,VIE GROUP HCM,02/10/2026 19:31,,--
586372394236610518,,Đang giao hàng,TikTok,TTEPRIME-MALL-HCM,--,--,CB2026.3,1,COMBO 3 TUÝP LRP Sữa Rửa Mặt Effaclar Purifying Foaming Gel - 50ml,https://p16-oec-sg.ibyteimg.com/tos-alisg-i-aphluv4xwc-sg/4fdb1010396942c6bcbbb4ff16ba3159~tplv-aphluv4xwc-origin-jpeg.jpeg?dr=15568&t=555f072d&ps=933b5bde&shp=54477afb&shcp=3c3d9ffb&idc=my&from=1413970683,VIE GROUP HCM,02/10/2026 19:31,,--
261002JQ8FPAEA,,Đang giao hàng,Shopee,SHEP - HCM,--,--,1472,1,COMPLIMENT Sữa rửa mặt No Problem 200ml - Hồng,https://cf.shopee.vn/file/vn-11134207-7ras8-m12a0k10v2mz20_tn,VIE GROUP HCM,02/10/2026 19:30,,--
586372357869438095,,Đang giao hàng,TikTok,TTVIEPRIME-HANOI,--,--,2026,1,LRP Sữa Rửa Mặt Effaclar Purifying Foaming Gel - 50ml,https://p16-oec-sg.ibyteimg.com/tos-alisg-i-aphluv4xwc-sg/e4dc23ba7aa04ac68154f7d70954e8c5~tplv-aphluv4xwc-origin-jpeg.jpeg?dr=15568&t=555f072d&ps=933b5bde&shp=54477afb&shcp=3c3d9ffb&idc=my&from=1413970683,VIE GROUP HCM,02/10/2026 19:28,,--
261002JQ0H209Y,,Nền tảng đang xử lý,Shopee,SHVIECosme HCM,--,--,1472,1,COMPLIMENT Sữa rửa mặt No Problem 200ml - Hồng,https://cf.shopee.vn/file/vn-11134207-81ztc-mr8kkbibchs2de_tn,VIE GROUP HCM,02/10/2026 19:26,,--
261002JQ0C8H05,,Đang giao hàng,Shopee,SHEP - HCM,--,--,CB1915.10,1,"[COMBO 10 MIẾNG] KYUNG LAB Mặt Nạ Dưỡng Ẩm, Phục Hồi Da Kyung Lab PDRN Therapy Mask 23ml",https://cf.shopee.vn/file/vn-11134207-81ztc-msxh5g9p4kxs55_tn,VIE GROUP HCM,02/10/2026 19:26,,--
261002JPY0DBTV,,Đang giao hàng,Shopee,SHEP - HCM,--,--,1472,1,COMPLIMENT Sữa rửa mặt No Problem 200ml - Hồng,https://cf.shopee.vn/file/vn-11134207-7ras8-m12a0k10v2mz20_tn,VIE GROUP HCM,02/10/2026 19:25,,--
261002JPU98C3V,,Đang giao hàng,Shopee,SHEPRIME2-MALL - HCM,--,--,2026,1,LRP Sữa Rửa Mặt Effaclar Purifying Foaming Gel - 50ml,https://cf.shopee.vn/file/vn-11134207-81ztc-ms4g1nr09wck4c_tn,VIE GROUP HCM,02/10/2026 19:24,,--
586372298138748664,,Đang giao hàng,TikTok,TTEPRIME-MALL-HCM,--,--,1857,1,JOHNSON'S Sữa tắm gội Baby Top-To-Toe Hair & Body (Vàng) - 100ml,https://p16-oec-va.ibyteimg.com/tos-maliva-i-o3syd03w52-us/b9fc1654e104431ca29dcffc5d7253a0~tplv-o3syd03w52-origin-jpeg.jpeg?dr=15568&t=555f072d&ps=933b5bde&shp=54477afb&shcp=3c3d9ffb&idc=my&from=1413970683,VIE GROUP HCM,02/10/2026 19:22,,--
586372142765016462,,Đã hủy,TikTok,TTEPRIME-MALL-HCM,--,--,1350,1,CERAVE Sữa Rửa Mặt Foaming Cleanser - 30ml FRANCE,https://p16-oec-sg.ibyteimg.com/tos-alisg-i-aphluv4xwc-sg/50806a02e3104a3bb34e537bc386ab64~tplv-aphluv4xwc-origin-jpeg.jpeg?dr=15568&t=555f072d&ps=933b5bde&shp=54477afb&shcp=3c3d9ffb&idc=my2&from=1413970683,VIE GROUP HCM,02/10/2026 19:18,,Chờ xử lý
261002JPD1AEGS,,Đang giao hàng,Shopee,SHVIEMart - HCM,--,--,CB1350.3 COMBO 3 Dầu x 30ml,1,COMBO 3 Chai 30ml CERAVE Sữa Rửa Mặt Foaming Cleanser,https://cf.shopee.vn/file/vn-11134207-7ra0g-m9gus1006zyac1_tn,VIE GROUP HCM,02/10/2026 19:15,,--
586372201028158668,,Đang giao hàng,TikTok,TTEPRIME-MALL-HCM,--,--,1350,1,CERAVE Sữa Rửa Mặt Foaming Cleanser - 30ml FRANCE,https://p16-oec-sg.ibyteimg.com/tos-alisg-i-aphluv4xwc-sg/50806a02e3104a3bb34e537bc386ab64~tplv-aphluv4xwc-origin-jpeg.jpeg?dr=15568&t=555f072d&ps=933b5bde&shp=54477afb&shcp=3c3d9ffb&idc=my2&from=1413970683,VIE GROUP HCM,02/10/2026 19:15,,--
586372131952887135,,Đã hủy,TikTok,TTEPRIME-MALL-HCM,--,--,CB1350.3,1,COMBO 3 Chai 30ml CERAVE Sữa Rửa Mặt Foaming Cleanser,https://p16-oec-sg.ibyteimg.com/tos-alisg-i-aphluv4xwc-sg/8cd78ddcd728445a9ef4489196965f1d~tplv-aphluv4xwc-origin-jpeg.jpeg?dr=15568&t=555f072d&ps=933b5bde&shp=54477afb&shcp=3c3d9ffb&idc=my&from=1413970683,VIE GROUP HCM,02/10/2026 19:14,,--
586372042491201436,,Đã hủy,TikTok,TTEPRIME-MALL-HCM,--,--,CB1350.3,1,COMBO 3 Chai 30ml CERAVE Sữa Rửa Mặt Foaming Cleanser,https://p16-oec-sg.ibyteimg.com/tos-alisg-i-aphluv4xwc-sg/a2376db661934510bc5ab6e7f01657b3~tplv-aphluv4xwc-origin-jpeg.jpeg?dr=15568&t=555f072d&ps=933b5bde&shp=54477afb&shcp=3c3d9ffb&idc=my&from=1413970683,VIE GROUP HCM,02/10/2026 19:12,,--
261002JP1VQ1PN,,Đang giao hàng,Shopee,SHVIEMart - HCM,--,--,CB1350.5 COMBO 5 Dầu x 30m,1,COMBO 5 Chai 30ml CERAVE Sữa Rửa Mặt Foaming Cleanser,https://cf.shopee.vn/file/vn-11134207-7ra0g-m9guscqkz79e9b_tn,VIE GROUP HCM,02/10/2026 19:09,,--
586372056266016139,,Đang giao hàng,TikTok,TTEPRIME-MALL-HCM,--,--,2513,1,TRUMA Bông tẩy trang Pháp 600 miếng,https://p16-oec-va.ibyteimg.com/tos-maliva-i-o3syd03w52-us/57e21adf55204660a810fa16cbf2689f~tplv-o3syd03w52-origin-jpeg.jpeg?dr=15568&t=555f072d&ps=933b5bde&shp=54477afb&shcp=3c3d9ffb&idc=my&from=1413970683,VIE GROUP HCM,02/10/2026 19:08,,--
586372000756762157,,Đang giao hàng,TikTok,TTEPRIME-MALL-HCM,--,--,2026,1,LRP Sữa Rửa Mặt Effaclar Purifying Foaming Gel - 50ml,https://p16-oec-sg.ibyteimg.com/tos-alisg-i-aphluv4xwc-sg/e34ab459d15b4717b53d8bd8fe469991~tplv-aphluv4xwc-origin-jpeg.jpeg?dr=15568&t=555f072d&ps=933b5bde&shp=54477afb&shcp=3c3d9ffb&idc=my2&from=1413970683,VIE GROUP HCM,02/10/2026 19:07,,--
586372101900371062,,Đang giao hàng,TikTok,TTEPRIME-MALL-HCM,--,--,CB1350.3,1,COMBO 3 Chai 30ml CERAVE Sữa Rửa Mặt Foaming Cleanser,https://p16-oec-sg.ibyteimg.com/tos-alisg-i-aphluv4xwc-sg/a2376db661934510bc5ab6e7f01657b3~tplv-aphluv4xwc-origin-jpeg.jpeg?dr=15568&t=555f072d&ps=933b5bde&shp=54477afb&shcp=3c3d9ffb&idc=my2&from=1413970683,VIE GROUP HCM,02/10/2026 19:06,,--
261002JNTYE3B9,,Đã hoàn thành,Shopee,SHVIECosme HCM,--,--,1127,1,Aspasia - Xịt Khoáng Aspasia Moist Up Face Mist Aloe Làm Dịu Mát Bổ Sung Độ Ẩm Cho Làn Da Rạng Rỡ 150ml,https://cf.shopee.vn/file/vn-11134207-81ztc-mpsziotao3ya56_tn,VIE GROUP HCM,02/10/2026 19:05,04/10/2026 12:14,--
586371965209708269,,Đang giao hàng,TikTok,TTEPRIME-MALL-HCM,--,--,1857,1,JOHNSON'S Sữa tắm gội Baby Top-To-Toe Hair & Body (Vàng) - 100ml,https://p16-oec-va.ibyteimg.com/tos-maliva-i-o3syd03w52-us/b9fc1654e104431ca29dcffc5d7253a0~tplv-o3syd03w52-origin-jpeg.jpeg?dr=15568&t=555f072d&ps=933b5bde&shp=54477afb&shcp=3c3d9ffb&idc=my2&from=1413970683,VIE GROUP HCM,02/10/2026 19:05,,--
586372011648910426,,Đã hủy,TikTok,TTVIESGN-HCM,--,--,1350,1,CERAVE Sữa Rửa Mặt Foaming Cleanser - 30ml FRANCE,https://p16-oec-sg.ibyteimg.com/tos-alisg-i-aphluv4xwc-sg/cc9742efae154cb89c3e62363dff00b1~tplv-aphluv4xwc-origin-jpeg.jpeg?dr=15568&t=555f072d&ps=933b5bde&shp=54477afb&shcp=3c3d9ffb&idc=my&from=1413970683,VIE GROUP HCM,02/10/2026 19:04,,Chờ xử lý
261002JNR9MPUR,,Đang giao hàng,Shopee,SHVIEPro-HANOI,--,--,1472,1,COMPLIMENT Sữa rửa mặt No Problem 200ml - Hồng,https://cf.shopee.vn/file/vn-11134207-81ztc-moj5dongdbm67d_tn,COSMEE HA NOI,02/10/2026 19:03,,--
261002AASGEYFBB3NU4,,Nền tảng đang xử lý,Shopee,SHVIECosme HCM,--,--,1127,1,Aspasia - Xịt Khoáng Aspasia Moist Up Face Mist Aloe Làm Dịu Mát Bổ Sung Độ Ẩm Cho Làn Da Rạng Rỡ 150ml,https://cf.shopee.vn/file/vn-11134207-81ztc-mpsziotao3ya56_tn,VIE GROUP HCM,02/10/2026 19:03,,--
261003N5D0QR9X,,Nền tảng đang xử lý,Shopee,SHEP - HCM,--,--,CB2361.2,1,"SILCOT Bông tẩy trang Unicharm - 82 miếng Xanh dương, COMBO 2 HỘP",https://cf.shopee.vn/file/vn-11134207-7ras8-mcke8u9q2v4yd7_tn,VIE GROUP HCM,02/10/2026 19:03,,--
261002AASEB456VFKVU,,Nền tảng đang xử lý,Shopee,SHVIECosme HCM,--,--,1127,1,Aspasia - Xịt Khoáng Aspasia Moist Up Face Mist Aloe Làm Dịu Mát Bổ Sung Độ Ẩm Cho Làn Da Rạng Rỡ 150ml,https://cf.shopee.vn/file/vn-11134207-81ztc-mpsziotao3ya56_tn,VIE GROUP HCM,02/10/2026 19:03,,--
261002AASELMAZ4672I,,Nền tảng đang xử lý,Shopee,SHVIECosme HCM,--,--,1127,1,Aspasia - Xịt Khoáng Aspasia Moist Up Face Mist Aloe Làm Dịu Mát Bổ Sung Độ Ẩm Cho Làn Da Rạng Rỡ 150ml,https://cf.shopee.vn/file/vn-11134207-81ztc-mpsziotao3ya56_tn,VIE GROUP HCM,02/10/2026 19:02,,--
261002AASGKD6W7KW64,,Nền tảng đang xử lý,Shopee,SHVIECosme HCM,--,--,1127,1,Aspasia - Xịt Khoáng Aspasia Moist Up Face Mist Aloe Làm Dịu Mát Bổ Sung Độ Ẩm Cho Làn Da Rạng Rỡ 150ml,https://cf.shopee.vn/file/vn-11134207-81ztc-mpsziotao3ya56_tn,VIE GROUP HCM,02/10/2026 19:02,,--
261002AASI3BVGHT74Q,,Nền tảng đang xử lý,Shopee,SHVIECosme HCM,--,--,1127,1,Aspasia - Xịt Khoáng Aspasia Moist Up Face Mist Aloe Làm Dịu Mát Bổ Sung Độ Ẩm Cho Làn Da Rạng Rỡ 150ml,https://cf.shopee.vn/file/vn-11134207-81ztc-mpsziotao3ya56_tn,VIE GROUP HCM,02/10/2026 19:02,,--
261002AASGG6475ICQM,,Nền tảng đang xử lý,Shopee,SHVIECosme HCM,--,--,1472,1,COMPLIMENT Sữa rửa mặt No Problem 200ml - Hồng,https://cf.shopee.vn/file/vn-11134207-81ztc-mr8kkbibchs2de_tn,VIE GROUP HCM,02/10/2026 19:01,,--
261002AASGMJ7LGW3JM,,Nền tảng đang xử lý,Shopee,SHVIECosme HCM,--,--,1127,1,Aspasia - Xịt Khoáng Aspasia Moist Up Face Mist Aloe Làm Dịu Mát Bổ Sung Độ Ẩm Cho Làn Da Rạng Rỡ 150ml,https://cf.shopee.vn/file/vn-11134207-81ztc-mpsziotao3ya56_tn,VIE GROUP HCM,02/10/2026 19:01,,--
586371923096405324,,Đã hủy,TikTok,TTEPRIME-MALL-HCM,--,--,2026,1,LRP Sữa Rửa Mặt Effaclar Purifying Foaming Gel - 50ml,https://p16-oec-sg.ibyteimg.com/tos-alisg-i-aphluv4xwc-sg/e34ab459d15b4717b53d8bd8fe469991~tplv-aphluv4xwc-origin-jpeg.jpeg?dr=15568&t=555f072d&ps=933b5bde&shp=54477afb&shcp=3c3d9ffb&idc=my3&from=1413970683,VIE GROUP HCM,02/10/2026 19:01,,Chờ xử lý
261002AASD4XNBKMPII,,Nền tảng đang xử lý,Shopee,SHEP - HCM,--,--,2361,1,SILCOT Bông tẩy trang Unicharm - 82 miếng Xanh dương,https://cf.shopee.vn/file/vn-11134207-7ras8-mcke8s4l7qqq55_tn,VIE GROUP HCM,02/10/2026 19:01,,--
261002AASHAGF3J3QTE,,Nền tảng đang xử lý,Shopee,SHVIECosme HCM,--,--,1472,1,COMPLIMENT Sữa rửa mặt No Problem 200ml - Hồng,https://cf.shopee.vn/file/vn-11134207-81ztc-mr8kkbibchs2de_tn,VIE GROUP HCM,02/10/2026 19:01,,--
586371907726771903,,Đang giao hàng,TikTok,TTEPRIME-MALL-HCM,--,--,CB2026.3,1,COMBO 3 TUÝP LRP Sữa Rửa Mặt Effaclar Purifying Foaming Gel - 50ml,https://p16-oec-sg.ibyteimg.com/tos-alisg-i-aphluv4xwc-sg/4fdb1010396942c6bcbbb4ff16ba3159~tplv-aphluv4xwc-origin-jpeg.jpeg?dr=15568&t=555f072d&ps=933b5bde&shp=54477afb&shcp=3c3d9ffb&idc=my3&from=1413970683,VIE GROUP HCM,02/10/2026 19:00,,--
586371940582918013,,Chờ lấy hàng,TikTok,TTVIESGN-HCM,--,--,1472,1,COMPLIMENT Sữa rửa mặt No Problem 200ml - Hồng,https://p16-oec-va.ibyteimg.com/tos-maliva-i-o3syd03w52-us/87701981696346eda751212c867e7f8e~tplv-o3syd03w52-origin-jpeg.jpeg?dr=15568&t=555f072d&ps=933b5bde&shp=54477afb&shcp=3c3d9ffb&idc=my3&from=1413970683,VIE GROUP HCM,02/10/2026 18:59,,--
586371812781753887,,Đã hủy,TikTok,TTVIEPRIME-HANOI,--,--,2541,1,VASELINE Dưỡng môi Lip Therapy UK 20g [XT] - ROSE,https://p19-oec-sg.ibyteimg.com/tos-alisg-i-aphluv4xwc-sg/a8a3baa4361e4897808b888b54e507a9~tplv-aphluv4xwc-origin-jpeg.jpeg?dr=15568&t=555f072d&ps=933b5bde&shp=54477afb&shcp=3c3d9ffb&idc=my&from=1413970683,COSMEE HA NOI,02/10/2026 18:59,,Chờ in
261002JNDK819N,,Đang giao hàng,Shopee,SHEP - HCM,--,--,2031,1,LRP Tẩy trang Micellar Water Ultra Sensitive Skin - 400ml (Trắng),https://cf.shopee.vn/file/vn-11134207-7ras8-maxt71xl5gbc95_tn,VIE GROUP HCM,02/10/2026 18:58,,--
586371715417211921,,Đang giao hàng,TikTok,TTEPRIME-MALL-HCM,--,--,2026,1,LRP Sữa Rửa Mặt Effaclar Purifying Foaming Gel - 50ml,https://p16-oec-sg.ibyteimg.com/tos-alisg-i-aphluv4xwc-sg/e34ab459d15b4717b53d8bd8fe469991~tplv-aphluv4xwc-origin-jpeg.jpeg?dr=15568&t=555f072d&ps=933b5bde&shp=54477afb&shcp=3c3d9ffb&idc=my&from=1413970683,VIE GROUP HCM,02/10/2026 18:53,,--
586371723638245099,,Đang giao hàng,TikTok,TTVIESGN-HCM,--,--,2100,1,MINISO Bông tẩy trang Nhật Bản 100% 180 Miếng,https://p16-oec-sg.ibyteimg.com/tos-alisg-i-aphluv4xwc-sg/d838b95a64ff4da68dadd87661521ce3~tplv-aphluv4xwc-origin-jpeg.jpeg?dr=15568&t=555f072d&ps=933b5bde&shp=54477afb&shcp=3c3d9ffb&idc=my2&from=1413970683,VIE GROUP HCM,02/10/2026 18:51,,--
586371736741053682,,Đang giao hàng,TikTok,TTVIEPRIME-HANOI,--,--,2026,1,LRP Sữa Rửa Mặt Effaclar Purifying Foaming Gel - 50ml,https://p16-oec-sg.ibyteimg.com/tos-alisg-i-aphluv4xwc-sg/e4dc23ba7aa04ac68154f7d70954e8c5~tplv-aphluv4xwc-origin-jpeg.jpeg?dr=15568&t=555f072d&ps=933b5bde&shp=54477afb&shcp=3c3d9ffb&idc=my&from=1413970683,VIE GROUP HCM,02/10/2026 18:48,,--
586371690230089076,,Đang giao hàng,TikTok,TTEPRIME-MALL-HCM,--,--,2026,1,LRP Sữa Rửa Mặt Effaclar Purifying Foaming Gel - 50ml,https://p16-oec-sg.ibyteimg.com/tos-alisg-i-aphluv4xwc-sg/1e10caa309fd4734816f9ccab855d73f~tplv-aphluv4xwc-origin-jpeg.jpeg?dr=15568&t=555f072d&ps=933b5bde&shp=54477afb&shcp=3c3d9ffb&idc=my&from=1413970683,VIE GROUP HCM,02/10/2026 18:47,,--
261002JMQAUFJ5,,Chờ lấy hàng,Shopee,SHEP - HCM,--,--,1648,2,ETIAXIL Xịt khử mùi chân Déodorant Anti-Transpirant 48h Pieds 100ml,https://cf.shopee.vn/file/vn-11134207-7r98o-lxm1wdvbaf2z08_tn,VIE GROUP HCM,02/10/2026 18:46,,--
261002JMQAUFJ5,,Chờ lấy hàng,Shopee,SHEP - HCM,--,--,QT40,1,MEDIANSWER Tinh chất hỗ trợ sáng da Vita Collagen Logic Ampoule - 2 ml,https://cf.shopee.vn/file/vn-11134207-81ztc-mtqcnbkc7coya1_tn,VIE GROUP HCM,02/10/2026 18:46,,--
261002JMNV4RC1,,Đang giao hàng,Shopee,SHVIECosme HCM,--,--,1472,1,COMPLIMENT Sữa rửa mặt No Problem 200ml - Hồng,https://cf.shopee.vn/file/vn-11134207-81ztc-mr8kkbibchs2de_tn,VIE GROUP HCM,02/10/2026 18:44,04/10/2026 14:12,--
261002JMCW0VRA,,Đang giao hàng,Shopee,SHEP - HCM,--,--,1351,1,CERAVE Sữa Rửa Mặt Foaming Cleanser - 473ml FRANCE,https://cf.shopee.vn/file/vn-11134207-7ras8-m1f8u4es2crg62_tn,VIE GROUP HCM,02/10/2026 18:39,,--
586371594543924756,,Đang giao hàng,TikTok,TTVIESGN-HCM,--,--,1350,1,CERAVE Sữa Rửa Mặt Foaming Cleanser - 30ml FRANCE,https://p16-oec-sg.ibyteimg.com/tos-alisg-i-aphluv4xwc-sg/cc9742efae154cb89c3e62363dff00b1~tplv-aphluv4xwc-origin-jpeg.jpeg?dr=15568&t=555f072d&ps=933b5bde&shp=54477afb&shcp=3c3d9ffb&idc=my&from=1413970683,VIE GROUP HCM,02/10/2026 18:38,,--
586371529951053534,,Đang giao hàng,TikTok,TTEPRIME-MALL-HCM,--,--,CB1350.3,1,COMBO 3 Chai 30ml CERAVE Sữa Rửa Mặt Foaming Cleanser,https://p16-oec-sg.ibyteimg.com/tos-alisg-i-aphluv4xwc-sg/a2376db661934510bc5ab6e7f01657b3~tplv-aphluv4xwc-origin-jpeg.jpeg?dr=15568&t=555f072d&ps=933b5bde&shp=54477afb&shcp=3c3d9ffb&idc=my2&from=1413970683,VIE GROUP HCM,02/10/2026 18:37,,--
261002JM09NTKU,,Đang giao hàng,Shopee,SHVIEMart - HCM,--,--,1004,1,Dũa móng 6 mặt [XT],https://cf.shopee.vn/file/vn-11134207-7ras8-mch930lruncdfb_tn,VIE GROUP HCM,02/10/2026 18:32,,--
586371421461120337,,Đang giao hàng,TikTok,TTEPRIME-MALL-HCM,--,--,2026,1,LRP Sữa Rửa Mặt Effaclar Purifying Foaming Gel - 50ml,https://p16-oec-sg.ibyteimg.com/tos-alisg-i-aphluv4xwc-sg/e34ab459d15b4717b53d8bd8fe469991~tplv-aphluv4xwc-origin-jpeg.jpeg?dr=15568&t=555f072d&ps=933b5bde&shp=54477afb&shcp=3c3d9ffb&idc=my3&from=1413970683,VIE GROUP HCM,02/10/2026 18:32,,--
586371384284709890,,Đang giao hàng,TikTok,TTASCosme - HANOI,--,--,1350,1,CERAVE Sữa Rửa Mặt Foaming Cleanser - 30ml FRANCE,https://p16-oec-sg.ibyteimg.com/tos-alisg-i-aphluv4xwc-sg/46e63d0be11d47568e40e1b3400fd6d0~tplv-aphluv4xwc-origin-jpeg.jpeg?dr=15568&t=555f072d&ps=933b5bde&shp=54477afb&shcp=3c3d9ffb&idc=my2&from=1413970683,VIE GROUP HCM,02/10/2026 18:29,,--
261002JKR67JTQ,,Đang giao hàng,Shopee,SHEP - HCM,--,--,1472,1,COMPLIMENT Sữa rửa mặt No Problem 200ml - Hồng,https://cf.shopee.vn/file/vn-11134207-7ras8-m12a0k10v2mz20_tn,VIE GROUP HCM,02/10/2026 18:28,,--
261002JKQCF26V,,Đang giao hàng,Shopee,SHEP - HCM,--,--,2361,1,SILCOT Bông tẩy trang Unicharm - 82 miếng Xanh dương,https://cf.shopee.vn/file/vn-11134207-7ras8-mcke8s4l7qqq55_tn,VIE GROUP HCM,02/10/2026 18:27,,--
586371320414570030,,Đã hủy,TikTok,TTEPRIME-MALL-HCM,--,--,2026,1,LRP Sữa Rửa Mặt Effaclar Purifying Foaming Gel - 50ml,https://p16-oec-sg.ibyteimg.com/tos-alisg-i-aphluv4xwc-sg/e34ab459d15b4717b53d8bd8fe469991~tplv-aphluv4xwc-origin-jpeg.jpeg?dr=15568&t=555f072d&ps=933b5bde&shp=54477afb&shcp=3c3d9ffb&idc=my2&from=1413970683,VIE GROUP HCM,02/10/2026 18:27,,Chờ in
261002JKM0RS49,,Đã hủy,Shopee,SHVIECosme HCM,--,--,1882,3,KEYSHU mặt nạ dưỡng da - 1 Miếng ( Hành Tím ),https://cf.shopee.vn/file/vn-11134207-81ztc-ms9j7s0atu6g77_tn,VIE GROUP HCM,02/10/2026 18:25,,Chờ xử lý
261002JKF2CY5D,,Đang giao hàng,Shopee,SHVIEPro-HANOI,--,--,1980,1,LOREAL Nước Tẩy Trang Revitalift Crystal Purifying Micellar Water [Xám] - 95ml,https://cf.shopee.vn/file/vn-11134207-7r98o-lp3u0heu5rh71b_tn,COSMEE HA NOI,02/10/2026 18:23,,--
586371273433253700,,Đang giao hàng,TikTok,TTVIEPRIME-HANOI,--,--,CB2026.3,1,COMBO 3 TUÝP LRP Sữa Rửa Mặt Effaclar Purifying Foaming Gel - 50ml,https://p16-oec-sg.ibyteimg.com/tos-alisg-i-aphluv4xwc-sg/1200e3e940994b57b36341a3f7c85513~tplv-aphluv4xwc-origin-jpeg.jpeg?dr=15568&t=555f072d&ps=933b5bde&shp=54477afb&shcp=3c3d9ffb&idc=my&from=1413970683,VIE GROUP HCM,02/10/2026 18:23,,--
261002JK0UHKS9,,Đang giao hàng,Shopee,SHEP - HCM,--,--,2257,1,PAULA'S CHOICE Tẩy tế bào chết Skin Perfecting Liquid Exfoliant 2% BHA - 2016 30ml,https://cf.shopee.vn/file/vn-11134207-7ras8-md5p8gdsxtgcd7_tn,VIE GROUP HCM,02/10/2026 18:15,,--
261002JK0UHKS9,,Đang giao hàng,Shopee,SHEP - HCM,--,--,QT40,1,MEDIANSWER Tinh chất hỗ trợ sáng da Vita Collagen Logic Ampoule - 2 ml,https://cf.shopee.vn/file/vn-11134207-81ztc-mtqcnbkc7coya1_tn,VIE GROUP HCM,02/10/2026 18:15,,--
261002JK0UHKS9,,Đang giao hàng,Shopee,SHEP - HCM,--,--,CB1922.3,1,COMBO 3 MIẾNG LA SOIRÉE Bông Tẩy Trang 100% Cotton Siêu Mềm Siêu Mịn - 225 Miếng Tròn,https://cf.shopee.vn/file/vn-11134207-7r98o-lzce2ic901n118_tn,VIE GROUP HCM,02/10/2026 18:15,,--
586371170867316240,,Đang giao hàng,TikTok,TTVIEPRIME-HANOI,--,--,last8338,1,COMBO 3 Serum LA ROCHE-POSAY Hyalu B5-[ 10ml ],https://p16-oec-sg.ibyteimg.com/tos-alisg-i-aphluv4xwc-sg/ce9d79e42f654881a903f9263a4b7eb0~tplv-aphluv4xwc-origin-jpeg.jpeg?dr=15568&t=555f072d&ps=933b5bde&shp=54477afb&shcp=3c3d9ffb&idc=my&from=1413970683,VIE GROUP HCM,02/10/2026 18:13,,--
261002JJA116CJ,,Đang giao hàng,Shopee,SHEP - HCM,--,--,,1,DUCRAY Gel Rửa Mặt Cho Da Nhờn Mụn Keracnyl Foaming Gel - 200ml,https://cf.shopee.vn/file/vn-11134207-7r98o-ly3d3dqsv5jv9c_tn,VIE GROUP HCM,02/10/2026 18:02,,--
261002JJA116CJ,,Đang giao hàng,Shopee,SHEP - HCM,--,--,2620,1,WONJIN Mặt nạ Ampoule Edition Fill Air Mask 27g - 1 Miếng Xanh dương,https://cf.shopee.vn/file/vn-11134207-81ztc-mtki3dgkaosqd7_tn,VIE GROUP HCM,02/10/2026 18:02,,--
586370994645600241,,Đang giao hàng,TikTok,TTEPRIME-MALL-HCM,--,--,2026,1,LRP Sữa Rửa Mặt Effaclar Purifying Foaming Gel - 50ml,https://p16-oec-sg.ibyteimg.com/tos-alisg-i-aphluv4xwc-sg/e34ab459d15b4717b53d8bd8fe469991~tplv-aphluv4xwc-origin-jpeg.jpeg?dr=15568&t=555f072d&ps=933b5bde&shp=54477afb&shcp=3c3d9ffb&idc=my2&from=1413970683,VIE GROUP HCM,02/10/2026 17:59,,--
586370836023248695,,Đang giao hàng,TikTok,TTEPRIME-MALL-HCM,--,--,1350,1,CERAVE Sữa Rửa Mặt Foaming Cleanser - 30ml FRANCE,https://p16-oec-sg.ibyteimg.com/tos-alisg-i-aphluv4xwc-sg/50806a02e3104a3bb34e537bc386ab64~tplv-aphluv4xwc-origin-jpeg.jpeg?dr=15568&t=555f072d&ps=933b5bde&shp=54477afb&shcp=3c3d9ffb&idc=my3&from=1413970683,VIE GROUP HCM,02/10/2026 17:57,,--
261002JHN5ENDS,,Đang giao hàng,Shopee,SHEP - HCM,--,--,1783,1,ICARE Dầu Gội Pharma Antisol dược liệu pH 6.5 240ml,https://cf.shopee.vn/file/vn-11134207-7ras8-m1z8ah332b2z23_tn,VIE GROUP HCM,02/10/2026 17:50,,--
261002JHN5ENDS,,Đang giao hàng,Shopee,SHEP - HCM,--,--,QT40,1,MEDIANSWER Tinh chất hỗ trợ sáng da Vita Collagen Logic Ampoule - 2 ml,https://cf.shopee.vn/file/vn-11134207-81ztc-mtqcnbkc7coya1_tn,VIE GROUP HCM,02/10/2026 17:50,,--
261002JHFTNXD6,,Đang giao hàng,Shopee,SHEP - HCM,--,--,1472,1,COMPLIMENT Sữa rửa mặt No Problem 200ml - Hồng,https://cf.shopee.vn/file/vn-11134207-7ras8-m12a0k10v2mz20_tn,VIE GROUP HCM,02/10/2026 17:47,,--
586370777063458346,,Đang giao hàng,TikTok,TTEPRIME-MALL-HCM,--,--,CB1350.3,1,COMBO 3 Chai 30ml CERAVE Sữa Rửa Mặt Foaming Cleanser,https://p16-oec-sg.ibyteimg.com/tos-alisg-i-aphluv4xwc-sg/a2376db661934510bc5ab6e7f01657b3~tplv-aphluv4xwc-origin-jpeg.jpeg?dr=15568&t=555f072d&ps=933b5bde&shp=54477afb&shcp=3c3d9ffb&idc=my&from=1413970683,VIE GROUP HCM,02/10/2026 17:47,,--
261002JHBYNWCN,,Đang giao hàng,Shopee,SHVIECosme HCM,--,--,1474,1,COMPLIMENT Sữa rửa mặt No Problem 200ml - Xanh lá,https://cf.shopee.vn/file/vn-11134207-820l4-mf29uuhqvhfw6b_tn,VIE GROUP HCM,02/10/2026 17:45,,--
261002JHB7U6QF,,Đang giao hàng,Shopee,SHVIEPro-HANOI,--,--,1584,1,DNEE Tắm gội toàn thân cho bé Từ 0 - 3 tuổi - XANH DƯƠNG 800ML,https://cf.shopee.vn/file/vn-11134207-81ztc-mk24v50o9m2t0e_tn,COSMEE HA NOI,02/10/2026 17:45,,--
261002JHB7U6QF,,Đang giao hàng,Shopee,SHVIEPro-HANOI,--,--,QT01,1,Dr.Sera tây tế bào chết da đầu,https://cf.shopee.vn/file/vn-11134207-81ztc-mqyhiy5e3bpe1a_tn,COSMEE HA NOI,02/10/2026 17:45,,--
586370592783763186,,Đang giao hàng,TikTok,TTEPRIME-MALL-HCM,--,--,1350,1,CERAVE Sữa Rửa Mặt Foaming Cleanser - 30ml FRANCE,https://p16-oec-sg.ibyteimg.com/tos-alisg-i-aphluv4xwc-sg/50806a02e3104a3bb34e537bc386ab64~tplv-aphluv4xwc-origin-jpeg.jpeg?dr=15568&t=555f072d&ps=933b5bde&shp=54477afb&shcp=3c3d9ffb&idc=my2&from=1413970683,VIE GROUP HCM,02/10/2026 17:40,,--
261002JH17CSXH,,Đã hủy,Shopee,SHEPRIME2-MALL - HCM,--,--,2026,1,LRP Sữa Rửa Mặt Effaclar Purifying Foaming Gel - 50ml,https://cf.shopee.vn/file/vn-11134207-81ztc-ms4g1nr09wck4c_tn,VIE GROUP HCM,02/10/2026 17:39,,Chờ xử lý
261002JGT4F600,,Đang giao hàng,Shopee,SHEP - HCM,--,--,1922,1,LA SOIRÉE Bông Tẩy Trang 100% Cotton Siêu Mềm Siêu Mịn - 225 Miếng Tròn,https://cf.shopee.vn/file/vn-11134207-7r98o-lzce2ic901n118_tn,VIE GROUP HCM,02/10/2026 17:35,,--
261002JGM9FWUM,,Đang giao hàng,Shopee,SHEPRIME2-MALL - HCM,--,--,2026,1,LRP Sữa Rửa Mặt Effaclar Purifying Foaming Gel - 50ml,https://cf.shopee.vn/file/vn-11134207-81ztc-ms4g1nr09wck4c_tn,VIE GROUP HCM,02/10/2026 17:32,,--
261002JGK68QB0,,Đang giao hàng,Shopee,SHEPRIME2-MALL - HCM,--,--,2026,1,LRP Sữa Rửa Mặt Effaclar Purifying Foaming Gel - 50ml,https://cf.shopee.vn/file/vn-11134207-81ztc-ms4g1nr09wck4c_tn,VIE GROUP HCM,02/10/2026 17:31,,--
586370491897841184,,Đang giao hàng,TikTok,TTEPRIME-MALL-HCM,--,--,1350,1,CERAVE Sữa Rửa Mặt Foaming Cleanser - 30ml FRANCE,https://p16-oec-sg.ibyteimg.com/tos-alisg-i-aphluv4xwc-sg/50806a02e3104a3bb34e537bc386ab64~tplv-aphluv4xwc-origin-jpeg.jpeg?dr=15568&t=555f072d&ps=933b5bde&shp=54477afb&shcp=3c3d9ffb&idc=my2&from=1413970683,VIE GROUP HCM,02/10/2026 17:27,,--
261002JGA3C6BJ,,Đang giao hàng,Shopee,SHVIEPro-HANOI,--,--,1980,1,LOREAL Nước Tẩy Trang Revitalift Crystal Purifying Micellar Water [Xám] - 95ml,https://cf.shopee.vn/file/vn-11134207-7r98o-lp3u0heu5rh71b_tn,COSMEE HA NOI,02/10/2026 17:26,,--
261002JG9RVPT3,,Đang giao hàng,Shopee,SHEP - HCM,--,--,2100,1,MINISO Bông tẩy trang Nhật Bản 100% 180 Miếng,https://cf.shopee.vn/file/vn-11134207-81ztc-mtmgtix9883o2d_tn,VIE GROUP HCM,02/10/2026 17:26,,--
261002JG98MBSR,,Đang giao hàng,Shopee,SHVIECosme HCM,--,--,1127,2,Aspasia - Xịt Khoáng Aspasia Moist Up Face Mist Aloe Làm Dịu Mát Bổ Sung Độ Ẩm Cho Làn Da Rạng Rỡ 150ml,https://cf.shopee.vn/file/vn-11134207-81ztc-mpsziotao3ya56_tn,VIE GROUP HCM,02/10/2026 17:26,,--
261002JG7AN7Y6,,Đang giao hàng,Shopee,SHVIEPro-HANOI,--,--,1980,1,LOREAL Nước Tẩy Trang Revitalift Crystal Purifying Micellar Water [Xám] - 95ml,https://cf.shopee.vn/file/vn-11134207-7r98o-lp3u0heu5rh71b_tn,COSMEE HA NOI,02/10/2026 17:25,04/10/2026 13:16,--
586370383242233710,,Đã hủy,TikTok,TTASCosme - HANOI,--,--,1316,1,CARSLAN PHẤN PHỦ  BLACK  MAGNET SOFT FOCUS  MAKE-UP POWDER 01  PHẤN PHỦ 1G,https://p16-oec-sg.ibyteimg.com/tos-alisg-i-aphluv4xwc-sg/d2cb1f22cafd4b1ba10efa9968230ba9~tplv-aphluv4xwc-origin-jpeg.jpeg?dr=15568&t=555f072d&ps=933b5bde&shp=54477afb&shcp=3c3d9ffb&idc=my2&from=1413970683,COSMEE HA NOI,02/10/2026 17:25,,Chờ xử lý
261002JG6X91UX,,Đang giao hàng,Shopee,SHEP - HCM,--,--,1922,1,LA SOIRÉE Bông Tẩy Trang 100% Cotton Siêu Mềm Siêu Mịn - 225 Miếng Tròn,https://cf.shopee.vn/file/vn-11134207-7r98o-lzce2ic901n118_tn,VIE GROUP HCM,02/10/2026 17:24,,--
586370368080807628,,Đang giao hàng,TikTok,TTEPRIME-MALL-HCM,--,--,CB2026.3,1,COMBO 3 TUÝP LRP Sữa Rửa Mặt Effaclar Purifying Foaming Gel - 50ml,https://p16-oec-sg.ibyteimg.com/tos-alisg-i-aphluv4xwc-sg/4fdb1010396942c6bcbbb4ff16ba3159~tplv-aphluv4xwc-origin-jpeg.jpeg?dr=15568&t=555f072d&ps=933b5bde&shp=54477afb&shcp=3c3d9ffb&idc=my3&from=1413970683,VIE GROUP HCM,02/10/2026 17:22,,--
261002JG2K2H9A,,Đang giao hàng,Shopee,SHVIEPro-HANOI,--,--,1471,1,COMPLIMENT Sữa rửa mặt No Problem 200ml - Cam,https://cf.shopee.vn/file/vn-11134207-81ztc-moj5d8exvor008_tn,COSMEE HA NOI,02/10/2026 17:22,,--
261002JG020T7J,,Đang giao hàng,Shopee,SHEPRIME2-MALL - HCM,--,--,CB2361.2,1,"SILCOT Bông tẩy trang Unicharm - 82 miếng Xanh dương, COMBO 2 HỘP",https://cf.shopee.vn/file/vn-11134207-820l4-mgm2i0ccpp8oba_tn,VIE GROUP HCM,02/10/2026 17:21,,--
261002JFRV3NKX,,Đã hoàn thành,Shopee,SHEP - HCM,--,--,2100,2,MINISO Bông tẩy trang Nhật Bản 100% 180 Miếng,https://cf.shopee.vn/file/vn-11134207-81ztc-mtmgtix9883o2d_tn,VIE GROUP HCM,02/10/2026 17:16,04/10/2026 22:34,--
586370273256310098,,Đang giao hàng,TikTok,TTEPRIME-MALL-HCM,--,--,1350,1,CERAVE Sữa Rửa Mặt Foaming Cleanser - 30ml FRANCE,https://p16-oec-sg.ibyteimg.com/tos-alisg-i-aphluv4xwc-sg/50806a02e3104a3bb34e537bc386ab64~tplv-aphluv4xwc-origin-jpeg.jpeg?dr=15568&t=555f072d&ps=933b5bde&shp=54477afb&shcp=3c3d9ffb&idc=my2&from=1413970683,VIE GROUP HCM,02/10/2026 17:16,,--
586370290602312855,,Đang giao hàng,TikTok,TTEPRIME-MALL-HCM,--,--,1350,1,CERAVE Sữa Rửa Mặt Foaming Cleanser - 30ml FRANCE,https://p16-oec-sg.ibyteimg.com/tos-alisg-i-aphluv4xwc-sg/50806a02e3104a3bb34e537bc386ab64~tplv-aphluv4xwc-origin-jpeg.jpeg?dr=15568&t=555f072d&ps=933b5bde&shp=54477afb&shcp=3c3d9ffb&idc=my2&from=1413970683,VIE GROUP HCM,02/10/2026 17:09,,--
586370160556213999,,Đang giao hàng,TikTok,TTVIESGN-HCM,--,--,1350,1,CERAVE Sữa Rửa Mặt Foaming Cleanser - 30ml FRANCE,https://p16-oec-va.ibyteimg.com/tos-maliva-i-o3syd03w52-us/e3e9667ce3494a6c8150fb489cb2491d~tplv-o3syd03w52-origin-jpeg.jpeg?dr=15568&t=555f072d&ps=933b5bde&shp=54477afb&shcp=3c3d9ffb&idc=my2&from=1413970683,VIE GROUP HCM,02/10/2026 17:07,,--
261002JF5NXVDK,,Đang giao hàng,Shopee,SHVIECosme HCM,--,--,1472,2,COMPLIMENT Sữa rửa mặt No Problem 200ml - Hồng,https://cf.shopee.vn/file/vn-11134207-81ztc-mr8kkbibchs2de_tn,VIE GROUP HCM,02/10/2026 17:06,,--
261002JF3AMQ6U,,Đã hủy,Shopee,SHVIECosme HCM,--,--,2022,1,LRP Sữa Rửa Mặt Effaclar + M Purifying Foaming Gel - 400ml,https://cf.shopee.vn/file/vn-11134207-81ztc-mrl94y7kjegy1d_tn,VIE GROUP HCM,02/10/2026 17:04,,Chưa thanh toán
586370101440971907,,Đang giao hàng,TikTok,TTEPRIME-MALL-HCM,--,--,1350,1,CERAVE Sữa Rửa Mặt Foaming Cleanser - 30ml FRANCE,https://p16-oec-sg.ibyteimg.com/tos-alisg-i-aphluv4xwc-sg/50806a02e3104a3bb34e537bc386ab64~tplv-aphluv4xwc-origin-jpeg.jpeg?dr=15568&t=555f072d&ps=933b5bde&shp=54477afb&shcp=3c3d9ffb&idc=my3&from=1413970683,VIE GROUP HCM,02/10/2026 17:01,,--
261002JESTEVG3,,Đang giao hàng,Shopee,SHVIECosme HCM,--,--,1472,1,COMPLIMENT Sữa rửa mặt No Problem 200ml - Hồng,https://cf.shopee.vn/file/vn-11134207-81ztc-mr8kkbibchs2de_tn,VIE GROUP HCM,02/10/2026 16:59,03/10/2026 11:14,--
586370040152753954,,Đang giao hàng,TikTok,TTEPRIME-MALL-HCM,--,--,CB2026.3,1,COMBO 3 TUÝP LRP Sữa Rửa Mặt Effaclar Purifying Foaming Gel - 50ml,https://p16-oec-sg.ibyteimg.com/tos-alisg-i-aphluv4xwc-sg/4fdb1010396942c6bcbbb4ff16ba3159~tplv-aphluv4xwc-origin-jpeg.jpeg?dr=15568&t=555f072d&ps=933b5bde&shp=54477afb&shcp=3c3d9ffb&idc=my2&from=1413970683,VIE GROUP HCM,02/10/2026 16:58,,--
586369989870192444,,Đã hủy,TikTok,TTEPRIME-MALL-HCM,--,--,2026,2,LRP Sữa Rửa Mặt Effaclar Purifying Foaming Gel - 50ml,https://p16-oec-sg.ibyteimg.com/tos-alisg-i-aphluv4xwc-sg/e34ab459d15b4717b53d8bd8fe469991~tplv-aphluv4xwc-origin-jpeg.jpeg?dr=15568&t=555f072d&ps=933b5bde&shp=54477afb&shcp=3c3d9ffb&idc=my&from=1413970683,VIE GROUP HCM,02/10/2026 16:56,,Chờ xử lý
586370014233331493,,Đã hủy,TikTok,TTASCosme - HANOI,--,--,2782,1,CARSLAN PHẤN PHỦ  BLACK  MAGNET SOFT FOCUS  MAKE-UP POWDER 05 Blue  Purple PHẤN PHỦ 1G,https://p16-oec-sg.ibyteimg.com/tos-alisg-i-aphluv4xwc-sg/c34cb6f5890f448aa6b87defa4a22f3d~tplv-aphluv4xwc-origin-jpeg.jpeg?dr=15568&t=555f072d&ps=933b5bde&shp=54477afb&shcp=3c3d9ffb&idc=my2&from=1413970683,COSMEE HA NOI,02/10/2026 16:54,,Chờ xử lý
586369998108788705,,Đang giao hàng,TikTok,TTVIEPRIME-HANOI,--,--,2026,1,LRP Sữa Rửa Mặt Effaclar Purifying Foaming Gel - 50ml,https://p16-oec-sg.ibyteimg.com/tos-alisg-i-aphluv4xwc-sg/e4dc23ba7aa04ac68154f7d70954e8c5~tplv-aphluv4xwc-origin-jpeg.jpeg?dr=15568&t=555f072d&ps=933b5bde&shp=54477afb&shcp=3c3d9ffb&idc=my2&from=1413970683,VIE GROUP HCM,02/10/2026 16:53,,--
261002JDKE44B7,,Đang giao hàng,Shopee,SHVIECosme HCM,--,--,1480,1,COMPLIMENT Toner 10% Glycolic Acid & Aloe Lô hội - 200ML,https://cf.shopee.vn/file/vn-11134207-81ztc-mqpkbgt0yp6p49_tn,VIE GROUP HCM,02/10/2026 16:38,,--
586369744584606884,,Đã hủy,TikTok,TTVIEPRIME-HANOI,--,--,CB1316.2,1,"COMBO 2 HŨ Phấn Phủ bột Carslan Soft Focus Mini kiềm dầu kháng nước, MÀU TRONG SUỐT 1G",https://p16-oec-sg.ibyteimg.com/tos-alisg-i-aphluv4xwc-sg/ee8dab97b9284523ad4321747442d366~tplv-aphluv4xwc-origin-jpeg.jpeg?dr=15568&t=555f072d&ps=933b5bde&shp=54477afb&shcp=3c3d9ffb&idc=my&from=1413970683,COSMEE HA NOI,02/10/2026 16:36,,Chờ xử lý
ODWTB4052085,,Chờ xử lý,Manual,ePharmacy_ws,CN00001033,Thiên Kim Cosmetic ( Bình Thuận ) (epharmacy),3110,5,KWANGYA Giấm lựu lên men Hàn Quốc - 970ml,https://res.bigseller.pro/sku/images/merchantsku/944484/090561_1786171367973.jpg?imageView2/1/w/300/h/300,VIE GROUP HCM,02/10/2026 16:36,,--
586369732127262241,,Đang giao hàng,TikTok,TTASCosme - HANOI,--,--,,1,JOHNSON'S Dầu massage Baby Oil pink - 50ml,https://p16-oec-sg.ibyteimg.com/tos-alisg-i-aphluv4xwc-sg/69373072c3f94d72946e7613adccd008~tplv-aphluv4xwc-origin-jpeg.jpeg?dr=15568&t=555f072d&ps=933b5bde&shp=54477afb&shcp=3c3d9ffb&idc=my2&from=1413970683,VIE GROUP HCM,02/10/2026 16:32,,--
261002JD4URYJ6,,Đang giao hàng,Shopee,SHEP - HCM,--,--,2100,1,MINISO Bông tẩy trang Nhật Bản 100% 180 Miếng,https://cf.shopee.vn/file/vn-11134207-81ztc-mtmgtix9883o2d_tn,VIE GROUP HCM,02/10/2026 16:29,,--
261002JD3DWM98,,Đang giao hàng,Shopee,SHEP - HCM,--,--,2361,1,SILCOT Bông tẩy trang Unicharm - 82 miếng Xanh dương,https://cf.shopee.vn/file/vn-11134207-7ras8-mcke8s4l7qqq55_tn,VIE GROUP HCM,02/10/2026 16:29,05/10/2026 05:53,--
586369522331387524,,Đã hủy,TikTok,TTVIEPRIME-HANOI,--,--,2782,1,CARSLAN PHẤN PHỦ  BLACK  MAGNET SOFT FOCUS  MAKE-UP POWDER 05 Blue  Purple PHẤN PHỦ 1G,https://p16-oec-sg.ibyteimg.com/tos-alisg-i-aphluv4xwc-sg/7e97e9f3f51b48428aa46ad2b986ba44~tplv-aphluv4xwc-origin-jpeg.jpeg?dr=15568&t=555f072d&ps=933b5bde&shp=54477afb&shcp=3c3d9ffb&idc=my&from=1413970683,COSMEE HA NOI,02/10/2026 16:22,,Chờ xử lý
586369520131278369,,Đã hủy,TikTok,TTASCosme - HANOI,--,--,,1,,https://p16-oec-sg.ibyteimg.com/tos-alisg-i-aphluv4xwc-sg/69373072c3f94d72946e7613adccd008~tplv-aphluv4xwc-origin-jpeg.jpeg?dr=15568&t=555f072d&ps=933b5bde&shp=54477afb&shcp=3c3d9ffb&idc=my2&from=1413970683,COSMEE HA NOI,02/10/2026 16:21,,Chờ xử lý
586369544384840792,,Đang giao hàng,TikTok,TTVIESGN-HCM,--,--,2026,1,LRP Sữa Rửa Mặt Effaclar Purifying Foaming Gel - 50ml,https://p16-oec-sg.ibyteimg.com/tos-alisg-i-aphluv4xwc-sg/b89c16f9bd03476786c5da3ef0f6d556~tplv-aphluv4xwc-origin-jpeg.jpeg?dr=15568&t=555f072d&ps=933b5bde&shp=54477afb&shcp=3c3d9ffb&idc=my&from=1413970683,VIE GROUP HCM,02/10/2026 16:21,,--
586369497611142346,,Đã hủy,TikTok,TTASCosme - HANOI,--,--,1316,1,CARSLAN PHẤN PHỦ  BLACK  MAGNET SOFT FOCUS  MAKE-UP POWDER 01  PHẤN PHỦ 1G,https://p16-oec-sg.ibyteimg.com/tos-alisg-i-aphluv4xwc-sg/226068b460ae47a6b3852937cb8229e6~tplv-aphluv4xwc-origin-jpeg.jpeg?dr=15568&t=555f072d&ps=933b5bde&shp=54477afb&shcp=3c3d9ffb&idc=my2&from=1413970683,COSMEE HA NOI,02/10/2026 16:20,,Chờ xử lý
586369500382726014,,Đang giao hàng,TikTok,TTVIEPRIME-HANOI,--,--,2026,1,LRP Sữa Rửa Mặt Effaclar Purifying Foaming Gel - 50ml,https://p16-oec-sg.ibyteimg.com/tos-alisg-i-aphluv4xwc-sg/e4dc23ba7aa04ac68154f7d70954e8c5~tplv-aphluv4xwc-origin-jpeg.jpeg?dr=15568&t=555f072d&ps=933b5bde&shp=54477afb&shcp=3c3d9ffb&idc=my&from=1413970683,VIE GROUP HCM,02/10/2026 16:20,,--
586369448490861986,,Đang giao hàng,TikTok,TTEPRIME-MALL-HCM,--,--,CB2026.3,1,COMBO 3 TUÝP LRP Sữa Rửa Mặt Effaclar Purifying Foaming Gel - 50ml,https://p16-oec-sg.ibyteimg.com/tos-alisg-i-aphluv4xwc-sg/4fdb1010396942c6bcbbb4ff16ba3159~tplv-aphluv4xwc-origin-jpeg.jpeg?dr=15568&t=555f072d&ps=933b5bde&shp=54477afb&shcp=3c3d9ffb&idc=my2&from=1413970683,VIE GROUP HCM,02/10/2026 16:17,,--
586369366806136419,,Đang giao hàng,TikTok,TTVIEPRIME-HANOI,--,--,2024,1,LRP Sữa Rửa Mặt Effaclar Purifying Foaming Gel - 15ml,https://p16-oec-sg.ibyteimg.com/tos-alisg-i-aphluv4xwc-sg/db88b950e6274f3cb02fd159d93a3fdd~tplv-aphluv4xwc-origin-jpeg.jpeg?dr=15568&t=555f072d&ps=933b5bde&shp=54477afb&shcp=3c3d9ffb&idc=my2&from=1413970683,COSMEE HA NOI,02/10/2026 16:15,,--
586369281622706080,,Đang giao hàng,TikTok,TTEPRIME-MALL-HCM,--,--,CB1350.3,1,COMBO 3 Chai 30ml CERAVE Sữa Rửa Mặt Foaming Cleanser,https://p16-oec-sg.ibyteimg.com/tos-alisg-i-aphluv4xwc-sg/a2376db661934510bc5ab6e7f01657b3~tplv-aphluv4xwc-origin-jpeg.jpeg?dr=15568&t=555f072d&ps=933b5bde&shp=54477afb&shcp=3c3d9ffb&idc=my3&from=1413970683,VIE GROUP HCM,02/10/2026 16:08,,--
586369374671308608,,Đang giao hàng,TikTok,TTEPRIME-MALL-HCM,--,--,1350,1,CERAVE Sữa Rửa Mặt Foaming Cleanser - 30ml FRANCE,https://p16-oec-sg.ibyteimg.com/tos-alisg-i-aphluv4xwc-sg/50806a02e3104a3bb34e537bc386ab64~tplv-aphluv4xwc-origin-jpeg.jpeg?dr=15568&t=555f072d&ps=933b5bde&shp=54477afb&shcp=3c3d9ffb&idc=my&from=1413970683,VIE GROUP HCM,02/10/2026 16:07,,--
586369382655297209,,Đã hủy,TikTok,TTVIEPRIME-HANOI,--,--,2024,1,LRP Sữa Rửa Mặt Effaclar Purifying Foaming Gel - 15ml,https://p16-oec-sg.ibyteimg.com/tos-alisg-i-aphluv4xwc-sg/ffed6604b7e34e4cb07ce27267743d15~tplv-aphluv4xwc-origin-jpeg.jpeg?dr=15568&t=555f072d&ps=933b5bde&shp=54477afb&shcp=3c3d9ffb&idc=my2&from=1413970683,COSMEE HA NOI,02/10/2026 16:07,,Chờ xử lý
586369369748309689,,Đã hủy,TikTok,TTVIEPRIME-HANOI,--,--,2024,1,LRP Sữa Rửa Mặt Effaclar Purifying Foaming Gel - 15ml,https://p16-oec-sg.ibyteimg.com/tos-alisg-i-aphluv4xwc-sg/ffed6604b7e34e4cb07ce27267743d15~tplv-aphluv4xwc-origin-jpeg.jpeg?dr=15568&t=555f072d&ps=933b5bde&shp=54477afb&shcp=3c3d9ffb&idc=my2&from=1413970683,COSMEE HA NOI,02/10/2026 16:05,,--
586369278068491517,,Đang giao hàng,TikTok,TTEPRIME-MALL-HCM,--,--,2026,1,LRP Sữa Rửa Mặt Effaclar Purifying Foaming Gel - 50ml,https://p16-oec-sg.ibyteimg.com/tos-alisg-i-aphluv4xwc-sg/e34ab459d15b4717b53d8bd8fe469991~tplv-aphluv4xwc-origin-jpeg.jpeg?dr=15568&t=555f072d&ps=933b5bde&shp=54477afb&shcp=3c3d9ffb&idc=my&from=1413970683,VIE GROUP HCM,02/10/2026 16:01,,--
261002JBG1VBGQ,,Đang giao hàng,Shopee,SHEP - HCM,--,--,2028,1,LRP Sữa Rửa Mặt Sữa Tắm Lipikar Syndet AP+ Cream Wash - 200ml,https://cf.shopee.vn/file/vn-11134207-7ras8-maxucerydbrs26_tn,VIE GROUP HCM,02/10/2026 16:01,,--
261002JBDY2EPA,,Đang giao hàng,Shopee,SHEP - HCM,--,--,2659,1,"SENSILIS Kem Chống Nắng Pure Age Perfection SPF50+ Kiềm Dầu, Giảm Bóng Nhờn Cho Da Dầu Mụn 40ml",https://cf.shopee.vn/file/vn-11134207-81ztc-mrjoenn1do1s64_tn,VIE GROUP HCM,02/10/2026 15:59,,--
586369193440544364,,Đang giao hàng,TikTok,TTVIEPRIME-HANOI,--,--,2026,1,LRP Sữa Rửa Mặt Effaclar Purifying Foaming Gel - 50ml,https://p16-oec-sg.ibyteimg.com/tos-alisg-i-aphluv4xwc-sg/e4dc23ba7aa04ac68154f7d70954e8c5~tplv-aphluv4xwc-origin-jpeg.jpeg?dr=15568&t=555f072d&ps=933b5bde&shp=54477afb&shcp=3c3d9ffb&idc=my2&from=1413970683,VIE GROUP HCM,02/10/2026 15:57,,--
261002JB5J5QP5,,Đang giao hàng,Shopee,SHVIECosme HCM,--,--,1882,1,KEYSHU mặt nạ dưỡng da - 1 Miếng ( Hành Tím ),https://cf.shopee.vn/file/vn-11134207-81ztc-ms9j7s0atu6g77_tn,VIE GROUP HCM,02/10/2026 15:54,,--
586369137456547143,,Đang giao hàng,TikTok,TTEPRIME-MALL-HCM,--,--,1350,1,CERAVE Sữa Rửa Mặt Foaming Cleanser - 30ml FRANCE,https://p16-oec-sg.ibyteimg.com/tos-alisg-i-aphluv4xwc-sg/50806a02e3104a3bb34e537bc386ab64~tplv-aphluv4xwc-origin-jpeg.jpeg?dr=15568&t=555f072d&ps=933b5bde&shp=54477afb&shcp=3c3d9ffb&idc=my&from=1413970683,VIE GROUP HCM,02/10/2026 15:50,,--
261002JAGFW460,Đơn hàng trùng lặp,Đang giao hàng,Shopee,SHVIECosme HCM,--,--,1882,1,KEYSHU mặt nạ dưỡng da - 1 Miếng ( Hành Tím ),https://cf.shopee.vn/file/vn-11134207-81ztc-ms9j7s0atu6g77_tn,VIE GROUP HCM,02/10/2026 15:42,,--
261002JADUWW3G,,Đang giao hàng,Shopee,SHVIECosme HCM,--,--,1887,1,KEYSHU mặt nạ dưỡng da - 1 Miếng ( Vitamin C ),https://cf.shopee.vn/file/vn-11134207-81ztc-ms9j7fo7lv5sb3_tn,VIE GROUP HCM,02/10/2026 15:41,,--
586368932280895072,,Đang giao hàng,TikTok,TTEPRIME-MALL-HCM,--,--,2026,1,LRP Sữa Rửa Mặt Effaclar Purifying Foaming Gel - 50ml,https://p19-oec-sg.ibyteimg.com/tos-alisg-i-aphluv4xwc-sg/e34ab459d15b4717b53d8bd8fe469991~tplv-aphluv4xwc-origin-jpeg.jpeg?dr=15568&t=555f072d&ps=933b5bde&shp=54477afb&shcp=3c3d9ffb&idc=my2&from=1413970683,VIE GROUP HCM,02/10/2026 15:39,,--
261002JA9YYR9Y,,Đang giao hàng,Shopee,SHEP - HCM,--,--,1379,1,CETAPHIL Mặt Nạ Bright Healthy Radiance Instant Mask 6 Miếngx23ml,https://cf.shopee.vn/file/vn-11134207-820l4-mi45d8f5ssg738_tn,VIE GROUP HCM,02/10/2026 15:39,,--
261002JA9YYR9Y,,Đang giao hàng,Shopee,SHEP - HCM,--,--,QT40,1,MEDIANSWER Tinh chất hỗ trợ sáng da Vita Collagen Logic Ampoule - 2 ml,https://cf.shopee.vn/file/vn-11134207-81ztc-mtqcnbkc7coya1_tn,VIE GROUP HCM,02/10/2026 15:39,,--
586368943693071875,,Đã hủy,TikTok,TTEPRIME-MALL-HCM,--,--,1350,1,CERAVE Sữa Rửa Mặt Foaming Cleanser - 30ml FRANCE,https://p16-oec-sg.ibyteimg.com/tos-alisg-i-aphluv4xwc-sg/50806a02e3104a3bb34e537bc386ab64~tplv-aphluv4xwc-origin-jpeg.jpeg?dr=15568&t=555f072d&ps=933b5bde&shp=54477afb&shcp=3c3d9ffb&idc=my3&from=1413970683,VIE GROUP HCM,02/10/2026 15:36,,Chờ xử lý
586368935557694979,,Đã hủy,TikTok,TTEPRIME-MALL-HCM,--,--,CB1350.3,1,COMBO 3 Chai 30ml CERAVE Sữa Rửa Mặt Foaming Cleanser,https://p16-oec-sg.ibyteimg.com/tos-alisg-i-aphluv4xwc-sg/a2376db661934510bc5ab6e7f01657b3~tplv-aphluv4xwc-origin-jpeg.jpeg?dr=15568&t=555f072d&ps=933b5bde&shp=54477afb&shcp=3c3d9ffb&idc=my&from=1413970683,VIE GROUP HCM,02/10/2026 15:32,,--
261002J9MK8NAR,,Đang giao hàng,Shopee,SHEP - HCM,--,--,2100,1,MINISO Bông tẩy trang Nhật Bản 100% 180 Miếng,https://cf.shopee.vn/file/vn-11134207-81ztc-mtmgtix9883o2d_tn,VIE GROUP HCM,02/10/2026 15:27,,--
261002J9E4B2MV,,Đang giao hàng,Shopee,SHEP - HCM,--,--,1947,1,LANEIGE Mặt nạ môi Lip Sleeping Mask Mini 3g,https://cf.shopee.vn/file/vn-11134207-7ra0g-m6gn9k0wwu2g70_tn,VIE GROUP HCM,02/10/2026 15:23,,--
586368708464575696,,Đang giao hàng,TikTok,TTEPRIME-MALL-HCM,--,--,2026,1,LRP Sữa Rửa Mặt Effaclar Purifying Foaming Gel - 50ml,https://p16-oec-sg.ibyteimg.com/tos-alisg-i-aphluv4xwc-sg/e34ab459d15b4717b53d8bd8fe469991~tplv-aphluv4xwc-origin-jpeg.jpeg?dr=15568&t=555f072d&ps=933b5bde&shp=54477afb&shcp=3c3d9ffb&idc=my&from=1413970683,VIE GROUP HCM,02/10/2026 15:22,,--
586368819897468755,,Đang giao hàng,TikTok,TTEPRIME-MALL-HCM,--,--,1350,1,CERAVE Sữa Rửa Mặt Foaming Cleanser - 30ml FRANCE,https://p16-oec-sg.ibyteimg.com/tos-alisg-i-aphluv4xwc-sg/50806a02e3104a3bb34e537bc386ab64~tplv-aphluv4xwc-origin-jpeg.jpeg?dr=15568&t=555f072d&ps=933b5bde&shp=54477afb&shcp=3c3d9ffb&idc=my&from=1413970683,VIE GROUP HCM,02/10/2026 15:21,,--
586368771289810771,,Đã hủy,TikTok,TTEPRIME-MALL-HCM,--,--,1350,1,CERAVE Sữa Rửa Mặt Foaming Cleanser - 30ml FRANCE,https://p16-oec-sg.ibyteimg.com/tos-alisg-i-aphluv4xwc-sg/50806a02e3104a3bb34e537bc386ab64~tplv-aphluv4xwc-origin-jpeg.jpeg?dr=15568&t=555f072d&ps=933b5bde&shp=54477afb&shcp=3c3d9ffb&idc=my&from=1413970683,VIE GROUP HCM,02/10/2026 15:19,,--
586368673736591344,,Đang giao hàng,TikTok,TTEPRIME-MALL-HCM,--,--,1666,1,FEMFRESH Dung Dịch Vệ Sinh Active Fresh Wash Xanh Dương 250ml,https://p16-oec-va.ibyteimg.com/tos-maliva-i-o3syd03w52-us/a2885f832bf7440693dae43ceeaf77db~tplv-o3syd03w52-origin-jpeg.jpeg?dr=15568&t=555f072d&ps=933b5bde&shp=54477afb&shcp=3c3d9ffb&idc=my2&from=1413970683,VIE GROUP HCM,02/10/2026 15:15,,--
261002J8RFXGB1,,Đang giao hàng,Shopee,SHVIEPro-HANOI,--,--,1980,1,LOREAL Nước Tẩy Trang Revitalift Crystal Purifying Micellar Water [Xám] - 95ml,https://cf.shopee.vn/file/vn-11134207-7r98o-lp3u0heu5rh71b_tn,COSMEE HA NOI,02/10/2026 15:11,,--
586368526913668191,,Đang giao hàng,TikTok,TTEPRIME-MALL-HCM,--,--,1350,1,CERAVE Sữa Rửa Mặt Foaming Cleanser - 30ml FRANCE,https://p16-oec-sg.ibyteimg.com/tos-alisg-i-aphluv4xwc-sg/50806a02e3104a3bb34e537bc386ab64~tplv-aphluv4xwc-origin-jpeg.jpeg?dr=15568&t=555f072d&ps=933b5bde&shp=54477afb&shcp=3c3d9ffb&idc=my3&from=1413970683,VIE GROUP HCM,02/10/2026 15:05,,--
261002J8ANET4X,,Chờ in,Shopee,SHEP - HCM,--,--,1648,1,ETIAXIL Xịt khử mùi chân Déodorant Anti-Transpirant 48h Pieds 100ml,https://cf.shopee.vn/file/vn-11134207-7r98o-lxm1wdvbaf2z08_tn,VIE GROUP HCM,02/10/2026 15:03,,--
586368483680880549,,Đang giao hàng,TikTok,TTEPRIME-MALL-HCM,--,--,2026,1,LRP Sữa Rửa Mặt Effaclar Purifying Foaming Gel - 50ml,https://p16-oec-sg.ibyteimg.com/tos-alisg-i-aphluv4xwc-sg/e34ab459d15b4717b53d8bd8fe469991~tplv-aphluv4xwc-origin-jpeg.jpeg?dr=15568&t=555f072d&ps=933b5bde&shp=54477afb&shcp=3c3d9ffb&idc=my&from=1413970683,VIE GROUP HCM,02/10/2026 15:02,,--
261002J85S1BM6,,Đang giao hàng,Shopee,SHVIEPro-HANOI,--,--,1982,1,LOREAL Nước Tẩy Trang Revitalift Hyaluronic Acid Hydrating Micellar Water [Tím] - 95ml,https://cf.shopee.vn/file/vn-11134207-7r98o-lp3u0heu761n71_tn,COSMEE HA NOI,02/10/2026 15:01,04/10/2026 17:22,--
586368481511310937,,Đang giao hàng,TikTok,TTEPRIME-MALL-HCM,--,--,1350,1,CERAVE Sữa Rửa Mặt Foaming Cleanser - 30ml FRANCE,https://p16-oec-sg.ibyteimg.com/tos-alisg-i-aphluv4xwc-sg/50806a02e3104a3bb34e537bc386ab64~tplv-aphluv4xwc-origin-jpeg.jpeg?dr=15568&t=555f072d&ps=933b5bde&shp=54477afb&shcp=3c3d9ffb&idc=my&from=1413970683,VIE GROUP HCM,02/10/2026 15:00,,--
586368407076832974,,Đang giao hàng,TikTok,TTEPRIME-MALL-HCM,--,--,1350,1,CERAVE Sữa Rửa Mặt Foaming Cleanser - 30ml FRANCE,https://p16-oec-sg.ibyteimg.com/tos-alisg-i-aphluv4xwc-sg/b203882fafcc4a5dbc6ce5bef84bd40b~tplv-aphluv4xwc-origin-jpeg.jpeg?dr=15568&t=555f072d&ps=933b5bde&shp=54477afb&shcp=3c3d9ffb&idc=my2&from=1413970683,VIE GROUP HCM,02/10/2026 15:00,,--
586368420011279976,,Đang giao hàng,TikTok,TTEPRIME-MALL-HCM,--,--,1350,1,CERAVE Sữa Rửa Mặt Foaming Cleanser - 30ml FRANCE,https://p16-oec-sg.ibyteimg.com/tos-alisg-i-aphluv4xwc-sg/50806a02e3104a3bb34e537bc386ab64~tplv-aphluv4xwc-origin-jpeg.jpeg?dr=15568&t=555f072d&ps=933b5bde&shp=54477afb&shcp=3c3d9ffb&idc=my&from=1413970683,VIE GROUP HCM,02/10/2026 14:59,,--
586368409648858637,,Đang giao hàng,TikTok,TTEPRIME-MALL-HCM,--,--,CB1350.3,1,COMBO 3 Chai 30ml CERAVE Sữa Rửa Mặt Foaming Cleanser,https://p16-oec-sg.ibyteimg.com/tos-alisg-i-aphluv4xwc-sg/a2376db661934510bc5ab6e7f01657b3~tplv-aphluv4xwc-origin-jpeg.jpeg?dr=15568&t=555f072d&ps=933b5bde&shp=54477afb&shcp=3c3d9ffb&idc=my2&from=1413970683,VIE GROUP HCM,02/10/2026 14:58,,--
261002J7QSPYUB,,Trả hàng & Hoàn tiền,Shopee,SHEPRIME-HCM,--,--,1498,1,CORINE DE FARME BABY LOTION - 250ml,https://cf.shopee.vn/file/vn-11134207-7r98o-luj0elummnte9e_tn,VIE GROUP HCM,02/10/2026 14:53,,--
586368354871314327,,Đang giao hàng,TikTok,TTEPRIME-MALL-HCM,--,--,2026,1,LRP Sữa Rửa Mặt Effaclar Purifying Foaming Gel - 50ml,https://p16-oec-sg.ibyteimg.com/tos-alisg-i-aphluv4xwc-sg/e34ab459d15b4717b53d8bd8fe469991~tplv-aphluv4xwc-origin-jpeg.jpeg?dr=15568&t=555f072d&ps=933b5bde&shp=54477afb&shcp=3c3d9ffb&idc=my&from=1413970683,VIE GROUP HCM,02/10/2026 14:52,,--
586368362712696727,,Đã hủy,TikTok,TTEPRIME-MALL-HCM,--,--,2026,1,LRP Sữa Rửa Mặt Effaclar Purifying Foaming Gel - 50ml,https://p16-oec-sg.ibyteimg.com/tos-alisg-i-aphluv4xwc-sg/e34ab459d15b4717b53d8bd8fe469991~tplv-aphluv4xwc-origin-jpeg.jpeg?dr=15568&t=555f072d&ps=933b5bde&shp=54477afb&shcp=3c3d9ffb&idc=my2&from=1413970683,VIE GROUP HCM,02/10/2026 14:51,,--
261002J7MHTK06,,Đang giao hàng,Shopee,SHVIECosme HCM,--,--,1882,1,KEYSHU mặt nạ dưỡng da - 1 Miếng ( Hành Tím ),https://cf.shopee.vn/file/vn-11134207-81ztc-ms9j7s0atu6g77_tn,VIE GROUP HCM,02/10/2026 14:51,,--
586368298204235470,,Đã hủy,TikTok,TTVIESGN-HCM,--,--,1350,1,CERAVE Sữa Rửa Mặt Foaming Cleanser - 30ml FRANCE,https://p16-oec-sg.ibyteimg.com/tos-alisg-i-aphluv4xwc-sg/e6a9105da8614796ac0e8db7403f7c49~tplv-aphluv4xwc-origin-jpeg.jpeg?dr=15568&t=555f072d&ps=933b5bde&shp=54477afb&shcp=3c3d9ffb&idc=my2&from=1413970683,VIE GROUP HCM,02/10/2026 14:47,,Chờ xử lý
586368277711914116,,Đang giao hàng,TikTok,TTASCosme - HANOI,--,--,1316,1,CARSLAN PHẤN PHỦ  BLACK  MAGNET SOFT FOCUS  MAKE-UP POWDER 01  PHẤN PHỦ 1G,https://p16-oec-sg.ibyteimg.com/tos-alisg-i-aphluv4xwc-sg/d2cb1f22cafd4b1ba10efa9968230ba9~tplv-aphluv4xwc-origin-jpeg.jpeg?dr=15568&t=555f072d&ps=933b5bde&shp=54477afb&shcp=3c3d9ffb&idc=my2&from=1413970683,COSMEE HA NOI,02/10/2026 14:47,,--
261002J7AM65T5,,Nền tảng đang xử lý,Shopee,SHVIECosme HCM,--,--,1127,1,Aspasia - Xịt Khoáng Aspasia Moist Up Face Mist Aloe Làm Dịu Mát Bổ Sung Độ Ẩm Cho Làn Da Rạng Rỡ 150ml,https://cf.shopee.vn/file/vn-11134207-81ztc-mpsziotao3ya56_tn,VIE GROUP HCM,02/10/2026 14:45,,--
261002J78U1JNE,,Đã hủy,Shopee,SHVIECosme HCM,--,--,1127,1,Aspasia - Xịt Khoáng Aspasia Moist Up Face Mist Aloe Làm Dịu Mát Bổ Sung Độ Ẩm Cho Làn Da Rạng Rỡ 150ml,https://cf.shopee.vn/file/vn-11134207-81ztc-mpsziotao3ya56_tn,VIE GROUP HCM,02/10/2026 14:44,,Chờ xử lý
586368176718840955,,Đang giao hàng,TikTok,TTEPRIME-MALL-HCM,--,--,2026,1,LRP Sữa Rửa Mặt Effaclar Purifying Foaming Gel - 50ml,https://p16-oec-sg.ibyteimg.com/tos-alisg-i-aphluv4xwc-sg/e34ab459d15b4717b53d8bd8fe469991~tplv-aphluv4xwc-origin-jpeg.jpeg?dr=15568&t=555f072d&ps=933b5bde&shp=54477afb&shcp=3c3d9ffb&idc=my2&from=1413970683,VIE GROUP HCM,02/10/2026 14:40,,--
261002J7105D7T,,Đang giao hàng,Shopee,SHVIECosme HCM,--,--,1472,1,COMPLIMENT Sữa rửa mặt No Problem 200ml - Hồng,https://cf.shopee.vn/file/vn-11134207-81ztc-mr8kkbibchs2de_tn,VIE GROUP HCM,02/10/2026 14:40,05/10/2026 06:18,--
586368168058914575,,Đang giao hàng,TikTok,TTASCosme - HANOI,--,--,1316,1,CARSLAN PHẤN PHỦ  BLACK  MAGNET SOFT FOCUS  MAKE-UP POWDER 01  PHẤN PHỦ 1G,https://p16-oec-sg.ibyteimg.com/tos-alisg-i-aphluv4xwc-sg/d2cb1f22cafd4b1ba10efa9968230ba9~tplv-aphluv4xwc-origin-jpeg.jpeg?dr=15568&t=555f072d&ps=933b5bde&shp=54477afb&shcp=3c3d9ffb&idc=my2&from=1413970683,COSMEE HA NOI,02/10/2026 14:39,,--
586368136119551872,,Đang giao hàng,TikTok,TTEPRIME-MALL-HCM,--,--,2026,1,LRP Sữa Rửa Mặt Effaclar Purifying Foaming Gel - 50ml,https://p16-oec-sg.ibyteimg.com/tos-alisg-i-aphluv4xwc-sg/e34ab459d15b4717b53d8bd8fe469991~tplv-aphluv4xwc-origin-jpeg.jpeg?dr=15568&t=555f072d&ps=933b5bde&shp=54477afb&shcp=3c3d9ffb&idc=my2&from=1413970683,VIE GROUP HCM,02/10/2026 14:36,,--
586368064280888879,,Đang giao hàng,TikTok,TTEPRIME-MALL-HCM,--,--,CB2026.3,1,COMBO 3 TUÝP LRP Sữa Rửa Mặt Effaclar Purifying Foaming Gel - 50ml,https://p16-oec-sg.ibyteimg.com/tos-alisg-i-aphluv4xwc-sg/4fdb1010396942c6bcbbb4ff16ba3159~tplv-aphluv4xwc-origin-jpeg.jpeg?dr=15568&t=555f072d&ps=933b5bde&shp=54477afb&shcp=3c3d9ffb&idc=my&from=1413970683,VIE GROUP HCM,02/10/2026 14:30,,--
586368002138408414,,Đang giao hàng,TikTok,TTEPRIME-MALL-HCM,--,--,1845,1,JOHNSON'S Nước hoa Baby hương ban mai - 50ml (tím),https://p16-oec-va.ibyteimg.com/tos-maliva-i-o3syd03w52-us/7f684b0b694d4bdaabfcb2ddab3ad6d4~tplv-o3syd03w52-origin-jpeg.jpeg?dr=15568&t=555f072d&ps=933b5bde&shp=54477afb&shcp=3c3d9ffb&idc=my2&from=1413970683,VIE GROUP HCM,02/10/2026 14:25,,--
586367988122027469,,Đang giao hàng,TikTok,TTVIESGN-HCM,--,--,1350,1,CERAVE Sữa Rửa Mặt Foaming Cleanser - 30ml FRANCE,https://p16-oec-sg.ibyteimg.com/tos-alisg-i-aphluv4xwc-sg/e6a9105da8614796ac0e8db7403f7c49~tplv-aphluv4xwc-origin-jpeg.jpeg?dr=15568&t=555f072d&ps=933b5bde&shp=54477afb&shcp=3c3d9ffb&idc=my2&from=1413970683,VIE GROUP HCM,02/10/2026 14:24,,--
586367940382656356,,Đã hủy,TikTok,TTVIEPRIME-HANOI,--,--,,1,VASELINE Sáp Dưỡng Ẩm Pure Petroleum Jelly - 100ml,https://p16-oec-sg.ibyteimg.com/tos-alisg-i-aphluv4xwc-sg/41f8220f8d624c0e9f85614b053ec0b3~tplv-aphluv4xwc-origin-jpeg.jpeg?dr=15568&t=555f072d&ps=933b5bde&shp=54477afb&shcp=3c3d9ffb&idc=my&from=1413970683,COSMEE HA NOI,02/10/2026 14:23,,Chờ xử lý
586367963566016198,,Đã hủy,TikTok,TTEPRIME-MALL-HCM,--,--,CB1350.3,1,COMBO 3 Chai 30ml CERAVE Sữa Rửa Mặt Foaming Cleanser,https://p16-oec-sg.ibyteimg.com/tos-alisg-i-aphluv4xwc-sg/a2376db661934510bc5ab6e7f01657b3~tplv-aphluv4xwc-origin-jpeg.jpeg?dr=15568&t=555f072d&ps=933b5bde&shp=54477afb&shcp=3c3d9ffb&idc=my2&from=1413970683,VIE GROUP HCM,02/10/2026 14:22,,Chờ xử lý
261002J5XX5H2D,,Đang giao hàng,Shopee,SHVIEPro-HANOI,--,--,2140,1,LRP Sữa Rửa Mặt Effaclar Purifying Foaming Gel - 50ml,https://cf.shopee.vn/file/vn-11134207-7r98o-lsja2w3y1ok985_tn,COSMEE HA NOI,02/10/2026 14:21,,--
261002J5WYNDC4,,Đang giao hàng,Shopee,SHVIEPro-HANOI,--,--,1451,1,"COMPLIMENT Kem dưỡng No problem AHA-BHA-PHA phục hồi, tái tạo da dầu mụn 50ml",https://cf.shopee.vn/file/vn-11134207-7r98o-ltdapj6ukv5w5e_tn,COSMEE HA NOI,02/10/2026 14:20,,--
586367957587625199,,Đang giao hàng,TikTok,TTASCosme - HANOI,--,--,1316,1,CARSLAN PHẤN PHỦ  BLACK  MAGNET SOFT FOCUS  MAKE-UP POWDER 01  PHẤN PHỦ 1G,https://p16-oec-sg.ibyteimg.com/tos-alisg-i-aphluv4xwc-sg/d2cb1f22cafd4b1ba10efa9968230ba9~tplv-aphluv4xwc-origin-jpeg.jpeg?dr=15568&t=555f072d&ps=933b5bde&shp=54477afb&shcp=3c3d9ffb&idc=my2&from=1413970683,COSMEE HA NOI,02/10/2026 14:20,,--
261002J5VWA9G6,,Đang giao hàng,Shopee,SHVIECosme HCM,--,--,1127,1,Aspasia - Xịt Khoáng Aspasia Moist Up Face Mist Aloe Làm Dịu Mát Bổ Sung Độ Ẩm Cho Làn Da Rạng Rỡ 150ml,https://cf.shopee.vn/file/vn-11134207-81ztc-mpsziotao3ya56_tn,VIE GROUP HCM,02/10/2026 14:20,,--
261002J5MWNVTM,,Nền tảng đang xử lý,Shopee,SHVIECosme HCM,--,--,1127,1,Aspasia - Xịt Khoáng Aspasia Moist Up Face Mist Aloe Làm Dịu Mát Bổ Sung Độ Ẩm Cho Làn Da Rạng Rỡ 150ml,https://cf.shopee.vn/file/vn-11134207-81ztc-mpsziotao3ya56_tn,VIE GROUP HCM,02/10/2026 14:15,,--
586367855425783303,,Đang giao hàng,TikTok,TTVIESGN-HCM,--,--,1350,1,CERAVE Sữa Rửa Mặt Foaming Cleanser - 30ml FRANCE,https://p16-oec-va.ibyteimg.com/tos-maliva-i-o3syd03w52-us/e3e9667ce3494a6c8150fb489cb2491d~tplv-o3syd03w52-origin-jpeg.jpeg?dr=15568&t=555f072d&ps=933b5bde&shp=54477afb&shcp=3c3d9ffb&idc=my2&from=1413970683,VIE GROUP HCM,02/10/2026 14:14,,--
586367916406769485,,Đang giao hàng,TikTok,TTVIEPRIME-HANOI,--,--,,1,COMBO VASELINE Sáp Dưỡng Ẩm Pure Petroleum Jelly 50ml + OEM Cọ tán son môi Silicon,https://p16-oec-sg.ibyteimg.com/tos-alisg-i-aphluv4xwc-sg/41f8220f8d624c0e9f85614b053ec0b3~tplv-aphluv4xwc-origin-jpeg.jpeg?dr=15568&t=555f072d&ps=933b5bde&shp=54477afb&shcp=3c3d9ffb&idc=my3&from=1413970683,COSMEE HA NOI,02/10/2026 14:14,,--
261002J5F2S1SC,,Đã hủy,Shopee,SHEP - HCM,--,--,1922,1,LA SOIRÉE Bông Tẩy Trang 100% Cotton Siêu Mềm Siêu Mịn - 225 Miếng Tròn,https://cf.shopee.vn/file/vn-11134207-7r98o-lzce2ic901n118_tn,VIE GROUP HCM,02/10/2026 14:12,,Đang giao hàng
586367792241673762,,Đang giao hàng,TikTok,TTEPRIME-MALL-HCM,--,--,CB2026.3,1,COMBO 3 TUÝP LRP Sữa Rửa Mặt Effaclar Purifying Foaming Gel - 50ml,https://p16-oec-sg.ibyteimg.com/tos-alisg-i-aphluv4xwc-sg/4fdb1010396942c6bcbbb4ff16ba3159~tplv-aphluv4xwc-origin-jpeg.jpeg?dr=15568&t=555f072d&ps=933b5bde&shp=54477afb&shcp=3c3d9ffb&idc=my2&from=1413970683,VIE GROUP HCM,02/10/2026 14:10,,--
586367728373172105,,Đang giao hàng,TikTok,TTEPRIME-MALL-HCM,--,--,CB1350.3,3,COMBO 3 Chai 30ml CERAVE Sữa Rửa Mặt Foaming Cleanser,https://p16-oec-sg.ibyteimg.com/tos-alisg-i-aphluv4xwc-sg/a2376db661934510bc5ab6e7f01657b3~tplv-aphluv4xwc-origin-jpeg.jpeg?dr=15568&t=555f072d&ps=933b5bde&shp=54477afb&shcp=3c3d9ffb&idc=my&from=1413970683,VIE GROUP HCM,02/10/2026 14:03,,--
ODWTB4052071,,Chờ xử lý,Manual,ePharmacy_ws,CN00000733,CHỊ VI ĐỖ (epharmacy),2282,3,RMON Kem Dưỡng Trắng Da Body Tế Bào Gốc White Label Dia Whitening Cream 200ml,https://res.bigseller.pro/sku/images/merchantsku/944484/156547_1760088266755.jpg?imageView2/1/w/300/h/300,VIE GROUP HCM,02/10/2026 14:03,,--
ODWTB4052071,,Chờ xử lý,Manual,ePharmacy_ws,CN00000733,CHỊ VI ĐỖ (epharmacy),2094,2,MEGADUO Gel dưỡng 15g - bản thường,https://res.bigseller.pro/sku/images/merchantsku/944484/708543_1754366311150.jpg?imageView2/1/w/300/h/300,VIE GROUP HCM,02/10/2026 14:03,,--
ODWTB4052071,,Chờ xử lý,Manual,ePharmacy_ws,CN00000733,CHỊ VI ĐỖ (epharmacy),2039,2,LRP Kem Chống Nắng Nâng Tông Kiềm Dầu Anthelios XL SPF 50+ PA++++ 50ml ( Mẫu mới XL),https://res.bigseller.pro/sku/images/merchantsku/944484/417624_1754364213772.jpg?imageView2/1/w/300/h/300,VIE GROUP HCM,02/10/2026 14:03,,--
ODWTB4052071,,Chờ xử lý,Manual,ePharmacy_ws,CN00000733,CHỊ VI ĐỖ (epharmacy),1547,2,DERMA FORTE Gel giảm mụn 15g - Bản thường,https://res.bigseller.pro/sku/images/merchantsku/944484/830774_1754365626073.jpg?imageView2/1/w/300/h/300,VIE GROUP HCM,02/10/2026 14:03,,--
ODWTB4052071,,Chờ xử lý,Manual,ePharmacy_ws,CN00000733,CHỊ VI ĐỖ (epharmacy),1909,30,Kr.Lab Mặt Nạ Kr.Lab+ B5 EGF Complex Mask 25ml - lẻ 1 miếng,https://res.bigseller.pro/sku/images/merchantsku/944484/031692_1754365626985.jpg?imageView2/1/w/300/h/300,VIE GROUP HCM,02/10/2026 14:03,,--
ODWTB4052071,,Chờ xử lý,Manual,ePharmacy_ws,CN00000733,CHỊ VI ĐỖ (epharmacy),2276,2,PRETTYSKIN Serum B5 PRETTYSKIN Hydra Max 50ml - Xanh nhạt,https://res.bigseller.pro/sku/images/merchantsku/944484/865070_1754365716690.jpg?imageView2/1/w/300/h/300,VIE GROUP HCM,02/10/2026 14:03,,--
ODWTB4052071,,Chờ xử lý,Manual,ePharmacy_ws,CN00000733,CHỊ VI ĐỖ (epharmacy),1321,10,CARYOPHY Mặt nạ Portulaca Mask Sheet 3IN1 22g - 01 miếng,https://res.bigseller.pro/sku/images/merchantsku/944484/449102_1754366311773.jpg?imageView2/1/w/300/h/300,VIE GROUP HCM,02/10/2026 14:03,,--
ODWTB4052071,,Chờ xử lý,Manual,ePharmacy_ws,CN00000733,CHỊ VI ĐỖ (epharmacy),1202,10,BANOBAGI Mặt Nạ Vita Genic Jelly Mask Vitalizing 30ml - Màu Xanh Lá,https://res.bigseller.pro/sku/images/merchantsku/944484/608983_1754366315657.jpg?imageView2/1/w/300/h/300,VIE GROUP HCM,02/10/2026 14:03,,--
ODWTB4052071,,Chờ xử lý,Manual,ePharmacy_ws,CN00000733,CHỊ VI ĐỖ (epharmacy),1203,10,BANOBAGI Mặt Nạ Vita Genic Jelly Mask Vitalizing 30ml - Màu Xanh Ngọc,https://res.bigseller.pro/sku/images/merchantsku/944484/137530_1754365911963.jpg?imageView2/1/w/300/h/300,VIE GROUP HCM,02/10/2026 14:03,,--
ODWTB4052071,,Chờ xử lý,Manual,ePharmacy_ws,CN00000733,CHỊ VI ĐỖ (epharmacy),1200,10,BANOBAGI Mặt Nạ Vita Genic Jelly Mask Vitalizing 30ml - Màu Vàng,https://res.bigseller.pro/sku/images/merchantsku/944484/780005_1754365819951.jpg?imageView2/1/w/300/h/300,VIE GROUP HCM,02/10/2026 14:03,,--
ODWTB4052071,,Chờ xử lý,Manual,ePharmacy_ws,CN00000733,CHỊ VI ĐỖ (epharmacy),2763,2,SO'NATURAL Serum Red Peel Tingle Serum - 11ml ( CHỮ ĐỎ ),https://res.bigseller.pro/sku/images/merchantsku/944484/333933_1782467201300.jpg?imageView2/1/w/300/h/300,VIE GROUP HCM,02/10/2026 14:03,,--
ODWTB4052071,,Chờ xử lý,Manual,ePharmacy_ws,CN00000733,CHỊ VI ĐỖ (epharmacy),2543,3,VASELINE Kem dưỡng tay và móng Deep Moisture Hand & Nail Cream 60ml,https://res.bigseller.pro/sku/images/merchantsku/944484/153601_1754365714065.jpg?imageView2/1/w/300/h/300,VIE GROUP HCM,02/10/2026 14:03,,--
ODWTB4052071,,Chờ xử lý,Manual,ePharmacy_ws,CN00000733,CHỊ VI ĐỖ (epharmacy),1669,2,FEMFRESH Dung Dịch Vệ Sinh Phụ Nữ Daily Intimate Wash Cam 250ml,https://res.bigseller.pro/sku/images/merchantsku/944484/571086_1754364220887.jpg?imageView2/1/w/300/h/300,VIE GROUP HCM,02/10/2026 14:03,,--
ODWTB4052071,,Chờ xử lý,Manual,ePharmacy_ws,CN00000733,CHỊ VI ĐỖ (epharmacy),3189,2,TESORI D'ORIENTE Sữa tắm nước hoa Tinh dầu Ikigai - 250ml,https://res.bigseller.pro/sku/images/merchantsku/944484/618077_1789447923980.jpg?imageView2/1/w/300/h/300,VIE GROUP HCM,02/10/2026 14:03,,--
261002J4TY1QDD,,Đang giao hàng,Shopee,SHVIECosme HCM,--,--,1472,2,COMPLIMENT Sữa rửa mặt No Problem 200ml - Hồng,https://cf.shopee.vn/file/vn-11134207-81ztc-mr8kkbibchs2de_tn,VIE GROUP HCM,02/10/2026 14:01,03/10/2026 17:44,--
261002J4TW6M2T,,Đang giao hàng,Shopee,SHEP - HCM,--,--,1035,1,ACNE AID SOAP BAR OIL CONTROL XÀ PHÒNG - ĐỎ,https://cf.shopee.vn/file/vn-11134207-7ras8-m4o4l3ysh46o1c_tn,VIE GROUP HCM,02/10/2026 14:01,,--
586367583657690127,,Đang giao hàng,TikTok,TTEPRIME-MALL-HCM,--,--,CB2026.3,1,COMBO 3 TUÝP LRP Sữa Rửa Mặt Effaclar Purifying Foaming Gel - 50ml,https://p16-oec-sg.ibyteimg.com/tos-alisg-i-aphluv4xwc-sg/4fdb1010396942c6bcbbb4ff16ba3159~tplv-aphluv4xwc-origin-jpeg.jpeg?dr=15568&t=555f072d&ps=933b5bde&shp=54477afb&shcp=3c3d9ffb&idc=my&from=1413970683,VIE GROUP HCM,02/10/2026 13:58,,--
586367613402318028,,Đã hủy,TikTok,TTASCosme - HANOI,--,--,,1,,https://p16-oec-sg.ibyteimg.com/tos-alisg-i-aphluv4xwc-sg/69373072c3f94d72946e7613adccd008~tplv-aphluv4xwc-origin-jpeg.jpeg?dr=15568&t=555f072d&ps=933b5bde&shp=54477afb&shcp=3c3d9ffb&idc=my&from=1413970683,COSMEE HA NOI,02/10/2026 13:56,,Chờ xử lý
586367566533985568,,Đã hủy,TikTok,TTVIEPRIME-HANOI,--,--,,1,VASELINE Sáp Dưỡng ẨmPure Petroleum Jelly Original 5.5g,https://p16-oec-sg.ibyteimg.com/tos-alisg-i-aphluv4xwc-sg/41f8220f8d624c0e9f85614b053ec0b3~tplv-aphluv4xwc-origin-jpeg.jpeg?dr=15568&t=555f072d&ps=933b5bde&shp=54477afb&shcp=3c3d9ffb&idc=my&from=1413970683,COSMEE HA NOI,02/10/2026 13:56,,Chờ xử lý
586367625237202631,,Đang giao hàng,TikTok,TTVIESGN-HCM,--,--,2477,1,TIAM Serum Vita A Bakuchiol Youth Serum 40ml,https://p16-oec-va.ibyteimg.com/tos-maliva-i-o3syd03w52-us/d1b9892351694893821e0e38d3a24acc~tplv-o3syd03w52-origin-jpeg.jpeg?dr=15568&t=555f072d&ps=933b5bde&shp=54477afb&shcp=3c3d9ffb&idc=my2&from=1413970683,VIE GROUP HCM,02/10/2026 13:55,,--
586367537886234078,,Đang giao hàng,TikTok,TTEPRIME-MALL-HCM,--,--,2026,1,LRP Sữa Rửa Mặt Effaclar Purifying Foaming Gel - 50ml,https://p16-oec-sg.ibyteimg.com/tos-alisg-i-aphluv4xwc-sg/e34ab459d15b4717b53d8bd8fe469991~tplv-aphluv4xwc-origin-jpeg.jpeg?dr=15568&t=555f072d&ps=933b5bde&shp=54477afb&shcp=3c3d9ffb&idc=my2&from=1413970683,VIE GROUP HCM,02/10/2026 13:53,,--
586367540883916046,,Đang giao hàng,TikTok,TTEPRIME-MALL-HCM,--,--,CB2026.3,1,COMBO 3 TUÝP LRP Sữa Rửa Mặt Effaclar Purifying Foaming Gel - 50ml,https://p16-oec-sg.ibyteimg.com/tos-alisg-i-aphluv4xwc-sg/4fdb1010396942c6bcbbb4ff16ba3159~tplv-aphluv4xwc-origin-jpeg.jpeg?dr=15568&t=555f072d&ps=933b5bde&shp=54477afb&shcp=3c3d9ffb&idc=my&from=1413970683,VIE GROUP HCM,02/10/2026 13:48,,--
261002J4325JBF,,Đã hủy,Shopee,SHVIEPro-HANOI,--,--,1982,1,LOREAL Nước Tẩy Trang Revitalift Hyaluronic Acid Hydrating Micellar Water [Tím] - 95ml,https://cf.shopee.vn/file/vn-11134207-7r98o-lp3u0heu761n71_tn,COSMEE HA NOI,02/10/2026 13:47,,--
261002J4129CM9,,Đang giao hàng,Shopee,SHVIEPro-HANOI,--,--,1982,1,LOREAL Nước Tẩy Trang Revitalift Hyaluronic Acid Hydrating Micellar Water [Tím] - 95ml,https://cf.shopee.vn/file/vn-11134207-7r98o-lp3u0heu761n71_tn,COSMEE HA NOI,02/10/2026 13:46,03/10/2026 10:54,--
586367423040619554,,Đang giao hàng,TikTok,TTASCosme - HANOI,--,--,2026,1,LRP Sữa Rửa Mặt Effaclar Purifying Foaming Gel - 50ml,https://p16-oec-sg.ibyteimg.com/tos-alisg-i-aphluv4xwc-sg/06bec7f4529a4a5fa5d0422d879eafd0~tplv-aphluv4xwc-origin-jpeg.jpeg?dr=15568&t=555f072d&ps=933b5bde&shp=54477afb&shcp=3c3d9ffb&idc=my3&from=1413970683,VIE GROUP HCM,02/10/2026 13:45,,--
586367398982813507,,Đang giao hàng,TikTok,TTASCosme - HANOI,--,--,,1,JOHNSON'S Dầu massage Baby Oil pink - 50ml,https://p16-oec-sg.ibyteimg.com/tos-alisg-i-aphluv4xwc-sg/69373072c3f94d72946e7613adccd008~tplv-aphluv4xwc-origin-jpeg.jpeg?dr=15568&t=555f072d&ps=933b5bde&shp=54477afb&shcp=3c3d9ffb&idc=my2&from=1413970683,VIE GROUP HCM,02/10/2026 13:42,,--
586367325845554384,,Đang giao hàng,TikTok,TTVIEPRIME-HANOI,--,--,,1,VASELINE Sáp Dưỡng Ẩm Pure Petroleum Jelly - 100ml,https://p16-oec-sg.ibyteimg.com/tos-alisg-i-aphluv4xwc-sg/41f8220f8d624c0e9f85614b053ec0b3~tplv-aphluv4xwc-origin-jpeg.jpeg?dr=15568&t=555f072d&ps=933b5bde&shp=54477afb&shcp=3c3d9ffb&idc=my2&from=1413970683,COSMEE HA NOI,02/10/2026 13:38,,--
586367358821893135,,Đang giao hàng,TikTok,TTEPRIME-MALL-HCM,--,--,1849,1,JOHNSON'S Nước hoa Baby hương phấn hoa - 50ml (hồng),https://p16-oec-va.ibyteimg.com/tos-maliva-i-o3syd03w52-us/c805bcb935ab4f288666cffb67990579~tplv-o3syd03w52-origin-jpeg.jpeg?dr=15568&t=555f072d&ps=933b5bde&shp=54477afb&shcp=3c3d9ffb&idc=my2&from=1413970683,VIE GROUP HCM,02/10/2026 13:35,,--
261002J3DDU6VP,,Đã hoàn thành,Shopee,SHVIEMart - HCM,--,--,1004,1,Dũa móng 6 mặt [XT],https://cf.shopee.vn/file/vn-11134207-7ras8-mch930lruncdfb_tn,VIE GROUP HCM,02/10/2026 13:35,04/10/2026 01:22,--
261002J3BTC0JJ,,Đã hoàn thành,Shopee,SHVIEMart - HCM,--,--,CB1943.3,1,LAMEILA Bông tẩy trang 222 miếng [Vàng FM] – COMBO 3 gói,https://cf.shopee.vn/file/sg-11134201-824go-mejgexxx261250_tn,VIE GROUP HCM,02/10/2026 13:34,04/10/2026 13:34,--
261002J3AN5XY8,,Đang giao hàng,Shopee,SHEP - HCM,--,--,,1,COTTON NATURAL FLEXIBL Khăn Lau Mặt Đa Năng Hồng - 50 tờ,https://cf.shopee.vn/file/vn-11134207-81ztc-msoxvtoc268095_tn,VIE GROUP HCM,02/10/2026 13:34,,--
261002J3AN5XY8,,Đang giao hàng,Shopee,SHEP - HCM,--,--,2334,1,SENSILIS Gel Rửa Mặt Purify Essential Cleanser  - 400ml,https://cf.shopee.vn/file/vn-11134207-820l4-mhbd29cd1jwr22_tn,VIE GROUP HCM,02/10/2026 13:34,,--
529456615193244,,Đang giao hàng,Lazada,LZDEPRIME-MALL - HCM,--,--,1670 HỒNG SOOTHING,1,FEMFRESH Dung Dịch Vệ Sinh Phụ Nữ Soothing Wash Hồng 250ml,https://sg-test-11.slatic.net/p/4874d697f56e4e06145e0d018faadb8e.jpg,VIE GROUP HCM,02/10/2026 13:34,,--
586367241115371049,,Đang giao hàng,TikTok,TTVIEPRIME-HANOI,--,--,,1,VASELINE Sáp Dưỡng Ẩm Pure Petroleum Jelly - 100ml,https://p16-oec-sg.ibyteimg.com/tos-alisg-i-aphluv4xwc-sg/41f8220f8d624c0e9f85614b053ec0b3~tplv-aphluv4xwc-origin-jpeg.jpeg?dr=15568&t=555f072d&ps=933b5bde&shp=54477afb&shcp=3c3d9ffb&idc=my3&from=1413970683,COSMEE HA NOI,02/10/2026 13:32,,--
261002J34X1Y9Q,,Đang giao hàng,Shopee,SHEP - HCM,--,--,2100,1,MINISO Bông tẩy trang Nhật Bản 100% 180 Miếng,https://cf.shopee.vn/file/vn-11134207-81ztc-mtmgtix9883o2d_tn,VIE GROUP HCM,02/10/2026 13:31,,--
586367202647246532,,Đang giao hàng,TikTok,TTEPRIME-MALL-HCM,--,--,CB2026.3,1,COMBO 3 TUÝP LRP Sữa Rửa Mặt Effaclar Purifying Foaming Gel - 50ml,https://p16-oec-sg.ibyteimg.com/tos-alisg-i-aphluv4xwc-sg/4fdb1010396942c6bcbbb4ff16ba3159~tplv-aphluv4xwc-origin-jpeg.jpeg?dr=15568&t=555f072d&ps=933b5bde&shp=54477afb&shcp=3c3d9ffb&idc=my&from=1413970683,VIE GROUP HCM,02/10/2026 13:29,,--
586367263015011651,,Đang giao hàng,TikTok,TTVIEPRIME-HANOI,--,--,CB2026.3,1,COMBO 3 TUÝP LRP Sữa Rửa Mặt Effaclar Purifying Foaming Gel - 50ml,https://p16-oec-sg.ibyteimg.com/tos-alisg-i-aphluv4xwc-sg/7646f82f165445598ad40a3f6a2e8f77~tplv-aphluv4xwc-origin-jpeg.jpeg?dr=15568&t=555f072d&ps=933b5bde&shp=54477afb&shcp=3c3d9ffb&idc=my3&from=1413970683,VIE GROUP HCM,02/10/2026 13:29,,--
586367182830929427,,Đang giao hàng,TikTok,TTVIESGN-HCM,--,--,2443,1,SVR Sữa Rửa Mặt SEBIACLEAR Gel Moussant - 55ml,https://p16-oec-sg.ibyteimg.com/tos-alisg-i-aphluv4xwc-sg/9e565adce868406d8281232b467df59b~tplv-aphluv4xwc-origin-jpeg.jpeg?dr=15568&t=555f072d&ps=933b5bde&shp=54477afb&shcp=3c3d9ffb&idc=my2&from=1413970683,VIE GROUP HCM,02/10/2026 13:26,,--
261002J2VNV8V8,,Đã hoàn thành,Shopee,SHEPRIME2-MALL - HCM,--,--,2026,1,LRP Sữa Rửa Mặt Effaclar Purifying Foaming Gel - 50ml,https://cf.shopee.vn/file/vn-11134207-81ztc-ms4g1nr09wck4c_tn,VIE GROUP HCM,02/10/2026 13:26,04/10/2026 17:21,--
529449876993244,,Đã hủy,Lazada,LZDEPRIME-MALL - HCM,--,--,1670 HỒNG SOOTHING,1,,https://sg-test-11.slatic.net/p/4874d697f56e4e06145e0d018faadb8e.jpg,VIE GROUP HCM,02/10/2026 13:25,,Chờ xử lý
261002J2PUV720,,Đang giao hàng,Shopee,SHEP - HCM,--,--,2100,3,MINISO Bông tẩy trang Nhật Bản 100% 180 Miếng,https://cf.shopee.vn/file/vn-11134207-81ztc-mtmgtix9883o2d_tn,VIE GROUP HCM,02/10/2026 13:23,,--
586367134356833773,,Đã hủy,TikTok,TTASCosme - HANOI,--,--,,1,,https://p16-oec-sg.ibyteimg.com/tos-alisg-i-aphluv4xwc-sg/fe845e5184324c83aeb09ae7d8646caf~tplv-aphluv4xwc-origin-jpeg.jpeg?dr=15568&t=555f072d&ps=933b5bde&shp=54477afb&shcp=3c3d9ffb&idc=my&from=1413970683,COSMEE HA NOI,02/10/2026 13:23,,Chờ xử lý
586367048540259792,,Đang giao hàng,TikTok,TTEPRIME-MALL-HCM,--,--,2026,1,LRP Sữa Rửa Mặt Effaclar Purifying Foaming Gel - 50ml,https://p16-oec-sg.ibyteimg.com/tos-alisg-i-aphluv4xwc-sg/e34ab459d15b4717b53d8bd8fe469991~tplv-aphluv4xwc-origin-jpeg.jpeg?dr=15568&t=555f072d&ps=933b5bde&shp=54477afb&shcp=3c3d9ffb&idc=my&from=1413970683,VIE GROUP HCM,02/10/2026 13:17,,--
261002J2CY9788,,Đang giao hàng,Shopee,SHEP - HCM,--,--,CB2361.2,1,"SILCOT Bông tẩy trang Unicharm - 82 miếng Xanh dương, COMBO 2 HỘP",https://cf.shopee.vn/file/vn-11134207-7ras8-mcke8u9q2v4yd7_tn,VIE GROUP HCM,02/10/2026 13:17,03/10/2026 14:58,--
586367070727734496,,Đang giao hàng,TikTok,TTVIESGN-HCM,--,--,2005,1,LRP Kem Dưỡng Cicaplast Baume B5+ Soothing Repairing Balm - 40ML,https://p16-oec-sg.ibyteimg.com/tos-alisg-i-aphluv4xwc-sg/a073a54de9a245c4b6faff7b76200c3b~tplv-aphluv4xwc-origin-jpeg.jpeg?dr=15568&t=555f072d&ps=933b5bde&shp=54477afb&shcp=3c3d9ffb&idc=my2&from=1413970683,VIE GROUP HCM,02/10/2026 13:16,,--
261002J26GCQG4,,Đã hoàn thành,Shopee,SHVIECosme HCM,--,--,1612,2,DR.SERA Bông Tẩy Trang Cotton Tiệt Trùng UV - PURE SNOW COTTON PAD - 234 Miếng,https://cf.shopee.vn/file/vn-11134207-81ztc-ms7yx63mhrlx16_tn,VIE GROUP HCM,02/10/2026 13:14,04/10/2026 13:58,--
586366957321160123,,Đang giao hàng,TikTok,TTEPRIME-MALL-HCM,--,--,1350,1,CERAVE Sữa Rửa Mặt Foaming Cleanser - 30ml FRANCE,https://p16-oec-sg.ibyteimg.com/tos-alisg-i-aphluv4xwc-sg/50806a02e3104a3bb34e537bc386ab64~tplv-aphluv4xwc-origin-jpeg.jpeg?dr=15568&t=555f072d&ps=933b5bde&shp=54477afb&shcp=3c3d9ffb&idc=my&from=1413970683,VIE GROUP HCM,02/10/2026 13:12,,--
261002J23HWRQK,,Đã hoàn thành,Shopee,SHEP - HCM,--,--,2091,1,MEDIPEEL NAITE THREAD Neck Cream Medi Peel 100ml Kem dưỡng da vùng cổ,https://cf.shopee.vn/file/vn-11134207-81ztc-msnyy1rqccg0fd_tn,VIE GROUP HCM,02/10/2026 13:12,02/10/2026 15:32,--
261002J23HWRQK,,Đã hoàn thành,Shopee,SHEP - HCM,--,--,QT40,1,MEDIANSWER Tinh chất hỗ trợ sáng da Vita Collagen Logic Ampoule - 2 ml,https://cf.shopee.vn/file/vn-11134207-81ztc-mtqcnbkc7coya1_tn,VIE GROUP HCM,02/10/2026 13:12,02/10/2026 15:32,--
261002J232PM8C,,Đang giao hàng,Shopee,SHVIECosme HCM,--,--,2014,1,LRP SERUM B5 HYALU CONCENTRE - 10ml,https://cf.shopee.vn/file/vn-11134207-81ztc-mq7eog15lde329_tn,VIE GROUP HCM,02/10/2026 13:12,,--
586367022746600593,,Đã hủy,TikTok,TTASCosme - HANOI,--,--,2781,1,"CARSLAN PHẤN NÉN BLACK  MAGNET SOFT FOCUS  POWDER 04 PHẤN NÉN 1,5G",https://p16-oec-sg.ibyteimg.com/tos-alisg-i-aphluv4xwc-sg/056aec7362ad4f08a778fcbe61798dc2~tplv-aphluv4xwc-origin-jpeg.jpeg?dr=15568&t=555f072d&ps=933b5bde&shp=54477afb&shcp=3c3d9ffb&idc=my2&from=1413970683,COSMEE HA NOI,02/10/2026 13:10,,Chờ xử lý
261002J2074896,,Đang giao hàng,Shopee,SHEP - HCM,--,--,,1,SILCOT Bông tẩy trang Unicharm - 82 miếng Xanh dương,https://cf.shopee.vn/file/vn-11134207-81ztc-mstgeuckirk9d4_tn,VIE GROUP HCM,02/10/2026 13:10,,--
586366963045598533,,Đang giao hàng,TikTok,TTASCosme - HANOI,--,--,CB2026.5,1,COMBO 5 TUÝP LRP Sữa Rửa Mặt Effaclar Purifying Foaming Gel - 50ml,https://p16-oec-sg.ibyteimg.com/tos-alisg-i-aphluv4xwc-sg/2b0ea863d01c4938a9f156c523f25b51~tplv-aphluv4xwc-origin-jpeg.jpeg?dr=15568&t=555f072d&ps=933b5bde&shp=54477afb&shcp=3c3d9ffb&idc=my2&from=1413970683,VIE GROUP HCM,02/10/2026 13:10,,--
586366839583442371,,Đang giao hàng,TikTok,TTVIEPRIME-HANOI,--,--,1473,1,COMPLIMENT Sữa rửa mặt No Problem 200ml - Vàng,https://p16-oec-sg.ibyteimg.com/tos-alisg-i-aphluv4xwc-sg/7e674acca3904151a8bae8b1b56cdbbc~tplv-aphluv4xwc-origin-jpeg.jpeg?dr=15568&t=555f072d&ps=933b5bde&shp=54477afb&shcp=3c3d9ffb&idc=my2&from=1413970683,COSMEE HA NOI,02/10/2026 13:07,,--
ODWTB4052065,,Chờ xử lý,Manual,ePharmacy_ws,0983719062,PharmaDi - HCM (epharmacy),1667,25,FEMFRESH Dung Dịch Vệ Sinh Phụ Nữ 0% sensitive wash 250ml,https://res.bigseller.pro/sku/images/merchantsku/944484/922675_1754365907830.jpg?imageView2/1/w/300/h/300,VIE GROUP HCM,02/10/2026 13:07,,--
ODWTB4052065,,Chờ xử lý,Manual,ePharmacy_ws,0983719062,PharmaDi - HCM (epharmacy),1670,20,FEMFRESH Dung Dịch Vệ Sinh Phụ Nữ Soothing Wash Hồng 250ml,https://res.bigseller.pro/sku/images/merchantsku/944484/047773_1754365814723.jpg?imageView2/1/w/300/h/300,VIE GROUP HCM,02/10/2026 13:07,,--
586366828616713991,,Đang giao hàng,TikTok,TTEPRIME-MALL-HCM,--,--,2026,1,LRP Sữa Rửa Mặt Effaclar Purifying Foaming Gel - 50ml,https://p16-oec-sg.ibyteimg.com/tos-alisg-i-aphluv4xwc-sg/e34ab459d15b4717b53d8bd8fe469991~tplv-aphluv4xwc-origin-jpeg.jpeg?dr=15568&t=555f072d&ps=933b5bde&shp=54477afb&shcp=3c3d9ffb&idc=my&from=1413970683,VIE GROUP HCM,02/10/2026 13:06,,--
261002J1PNXHWA,,Đang giao hàng,Shopee,SHEPRIME2-MALL - HCM,--,--,2575,1,Vella Kem Dưỡng Da Vùng Cổ Vella Concentrate Neck Cream 50ml,https://cf.shopee.vn/file/sg-11134201-823po-mpadlicavuvj67_tn,VIE GROUP HCM,02/10/2026 13:05,,--
261002J1NU9EKN,,Đã hoàn thành,Shopee,SHVIECosme HCM,--,--,1127,1,Aspasia - Xịt Khoáng Aspasia Moist Up Face Mist Aloe Làm Dịu Mát Bổ Sung Độ Ẩm Cho Làn Da Rạng Rỡ 150ml,https://cf.shopee.vn/file/vn-11134207-81ztc-mpsziotao3ya56_tn,VIE GROUP HCM,02/10/2026 13:04,04/10/2026 13:06,--
586366838712141138,,Đang giao hàng,TikTok,TTEPRIME-MALL-HCM,--,--,2026,1,LRP Sữa Rửa Mặt Effaclar Purifying Foaming Gel - 50ml,https://p16-oec-sg.ibyteimg.com/tos-alisg-i-aphluv4xwc-sg/e34ab459d15b4717b53d8bd8fe469991~tplv-aphluv4xwc-origin-jpeg.jpeg?dr=15568&t=555f072d&ps=933b5bde&shp=54477afb&shcp=3c3d9ffb&idc=my&from=1413970683,VIE GROUP HCM,02/10/2026 13:04,,--
261002J1N0JRXJ,,Đang giao hàng,Shopee,SHVIEPro-HANOI,--,--,1980,1,LOREAL Nước Tẩy Trang Revitalift Crystal Purifying Micellar Water [Xám] - 95ml,https://cf.shopee.vn/file/vn-11134207-7r98o-lp3u0heu5rh71b_tn,COSMEE HA NOI,02/10/2026 13:04,,--
261002J1KD14KM,,Đang giao hàng,Shopee,SHEP - HCM,--,--,2011,1,LRP Kem Dưỡng Lipikar Baume AP+M - 200ml,https://cf.shopee.vn/file/vn-11134207-81ztc-mlcv6ugg8v7s0d_tn,VIE GROUP HCM,02/10/2026 13:03,,--
261002J1KD14KM,,Đang giao hàng,Shopee,SHEP - HCM,--,--,QT40,1,MEDIANSWER Tinh chất hỗ trợ sáng da Vita Collagen Logic Ampoule - 2 ml,https://cf.shopee.vn/file/vn-11134207-81ztc-mtqcnbkc7coya1_tn,VIE GROUP HCM,02/10/2026 13:03,,--
261002J1HD5Y7E,,Đang giao hàng,Shopee,SHVIECosme HCM,--,--,1473,2,COMPLIMENT Sữa rửa mặt No Problem 200ml - Vàng,https://cf.shopee.vn/file/vn-11134207-820l4-mf29uuhw543u6e_tn,VIE GROUP HCM,02/10/2026 13:02,,--
261002J1GDPFR9,,Đã hủy,Shopee,SHVIEPro-HANOI,--,--,1980,1,LOREAL Nước Tẩy Trang Revitalift Crystal Purifying Micellar Water [Xám] - 95ml,https://cf.shopee.vn/file/vn-11134207-7r98o-lp3u0heu5rh71b_tn,COSMEE HA NOI,02/10/2026 13:01,,Đang giao hàng
586366823128204415,,Đã hủy,TikTok,TTEPRIME-MALL-HCM,--,--,1350,1,CERAVE Sữa Rửa Mặt Foaming Cleanser - 30ml FRANCE,https://p16-oec-sg.ibyteimg.com/tos-alisg-i-aphluv4xwc-sg/50806a02e3104a3bb34e537bc386ab64~tplv-aphluv4xwc-origin-jpeg.jpeg?dr=15568&t=555f072d&ps=933b5bde&shp=54477afb&shcp=3c3d9ffb&idc=my2&from=1413970683,VIE GROUP HCM,02/10/2026 13:01,,Chờ xử lý
ODWTB4052064,,Chờ lấy hàng,Manual,VieGroup Jsc,0983719071,Thu Thanh Beauty (VieGroup Jsc),2543,20,VASELINE Kem dưỡng tay và móng Deep Moisture Hand & Nail Cream 60ml,https://res.bigseller.pro/sku/images/merchantsku/944484/153601_1754365714065.jpg?imageView2/1/w/300/h/300,VIE GROUP HCM,02/10/2026 13:00,,--
ODWTB4052064,,Chờ lấy hàng,Manual,VieGroup Jsc,0983719071,Thu Thanh Beauty (VieGroup Jsc),2024,20,LRP Sữa Rửa Mặt Effaclar Purifying Foaming Gel - 15ml,https://res.bigseller.pro/sku/images/merchantsku/944484/840394_1754365814941.jpg?imageView2/1/w/300/h/300,VIE GROUP HCM,02/10/2026 13:00,,--
ODWTB4052064,,Chờ lấy hàng,Manual,VieGroup Jsc,0983719071,Thu Thanh Beauty (VieGroup Jsc),1594,1,DR.ALTHEA Kem dưỡng ẩm Dr.Althea 345 Relief Cream - 50ml,https://res.bigseller.pro/sku/images/merchantsku/944484/973719_1758618401202.jpg?imageView2/1/w/300/h/300,VIE GROUP HCM,02/10/2026 13:00,,--
586366759729661854,,Đang giao hàng,TikTok,TTASCosme - HANOI,--,--,2026,1,LRP Sữa Rửa Mặt Effaclar Purifying Foaming Gel - 50ml,https://p16-oec-sg.ibyteimg.com/tos-alisg-i-aphluv4xwc-sg/38bb54df58b742f7aa245284dde1b29e~tplv-aphluv4xwc-origin-jpeg.jpeg?dr=15568&t=555f072d&ps=933b5bde&shp=54477afb&shcp=3c3d9ffb&idc=my2&from=1413970683,VIE GROUP HCM,02/10/2026 12:59,,--
261002J1907SRS,,Đã hủy,Shopee,SHEP - HCM,--,--,,1,,https://cf.shopee.vn/file/vn-11134207-81ztc-mstgeuckirk9d4_tn,VIE GROUP HCM,02/10/2026 12:57,,Chờ xử lý
586366752784287722,,Đang giao hàng,TikTok,TTEPRIME-MALL-HCM,--,--,1857,1,JOHNSON'S Sữa tắm gội Baby Top-To-Toe Hair & Body (Vàng) - 100ml,https://p16-oec-va.ibyteimg.com/tos-maliva-i-o3syd03w52-us/b9fc1654e104431ca29dcffc5d7253a0~tplv-o3syd03w52-origin-jpeg.jpeg?dr=15568&t=555f072d&ps=933b5bde&shp=54477afb&shcp=3c3d9ffb&idc=my2&from=1413970683,VIE GROUP HCM,02/10/2026 12:56,,--
586366765204867040,,Đang giao hàng,TikTok,TTEPRIME-MALL-HCM,--,--,2026,1,LRP Sữa Rửa Mặt Effaclar Purifying Foaming Gel - 50ml,https://p16-oec-sg.ibyteimg.com/tos-alisg-i-aphluv4xwc-sg/e34ab459d15b4717b53d8bd8fe469991~tplv-aphluv4xwc-origin-jpeg.jpeg?dr=15568&t=555f072d&ps=933b5bde&shp=54477afb&shcp=3c3d9ffb&idc=my&from=1413970683,VIE GROUP HCM,02/10/2026 12:56,,--
529451448662808,,Đang giao hàng,Lazada,LZDEPRIME-MALL - HCM,--,--,1859 TOP TO TOE 500ML,1,JOHNSON'S Sữa tắm gội Baby Top-To-Toe Hair & Body (Vàng) - 500ml,https://vn-live.slatic.net/p/becf5c9b01cb649cef014140ad23a83c.jpg,VIE GROUP HCM,02/10/2026 12:56,,--
586366779578680660,,Đã hủy,TikTok,TTVIESGN-HCM,--,--,2026,1,LRP Sữa Rửa Mặt Effaclar Purifying Foaming Gel - 50ml,https://p16-oec-va.ibyteimg.com/tos-maliva-i-o3syd03w52-us/307dde19befb426e9d4f98983a79189c~tplv-o3syd03w52-origin-jpeg.jpeg?dr=15568&t=555f072d&ps=933b5bde&shp=54477afb&shcp=3c3d9ffb&idc=my&from=1413970683,VIE GROUP HCM,02/10/2026 12:55,,Chờ xử lý
586366597844468836,,Đang giao hàng,TikTok,TTVIEPRIME-HANOI,--,--,,1,COMBO OOH OIL Dầu Dưỡng Môi Lip Oil Gentle Colors 02 Preppy Pink 7g + 02 Preppy Pink 2g,https://p16-oec-sg.ibyteimg.com/tos-alisg-i-aphluv4xwc-sg/351933dca70c40bfa4c9b7eea47f7566~tplv-aphluv4xwc-origin-jpeg.jpeg?dr=15568&t=555f072d&ps=933b5bde&shp=54477afb&shcp=3c3d9ffb&idc=my&from=1413970683,COSMEE HA NOI,02/10/2026 12:47,,--
586366540423333467,,Đã hủy,TikTok,TTASCosme - HANOI,--,--,1316,1,CARSLAN PHẤN PHỦ  BLACK  MAGNET SOFT FOCUS  MAKE-UP POWDER 01  PHẤN PHỦ 1G,https://p16-oec-sg.ibyteimg.com/tos-alisg-i-aphluv4xwc-sg/d2cb1f22cafd4b1ba10efa9968230ba9~tplv-aphluv4xwc-origin-jpeg.jpeg?dr=15568&t=555f072d&ps=933b5bde&shp=54477afb&shcp=3c3d9ffb&idc=my2&from=1413970683,COSMEE HA NOI,02/10/2026 12:45,,Chờ xử lý
586366503221691428,,Đang giao hàng,TikTok,TTEPRIME-MALL-HCM,--,--,2371,1,SIMPLE Sữa rửa mặt Purifying Gel Wash 150ml [Xanh dương],https://p16-oec-va.ibyteimg.com/tos-maliva-i-o3syd03w52-us/4f8407d8725d444b886471aeec810f4d~tplv-o3syd03w52-origin-jpeg.jpeg?dr=15568&t=555f072d&ps=933b5bde&shp=54477afb&shcp=3c3d9ffb&idc=my&from=1413970683,VIE GROUP HCM,02/10/2026 12:43,,--
586366514068358331,,Đang giao hàng,TikTok,TTVIESGN-HCM,--,--,1350,1,CERAVE Sữa Rửa Mặt Foaming Cleanser - 30ml FRANCE,https://p16-oec-va.ibyteimg.com/tos-maliva-i-o3syd03w52-us/e3e9667ce3494a6c8150fb489cb2491d~tplv-o3syd03w52-origin-jpeg.jpeg?dr=15568&t=555f072d&ps=933b5bde&shp=54477afb&shcp=3c3d9ffb&idc=my2&from=1413970683,VIE GROUP HCM,02/10/2026 12:40,,--
261002J06U9Q3Y,,Đang giao hàng,Shopee,SHEP - HCM,--,--,2361,1,SILCOT Bông tẩy trang Unicharm - 82 miếng Xanh dương,https://cf.shopee.vn/file/vn-11134207-7ras8-mcke8s4l7qqq55_tn,VIE GROUP HCM,02/10/2026 12:38,,--
586366479283881131,,Đang giao hàng,TikTok,TTEPRIME-MALL-HCM,--,--,1350,1,CERAVE Sữa Rửa Mặt Foaming Cleanser - 30ml FRANCE,https://p16-oec-sg.ibyteimg.com/tos-alisg-i-aphluv4xwc-sg/50806a02e3104a3bb34e537bc386ab64~tplv-aphluv4xwc-origin-jpeg.jpeg?dr=15568&t=555f072d&ps=933b5bde&shp=54477afb&shcp=3c3d9ffb&idc=my2&from=1413970683,VIE GROUP HCM,02/10/2026 12:37,,--
586366352356837086,,Đang giao hàng,TikTok,TTVIESGN-HCM,--,--,CB2026.3,1,COMBO 3 TUÝP LRP Sữa Rửa Mặt Effaclar Purifying Foaming Gel - 50ml,https://p16-oec-va.ibyteimg.com/tos-maliva-i-o3syd03w52-us/e5a2cc16ea2a4127b9e3e75cc1ef1a41~tplv-o3syd03w52-origin-jpeg.jpeg?dr=15568&t=555f072d&ps=933b5bde&shp=54477afb&shcp=3c3d9ffb&idc=my2&from=1413970683,VIE GROUP HCM,02/10/2026 12:33,,--
586366370497791791,,Đang giao hàng,TikTok,TTEPRIME-MALL-HCM,--,--,2026,1,LRP Sữa Rửa Mặt Effaclar Purifying Foaming Gel - 50ml,https://p16-oec-sg.ibyteimg.com/tos-alisg-i-aphluv4xwc-sg/e34ab459d15b4717b53d8bd8fe469991~tplv-aphluv4xwc-origin-jpeg.jpeg?dr=15568&t=555f072d&ps=933b5bde&shp=54477afb&shcp=3c3d9ffb&idc=my&from=1413970683,VIE GROUP HCM,02/10/2026 12:34,,--
261002HYWSDQJY,,Đang giao hàng,Shopee,SHEP - HCM,--,--,2100,3,MINISO Bông tẩy trang Nhật Bản 100% 180 Miếng,https://cf.shopee.vn/file/vn-11134207-81ztc-mtmgtix9883o2d_tn,VIE GROUP HCM,02/10/2026 12:33,,--
586366350741768043,,Đang giao hàng,TikTok,TTEPRIME-MALL-HCM,--,--,CB1350.3,1,COMBO 3 Chai 30ml CERAVE Sữa Rửa Mặt Foaming Cleanser,https://p16-oec-sg.ibyteimg.com/tos-alisg-i-aphluv4xwc-sg/a2376db661934510bc5ab6e7f01657b3~tplv-aphluv4xwc-origin-jpeg.jpeg?dr=15568&t=555f072d&ps=933b5bde&shp=54477afb&shcp=3c3d9ffb&idc=my2&from=1413970683,VIE GROUP HCM,02/10/2026 12:32,,--
261002HYUX8D0E,,Đang giao hàng,Shopee,SHEP - HCM,--,--,2100,1,MINISO Bông tẩy trang Nhật Bản 100% 180 Miếng,https://cf.shopee.vn/file/vn-11134207-81ztc-mtmgtix9883o2d_tn,VIE GROUP HCM,02/10/2026 12:32,,--
586366318365935554,,Đang giao hàng,TikTok,TTVIEPRIME-HANOI,--,--,2541,1,VASELINE Dưỡng môi Lip Therapy UK 20g [XT] - ROSE,https://p16-oec-sg.ibyteimg.com/tos-alisg-i-aphluv4xwc-sg/a8a3baa4361e4897808b888b54e507a9~tplv-aphluv4xwc-origin-jpeg.jpeg?dr=15568&t=555f072d&ps=933b5bde&shp=54477afb&shcp=3c3d9ffb&idc=my2&from=1413970683,COSMEE HA NOI,02/10/2026 12:31,,--
529450685868010,,Đang giao hàng,Lazada,LZDEPRIME-MALL - HCM,--,--,2052,1,MARTIDERM Kem Chống Nắng The Originals Proteos Screen SPF50+ Color Fluid Cream 40ml,https://vn-live.slatic.net/p/298253aea660d37c6683f85a0d3aa47e.jpg,VIE GROUP HCM,02/10/2026 12:30,,--
261002HYPCTR0W,,Đã hoàn thành,Shopee,SHEP - HCM,--,--,2100,2,MINISO Bông tẩy trang Nhật Bản 100% 180 Miếng,https://cf.shopee.vn/file/vn-11134207-81ztc-mtmgtix9883o2d_tn,VIE GROUP HCM,02/10/2026 12:29,05/10/2026 07:17,--
261002HYP1F84E,,Đang giao hàng,Shopee,SHEP - HCM,--,--,2011,1,LRP Kem Dưỡng Lipikar Baume AP+M - 200ml,https://cf.shopee.vn/file/vn-11134207-81ztc-mlcv6ugg8v7s0d_tn,VIE GROUP HCM,02/10/2026 12:29,,--
261002HYP1F84E,,Đang giao hàng,Shopee,SHEP - HCM,--,--,QT40,1,MEDIANSWER Tinh chất hỗ trợ sáng da Vita Collagen Logic Ampoule - 2 ml,https://cf.shopee.vn/file/vn-11134207-81ztc-mtqcnbkc7coya1_tn,VIE GROUP HCM,02/10/2026 12:29,,--
586366288257320781,,Đang giao hàng,TikTok,TTASCosme - HANOI,--,--,1316,1,CARSLAN PHẤN PHỦ  BLACK  MAGNET SOFT FOCUS  MAKE-UP POWDER 01  PHẤN PHỦ 1G,https://p16-oec-sg.ibyteimg.com/tos-alisg-i-aphluv4xwc-sg/d2cb1f22cafd4b1ba10efa9968230ba9~tplv-aphluv4xwc-origin-jpeg.jpeg?dr=15568&t=555f072d&ps=933b5bde&shp=54477afb&shcp=3c3d9ffb&idc=my2&from=1413970683,COSMEE HA NOI,02/10/2026 12:28,,--
586366312056915561,,Đang giao hàng,TikTok,TTVIESGN-HCM,--,--,CB2026.3,1,COMBO 3 TUÝP LRP Sữa Rửa Mặt Effaclar Purifying Foaming Gel - 50ml,https://p16-oec-va.ibyteimg.com/tos-maliva-i-o3syd03w52-us/e5a2cc16ea2a4127b9e3e75cc1ef1a41~tplv-o3syd03w52-origin-jpeg.jpeg?dr=15568&t=555f072d&ps=933b5bde&shp=54477afb&shcp=3c3d9ffb&idc=my2&from=1413970683,VIE GROUP HCM,02/10/2026 12:28,,--
586366279682655276,,Đang giao hàng,TikTok,TTVIEPRIME-HANOI,--,--,CB2026.3,1,COMBO 3 TUÝP LRP Sữa Rửa Mặt Effaclar Purifying Foaming Gel - 50ml,https://p16-oec-sg.ibyteimg.com/tos-alisg-i-aphluv4xwc-sg/d63283936c3d4598af8c0a676d67dd41~tplv-aphluv4xwc-origin-jpeg.jpeg?dr=15568&t=555f072d&ps=933b5bde&shp=54477afb&shcp=3c3d9ffb&idc=my2&from=1413970683,VIE GROUP HCM,02/10/2026 12:27,,--
261002HYH07QS8,,Đang giao hàng,Shopee,SHEP - HCM,--,--,2100,1,MINISO Bông tẩy trang Nhật Bản 100% 180 Miếng,https://cf.shopee.vn/file/vn-11134207-81ztc-mtmgtix9883o2d_tn,VIE GROUP HCM,02/10/2026 12:26,,--
261002HYH07QS8,,Đang giao hàng,Shopee,SHEP - HCM,--,--,2099,1,MINISO Bông tẩy trang Miniso Cao Cấp  100% cotton TRÒN 180 miếng,https://cf.shopee.vn/file/vn-11134207-81ztc-mrtx7fmb4ohzcc_tn,VIE GROUP HCM,02/10/2026 12:26,,--
261002HYA7RG6R,,Đang giao hàng,Shopee,SHEPRIME2-MALL - HCM,--,--,CB1922.2,1,COMBO 2 GÓI LA SOIRÉE Bông Tẩy Trang 100% Cotton Siêu Mềm Siêu Mịn - 225 Miếng Tròn,https://cf.shopee.vn/file/vn-11134207-820l4-mgnh22pug6q731_tn,VIE GROUP HCM,02/10/2026 12:22,,--
586366099815761130,,Đã hủy,TikTok,TTEPRIME-MALL-HCM,--,--,2026,1,LRP Sữa Rửa Mặt Effaclar Purifying Foaming Gel - 50ml,https://p16-oec-sg.ibyteimg.com/tos-alisg-i-aphluv4xwc-sg/e34ab459d15b4717b53d8bd8fe469991~tplv-aphluv4xwc-origin-jpeg.jpeg?dr=15568&t=555f072d&ps=933b5bde&shp=54477afb&shcp=3c3d9ffb&idc=my&from=1413970683,VIE GROUP HCM,02/10/2026 12:18,,Chờ xử lý
586366135457777039,,Đang giao hàng,TikTok,TTEPRIME-MALL-HCM,--,--,CB1350.3,1,COMBO 3 Chai 30ml CERAVE Sữa Rửa Mặt Foaming Cleanser,https://p16-oec-sg.ibyteimg.com/tos-alisg-i-aphluv4xwc-sg/8cd78ddcd728445a9ef4489196965f1d~tplv-aphluv4xwc-origin-jpeg.jpeg?dr=15568&t=555f072d&ps=933b5bde&shp=54477afb&shcp=3c3d9ffb&idc=my&from=1413970683,VIE GROUP HCM,02/10/2026 12:17,,--
261002HXYVTQTD,,Đang giao hàng,Shopee,SHVIECosme HCM,--,--,2586,1,VICHY Dầu gội Dercos Technique Anti-Dandruff Ds Advanced To Oily Hair - 50ml (Xanh da dầu),https://cf.shopee.vn/file/vn-11134207-81ztc-mnpt21gm0hs4ee_tn,VIE GROUP HCM,02/10/2026 12:16,,--
261002HXQ1M0UM,,Đang giao hàng,Shopee,SHEP - HCM,--,--,2060,3,"MARVIS Nước Súc Miệng Collutorio Hương Bạc Hà Thơm Mát, Hỗ Trợ Làm Sạch Khoang Miệng Jasmin Mint - 400ml",https://cf.shopee.vn/file/vn-11134207-81ztc-mlrglszukphgaf_tn,VIE GROUP HCM,02/10/2026 12:11,,--
261002HXQ1M0UM,,Đang giao hàng,Shopee,SHEP - HCM,--,--,QT40,1,MEDIANSWER Tinh chất hỗ trợ sáng da Vita Collagen Logic Ampoule - 2 ml,https://cf.shopee.vn/file/vn-11134207-81ztc-mtqcnbkc7coya1_tn,VIE GROUP HCM,02/10/2026 12:11,,--
261002HXPP5NJE,,Đang giao hàng,Shopee,SHEP - HCM,--,--,,1,"OEM Mũ Trùm Tóc Khi Tắm Bằng Nilon In Hình Hoạt Họa Dễ Thương, Giúp Ủ Dưỡng Tóc, Spa Tại Nhà",https://cf.shopee.vn/file/vn-11134207-81ztc-mt0pqu7ip153d2_tn,VIE GROUP HCM,02/10/2026 12:11,,--
261002HXPP5NJE,,Đang giao hàng,Shopee,SHEP - HCM,--,--,,1,SILCOT Bông tẩy trang Unicharm - 82 miếng Xanh dương,https://cf.shopee.vn/file/vn-11134207-81ztc-mstgeuckirk9d4_tn,VIE GROUP HCM,02/10/2026 12:11,,--
586366142775133896,,Đang giao hàng,TikTok,TTVIEPRIME-HANOI,--,--,last8338,1,COMBO 3 Serum LA ROCHE-POSAY Hyalu B5-[ 10ml ],https://p16-oec-sg.ibyteimg.com/tos-alisg-i-aphluv4xwc-sg/ce9d79e42f654881a903f9263a4b7eb0~tplv-aphluv4xwc-origin-jpeg.jpeg?dr=15568&t=555f072d&ps=933b5bde&shp=54477afb&shcp=3c3d9ffb&idc=my&from=1413970683,VIE GROUP HCM,02/10/2026 12:11,,--
586366014142580477,,Đang giao hàng,TikTok,TTEPRIME-MALL-HCM,--,--,CB1350.3,1,COMBO 3 Chai 30ml CERAVE Sữa Rửa Mặt Foaming Cleanser,https://p16-oec-sg.ibyteimg.com/tos-alisg-i-aphluv4xwc-sg/a2376db661934510bc5ab6e7f01657b3~tplv-aphluv4xwc-origin-jpeg.jpeg?dr=15568&t=555f072d&ps=933b5bde&shp=54477afb&shcp=3c3d9ffb&idc=my2&from=1413970683,VIE GROUP HCM,02/10/2026 12:10,,--
261002HXDEGR1K,,Đã hủy,Shopee,SHEPRIME2-MALL - HCM,--,--,2026,1,LRP Sữa Rửa Mặt Effaclar Purifying Foaming Gel - 50ml,https://cf.shopee.vn/file/vn-11134207-81ztc-ms4g1nr09wck4c_tn,VIE GROUP HCM,02/10/2026 12:06,,Chờ xử lý
261002HXBEM1R0,,Đang giao hàng,Shopee,SHCOSMEE-HANOI,--,--,QT01,2,Dr.Sera tây tế bào chết da đầu,https://cf.shopee.vn/file/vn-11134207-81ztc-mqeo7cswlonfa0_tn,COSMEE HA NOI,02/10/2026 12:05,,--
586365851317667030,,Đang giao hàng,TikTok,TTEPRIME-MALL-HCM,--,--,2026,1,LRP Sữa Rửa Mặt Effaclar Purifying Foaming Gel - 50ml,https://p16-oec-sg.ibyteimg.com/tos-alisg-i-aphluv4xwc-sg/e34ab459d15b4717b53d8bd8fe469991~tplv-aphluv4xwc-origin-jpeg.jpeg?dr=15568&t=555f072d&ps=933b5bde&shp=54477afb&shcp=3c3d9ffb&idc=my2&from=1413970683,VIE GROUP HCM,02/10/2026 12:01,,--
261002HWWWM9K2,,Đang giao hàng,Shopee,SHEP - HCM,--,--,2100,2,MINISO Bông tẩy trang Nhật Bản 100% 180 Miếng,https://cf.shopee.vn/file/vn-11134207-81ztc-mtmgtix9883o2d_tn,VIE GROUP HCM,02/10/2026 11:57,,--
261002HWSHF9P9,,Đã hủy,Shopee,SHEPRIME2-MALL - HCM,--,--,2575,1,Vella Kem Dưỡng Da Vùng Cổ Vella Concentrate Neck Cream 50ml,https://cf.shopee.vn/file/sg-11134201-823po-mpadlicavuvj67_tn,VIE GROUP HCM,02/10/2026 11:55,,Chờ in
586365756473246937,,Đang giao hàng,TikTok,TTASCosme - HANOI,--,--,2803,1,CARSLAN PHẤN PHỦ  BLACK  MAGNET SOFT FOCUS  MAKE-UP POWDER 01  PHẤN PHỦ 1G,https://p16-oec-sg.ibyteimg.com/tos-alisg-i-aphluv4xwc-sg/f15562ae46644040bafe2dbd84954fe9~tplv-aphluv4xwc-origin-jpeg.jpeg?dr=15568&t=555f072d&ps=933b5bde&shp=54477afb&shcp=3c3d9ffb&idc=my2&from=1413970683,COSMEE HA NOI,02/10/2026 11:55,,--
586365750812509507,Đơn hàng trùng lặp,Đã hủy,TikTok,TTVIESGN-HCM,--,--,1350,1,CERAVE Sữa Rửa Mặt Foaming Cleanser - 30ml FRANCE,https://p16-oec-sg.ibyteimg.com/tos-alisg-i-aphluv4xwc-sg/e6a9105da8614796ac0e8db7403f7c49~tplv-aphluv4xwc-origin-jpeg.jpeg?dr=15568&t=555f072d&ps=933b5bde&shp=54477afb&shcp=3c3d9ffb&idc=my&from=1413970683,VIE GROUP HCM,02/10/2026 11:54,,Chờ xử lý
586365737423045955,,Đã hủy,TikTok,TTEPRIME-MALL-HCM,--,--,1350,1,CERAVE Sữa Rửa Mặt Foaming Cleanser - 30ml FRANCE,https://p16-oec-sg.ibyteimg.com/tos-alisg-i-aphluv4xwc-sg/50806a02e3104a3bb34e537bc386ab64~tplv-aphluv4xwc-origin-jpeg.jpeg?dr=15568&t=555f072d&ps=933b5bde&shp=54477afb&shcp=3c3d9ffb&idc=my&from=1413970683,VIE GROUP HCM,02/10/2026 11:53,,Chờ xử lý
261002HWMCGHF6,,Đang giao hàng,Shopee,SHVIEPro-HANOI,--,--,2782,1,CARSLAN PHẤN PHỦ  BLACK  MAGNET SOFT FOCUS  MAKE-UP POWDER 05 Blue  Purple PHẤN PHỦ 1G,https://cf.shopee.vn/file/vn-11134207-81ztc-mt7xa2zogpaaf3_tn,COSMEE HA NOI,02/10/2026 11:52,,--
586365809357260510,,Đang giao hàng,TikTok,TTASCosme - HANOI,--,--,2782,1,CARSLAN PHẤN PHỦ  BLACK  MAGNET SOFT FOCUS  MAKE-UP POWDER 05 Blue  Purple PHẤN PHỦ 1G,https://p16-oec-sg.ibyteimg.com/tos-alisg-i-aphluv4xwc-sg/b8382b5e7b254538ac23c8db9fd85ffb~tplv-aphluv4xwc-origin-jpeg.jpeg?dr=15568&t=555f072d&ps=933b5bde&shp=54477afb&shcp=3c3d9ffb&idc=my2&from=1413970683,COSMEE HA NOI,02/10/2026 11:51,,--
586365716757186151,,Đang giao hàng,TikTok,TTEPRIME-MALL-HCM,--,--,1350,1,CERAVE Sữa Rửa Mặt Foaming Cleanser - 30ml FRANCE,https://p16-oec-sg.ibyteimg.com/tos-alisg-i-aphluv4xwc-sg/50806a02e3104a3bb34e537bc386ab64~tplv-aphluv4xwc-origin-jpeg.jpeg?dr=15568&t=555f072d&ps=933b5bde&shp=54477afb&shcp=3c3d9ffb&idc=my3&from=1413970683,VIE GROUP HCM,02/10/2026 11:50,,--
261002HWGGGS26,,Đang giao hàng,Shopee,SHEP - HCM,--,--,2099,1,MINISO Bông tẩy trang Miniso Cao Cấp  100% cotton TRÒN 180 miếng,https://cf.shopee.vn/file/vn-11134207-81ztc-mrtx7fmb4ohzcc_tn,VIE GROUP HCM,02/10/2026 11:50,,--
586365673010267890,,Đang giao hàng,TikTok,TTEPRIME-MALL-HCM,--,--,2026,1,LRP Sữa Rửa Mặt Effaclar Purifying Foaming Gel - 50ml,https://p16-oec-sg.ibyteimg.com/tos-alisg-i-aphluv4xwc-sg/e34ab459d15b4717b53d8bd8fe469991~tplv-aphluv4xwc-origin-jpeg.jpeg?dr=15568&t=555f072d&ps=933b5bde&shp=54477afb&shcp=3c3d9ffb&idc=my2&from=1413970683,VIE GROUP HCM,02/10/2026 11:49,,--
261002HWCT80P9,,Đã hủy,Shopee,SHVIEPro-HANOI,--,--,2782,1,CARSLAN PHẤN PHỦ  BLACK  MAGNET SOFT FOCUS  MAKE-UP POWDER 05 Blue  Purple PHẤN PHỦ 1G,https://cf.shopee.vn/file/vn-11134207-81ztc-mt7xa2zogpaaf3_tn,COSMEE HA NOI,02/10/2026 11:48,,Chờ xử lý
261002HW84J9MX,,Đang giao hàng,Shopee,SHEP - HCM,--,--,,2,SILCOT Bông tẩy trang Unicharm - 82 miếng Xanh dương,https://cf.shopee.vn/file/vn-11134207-81ztc-mstgeuckirk9d4_tn,VIE GROUP HCM,02/10/2026 11:45,,--
586365604763305020,,Đang giao hàng,TikTok,TTASCosme - HANOI,--,--,1316,1,CARSLAN PHẤN PHỦ  BLACK  MAGNET SOFT FOCUS  MAKE-UP POWDER 01  PHẤN PHỦ 1G,https://p16-oec-sg.ibyteimg.com/tos-alisg-i-aphluv4xwc-sg/d2cb1f22cafd4b1ba10efa9968230ba9~tplv-aphluv4xwc-origin-jpeg.jpeg?dr=15568&t=555f072d&ps=933b5bde&shp=54477afb&shcp=3c3d9ffb&idc=my2&from=1413970683,COSMEE HA NOI,02/10/2026 11:44,,--
261002HW4WG414,,Đang giao hàng,Shopee,SHEPRIME2-MALL - HCM,--,--,2026,1,LRP Sữa Rửa Mặt Effaclar Purifying Foaming Gel - 50ml,https://cf.shopee.vn/file/vn-11134207-81ztc-ms4g1nr09wck4c_tn,VIE GROUP HCM,02/10/2026 11:43,,--
529454821724919,,Đang giao hàng,Lazada,LZDEPRIME-MALL - HCM,--,--,1839,1,JOHNSON'S Dầu massage Baby Oil pink - 50ml,https://vn-live.slatic.net/p/04a880c6b87d93c627636649c80d9135.jpg,VIE GROUP HCM,02/10/2026 11:42,,--
261002HW195YNF,,Đã hủy,Shopee,SHVIEMart - HCM,--,--,2395,1,SOFY Băng Vệ Sinh Soft Tampon Super Gói 10 Miếng - XANH DƯƠNG,https://cf.shopee.vn/file/vn-11134207-820l4-mjgrr85ptamb16_tn,VIE GROUP HCM,02/10/2026 11:41,,Chờ xử lý
586365517590463499,,Đang giao hàng,TikTok,TTEPRIME-MALL-HCM,--,--,1350,1,CERAVE Sữa Rửa Mặt Foaming Cleanser - 30ml FRANCE,https://p16-oec-sg.ibyteimg.com/tos-alisg-i-aphluv4xwc-sg/b203882fafcc4a5dbc6ce5bef84bd40b~tplv-aphluv4xwc-origin-jpeg.jpeg?dr=15568&t=555f072d&ps=933b5bde&shp=54477afb&shcp=3c3d9ffb&idc=my2&from=1413970683,VIE GROUP HCM,02/10/2026 11:39,,--
586365471281874756,,Đang giao hàng,TikTok,TTVIEPRIME-HANOI,--,--,2014,1,LRP SERUM B5 HYALU CONCENTRE - 10ml,https://p16-oec-sg.ibyteimg.com/tos-alisg-i-aphluv4xwc-sg/e07d299a8614444b8b8d09e4dcbafa6b~tplv-aphluv4xwc-origin-jpeg.jpeg?dr=15568&t=555f072d&ps=933b5bde&shp=54477afb&shcp=3c3d9ffb&idc=my&from=1413970683,VIE GROUP HCM,02/10/2026 11:37,,--
586365565821552208,,Đã hủy,TikTok,TTEPRIME-MALL-HCM,--,--,2026,1,LRP Sữa Rửa Mặt Effaclar Purifying Foaming Gel - 50ml,https://p16-oec-sg.ibyteimg.com/tos-alisg-i-aphluv4xwc-sg/e34ab459d15b4717b53d8bd8fe469991~tplv-aphluv4xwc-origin-jpeg.jpeg?dr=15568&t=555f072d&ps=933b5bde&shp=54477afb&shcp=3c3d9ffb&idc=my&from=1413970683,VIE GROUP HCM,02/10/2026 11:36,,Chờ xử lý
586365493398898455,,Đang giao hàng,TikTok,TTEPRIME-MALL-HCM,--,--,2026,1,LRP Sữa Rửa Mặt Effaclar Purifying Foaming Gel - 50ml,https://p16-oec-sg.ibyteimg.com/tos-alisg-i-aphluv4xwc-sg/e34ab459d15b4717b53d8bd8fe469991~tplv-aphluv4xwc-origin-jpeg.jpeg?dr=15568&t=555f072d&ps=933b5bde&shp=54477afb&shcp=3c3d9ffb&idc=my3&from=1413970683,VIE GROUP HCM,02/10/2026 11:35,,--
ODWTB4052059,,Đã hoàn thành,Manual,VieBeaute_ws,CN00001027,LINH 2,2538,130,VASELINE - Dưỡng Thể Gluta-Hyal Serum Burst Lotion Dewy Radiance 70ml,https://res.bigseller.pro/sku/images/merchantsku/944484/972864_1754366305708.jpg?imageView2/1/w/300/h/300,VIE GROUP HCM,02/10/2026 11:35,,--
ODWTB4052059,,Đã hoàn thành,Manual,VieBeaute_ws,CN00001027,LINH 2,2575,6,Vella Kem Dưỡng Da Vùng Cổ Vella Concentrate Neck Cream 50ml,https://res.bigseller.pro/sku/images/merchantsku/944484/331107_1767103228600.jpg?imageView2/1/w/300/h/300,VIE GROUP HCM,02/10/2026 11:35,,--
ODWTB4052059,,Đã hoàn thành,Manual,VieBeaute_ws,CN00001027,LINH 2,2257,3,PAULA'S CHOICE Tẩy tế bào chết Skin Perfecting Liquid Exfoliant 2% BHA - 2016 30ml,https://res.bigseller.pro/sku/images/merchantsku/944484/048304_1754366217801.jpg?imageView2/1/w/300/h/300,VIE GROUP HCM,02/10/2026 11:35,,--
586365507884320745,,Đang giao hàng,TikTok,TTEPRIME-MALL-HCM,--,--,1858,1,JOHNSON'S Sữa tắm gội Baby Top-To-Toe Hair & Body (Vàng) - 200ml,https://p16-oec-va.ibyteimg.com/tos-maliva-i-o3syd03w52-us/af675c5456b54968bf597c798db19654~tplv-o3syd03w52-origin-jpeg.jpeg?dr=15568&t=555f072d&ps=933b5bde&shp=54477afb&shcp=3c3d9ffb&idc=my2&from=1413970683,VIE GROUP HCM,02/10/2026 11:33,,--
586365411011036574,,Đang giao hàng,TikTok,TTEPRIME-MALL-HCM,--,--,CB1350.3,1,COMBO 3 Chai 30ml CERAVE Sữa Rửa Mặt Foaming Cleanser,https://p16-oec-sg.ibyteimg.com/tos-alisg-i-aphluv4xwc-sg/a2376db661934510bc5ab6e7f01657b3~tplv-aphluv4xwc-origin-jpeg.jpeg?dr=15568&t=555f072d&ps=933b5bde&shp=54477afb&shcp=3c3d9ffb&idc=my&from=1413970683,VIE GROUP HCM,02/10/2026 11:27,,--
586365289839100964,,Đã hủy,TikTok,TTEPRIME-MALL-HCM,--,--,2371,1,SIMPLE Sữa rửa mặt Purifying Gel Wash 150ml [Xanh dương],https://p16-oec-va.ibyteimg.com/tos-maliva-i-o3syd03w52-us/4f8407d8725d444b886471aeec810f4d~tplv-o3syd03w52-origin-jpeg.jpeg?dr=15568&t=555f072d&ps=933b5bde&shp=54477afb&shcp=3c3d9ffb&idc=my&from=1413970683,VIE GROUP HCM,02/10/2026 11:27,,Chờ xử lý
586365334618736421,,Đang giao hàng,TikTok,TTEPRIME-MALL-HCM,--,--,2026,1,LRP Sữa Rửa Mặt Effaclar Purifying Foaming Gel - 50ml,https://p16-oec-sg.ibyteimg.com/tos-alisg-i-aphluv4xwc-sg/e34ab459d15b4717b53d8bd8fe469991~tplv-aphluv4xwc-origin-jpeg.jpeg?dr=15568&t=555f072d&ps=933b5bde&shp=54477afb&shcp=3c3d9ffb&idc=my&from=1413970683,VIE GROUP HCM,02/10/2026 11:24,,--
261002HV2KSW55,,Đang giao hàng,Shopee,SHCOSMEE-HANOI,--,--,CB1632.3,1,Combo 3 Bông Tẩy Trang Emalia Pháp 201 Miếng,https://cf.shopee.vn/file/vn-11134207-81ztc-mr9v8bofhlvp58_tn,COSMEE HA NOI,02/10/2026 11:24,,--
586365276668003481,,Đang giao hàng,TikTok,TTEPRIME-MALL-HCM,--,--,1350,1,CERAVE Sữa Rửa Mặt Foaming Cleanser - 30ml FRANCE,https://p16-oec-sg.ibyteimg.com/tos-alisg-i-aphluv4xwc-sg/b203882fafcc4a5dbc6ce5bef84bd40b~tplv-aphluv4xwc-origin-jpeg.jpeg?dr=15568&t=555f072d&ps=933b5bde&shp=54477afb&shcp=3c3d9ffb&idc=my2&from=1413970683,VIE GROUP HCM,02/10/2026 11:24,,--
261002HV0AE09N,,Đã hoàn thành,Shopee,SHCOSMEE-HANOI,--,--,1632,1,Bông Tẩy Trang Emalia Pháp 201 Miếng,https://cf.shopee.vn/file/vn-11134207-81ztc-mr9v8bofhlvp58_tn,COSMEE HA NOI,02/10/2026 11:23,03/10/2026 15:01,--
586365226857826287,,Đang giao hàng,TikTok,TTVIESGN-HCM,--,--,1350,1,CERAVE Sữa Rửa Mặt Foaming Cleanser - 30ml FRANCE,https://p16-oec-sg.ibyteimg.com/tos-alisg-i-aphluv4xwc-sg/e6a9105da8614796ac0e8db7403f7c49~tplv-aphluv4xwc-origin-jpeg.jpeg?dr=15568&t=555f072d&ps=933b5bde&shp=54477afb&shcp=3c3d9ffb&idc=my3&from=1413970683,VIE GROUP HCM,02/10/2026 11:21,,--
586365269636253138,,Đang giao hàng,TikTok,TTEPRIME-MALL-HCM,--,--,1350,1,CERAVE Sữa Rửa Mặt Foaming Cleanser - 30ml FRANCE,https://p16-oec-sg.ibyteimg.com/tos-alisg-i-aphluv4xwc-sg/50806a02e3104a3bb34e537bc386ab64~tplv-aphluv4xwc-origin-jpeg.jpeg?dr=15568&t=555f072d&ps=933b5bde&shp=54477afb&shcp=3c3d9ffb&idc=my&from=1413970683,VIE GROUP HCM,02/10/2026 11:20,,--
261002HUKVP9M8,,Đang giao hàng,Shopee,SHVIECosme HCM,--,--,1882,1,KEYSHU mặt nạ dưỡng da - 1 Miếng ( Hành Tím ),https://cf.shopee.vn/file/vn-11134207-81ztc-ms9j7s0atu6g77_tn,VIE GROUP HCM,02/10/2026 11:16,,--
586365047340303389,,Đã hủy,TikTok,TTEPRIME-MALL-HCM,--,--,1350,1,CERAVE Sữa Rửa Mặt Foaming Cleanser - 30ml FRANCE,https://p16-oec-sg.ibyteimg.com/tos-alisg-i-aphluv4xwc-sg/50806a02e3104a3bb34e537bc386ab64~tplv-aphluv4xwc-origin-jpeg.jpeg?dr=15568&t=555f072d&ps=933b5bde&shp=54477afb&shcp=3c3d9ffb&idc=my&from=1413970683,VIE GROUP HCM,02/10/2026 11:12,,Chờ in
586365083019675441,,Đang giao hàng,TikTok,TTVIESGN-HCM,--,--,1350,1,CERAVE Sữa Rửa Mặt Foaming Cleanser - 30ml FRANCE,https://p16-oec-sg.ibyteimg.com/tos-alisg-i-aphluv4xwc-sg/cc9742efae154cb89c3e62363dff00b1~tplv-aphluv4xwc-origin-jpeg.jpeg?dr=15568&t=555f072d&ps=933b5bde&shp=54477afb&shcp=3c3d9ffb&idc=my2&from=1413970683,VIE GROUP HCM,02/10/2026 11:10,,--
586365013456029059,,Đang giao hàng,TikTok,TTEPRIME-MALL-HCM,--,--,CB1350.3,1,COMBO 3 Chai 30ml CERAVE Sữa Rửa Mặt Foaming Cleanser,https://p16-oec-sg.ibyteimg.com/tos-alisg-i-aphluv4xwc-sg/a2376db661934510bc5ab6e7f01657b3~tplv-aphluv4xwc-origin-jpeg.jpeg?dr=15568&t=555f072d&ps=933b5bde&shp=54477afb&shcp=3c3d9ffb&idc=my2&from=1413970683,VIE GROUP HCM,02/10/2026 11:06,,--
ODWTB4052057,,Đã hoàn thành,Manual,VieBeaute_ws,0798576029,MỸ KIM,2192,1,OBAGI Retinol Cream 1.0% USA - 28g,https://res.bigseller.pro/sku/images/merchantsku/944484/580450_1779501879252.jpg?imageView2/1/w/300/h/300,VIE GROUP HCM,02/10/2026 11:05,,--
586364895196251630,,Đang giao hàng,TikTok,TTEPRIME-MALL-HCM,--,--,2026,1,LRP Sữa Rửa Mặt Effaclar Purifying Foaming Gel - 50ml,https://p16-oec-sg.ibyteimg.com/tos-alisg-i-aphluv4xwc-sg/e34ab459d15b4717b53d8bd8fe469991~tplv-aphluv4xwc-origin-jpeg.jpeg?dr=15568&t=555f072d&ps=933b5bde&shp=54477afb&shcp=3c3d9ffb&idc=my2&from=1413970683,VIE GROUP HCM,02/10/2026 11:00,,--
586364922021250542,,Đã hủy,TikTok,TTEPRIME-MALL-HCM,--,--,2026,2,LRP Sữa Rửa Mặt Effaclar Purifying Foaming Gel - 50ml,https://p16-oec-sg.ibyteimg.com/tos-alisg-i-aphluv4xwc-sg/e34ab459d15b4717b53d8bd8fe469991~tplv-aphluv4xwc-origin-jpeg.jpeg?dr=15568&t=555f072d&ps=933b5bde&shp=54477afb&shcp=3c3d9ffb&idc=my3&from=1413970683,VIE GROUP HCM,02/10/2026 10:59,,--
261002HTND2U4Y,,Đã hoàn thành,Shopee,SHEP - HCM,--,--,2211,1,OKAMURA Tăm chỉ nha khoa - Gói 50 Cây,https://cf.shopee.vn/file/vn-11134207-820l4-mjezvn46ydqb78_tn,VIE GROUP HCM,02/10/2026 10:59,04/10/2026 23:37,--
261002HTND2U4Y,,Đã hoàn thành,Shopee,SHEP - HCM,--,--,CB2026.1-1980.1,1,COMBO Nước Tẩy Trang LOREAL Revitalift Crystal Purifying Micellar Water [Xám] - 95ml + LRP Sữa Rửa Mặt Effaclar Purifying Foaming Gel - 50ml,https://cf.shopee.vn/file/vn-11134207-7ras8-mdffi5ucvicx29_tn,VIE GROUP HCM,02/10/2026 10:59,04/10/2026 23:37,--
261002HTM178BJ,,Đang giao hàng,Shopee,SHEP - HCM,--,--,2100,1,MINISO Bông tẩy trang Nhật Bản 100% 180 Miếng,https://cf.shopee.vn/file/vn-11134207-81ztc-mtmgtix9883o2d_tn,VIE GROUP HCM,02/10/2026 10:58,,--
ODWTB4052056,,Đã hoàn thành,Manual,ePharmacy_ws,CN00000408,Công Ty TNHH 86 Market (epharmacy),1659,10,EUNDAN Viên Uống Vitamin C 1000mg (Hộp 120 Viên),https://res.bigseller.pro/sku/images/merchantsku/944484/912756_1754366220016.jpg?imageView2/1/w/300/h/300,VIE GROUP HCM,02/10/2026 10:53,,--
261002HT8D9BJ8,,Đã hoàn thành,Shopee,SHEP - HCM,--,--,2574,1,VELLA Kem Dưỡng Da Caviar Cream Vital A. VELLA 50ml Trứng Cá Tầm - 50ML,https://cf.shopee.vn/file/vn-11134207-81ztc-mnz3pyribaiscc_tn,VIE GROUP HCM,02/10/2026 10:51,05/10/2026 06:31,--
261002HT8D9BJ8,,Đã hoàn thành,Shopee,SHEP - HCM,--,--,QT40,1,MEDIANSWER Tinh chất hỗ trợ sáng da Vita Collagen Logic Ampoule - 2 ml,https://cf.shopee.vn/file/vn-11134207-81ztc-mtqcnbkc7coya1_tn,VIE GROUP HCM,02/10/2026 10:51,05/10/2026 06:31,--
586364767445222407,,Đang giao hàng,TikTok,TTVIESGN-HCM,--,--,2026,1,LRP Sữa Rửa Mặt Effaclar Purifying Foaming Gel - 50ml,https://p16-oec-va.ibyteimg.com/tos-maliva-i-o3syd03w52-us/307dde19befb426e9d4f98983a79189c~tplv-o3syd03w52-origin-jpeg.jpeg?dr=15568&t=555f072d&ps=933b5bde&shp=54477afb&shcp=3c3d9ffb&idc=my&from=1413970683,VIE GROUP HCM,02/10/2026 10:50,,--
261002HST2JRMD,,Đang giao hàng,Shopee,SHEP - HCM,--,--,,5,ANIMERRY Khăn Lau Mặt Đa Năng Dạng Rút,https://cf.shopee.vn/file/vn-11134207-81ztc-msoxv9orpslk5f_tn,VIE GROUP HCM,02/10/2026 10:44,,--
261002HSSXRE9W,,Đã hoàn thành,Shopee,SHCOSMEE-HANOI,--,--,1632,1,Bông Tẩy Trang Emalia Pháp 201 Miếng,https://cf.shopee.vn/file/vn-11134207-81ztc-mr9v8bofhlvp58_tn,COSMEE HA NOI,02/10/2026 10:43,04/10/2026 20:29,--
261002HSQ45KXQ,,Đang giao hàng,Shopee,SHCOSMEE-HANOI,--,--,CB1350.3,1,COMBO 3 Chai 30ml CERAVE Sữa Rửa Mặt Foaming Cleanser,https://cf.shopee.vn/file/vn-11134207-81ztc-monkar96tvrj1b_tn,VIE GROUP HCM,02/10/2026 10:42,,--
586364594109973514,,Đang giao hàng,TikTok,TTVIESGN-HCM,--,--,2443,1,SVR Sữa Rửa Mặt SEBIACLEAR Gel Moussant - 55ml,https://p16-oec-sg.ibyteimg.com/tos-alisg-i-aphluv4xwc-sg/9e565adce868406d8281232b467df59b~tplv-aphluv4xwc-origin-jpeg.jpeg?dr=15568&t=555f072d&ps=933b5bde&shp=54477afb&shcp=3c3d9ffb&idc=my&from=1413970683,VIE GROUP HCM,02/10/2026 10:40,,--
261002HSFMTGU4,,Đang giao hàng,Shopee,SHVIEPro-HANOI,--,--,1980,1,LOREAL Nước Tẩy Trang Revitalift Crystal Purifying Micellar Water [Xám] - 95ml,https://cf.shopee.vn/file/vn-11134207-7r98o-lp3u0heu5rh71b_tn,COSMEE HA NOI,02/10/2026 10:38,,--
586364645175166632,,Đang giao hàng,TikTok,TTEPRIME-MALL-HCM,--,--,CB2026.3,1,COMBO 3 TUÝP LRP Sữa Rửa Mặt Effaclar Purifying Foaming Gel - 50ml,https://p16-oec-sg.ibyteimg.com/tos-alisg-i-aphluv4xwc-sg/4fdb1010396942c6bcbbb4ff16ba3159~tplv-aphluv4xwc-origin-jpeg.jpeg?dr=15568&t=555f072d&ps=933b5bde&shp=54477afb&shcp=3c3d9ffb&idc=my2&from=1413970683,VIE GROUP HCM,02/10/2026 10:33,,--
586364546752612109,,Đang giao hàng,TikTok,TTEPRIME-MALL-HCM,--,--,2026,1,LRP Sữa Rửa Mặt Effaclar Purifying Foaming Gel - 50ml,https://p16-oec-sg.ibyteimg.com/tos-alisg-i-aphluv4xwc-sg/e34ab459d15b4717b53d8bd8fe469991~tplv-aphluv4xwc-origin-jpeg.jpeg?dr=15568&t=555f072d&ps=933b5bde&shp=54477afb&shcp=3c3d9ffb&idc=my&from=1413970683,VIE GROUP HCM,02/10/2026 10:32,,--
586364435608601872,,Đang giao hàng,TikTok,TTEPRIME-MALL-HCM,--,--,2026,1,LRP Sữa Rửa Mặt Effaclar Purifying Foaming Gel - 50ml,https://p16-oec-sg.ibyteimg.com/tos-alisg-i-aphluv4xwc-sg/e34ab459d15b4717b53d8bd8fe469991~tplv-aphluv4xwc-origin-jpeg.jpeg?dr=15568&t=555f072d&ps=933b5bde&shp=54477afb&shcp=3c3d9ffb&idc=my2&from=1413970683,VIE GROUP HCM,02/10/2026 10:29,,--
586364412040349094,,Đang giao hàng,TikTok,TTVIEPRIME-HANOI,--,--,2541,1,VASELINE Dưỡng môi Lip Therapy UK 20g [XT] - ROSE,https://p16-oec-sg.ibyteimg.com/tos-alisg-i-aphluv4xwc-sg/a8a3baa4361e4897808b888b54e507a9~tplv-aphluv4xwc-origin-jpeg.jpeg?dr=15568&t=555f072d&ps=933b5bde&shp=54477afb&shcp=3c3d9ffb&idc=my&from=1413970683,COSMEE HA NOI,02/10/2026 10:27,,--
586364497287481079,,Đang giao hàng,TikTok,TTEPRIME-MALL-HCM,--,--,1858,1,JOHNSON'S Sữa tắm gội Baby Top-To-Toe Hair & Body (Vàng) - 200ml,https://p16-oec-va.ibyteimg.com/tos-maliva-i-o3syd03w52-us/af675c5456b54968bf597c798db19654~tplv-o3syd03w52-origin-jpeg.jpeg?dr=15568&t=555f072d&ps=933b5bde&shp=54477afb&shcp=3c3d9ffb&idc=my&from=1413970683,VIE GROUP HCM,02/10/2026 10:25,,--
ODWTB4052054,,Chờ xử lý,Manual,VieGroup Jsc,CN00000996,Phạm Hoa (Mỹ Phẩm Phạm Hoa),2018,1,LRP Serum Mela B3 Giúp Giảm Thâm Nám Và Dưỡng Sáng Da 30ml,https://res.bigseller.pro/sku/images/merchantsku/944484/036229_1755552876763.jpg?imageView2/1/w/300/h/300,VIE GROUP HCM,02/10/2026 10:22,,--
ODWTB4052054,,Chờ xử lý,Manual,VieGroup Jsc,CN00000996,Phạm Hoa (Mỹ Phẩm Phạm Hoa),3247,10,JMELLA Set Sữa Tắm Hương Nước Hoa In France Body Wash # No.4 Queen 5' - 500ml + Bông tắm,https://res.bigseller.pro/sku/images/merchantsku/944484/675856_1790237781789.jpg?imageView2/1/w/300/h/300,VIE GROUP HCM,02/10/2026 10:22,,--
ODWTB4052054,,Chờ xử lý,Manual,VieGroup Jsc,CN00000996,Phạm Hoa (Mỹ Phẩm Phạm Hoa),1273,10,BIODERMA Nước tẩy trang Sebium H2O - 500ml XANH,https://res.bigseller.pro/sku/images/merchantsku/944484/443555_1785489110182.jpg?imageView2/1/w/300/h/300,VIE GROUP HCM,02/10/2026 10:22,,--
586364340096304864,,Đã hủy,TikTok,TTEPRIME-MALL-HCM,--,--,CB1350.3,1,COMBO 3 Chai 30ml CERAVE Sữa Rửa Mặt Foaming Cleanser,https://p16-oec-sg.ibyteimg.com/tos-alisg-i-aphluv4xwc-sg/a2376db661934510bc5ab6e7f01657b3~tplv-aphluv4xwc-origin-jpeg.jpeg?dr=15568&t=555f072d&ps=933b5bde&shp=54477afb&shcp=3c3d9ffb&idc=my&from=1413970683,VIE GROUP HCM,02/10/2026 10:21,,Chờ xử lý
261002HRJBCKAG,,Đang giao hàng,Shopee,SHEPRIME2-MALL - HCM,--,--,2026,1,LRP Sữa Rửa Mặt Effaclar Purifying Foaming Gel - 50ml,https://cf.shopee.vn/file/vn-11134207-81ztc-ms4g1nr09wck4c_tn,VIE GROUP HCM,02/10/2026 10:21,,--
261002HRF59M8J,,Đang giao hàng,Shopee,SHVIEPro-HANOI,--,--,QT01,1,Dr.Sera tây tế bào chết da đầu,https://cf.shopee.vn/file/vn-11134207-81ztc-mqyhiy5e3bpe1a_tn,COSMEE HA NOI,02/10/2026 10:19,,--
586364271513863814,,Đang giao hàng,TikTok,TTEPRIME-MALL-HCM,--,--,1839,1,JOHNSON'S Dầu massage Baby Oil pink - 50ml,https://p16-oec-va.ibyteimg.com/tos-maliva-i-o3syd03w52-us/3601fa79938a4c46a1165cf4bfd00a90~tplv-o3syd03w52-origin-jpeg.jpeg?dr=15568&t=555f072d&ps=933b5bde&shp=54477afb&shcp=3c3d9ffb&idc=my3&from=1413970683,VIE GROUP HCM,02/10/2026 10:17,,--
586364349173892197,,Đang giao hàng,TikTok,TTVIEPRIME-HANOI,--,--,1472,1,COMPLIMENT Sữa rửa mặt No Problem 200ml - Hồng,https://p16-oec-sg.ibyteimg.com/tos-alisg-i-aphluv4xwc-sg/7434e317868148ba93f99925b05bfb45~tplv-aphluv4xwc-origin-jpeg.jpeg?dr=15568&t=555f072d&ps=933b5bde&shp=54477afb&shcp=3c3d9ffb&idc=my&from=1413970683,COSMEE HA NOI,02/10/2026 10:13,,--
586364097501300310,,Đang giao hàng,TikTok,TTEPRIME-MALL-HCM,--,--,1849,1,JOHNSON'S Nước hoa Baby hương phấn hoa - 50ml (hồng),https://p16-oec-va.ibyteimg.com/tos-maliva-i-o3syd03w52-us/c805bcb935ab4f288666cffb67990579~tplv-o3syd03w52-origin-jpeg.jpeg?dr=15568&t=555f072d&ps=933b5bde&shp=54477afb&shcp=3c3d9ffb&idc=my2&from=1413970683,VIE GROUP HCM,02/10/2026 10:05,,--
261002HQHTV1XV,,Đang giao hàng,Shopee,SHEP - HCM,--,--,2028,1,LRP Sữa Rửa Mặt Sữa Tắm Lipikar Syndet AP+ Cream Wash - 200ml,https://cf.shopee.vn/file/vn-11134207-7ras8-maxucerydbrs26_tn,VIE GROUP HCM,02/10/2026 10:03,,--
261002HQBMHX84,,Đang giao hàng,Shopee,SHVIECosme HCM,--,--,1472,1,COMPLIMENT Sữa rửa mặt No Problem 200ml - Hồng,https://cf.shopee.vn/file/vn-11134207-81ztc-mr8kkbibchs2de_tn,VIE GROUP HCM,02/10/2026 10:00,,--
586364022817195606,,Đã hủy,TikTok,TTEPRIME-MALL-HCM,--,--,1845,1,JOHNSON'S Nước hoa Baby hương ban mai - 50ml (tím),https://p16-oec-va.ibyteimg.com/tos-maliva-i-o3syd03w52-us/7f684b0b694d4bdaabfcb2ddab3ad6d4~tplv-o3syd03w52-origin-jpeg.jpeg?dr=15568&t=555f072d&ps=933b5bde&shp=54477afb&shcp=3c3d9ffb&idc=my&from=1413970683,VIE GROUP HCM,02/10/2026 09:58,,Chờ xử lý
586363907078194214,,Đang giao hàng,TikTok,TTEPRIME-MALL-HCM,--,--,2026,1,LRP Sữa Rửa Mặt Effaclar Purifying Foaming Gel - 50ml,https://p16-oec-sg.ibyteimg.com/tos-alisg-i-aphluv4xwc-sg/e34ab459d15b4717b53d8bd8fe469991~tplv-aphluv4xwc-origin-jpeg.jpeg?dr=15568&t=555f072d&ps=933b5bde&shp=54477afb&shcp=3c3d9ffb&idc=my2&from=1413970683,VIE GROUP HCM,02/10/2026 09:50,,--
586363905399621359,,Đang giao hàng,TikTok,TTVIESGN-HCM,--,--,1350,2,CERAVE Sữa Rửa Mặt Foaming Cleanser - 30ml FRANCE,https://p16-oec-va.ibyteimg.com/tos-maliva-i-o3syd03w52-us/e3e9667ce3494a6c8150fb489cb2491d~tplv-o3syd03w52-origin-jpeg.jpeg?dr=15568&t=555f072d&ps=933b5bde&shp=54477afb&shcp=3c3d9ffb&idc=my&from=1413970683,VIE GROUP HCM,02/10/2026 09:49,,--
586363970731934833,,Đang giao hàng,TikTok,TTEPRIME-MALL-HCM,--,--,CB2026.5,1,COMBO 5 TUÝP LRP Sữa Rửa Mặt Effaclar Purifying Foaming Gel - 50ml,https://p16-oec-sg.ibyteimg.com/tos-alisg-i-aphluv4xwc-sg/aa209f876c5842a998b0bcfba253b471~tplv-aphluv4xwc-origin-jpeg.jpeg?dr=15568&t=555f072d&ps=933b5bde&shp=54477afb&shcp=3c3d9ffb&idc=my&from=1413970683,VIE GROUP HCM,02/10/2026 09:48,,--
261002HPK7F1DX,,Đang giao hàng,Shopee,SHEP - HCM,--,--,2100,1,MINISO Bông tẩy trang Nhật Bản 100% 180 Miếng,https://cf.shopee.vn/file/vn-11134207-81ztc-mtmgtix9883o2d_tn,VIE GROUP HCM,02/10/2026 09:46,,--
586363807280956859,,Đang giao hàng,TikTok,TTVIEPRIME-HANOI,--,--,CB2026.3,1,COMBO 3 TUÝP LRP Sữa Rửa Mặt Effaclar Purifying Foaming Gel - 50ml,https://p16-oec-sg.ibyteimg.com/tos-alisg-i-aphluv4xwc-sg/1200e3e940994b57b36341a3f7c85513~tplv-aphluv4xwc-origin-jpeg.jpeg?dr=15568&t=555f072d&ps=933b5bde&shp=54477afb&shcp=3c3d9ffb&idc=my&from=1413970683,VIE GROUP HCM,02/10/2026 09:45,,--
586363817780020862,,Đang giao hàng,TikTok,TTEPRIME-MALL-HCM,--,--,CB1350.3,1,COMBO 3 Chai 30ml CERAVE Sữa Rửa Mặt Foaming Cleanser,https://p16-oec-sg.ibyteimg.com/tos-alisg-i-aphluv4xwc-sg/a2376db661934510bc5ab6e7f01657b3~tplv-aphluv4xwc-origin-jpeg.jpeg?dr=15568&t=555f072d&ps=933b5bde&shp=54477afb&shcp=3c3d9ffb&idc=my2&from=1413970683,VIE GROUP HCM,02/10/2026 09:44,,--
261002HPEEUH3U,,Đang giao hàng,Shopee,SHEP - HCM,--,--,CB2361.2,1,"SILCOT Bông tẩy trang Unicharm - 82 miếng Xanh dương, COMBO 2 HỘP",https://cf.shopee.vn/file/vn-11134207-7ras8-mcke8u9q2v4yd7_tn,VIE GROUP HCM,02/10/2026 09:43,,--
261002HPDCGXW8,,Đang giao hàng,Shopee,SHVIECosme HCM,--,--,1882,1,KEYSHU mặt nạ dưỡng da - 1 Miếng ( Hành Tím ),https://cf.shopee.vn/file/vn-11134207-81ztc-ms9j7s0atu6g77_tn,VIE GROUP HCM,02/10/2026 09:43,,--
586363788902237775,,Đang giao hàng,TikTok,TTEPRIME-MALL-HCM,--,--,CB1350.3,1,COMBO 3 Chai 30ml CERAVE Sữa Rửa Mặt Foaming Cleanser,https://p16-oec-sg.ibyteimg.com/tos-alisg-i-aphluv4xwc-sg/a2376db661934510bc5ab6e7f01657b3~tplv-aphluv4xwc-origin-jpeg.jpeg?dr=15568&t=555f072d&ps=933b5bde&shp=54477afb&shcp=3c3d9ffb&idc=my2&from=1413970683,VIE GROUP HCM,02/10/2026 09:42,,--
586363762303534714,,Đang giao hàng,TikTok,TTVIEPRIME-HANOI,--,--,CB1350.3 COMBO 3 Dầu x 30ml,1,COMBO 3 Chai 30ml CERAVE Sữa Rửa Mặt Foaming Cleanser,https://p16-oec-sg.ibyteimg.com/tos-alisg-i-aphluv4xwc-sg/a66ef569c50d41e5a9f53922eaa4f2fd~tplv-aphluv4xwc-origin-jpeg.jpeg?dr=15568&t=555f072d&ps=933b5bde&shp=54477afb&shcp=3c3d9ffb&idc=my2&from=1413970683,VIE GROUP HCM,02/10/2026 09:41,,--
261002HP4DG6UH,,Đang giao hàng,Shopee,SHEP - HCM,--,--,1027,1,OEM Miếng Dán Tóc Mái màu ngẫu nhiên - COMBO 2 MIẾNG [XT],https://cf.shopee.vn/file/vn-11134207-7ras8-mdbakhyk3mi5c8_tn,VIE GROUP HCM,02/10/2026 09:38,,--
261002HP4DG6UH,,Đang giao hàng,Shopee,SHEP - HCM,--,--,2442,1,SVR Sữa Rửa Mặt SEBIACLEAR Gel Moussant - 400ml,https://cf.shopee.vn/file/vn-11134207-81ztc-msxyr8rixwcn1f_tn,VIE GROUP HCM,02/10/2026 09:38,,--
261002HP4DG6UH,,Đang giao hàng,Shopee,SHEP - HCM,--,--,QT40,1,MEDIANSWER Tinh chất hỗ trợ sáng da Vita Collagen Logic Ampoule - 2 ml,https://cf.shopee.vn/file/vn-11134207-81ztc-mtqcnbkc7coya1_tn,VIE GROUP HCM,02/10/2026 09:38,,--
586363715425698852,,Đang giao hàng,TikTok,TTEPRIME-MALL-HCM,--,--,CB2026.3,1,COMBO 3 TUÝP LRP Sữa Rửa Mặt Effaclar Purifying Foaming Gel - 50ml,https://p16-oec-sg.ibyteimg.com/tos-alisg-i-aphluv4xwc-sg/4fdb1010396942c6bcbbb4ff16ba3159~tplv-aphluv4xwc-origin-jpeg.jpeg?dr=15568&t=555f072d&ps=933b5bde&shp=54477afb&shcp=3c3d9ffb&idc=my2&from=1413970683,VIE GROUP HCM,02/10/2026 09:36,,--
261002HNYPRXKK,,Đang giao hàng,Shopee,SHEP - HCM,--,--,1925,1,LA SOIRÉE Bông Tẩy Trang 100% Cotton Siêu Mềm Siêu Mịn - 85 Miếng Vuông,https://cf.shopee.vn/file/vn-11134207-7r98o-lzce2cfpn2h976_tn,VIE GROUP HCM,02/10/2026 09:35,,--
261002HNVBXV4G,,Đã hủy,Shopee,SHEP - HCM,--,--,1925,1,LA SOIRÉE Bông Tẩy Trang 100% Cotton Siêu Mềm Siêu Mịn - 85 Miếng Vuông,https://cf.shopee.vn/file/vn-11134207-7r98o-lzce2cfpn2h976_tn,VIE GROUP HCM,02/10/2026 09:34,,Đang giao hàng
261002HNPWFHC5,,Đã hủy,Shopee,SHEP - HCM,--,--,2099,1,MINISO Bông tẩy trang Miniso Cao Cấp  100% cotton TRÒN 180 miếng,https://cf.shopee.vn/file/vn-11134207-81ztc-mrtx7fmb4ohzcc_tn,VIE GROUP HCM,02/10/2026 09:30,,Đang giao hàng
261002HNN55P4W,,Nền tảng đang xử lý,Shopee,SHVIECosme HCM,--,--,1472,1,COMPLIMENT Sữa rửa mặt No Problem 200ml - Hồng,https://cf.shopee.vn/file/vn-11134207-81ztc-mr8kkbibchs2de_tn,VIE GROUP HCM,02/10/2026 09:29,,--
586363587658024897,,Đã hủy,TikTok,TTVIESGN-HCM,--,--,1056,1,"AGAFIA ĐẤT SÉT XANH ,Mặt Nạ Đất Sét Sữa Non ""Thảo Mộc"" Bà Già Nga Agafia 100mL",https://p16-oec-sg.ibyteimg.com/tos-alisg-i-aphluv4xwc-sg/34c23206549a4bae83ba2c3f988623c3~tplv-aphluv4xwc-origin-jpeg.jpeg?dr=15568&t=555f072d&ps=933b5bde&shp=54477afb&shcp=3c3d9ffb&idc=my&from=1413970683,VIE GROUP HCM,02/10/2026 09:28,,Chờ xử lý
586363471672477692,,Đang giao hàng,TikTok,TTEPRIME-MALL-HCM,--,--,2026,1,LRP Sữa Rửa Mặt Effaclar Purifying Foaming Gel - 50ml,https://p16-oec-sg.ibyteimg.com/tos-alisg-i-aphluv4xwc-sg/e34ab459d15b4717b53d8bd8fe469991~tplv-aphluv4xwc-origin-jpeg.jpeg?dr=15568&t=555f072d&ps=933b5bde&shp=54477afb&shcp=3c3d9ffb&idc=my2&from=1413970683,VIE GROUP HCM,02/10/2026 09:25,,--
586363520913147260,,Đang giao hàng,TikTok,TTEPRIME-MALL-HCM,--,--,1857,1,JOHNSON'S Sữa tắm gội Baby Top-To-Toe Hair & Body (Vàng) - 100ml,https://p16-oec-va.ibyteimg.com/tos-maliva-i-o3syd03w52-us/b9fc1654e104431ca29dcffc5d7253a0~tplv-o3syd03w52-origin-jpeg.jpeg?dr=15568&t=555f072d&ps=933b5bde&shp=54477afb&shcp=3c3d9ffb&idc=my2&from=1413970683,VIE GROUP HCM,02/10/2026 09:25,,--
586363505960780878,Đơn hàng trùng lặp,Đang giao hàng,TikTok,TTVIESGN-HCM,--,--,CB2026.3,1,COMBO 3 TUÝP LRP Sữa Rửa Mặt Effaclar Purifying Foaming Gel - 50ml,https://p16-oec-va.ibyteimg.com/tos-maliva-i-o3syd03w52-us/e5a2cc16ea2a4127b9e3e75cc1ef1a41~tplv-o3syd03w52-origin-jpeg.jpeg?dr=15568&t=555f072d&ps=933b5bde&shp=54477afb&shcp=3c3d9ffb&idc=my3&from=1413970683,VIE GROUP HCM,02/10/2026 09:26,,--
261002HNCRA6CN,,Đang giao hàng,Shopee,SHCOSMEE-HANOI,--,--,1632,1,Bông Tẩy Trang Emalia Pháp 201 Miếng,https://cf.shopee.vn/file/vn-11134207-81ztc-mr9v8bofhlvp58_tn,COSMEE HA NOI,02/10/2026 09:24,,--
586363505347822670,,Đã hủy,TikTok,TTVIESGN-HCM,--,--,CB2026.3,1,COMBO 3 TUÝP LRP Sữa Rửa Mặt Effaclar Purifying Foaming Gel - 50ml,https://p16-oec-va.ibyteimg.com/tos-maliva-i-o3syd03w52-us/e5a2cc16ea2a4127b9e3e75cc1ef1a41~tplv-o3syd03w52-origin-jpeg.jpeg?dr=15568&t=555f072d&ps=933b5bde&shp=54477afb&shcp=3c3d9ffb&idc=my&from=1413970683,VIE GROUP HCM,02/10/2026 09:24,,Chưa thanh toán
261002HN2PV85H,,Đang giao hàng,Shopee,SHEP - HCM,--,--,2100,1,MINISO Bông tẩy trang Nhật Bản 100% 180 Miếng,https://cf.shopee.vn/file/vn-11134207-81ztc-mtmgtix9883o2d_tn,VIE GROUP HCM,02/10/2026 09:19,,--
586363354834699499,,Đang giao hàng,TikTok,TTEPRIME-MALL-HCM,--,--,CB2026.3,1,COMBO 3 TUÝP LRP Sữa Rửa Mặt Effaclar Purifying Foaming Gel - 50ml,https://p16-oec-sg.ibyteimg.com/tos-alisg-i-aphluv4xwc-sg/4fdb1010396942c6bcbbb4ff16ba3159~tplv-aphluv4xwc-origin-jpeg.jpeg?dr=15568&t=555f072d&ps=933b5bde&shp=54477afb&shcp=3c3d9ffb&idc=my&from=1413970683,VIE GROUP HCM,02/10/2026 09:09,,--
261002HMBNQE0Q,,Đã hoàn thành,Shopee,SHEP - HCM,--,--,2100,1,MINISO Bông tẩy trang Nhật Bản 100% 180 Miếng,https://cf.shopee.vn/file/vn-11134207-81ztc-mtmgtix9883o2d_tn,VIE GROUP HCM,02/10/2026 09:06,02/10/2026 16:53,--
261002HM7K0ET4,,Đang giao hàng,Shopee,SHVIECosme HCM,--,--,1472,1,COMPLIMENT Sữa rửa mặt No Problem 200ml - Hồng,https://cf.shopee.vn/file/vn-11134207-81ztc-mr8kkbibchs2de_tn,VIE GROUP HCM,02/10/2026 09:04,03/10/2026 12:04,--
586363203947038528,,Đang giao hàng,TikTok,TTEPRIME-MALL-HCM,--,--,CB2026.3,1,COMBO 3 TUÝP LRP Sữa Rửa Mặt Effaclar Purifying Foaming Gel - 50ml,https://p16-oec-sg.ibyteimg.com/tos-alisg-i-aphluv4xwc-sg/4fdb1010396942c6bcbbb4ff16ba3159~tplv-aphluv4xwc-origin-jpeg.jpeg?dr=15568&t=555f072d&ps=933b5bde&shp=54477afb&shcp=3c3d9ffb&idc=my2&from=1413970683,VIE GROUP HCM,02/10/2026 09:01,,--
586363145752053468,,Đang giao hàng,TikTok,TTEPRIME-MALL-HCM,--,--,2026,1,LRP Sữa Rửa Mặt Effaclar Purifying Foaming Gel - 50ml,https://p16-oec-sg.ibyteimg.com/tos-alisg-i-aphluv4xwc-sg/e34ab459d15b4717b53d8bd8fe469991~tplv-aphluv4xwc-origin-jpeg.jpeg?dr=15568&t=555f072d&ps=933b5bde&shp=54477afb&shcp=3c3d9ffb&idc=my&from=1413970683,VIE GROUP HCM,02/10/2026 08:58,,--
ODWTB4052047,,Đã hoàn thành,Manual,ePharmacy_ws,0798575970,Nguyền,2225,2,OLAY MẪU MỚI B3 - Dưỡng thể Body Cellscience B3+Vitamin C 260g - NẮP VÀNG,https://res.bigseller.pro/sku/images/merchantsku/944484/382789_1769587675058.jpg?imageView2/1/w/300/h/300,VIE GROUP HCM,02/10/2026 08:57,,--
ODWTB4052047,,Đã hoàn thành,Manual,ePharmacy_ws,0798575970,Nguyền,2567,1,VASELINE Sữa Dưỡng Thể Healthy Bright Gluta-Hya Body Tone-Up UV Lotion 300ml,https://res.bigseller.pro/sku/images/merchantsku/944484/318533_1754365818082.jpg?imageView2/1/w/300/h/300,VIE GROUP HCM,02/10/2026 08:57,,--
ODWTB4052047,,Đã hoàn thành,Manual,ePharmacy_ws,0798575970,Nguyền,3262,1,ALPHA ARBUTIN 3 Plus Viên Bột Kích Trắng Collagen Whitening Capsule Vỉ 10 Viên - Ban Đêm,https://res.bigseller.pro/sku/images/merchantsku/944484/127743_1790837158109.jpg?imageView2/1/w/300/h/300,VIE GROUP HCM,02/10/2026 08:57,,--
ODWTB4052049,,Đã hoàn thành,Manual,ePharmacy_ws,0983719070,Kim Mai (epharmacy),2030,2,LRP Tẩy Trang Effaclar Micellar Water For Oily Skin - 400ml (Xanh),https://res.bigseller.pro/sku/images/merchantsku/944484/477666_1754365625525.jpg?imageView2/1/w/300/h/300,VIE GROUP HCM,02/10/2026 08:56,,--
ODWTB4052049,,Đã hoàn thành,Manual,ePharmacy_ws,0983719070,Kim Mai (epharmacy),2005,1,LRP Kem Dưỡng Cicaplast Baume B5+ Soothing Repairing Balm - 40ML,https://res.bigseller.pro/sku/images/merchantsku/944484/497540_1754365720522.jpg?imageView2/1/w/300/h/300,VIE GROUP HCM,02/10/2026 08:56,,--
ODWTB4052049,,Đã hoàn thành,Manual,ePharmacy_ws,0983719070,Kim Mai (epharmacy),2025,1,LRP Sữa Rửa Mặt Effaclar Purifying Foaming Gel - 200ml,https://res.bigseller.pro/sku/images/merchantsku/944484/937850_1754365623454.jpg?imageView2/1/w/300/h/300,VIE GROUP HCM,02/10/2026 08:56,,--
261002HKMX1X32,,Đang giao hàng,Shopee,SHCOSMEE-HANOI,--,--,,1,Cọ tán son môi [XT],https://cf.shopee.vn/file/vn-11134207-81ztc-mq4o693axde619_tn,COSMEE HA NOI,02/10/2026 08:53,,--
586363124629538799,,Đang giao hàng,TikTok,TTVIESGN-HCM,--,--,1350,1,CERAVE Sữa Rửa Mặt Foaming Cleanser - 30ml FRANCE,https://p16-oec-sg.ibyteimg.com/tos-alisg-i-aphluv4xwc-sg/cc9742efae154cb89c3e62363dff00b1~tplv-aphluv4xwc-origin-jpeg.jpeg?dr=15568&t=555f072d&ps=933b5bde&shp=54477afb&shcp=3c3d9ffb&idc=my2&from=1413970683,VIE GROUP HCM,02/10/2026 08:52,,--
586363092212287149,,Đang giao hàng,TikTok,TTEPRIME-MALL-HCM,--,--,2026,1,LRP Sữa Rửa Mặt Effaclar Purifying Foaming Gel - 50ml,https://p16-oec-sg.ibyteimg.com/tos-alisg-i-aphluv4xwc-sg/e34ab459d15b4717b53d8bd8fe469991~tplv-aphluv4xwc-origin-jpeg.jpeg?dr=15568&t=555f072d&ps=933b5bde&shp=54477afb&shcp=3c3d9ffb&idc=my&from=1413970683,VIE GROUP HCM,02/10/2026 08:52,,--
586363058233902182,Đơn hàng trùng lặp,Đang giao hàng,TikTok,TTEPRIME-MALL-HCM,--,--,2026,1,LRP Sữa Rửa Mặt Effaclar Purifying Foaming Gel - 50ml,https://p16-oec-sg.ibyteimg.com/tos-alisg-i-aphluv4xwc-sg/e34ab459d15b4717b53d8bd8fe469991~tplv-aphluv4xwc-origin-jpeg.jpeg?dr=15568&t=555f072d&ps=933b5bde&shp=54477afb&shcp=3c3d9ffb&idc=my2&from=1413970683,VIE GROUP HCM,02/10/2026 08:50,,--
586363094242723533,,Đang giao hàng,TikTok,TTEPRIME-MALL-HCM,--,--,2026,1,LRP Sữa Rửa Mặt Effaclar Purifying Foaming Gel - 50ml,https://p16-oec-sg.ibyteimg.com/tos-alisg-i-aphluv4xwc-sg/e34ab459d15b4717b53d8bd8fe469991~tplv-aphluv4xwc-origin-jpeg.jpeg?dr=15568&t=555f072d&ps=933b5bde&shp=54477afb&shcp=3c3d9ffb&idc=my&from=1413970683,VIE GROUP HCM,02/10/2026 08:45,,--
586363049692071384,,Đang giao hàng,TikTok,TTVIESGN-HCM,--,--,2026,1,LRP Sữa Rửa Mặt Effaclar Purifying Foaming Gel - 50ml,https://p16-oec-va.ibyteimg.com/tos-maliva-i-o3syd03w52-us/307dde19befb426e9d4f98983a79189c~tplv-o3syd03w52-origin-jpeg.jpeg?dr=15568&t=555f072d&ps=933b5bde&shp=54477afb&shcp=3c3d9ffb&idc=my2&from=1413970683,VIE GROUP HCM,02/10/2026 08:45,,--
586363048339539331,,Đã hủy,TikTok,TTEPRIME-MALL-HCM,--,--,CB1350.3,1,COMBO 3 Chai 30ml CERAVE Sữa Rửa Mặt Foaming Cleanser,https://p16-oec-sg.ibyteimg.com/tos-alisg-i-aphluv4xwc-sg/a2376db661934510bc5ab6e7f01657b3~tplv-aphluv4xwc-origin-jpeg.jpeg?dr=15568&t=555f072d&ps=933b5bde&shp=54477afb&shcp=3c3d9ffb&idc=my&from=1413970683,VIE GROUP HCM,02/10/2026 08:44,,Chờ xử lý
261002HJFST1YT,,Đã hủy,Shopee,SHEP - HCM,--,--,CB1915.10,1,"[COMBO 10 MIẾNG] KYUNG LAB Mặt Nạ Dưỡng Ẩm, Phục Hồi Da Kyung Lab PDRN Therapy Mask 23ml",https://cf.shopee.vn/file/vn-11134207-81ztc-msxh5g9p4kxs55_tn,VIE GROUP HCM,02/10/2026 08:32,,Chờ xử lý
586362858712958779,,Đang giao hàng,TikTok,TTEPRIME-MALL-HCM,--,--,CB1350.3,1,COMBO 3 Chai 30ml CERAVE Sữa Rửa Mặt Foaming Cleanser,https://p16-oec-sg.ibyteimg.com/tos-alisg-i-aphluv4xwc-sg/a2376db661934510bc5ab6e7f01657b3~tplv-aphluv4xwc-origin-jpeg.jpeg?dr=15568&t=555f072d&ps=933b5bde&shp=54477afb&shcp=3c3d9ffb&idc=my2&from=1413970683,VIE GROUP HCM,02/10/2026 08:32,,--
586362796867880674,,Đang giao hàng,TikTok,TTEPRIME-MALL-HCM,--,--,2026,1,LRP Sữa Rửa Mặt Effaclar Purifying Foaming Gel - 50ml,https://p16-oec-sg.ibyteimg.com/tos-alisg-i-aphluv4xwc-sg/e34ab459d15b4717b53d8bd8fe469991~tplv-aphluv4xwc-origin-jpeg.jpeg?dr=15568&t=555f072d&ps=933b5bde&shp=54477afb&shcp=3c3d9ffb&idc=my2&from=1413970683,VIE GROUP HCM,02/10/2026 08:32,,--
586362834481874599,,Đang giao hàng,TikTok,TTVIEMart-MALL-HCM,--,--,1501,1,CORINE DE FARME DDVS Intimate Gel 250ml - Protect,https://p16-oec-va.ibyteimg.com/tos-maliva-i-o3syd03w52-us/8ae25731fee54b8ebd25f728f806d16a~tplv-o3syd03w52-origin-jpeg.jpeg?dr=15568&t=555f072d&ps=933b5bde&shp=54477afb&shcp=3c3d9ffb&idc=my2&from=1413970683,VIE GROUP HCM,02/10/2026 08:29,,--
261002HJ5JPCSJ,,Đang giao hàng,Shopee,SHVIECosme HCM,--,--,1882,1,KEYSHU mặt nạ dưỡng da - 1 Miếng ( Hành Tím ),https://cf.shopee.vn/file/vn-11134207-81ztc-ms9j7s0atu6g77_tn,VIE GROUP HCM,02/10/2026 08:27,,--
586362678853600288,,Đang giao hàng,TikTok,TTEPRIME-MALL-HCM,--,--,2026,1,LRP Sữa Rửa Mặt Effaclar Purifying Foaming Gel - 50ml,https://p16-oec-sg.ibyteimg.com/tos-alisg-i-aphluv4xwc-sg/e34ab459d15b4717b53d8bd8fe469991~tplv-aphluv4xwc-origin-jpeg.jpeg?dr=15568&t=555f072d&ps=933b5bde&shp=54477afb&shcp=3c3d9ffb&idc=my&from=1413970683,VIE GROUP HCM,02/10/2026 08:18,,--
261002HHFX9RH8,,Đã hoàn thành,Shopee,SHEP - HCM,--,--,,1,DUCRAY Gel Rửa Mặt Cho Da Nhờn Mụn Keracnyl Foaming Gel - 200ml,https://cf.shopee.vn/file/vn-11134207-7r98o-ly3d3dqsv5jv9c_tn,VIE GROUP HCM,02/10/2026 08:15,02/10/2026 21:27,--
261002HHFX9RH8,,Đã hoàn thành,Shopee,SHEP - HCM,--,--,QT40,1,MEDIANSWER Tinh chất hỗ trợ sáng da Vita Collagen Logic Ampoule - 2 ml,https://cf.shopee.vn/file/vn-11134207-81ztc-mtqcnbkc7coya1_tn,VIE GROUP HCM,02/10/2026 08:15,02/10/2026 21:27,--
ODWTB4052045,,Chờ lấy hàng,Manual,ePharmacy_ws,CN00001148,Công ty TNHH SEN BAY (epharmacy),2806,20,ARRAHAN Gel Tẩy Tế Bào Chết Arrahan than  180ml,https://res.bigseller.pro/sku/images/merchantsku/944484/990881_1777888220920.jpg?imageView2/1/w/300/h/300,VIE GROUP HCM,02/10/2026 08:13,,--
ODWTB4052045,,Chờ lấy hàng,Manual,ePharmacy_ws,CN00001148,Công ty TNHH SEN BAY (epharmacy),1351,5,CERAVE Sữa Rửa Mặt Foaming Cleanser - 473ml FRANCE,https://res.bigseller.pro/sku/images/merchantsku/944484/302232_1754366311743.jpg?imageView2/1/w/300/h/300,VIE GROUP HCM,02/10/2026 08:13,,--
ODWTB4052045,,Chờ lấy hàng,Manual,ePharmacy_ws,CN00001148,Công ty TNHH SEN BAY (epharmacy),1339,2,CERAVE Kem Dưỡng Da Moisturising Cream Baume Hydratant - 340g FRANCE,https://res.bigseller.pro/sku/images/merchantsku/944484/693265_1754366215944.jpg?imageView2/1/w/300/h/300,VIE GROUP HCM,02/10/2026 08:13,,--
ODWTB4052045,,Chờ lấy hàng,Manual,ePharmacy_ws,CN00001148,Công ty TNHH SEN BAY (epharmacy),1345,5,CERAVE Sữa Dưỡng Moisturising Lotion Lait Hydratant - 236ml FRANCE,https://res.bigseller.pro/sku/images/merchantsku/944484/566701_1755015056858.jpg?imageView2/1/w/300/h/300,VIE GROUP HCM,02/10/2026 08:13,,--
ODWTB4052045,,Chờ lấy hàng,Manual,ePharmacy_ws,CN00001148,Công ty TNHH SEN BAY (epharmacy),2543,2,VASELINE Kem dưỡng tay và móng Deep Moisture Hand & Nail Cream 60ml,https://res.bigseller.pro/sku/images/merchantsku/944484/153601_1754365714065.jpg?imageView2/1/w/300/h/300,VIE GROUP HCM,02/10/2026 08:13,,--
ODWTB4052045,,Chờ lấy hàng,Manual,ePharmacy_ws,CN00001148,Công ty TNHH SEN BAY (epharmacy),1453,2,COMPLIMENT Mặt nạ đất sét No Problem Steaming Face Mask 80ml - Cam,https://res.bigseller.pro/sku/images/merchantsku/944484/326296_1754365904146.jpg?imageView2/1/w/300/h/300,VIE GROUP HCM,02/10/2026 08:13,,--
ODWTB4052045,,Chờ lấy hàng,Manual,ePharmacy_ws,CN00001148,Công ty TNHH SEN BAY (epharmacy),1705,5,GARNIER Nước Tẩy Trang Micellar Cleansing Water 400ml - Trắng make up,https://res.bigseller.pro/sku/images/merchantsku/944484/431882_1754365908104.jpg?imageView2/1/w/300/h/300,VIE GROUP HCM,02/10/2026 08:13,,--
ODWTB4052045,,Chờ lấy hàng,Manual,ePharmacy_ws,CN00001148,Công ty TNHH SEN BAY (epharmacy),1947,10,LANEIGE Mặt nạ môi Lip Sleeping Mask Mini 3g,https://res.bigseller.pro/sku/images/merchantsku/944484/692084_1754365907716.jpg?imageView2/1/w/300/h/300,VIE GROUP HCM,02/10/2026 08:13,,--
ODWTB4052045,,Chờ lấy hàng,Manual,ePharmacy_ws,CN00001148,Công ty TNHH SEN BAY (epharmacy),1593,3,DOVE Tẩy tế bào chết bản Mỹ 280g - Lựu Đỏ,https://res.bigseller.pro/sku/images/merchantsku/944484/883939_1754366223830.jpg?imageView2/1/w/300/h/300,VIE GROUP HCM,02/10/2026 08:13,,--
ODWTB4052045,,Chờ lấy hàng,Manual,ePharmacy_ws,CN00001148,Công ty TNHH SEN BAY (epharmacy),1745,5,GOODNDOC Kem Dưỡng Da Centella Repair Cream 50ml,https://res.bigseller.pro/sku/images/merchantsku/944484/207212_1754366310153.jpg?imageView2/1/w/300/h/300,VIE GROUP HCM,02/10/2026 08:13,,--
ODWTB4052045,,Chờ lấy hàng,Manual,ePharmacy_ws,CN00001148,Công ty TNHH SEN BAY (epharmacy),1454,2,COMPLIMENT Mặt nạ đất sét No Problem Steaming Face Mask 80ml - Tím,https://res.bigseller.pro/sku/images/merchantsku/944484/940248_1754366308893.jpg?imageView2/1/w/300/h/300,VIE GROUP HCM,02/10/2026 08:13,,--
ODWTB4052045,,Chờ lấy hàng,Manual,ePharmacy_ws,CN00001148,Công ty TNHH SEN BAY (epharmacy),1455,2,COMPLIMENT Mặt nạ đất sét No Problem Steaming Face Mask 80ml - Xanh,https://res.bigseller.pro/sku/images/merchantsku/944484/654300_1754365714030.jpg?imageView2/1/w/300/h/300,VIE GROUP HCM,02/10/2026 08:13,,--
ODWTB4052045,,Chờ lấy hàng,Manual,ePharmacy_ws,CN00001148,Công ty TNHH SEN BAY (epharmacy),1477,2,COMPLIMENT Tẩy Tế Bào Chết  Scalp Expert  Kiểm Soát Dầu - 300ml,https://res.bigseller.pro/sku/images/merchantsku/944484/755305_1774269471498.jpg?imageView2/1/w/300/h/300,VIE GROUP HCM,02/10/2026 08:13,,--
ODWTB4052045,,Chờ lấy hàng,Manual,ePharmacy_ws,CN00001148,Công ty TNHH SEN BAY (epharmacy),2807,10,ARRAHAN Gel Tẩy Tế Bào Chết Arrahan lemon 180ml,https://res.bigseller.pro/sku/images/merchantsku/944484/593692_1777888316519.jpg?imageView2/1/w/300/h/300,VIE GROUP HCM,02/10/2026 08:13,,--
ODWTB4052045,,Chờ lấy hàng,Manual,ePharmacy_ws,CN00001148,Công ty TNHH SEN BAY (epharmacy),2808,10,ARRAHAN Gel Tẩy Tế Bào Chết Arrahan aloe 180ml,https://res.bigseller.pro/sku/images/merchantsku/944484/000278_1777888356897.jpg?imageView2/1/w/300/h/300,VIE GROUP HCM,02/10/2026 08:13,,--
ODWTB4052045,,Chờ lấy hàng,Manual,ePharmacy_ws,CN00001148,Công ty TNHH SEN BAY (epharmacy),2554,1,VASELINE Serum chống nắng 50X SPF50+ 300ml,https://res.bigseller.pro/sku/images/merchantsku/944484/922246_1754365909848.jpg?imageView2/1/w/300/h/300,VIE GROUP HCM,02/10/2026 08:13,,--
ODWTB4052045,,Chờ lấy hàng,Manual,ePharmacy_ws,CN00001148,Công ty TNHH SEN BAY (epharmacy),2791,1,Vaseline Sữa Dưỡng Thể Trắng Da Vaseline -  300ml Tuýp Hồng MẪU MỚI,https://res.bigseller.pro/sku/images/merchantsku/944484/565021_1787503245368.jpg?imageView2/1/w/300/h/300,VIE GROUP HCM,02/10/2026 08:13,,--
ODWTB4052045,,Chờ lấy hàng,Manual,ePharmacy_ws,CN00001148,Công ty TNHH SEN BAY (epharmacy),2067,2,MAYBELLINE Nước Tẩy Trang New York Eye & Lip Makeup Remover - 150ml,https://res.bigseller.pro/sku/images/merchantsku/944484/158315_1786345489615.jpg?imageView2/1/w/300/h/300,VIE GROUP HCM,02/10/2026 08:13,,--
586362462258956276,,Đang giao hàng,TikTok,TTEPRIME-MALL-HCM,--,--,CB2026.3,1,COMBO 3 TUÝP LRP Sữa Rửa Mặt Effaclar Purifying Foaming Gel - 50ml,https://p16-oec-sg.ibyteimg.com/tos-alisg-i-aphluv4xwc-sg/4fdb1010396942c6bcbbb4ff16ba3159~tplv-aphluv4xwc-origin-jpeg.jpeg?dr=15568&t=555f072d&ps=933b5bde&shp=54477afb&shcp=3c3d9ffb&idc=my&from=1413970683,VIE GROUP HCM,02/10/2026 08:07,,--
586362533807817905,,Đang giao hàng,TikTok,TTEPRIME-MALL-HCM,--,--,2026,1,LRP Sữa Rửa Mặt Effaclar Purifying Foaming Gel - 50ml,https://p16-oec-sg.ibyteimg.com/tos-alisg-i-aphluv4xwc-sg/e34ab459d15b4717b53d8bd8fe469991~tplv-aphluv4xwc-origin-jpeg.jpeg?dr=15568&t=555f072d&ps=933b5bde&shp=54477afb&shcp=3c3d9ffb&idc=my2&from=1413970683,VIE GROUP HCM,02/10/2026 08:06,,--
586362425366054319,,Đang giao hàng,TikTok,TTVIESGN-HCM,--,--,CB2026.3,1,COMBO 3 TUÝP LRP Sữa Rửa Mặt Effaclar Purifying Foaming Gel - 50ml,https://p16-oec-va.ibyteimg.com/tos-maliva-i-o3syd03w52-us/e5a2cc16ea2a4127b9e3e75cc1ef1a41~tplv-o3syd03w52-origin-jpeg.jpeg?dr=15568&t=555f072d&ps=933b5bde&shp=54477afb&shcp=3c3d9ffb&idc=my2&from=1413970683,VIE GROUP HCM,02/10/2026 07:57,,--
261002HFU4AVJ3,,Đang giao hàng,Shopee,SHVIECosme HCM,--,--,1471,1,COMPLIMENT Sữa rửa mặt No Problem 200ml - Cam,https://cf.shopee.vn/file/vn-11134207-820l4-mf29uuhrrsi06b_tn,VIE GROUP HCM,02/10/2026 07:45,,--
261002HF9B1BV0,,Đang giao hàng,Shopee,SHEP - HCM,--,--,CB2361.2,1,"SILCOT Bông tẩy trang Unicharm - 82 miếng Xanh dương, COMBO 2 HỘP",https://cf.shopee.vn/file/vn-11134207-7ras8-mcke8u9q2v4yd7_tn,VIE GROUP HCM,02/10/2026 07:35,02/10/2026 19:20,--
261002HF13V1GY,,Đã hoàn thành,Shopee,SHEP - HCM,--,--,2100,2,MINISO Bông tẩy trang Nhật Bản 100% 180 Miếng,https://cf.shopee.vn/file/vn-11134207-81ztc-mtmgtix9883o2d_tn,VIE GROUP HCM,02/10/2026 07:31,03/10/2026 15:39,--
586362111429281061,,Đang giao hàng,TikTok,TTEPRIME-MALL-HCM,--,--,2026,1,LRP Sữa Rửa Mặt Effaclar Purifying Foaming Gel - 50ml,https://p16-oec-sg.ibyteimg.com/tos-alisg-i-aphluv4xwc-sg/e34ab459d15b4717b53d8bd8fe469991~tplv-aphluv4xwc-origin-jpeg.jpeg?dr=15568&t=555f072d&ps=933b5bde&shp=54477afb&shcp=3c3d9ffb&idc=my3&from=1413970683,VIE GROUP HCM,02/10/2026 07:28,,--
586362023698793851,,Đang giao hàng,TikTok,TTEPRIME-MALL-HCM,--,--,2026,1,LRP Sữa Rửa Mặt Effaclar Purifying Foaming Gel - 50ml,https://p16-oec-sg.ibyteimg.com/tos-alisg-i-aphluv4xwc-sg/e34ab459d15b4717b53d8bd8fe469991~tplv-aphluv4xwc-origin-jpeg.jpeg?dr=15568&t=555f072d&ps=933b5bde&shp=54477afb&shcp=3c3d9ffb&idc=my2&from=1413970683,VIE GROUP HCM,02/10/2026 07:25,,--
586362050840856388,,Đang giao hàng,TikTok,TTEPRIME-MALL-HCM,--,--,2026,1,LRP Sữa Rửa Mặt Effaclar Purifying Foaming Gel - 50ml,https://p16-oec-sg.ibyteimg.com/tos-alisg-i-aphluv4xwc-sg/e34ab459d15b4717b53d8bd8fe469991~tplv-aphluv4xwc-origin-jpeg.jpeg?dr=15568&t=555f072d&ps=933b5bde&shp=54477afb&shcp=3c3d9ffb&idc=my3&from=1413970683,VIE GROUP HCM,02/10/2026 07:19,,--
586361959116736321,,Đang giao hàng,TikTok,TTEPRIME-MALL-HCM,--,--,1350,1,CERAVE Sữa Rửa Mặt Foaming Cleanser - 30ml FRANCE,https://p16-oec-sg.ibyteimg.com/tos-alisg-i-aphluv4xwc-sg/50806a02e3104a3bb34e537bc386ab64~tplv-aphluv4xwc-origin-jpeg.jpeg?dr=15568&t=555f072d&ps=933b5bde&shp=54477afb&shcp=3c3d9ffb&idc=my2&from=1413970683,VIE GROUP HCM,02/10/2026 07:17,,--
261002HDREYF33,,Đang giao hàng,Shopee,SHEP - HCM,--,--,CB2361.2,1,"SILCOT Bông tẩy trang Unicharm - 82 miếng Xanh dương, COMBO 2 HỘP",https://cf.shopee.vn/file/vn-11134207-7ras8-mcke8u9q2v4yd7_tn,VIE GROUP HCM,02/10/2026 07:08,03/10/2026 11:12,--
261002HDQGF4TG,,Nền tảng đang xử lý,Shopee,SHVIECosme HCM,--,--,1127,1,Aspasia - Xịt Khoáng Aspasia Moist Up Face Mist Aloe Làm Dịu Mát Bổ Sung Độ Ẩm Cho Làn Da Rạng Rỡ 150ml,https://cf.shopee.vn/file/vn-11134207-81ztc-mpsziotao3ya56_tn,VIE GROUP HCM,02/10/2026 07:07,,--
586361846749890525,,Đang giao hàng,TikTok,TTEPRIME-MALL-HCM,--,--,1350,1,CERAVE Sữa Rửa Mặt Foaming Cleanser - 30ml FRANCE,https://p16-oec-sg.ibyteimg.com/tos-alisg-i-aphluv4xwc-sg/50806a02e3104a3bb34e537bc386ab64~tplv-aphluv4xwc-origin-jpeg.jpeg?dr=15568&t=555f072d&ps=933b5bde&shp=54477afb&shcp=3c3d9ffb&idc=my&from=1413970683,VIE GROUP HCM,02/10/2026 07:04,,--
586361643936941276,,Đang giao hàng,TikTok,TTEPRIME-MALL-HCM,--,--,CB2026.3,1,COMBO 3 TUÝP LRP Sữa Rửa Mặt Effaclar Purifying Foaming Gel - 50ml,https://p16-oec-sg.ibyteimg.com/tos-alisg-i-aphluv4xwc-sg/4fdb1010396942c6bcbbb4ff16ba3159~tplv-aphluv4xwc-origin-jpeg.jpeg?dr=15568&t=555f072d&ps=933b5bde&shp=54477afb&shcp=3c3d9ffb&idc=my&from=1413970683,VIE GROUP HCM,02/10/2026 06:46,,--
586361628274623929,,Đang giao hàng,TikTok,TTEPRIME-MALL-HCM,--,--,2026,1,LRP Sữa Rửa Mặt Effaclar Purifying Foaming Gel - 50ml,https://p16-oec-sg.ibyteimg.com/tos-alisg-i-aphluv4xwc-sg/e34ab459d15b4717b53d8bd8fe469991~tplv-aphluv4xwc-origin-jpeg.jpeg?dr=15568&t=555f072d&ps=933b5bde&shp=54477afb&shcp=3c3d9ffb&idc=my2&from=1413970683,VIE GROUP HCM,02/10/2026 06:45,,--
586361524616660457,,Đang giao hàng,TikTok,TTEPRIME-MALL-HCM,--,--,1350,1,CERAVE Sữa Rửa Mặt Foaming Cleanser - 30ml FRANCE,https://p16-oec-sg.ibyteimg.com/tos-alisg-i-aphluv4xwc-sg/50806a02e3104a3bb34e537bc386ab64~tplv-aphluv4xwc-origin-jpeg.jpeg?dr=15568&t=555f072d&ps=933b5bde&shp=54477afb&shcp=3c3d9ffb&idc=my&from=1413970683,VIE GROUP HCM,02/10/2026 06:34,,--
586361543057639406,,Đang giao hàng,TikTok,TTVIEPRIME-HANOI,--,--,,1,VASELINE Sáp Dưỡng Ẩm Pure Petroleum Jelly - 100ml,https://p16-oec-sg.ibyteimg.com/tos-alisg-i-aphluv4xwc-sg/41f8220f8d624c0e9f85614b053ec0b3~tplv-aphluv4xwc-origin-jpeg.jpeg?dr=15568&t=555f072d&ps=933b5bde&shp=54477afb&shcp=3c3d9ffb&idc=my2&from=1413970683,COSMEE HA NOI,02/10/2026 06:33,,--
586361513409807524,Đơn hàng trùng lặp,Đang giao hàng,TikTok,TTEPRIME-MALL-HCM,--,--,CB1350.3,1,COMBO 3 Chai 30ml CERAVE Sữa Rửa Mặt Foaming Cleanser,https://p16-oec-sg.ibyteimg.com/tos-alisg-i-aphluv4xwc-sg/a2376db661934510bc5ab6e7f01657b3~tplv-aphluv4xwc-origin-jpeg.jpeg?dr=15568&t=555f072d&ps=933b5bde&shp=54477afb&shcp=3c3d9ffb&idc=my&from=1413970683,VIE GROUP HCM,02/10/2026 06:33,,--
261002HBREGSRW,,Đã hoàn thành,Shopee,SHEP - HCM,--,--,2453,1,SVR Toner Sebiaclear Micro-Peel 150ml,https://cf.shopee.vn/file/vn-11134207-81ztc-mlyaw6g5sglhd9_tn,VIE GROUP HCM,02/10/2026 06:32,03/10/2026 12:45,--
261002HBREGSRW,,Đã hoàn thành,Shopee,SHEP - HCM,--,--,QT40,1,MEDIANSWER Tinh chất hỗ trợ sáng da Vita Collagen Logic Ampoule - 2 ml,https://cf.shopee.vn/file/vn-11134207-81ztc-mtqcnbkc7coya1_tn,VIE GROUP HCM,02/10/2026 06:32,03/10/2026 12:45,--
586361516653380772,,Đã hủy,TikTok,TTEPRIME-MALL-HCM,--,--,CB1350.3,1,COMBO 3 Chai 30ml CERAVE Sữa Rửa Mặt Foaming Cleanser,https://p16-oec-sg.ibyteimg.com/tos-alisg-i-aphluv4xwc-sg/a2376db661934510bc5ab6e7f01657b3~tplv-aphluv4xwc-origin-jpeg.jpeg?dr=15568&t=555f072d&ps=933b5bde&shp=54477afb&shcp=3c3d9ffb&idc=my2&from=1413970683,VIE GROUP HCM,02/10/2026 06:32,,Chưa thanh toán
586361417569568219,,Đã hủy,TikTok,TTEPRIME-MALL-HCM,--,--,2026,1,LRP Sữa Rửa Mặt Effaclar Purifying Foaming Gel - 50ml,https://p16-oec-sg.ibyteimg.com/tos-alisg-i-aphluv4xwc-sg/e34ab459d15b4717b53d8bd8fe469991~tplv-aphluv4xwc-origin-jpeg.jpeg?dr=15568&t=555f072d&ps=933b5bde&shp=54477afb&shcp=3c3d9ffb&idc=my3&from=1413970683,VIE GROUP HCM,02/10/2026 06:21,,Chưa thanh toán
586361325102073256,,Đang giao hàng,TikTok,TTEPRIME-MALL-HCM,--,--,CB1350.3,1,COMBO 3 Chai 30ml CERAVE Sữa Rửa Mặt Foaming Cleanser,https://p16-oec-sg.ibyteimg.com/tos-alisg-i-aphluv4xwc-sg/a2376db661934510bc5ab6e7f01657b3~tplv-aphluv4xwc-origin-jpeg.jpeg?dr=15568&t=555f072d&ps=933b5bde&shp=54477afb&shcp=3c3d9ffb&idc=my&from=1413970683,VIE GROUP HCM,02/10/2026 06:09,,--
586361292347246031,,Đã hủy,TikTok,TTVIEPRIME-HANOI,--,--,CB2026.3,1,COMBO 3 TUÝP LRP Sữa Rửa Mặt Effaclar Purifying Foaming Gel - 50ml,https://p16-oec-sg.ibyteimg.com/tos-alisg-i-aphluv4xwc-sg/1200e3e940994b57b36341a3f7c85513~tplv-aphluv4xwc-origin-jpeg.jpeg?dr=15568&t=555f072d&ps=933b5bde&shp=54477afb&shcp=3c3d9ffb&idc=my&from=1413970683,COSMEE HA NOI,02/10/2026 06:06,,--
586361302773171621,,Đang giao hàng,TikTok,TTEPRIME-MALL-HCM,--,--,1350,1,CERAVE Sữa Rửa Mặt Foaming Cleanser - 30ml FRANCE,https://p16-oec-sg.ibyteimg.com/tos-alisg-i-aphluv4xwc-sg/b203882fafcc4a5dbc6ce5bef84bd40b~tplv-aphluv4xwc-origin-jpeg.jpeg?dr=15568&t=555f072d&ps=933b5bde&shp=54477afb&shcp=3c3d9ffb&idc=my&from=1413970683,VIE GROUP HCM,02/10/2026 06:06,,--
586361212255504045,,Đang giao hàng,TikTok,TTEPRIME-MALL-HCM,--,--,1857,1,JOHNSON'S Sữa tắm gội Baby Top-To-Toe Hair & Body (Vàng) - 100ml,https://p16-oec-va.ibyteimg.com/tos-maliva-i-o3syd03w52-us/b9fc1654e104431ca29dcffc5d7253a0~tplv-o3syd03w52-origin-jpeg.jpeg?dr=15568&t=555f072d&ps=933b5bde&shp=54477afb&shcp=3c3d9ffb&idc=my2&from=1413970683,VIE GROUP HCM,02/10/2026 05:57,,--
586361096876164324,,Đang giao hàng,TikTok,TTEPRIME-MALL-HCM,--,--,2026,1,LRP Sữa Rửa Mặt Effaclar Purifying Foaming Gel - 50ml,https://p16-oec-sg.ibyteimg.com/tos-alisg-i-aphluv4xwc-sg/e34ab459d15b4717b53d8bd8fe469991~tplv-aphluv4xwc-origin-jpeg.jpeg?dr=15568&t=555f072d&ps=933b5bde&shp=54477afb&shcp=3c3d9ffb&idc=my2&from=1413970683,VIE GROUP HCM,02/10/2026 05:49,,--
586361100062655763,,Đang giao hàng,TikTok,TTEPRIME-MALL-HCM,--,--,1839,1,JOHNSON'S Dầu massage Baby Oil pink - 50ml,https://p16-oec-va.ibyteimg.com/tos-maliva-i-o3syd03w52-us/3601fa79938a4c46a1165cf4bfd00a90~tplv-o3syd03w52-origin-jpeg.jpeg?dr=15568&t=555f072d&ps=933b5bde&shp=54477afb&shcp=3c3d9ffb&idc=my&from=1413970683,VIE GROUP HCM,02/10/2026 05:40,,--
261002H7XH15D9,,Đang giao hàng,Shopee,SHCOSMEE-HANOI,--,--,1982,1,LOREAL Nước Tẩy Trang Revitalift Hyaluronic Acid Hydrating Micellar Water [Tím] - 95ml,https://cf.shopee.vn/file/vn-11134207-81ztc-moowujurwidn2d_tn,COSMEE HA NOI,02/10/2026 05:24,,--
586360915850855764,,Đang giao hàng,TikTok,TTVIEPRIME-HANOI,--,--,2799,1,"Simple Nước Tẩy Trang Purifying Micellar Water Kiềm Dầu, Ngừa Mụn 100ml",https://p16-oec-sg.ibyteimg.com/tos-alisg-i-aphluv4xwc-sg/03fe6daac1e84553bb962981fd1db591~tplv-aphluv4xwc-origin-jpeg.jpeg?dr=15568&t=555f072d&ps=933b5bde&shp=54477afb&shcp=3c3d9ffb&idc=my&from=1413970683,COSMEE HA NOI,02/10/2026 05:10,,--
261002H6VUE1A9,,Nền tảng đang xử lý,Shopee,SHVIECosme HCM,--,--,1472,1,COMPLIMENT Sữa rửa mặt No Problem 200ml - Hồng,https://cf.shopee.vn/file/vn-11134207-81ztc-mr8kkbibchs2de_tn,VIE GROUP HCM,02/10/2026 05:05,,--
261002H3R14ESK,,Chờ in,Shopee,SHEPRIME-HCM,--,--,1859,1,JOHNSON'S Sữa tắm gội Baby Top-To-Toe Hair & Body (Vàng) - 500ml,https://cf.shopee.vn/file/sg-11134201-23010-czfw3ruovzlv84_tn,VIE GROUP HCM,02/10/2026 04:09,,--
586360585988375821,,Đang giao hàng,TikTok,TTEPRIME-MALL-HCM,--,--,2026,1,LRP Sữa Rửa Mặt Effaclar Purifying Foaming Gel - 50ml,https://p16-oec-sg.ibyteimg.com/tos-alisg-i-aphluv4xwc-sg/e34ab459d15b4717b53d8bd8fe469991~tplv-aphluv4xwc-origin-jpeg.jpeg?dr=15568&t=555f072d&ps=933b5bde&shp=54477afb&shcp=3c3d9ffb&idc=my2&from=1413970683,VIE GROUP HCM,02/10/2026 04:07,,--
586360503440803772,,Đang giao hàng,TikTok,TTVIEPRIME-HANOI,--,--,1127,1,Aspasia - Xịt Khoáng Aspasia Moist Up Face Mist Aloe Làm Dịu Mát Bổ Sung Độ Ẩm Cho Làn Da Rạng Rỡ 150ml,https://p19-oec-sg.ibyteimg.com/tos-alisg-i-aphluv4xwc-sg/7b8ddff76783403b88c74ab53d6bbce5~tplv-aphluv4xwc-origin-jpeg.jpeg?dr=15568&t=555f072d&ps=933b5bde&shp=54477afb&shcp=3c3d9ffb&idc=my&from=1413970683,VIE GROUP HCM,02/10/2026 03:56,,--
586360309496317803,,Đã hủy,TikTok,TTVIEPRIME-HANOI,--,--,2026,1,LRP Sữa Rửa Mặt Effaclar Purifying Foaming Gel - 50ml,https://p16-oec-sg.ibyteimg.com/tos-alisg-i-aphluv4xwc-sg/e4dc23ba7aa04ac68154f7d70954e8c5~tplv-aphluv4xwc-origin-jpeg.jpeg?dr=15568&t=555f072d&ps=933b5bde&shp=54477afb&shcp=3c3d9ffb&idc=my&from=1413970683,COSMEE HA NOI,02/10/2026 03:02,,Chờ xử lý
261002GYK2S5H4,,Đang giao hàng,Shopee,SHVIECosme HCM,--,--,1472,1,COMPLIMENT Sữa rửa mặt No Problem 200ml - Hồng,https://cf.shopee.vn/file/vn-11134207-81ztc-mr8kkbibchs2de_tn,VIE GROUP HCM,02/10/2026 02:54,04/10/2026 02:17,--
586360233830614444,,Đang giao hàng,TikTok,TTEPRIME-MALL-HCM,--,--,CB2026.3,1,COMBO 3 TUÝP LRP Sữa Rửa Mặt Effaclar Purifying Foaming Gel - 50ml,https://p19-oec-sg.ibyteimg.com/tos-alisg-i-aphluv4xwc-sg/4fdb1010396942c6bcbbb4ff16ba3159~tplv-aphluv4xwc-origin-jpeg.jpeg?dr=15568&t=555f072d&ps=933b5bde&shp=54477afb&shcp=3c3d9ffb&idc=my2&from=1413970683,VIE GROUP HCM,02/10/2026 02:32,,--
261002GVHQ49XT,,Đã hủy,Shopee,SHEP - HCM,--,--,2361,1,SILCOT Bông tẩy trang Unicharm - 82 miếng Xanh dương,https://cf.shopee.vn/file/vn-11134207-7ras8-mcke8s4l7qqq55_tn,VIE GROUP HCM,02/10/2026 02:00,,Đang giao hàng
261002GUY5Y53M,,Đang giao hàng,Shopee,SHEP - HCM,--,--,2060,1,"MARVIS Nước Súc Miệng Collutorio Hương Bạc Hà Thơm Mát, Hỗ Trợ Làm Sạch Khoang Miệng Jasmin Mint - 400ml",https://cf.shopee.vn/file/vn-11134207-81ztc-mlrglszukphgaf_tn,VIE GROUP HCM,02/10/2026 01:50,,--
261002GSR5AJ5H,,Đang giao hàng,Shopee,SHEP - HCM,--,--,2100,1,MINISO Bông tẩy trang Nhật Bản 100% 180 Miếng,https://cf.shopee.vn/file/vn-11134207-81ztc-mtmgtix9883o2d_tn,VIE GROUP HCM,02/10/2026 01:10,,--
261002GSDFVQ9C,,Đang giao hàng,Shopee,SHVIECosme HCM,--,--,1472,2,COMPLIMENT Sữa rửa mặt No Problem 200ml - Hồng,https://cf.shopee.vn/file/vn-11134207-81ztc-mr8kkbibchs2de_tn,VIE GROUP HCM,02/10/2026 01:04,04/10/2026 23:44,--
586359800279173045,,Đang giao hàng,TikTok,TTVIESGN-HCM,--,--,1350,1,CERAVE Sữa Rửa Mặt Foaming Cleanser - 30ml FRANCE,https://p16-oec-sg.ibyteimg.com/tos-alisg-i-aphluv4xwc-sg/e6a9105da8614796ac0e8db7403f7c49~tplv-aphluv4xwc-origin-jpeg.jpeg?dr=15568&t=555f072d&ps=933b5bde&shp=54477afb&shcp=3c3d9ffb&idc=my2&from=1413970683,VIE GROUP HCM,02/10/2026 01:03,,--
261002GRXSRGHC,,Đang giao hàng,Shopee,SHEP - HCM,--,--,2030,1,LRP Tẩy Trang Effaclar Micellar Water For Oily Skin - 400ml (Xanh),https://cf.shopee.vn/file/vn-11134207-7ras8-maxt6zqsbd2042_tn,VIE GROUP HCM,02/10/2026 00:56,05/10/2026 00:01,--
586359688352597818,,Đang giao hàng,TikTok,TTEPRIME-MALL-HCM,--,--,2026,1,LRP Sữa Rửa Mặt Effaclar Purifying Foaming Gel - 50ml,https://p16-oec-sg.ibyteimg.com/tos-alisg-i-aphluv4xwc-sg/e34ab459d15b4717b53d8bd8fe469991~tplv-aphluv4xwc-origin-jpeg.jpeg?dr=15568&t=555f072d&ps=933b5bde&shp=54477afb&shcp=3c3d9ffb&idc=my2&from=1413970683,VIE GROUP HCM,02/10/2026 00:52,,--
261002GRDW09HY,,Đã hoàn thành,Shopee,SHEP - HCM,--,--,2337,1,SENSODYNE Bàn chải đánh răng Deep Clean Soft - Vỉ 3 cây,https://cf.shopee.vn/file/vn-11134207-820l4-mjgdljl0fncwe8_tn,VIE GROUP HCM,02/10/2026 00:46,04/10/2026 16:54,--
261002GQUGHV0N,,Đang giao hàng,Shopee,SHVIECosme HCM,--,--,1472,1,COMPLIMENT Sữa rửa mặt No Problem 200ml - Hồng,https://cf.shopee.vn/file/vn-11134207-81ztc-mr8kkbibchs2de_tn,VIE GROUP HCM,02/10/2026 00:36,,--
261002GQGT82CX,,Đang giao hàng,Shopee,SHEP - HCM,--,--,2011,1,LRP Kem Dưỡng Lipikar Baume AP+M - 200ml,https://cf.shopee.vn/file/vn-11134207-81ztc-mlcv6ugg8v7s0d_tn,VIE GROUP HCM,02/10/2026 00:30,,--
261002GQGT82CX,,Đang giao hàng,Shopee,SHEP - HCM,--,--,QT40,1,MEDIANSWER Tinh chất hỗ trợ sáng da Vita Collagen Logic Ampoule - 2 ml,https://cf.shopee.vn/file/vn-11134207-81ztc-mtqcnbkc7coya1_tn,VIE GROUP HCM,02/10/2026 00:30,,--
261002GQB9RBXR,,Đang giao hàng,Shopee,SHEP - HCM,--,--,1474,1,COMPLIMENT Sữa rửa mặt No Problem 200ml - Xanh lá,https://cf.shopee.vn/file/vn-11134207-7ras8-mdl81412gapbe6_tn,VIE GROUP HCM,02/10/2026 00:27,,--
586359503094121944,,Đang giao hàng,TikTok,TTEPRIME-MALL-HCM,--,--,CB2026.3,1,COMBO 3 TUÝP LRP Sữa Rửa Mặt Effaclar Purifying Foaming Gel - 50ml,https://p16-oec-sg.ibyteimg.com/tos-alisg-i-aphluv4xwc-sg/4fdb1010396942c6bcbbb4ff16ba3159~tplv-aphluv4xwc-origin-jpeg.jpeg?dr=15568&t=555f072d&ps=933b5bde&shp=54477afb&shcp=3c3d9ffb&idc=my3&from=1413970683,VIE GROUP HCM,02/10/2026 00:27,,--
586359543246260169,,Đang giao hàng,TikTok,TTEPRIME-MALL-HCM,--,--,CB2026.3,1,COMBO 3 TUÝP LRP Sữa Rửa Mặt Effaclar Purifying Foaming Gel - 50ml,https://p16-oec-sg.ibyteimg.com/tos-alisg-i-aphluv4xwc-sg/4fdb1010396942c6bcbbb4ff16ba3159~tplv-aphluv4xwc-origin-jpeg.jpeg?dr=15568&t=555f072d&ps=933b5bde&shp=54477afb&shcp=3c3d9ffb&idc=my&from=1413970683,VIE GROUP HCM,02/10/2026 00:26,,--
586359513003165211,,Đang giao hàng,TikTok,TTEPRIME-MALL-HCM,--,--,2026,1,LRP Sữa Rửa Mặt Effaclar Purifying Foaming Gel - 50ml,https://p16-oec-sg.ibyteimg.com/tos-alisg-i-aphluv4xwc-sg/e34ab459d15b4717b53d8bd8fe469991~tplv-aphluv4xwc-origin-jpeg.jpeg?dr=15568&t=555f072d&ps=933b5bde&shp=54477afb&shcp=3c3d9ffb&idc=my2&from=1413970683,VIE GROUP HCM,02/10/2026 00:24,,--
261002GPTNMREJ,,Đã hoàn thành,Shopee,SHEP - HCM,--,--,2147,1,NEUTROGENA Sữa Rửa Mặt Deep Clean Foaming Cleanser - 100g,https://cf.shopee.vn/file/vn-11134207-81ztc-mqbfxh95ksu8dd_tn,VIE GROUP HCM,02/10/2026 00:17,03/10/2026 09:04,--
261002GPTNMREJ,,Đã hoàn thành,Shopee,SHEP - HCM,--,--,1012,1,OEM Cây massage đầu thư giãn bằng tay [XT],https://cf.shopee.vn/file/vn-11134207-7r98o-lw2d1f0vbp3tf5_tn,VIE GROUP HCM,02/10/2026 00:17,03/10/2026 09:04,--
261002GPPQRHG8,,Đã hoàn thành,Shopee,SHEP - HCM,--,--,CB1922.3,1,COMBO 3 MIẾNG LA SOIRÉE Bông Tẩy Trang 100% Cotton Siêu Mềm Siêu Mịn - 225 Miếng Tròn,https://cf.shopee.vn/file/vn-11134207-7r98o-lzce2ic901n118_tn,VIE GROUP HCM,02/10/2026 00:15,04/10/2026 21:20,--
261002GPMCEXQ1,,Đang giao hàng,Shopee,SHVIECosme HCM,--,--,2601,2,VICHY Kem Dưỡng LIFTACTIV COLLAGEN SPECIALIST 16 CREME NIGHT Ngừa Lão Hóa 15ml - Kem Đêm,https://cf.shopee.vn/file/vn-11134207-81ztc-mtdi47qwf6rme9_tn,VIE GROUP HCM,02/10/2026 00:14,,--
261002GPGVU6YU,,Đang giao hàng,Shopee,SHVIECosme HCM,--,--,2601,1,VICHY Kem Dưỡng LIFTACTIV COLLAGEN SPECIALIST 16 CREME NIGHT Ngừa Lão Hóa 15ml - Kem Đêm,https://cf.shopee.vn/file/vn-11134207-81ztc-mtdi47qwf6rme9_tn,VIE GROUP HCM,02/10/2026 00:12,,--
261002GPGQ36Q7,,Đã hoàn thành,Shopee,SHEP - HCM,--,--,2100,1,MINISO Bông tẩy trang Nhật Bản 100% 180 Miếng,https://cf.shopee.vn/file/vn-11134207-81ztc-mtmgtix9883o2d_tn,VIE GROUP HCM,02/10/2026 00:12,03/10/2026 11:23,--
261002GPGEHNEV,,Đã hoàn thành,Shopee,SHVIECosme HCM,--,--,1473,1,COMPLIMENT Sữa rửa mặt No Problem 200ml - Vàng,https://cf.shopee.vn/file/vn-11134207-820l4-mf29uuhw543u6e_tn,VIE GROUP HCM,02/10/2026 00:12,03/10/2026 21:38,--
261002GP8EXWT7,,Đang giao hàng,Shopee,SHVIEPro-HANOI,--,--,1451,1,"COMPLIMENT Kem dưỡng No problem AHA-BHA-PHA phục hồi, tái tạo da dầu mụn 50ml",https://cf.shopee.vn/file/vn-11134207-7r98o-ltdapj6ukv5w5e_tn,COSMEE HA NOI,02/10/2026 00:07,,--
586359325717333159,,Đang giao hàng,TikTok,TTEPRIME-MALL-HCM,--,--,2026,1,LRP Sữa Rửa Mặt Effaclar Purifying Foaming Gel - 50ml,https://p16-oec-sg.ibyteimg.com/tos-alisg-i-aphluv4xwc-sg/e34ab459d15b4717b53d8bd8fe469991~tplv-aphluv4xwc-origin-jpeg.jpeg?dr=15568&t=555f072d&ps=933b5bde&shp=54477afb&shcp=3c3d9ffb&idc=my2&from=1413970683,VIE GROUP HCM,02/10/2026 00:06,,--
261002GP2NYHRH,,Nền tảng đang xử lý,Shopee,SHVIECosme HCM,--,--,1127,1,Aspasia - Xịt Khoáng Aspasia Moist Up Face Mist Aloe Làm Dịu Mát Bổ Sung Độ Ẩm Cho Làn Da Rạng Rỡ 150ml,https://cf.shopee.vn/file/vn-11134207-81ztc-mpsziotao3ya56_tn,VIE GROUP HCM,02/10/2026 00:04,,--
261002GP2BE2K7,,Đang giao hàng,Shopee,SHVIECosme HCM,--,--,1472,1,COMPLIMENT Sữa rửa mặt No Problem 200ml - Hồng,https://cf.shopee.vn/file/vn-11134207-81ztc-mr8kkbibchs2de_tn,VIE GROUP HCM,02/10/2026 00:04,,--
261002GP2BE2K8,,Đang giao hàng,Shopee,SHVIECosme HCM,--,--,1612,1,DR.SERA Bông Tẩy Trang Cotton Tiệt Trùng UV - PURE SNOW COTTON PAD - 234 Miếng,https://cf.shopee.vn/file/vn-11134207-81ztc-ms7yx63mhrlx16_tn,VIE GROUP HCM,02/10/2026 00:04,,--
586359300434003705,,Đang giao hàng,TikTok,TTVIEPRIME-HANOI,--,--,1472,1,COMPLIMENT Sữa rửa mặt No Problem 200ml - Hồng,https://p16-oec-sg.ibyteimg.com/tos-alisg-i-aphluv4xwc-sg/7434e317868148ba93f99925b05bfb45~tplv-aphluv4xwc-origin-jpeg.jpeg?dr=15568&t=555f072d&ps=933b5bde&shp=54477afb&shcp=3c3d9ffb&idc=my3&from=1413970683,COSMEE HA NOI,02/10/2026 00:03,,--
261002GNTMDBK7,,Đang giao hàng,Shopee,SHVIEMart - HCM,--,--,1004,2,Dũa móng 6 mặt [XT],https://cf.shopee.vn/file/vn-11134207-7ras8-mch930lruncdfb_tn,VIE GROUP HCM,02/10/2026 00:00,,--
261002GNJE58UK,,Đang giao hàng,Shopee,SHEP - HCM,--,--,1351,1,CERAVE Sữa Rửa Mặt Foaming Cleanser - 473ml FRANCE,https://cf.shopee.vn/file/vn-11134207-7ras8-m1f8u4es2crg62_tn,VIE GROUP HCM,01/10/2026 23:55,,--
261002GNEJ5CKV,,Đang giao hàng,Shopee,SHEP - HCM,--,--,CB1350.5,1,COMBO 5 Chai 30ml CERAVE Sữa Rửa Mặt Foaming Cleanser,https://cf.shopee.vn/file/vn-11134207-7ras8-m622orieqpx415_tn,VIE GROUP HCM,01/10/2026 23:54,,--
261002GNDW5Y1R,,Đang giao hàng,Shopee,SHEP - HCM,--,--,CB2361.2,1,"SILCOT Bông tẩy trang Unicharm - 82 miếng Xanh dương, COMBO 2 HỘP",https://cf.shopee.vn/file/vn-11134207-7ras8-mcke8u9q2v4yd7_tn,VIE GROUP HCM,01/10/2026 23:52,,--
586359197914072111,,Đã hủy,TikTok,TTVIEPRIME-HANOI,--,--,2024,1,LRP Sữa Rửa Mặt Effaclar Purifying Foaming Gel - 15ml,https://p16-oec-sg.ibyteimg.com/tos-alisg-i-aphluv4xwc-sg/db88b950e6274f3cb02fd159d93a3fdd~tplv-aphluv4xwc-origin-jpeg.jpeg?dr=15568&t=555f072d&ps=933b5bde&shp=54477afb&shcp=3c3d9ffb&idc=my2&from=1413970683,COSMEE HA NOI,01/10/2026 23:50,,--
586359231205705653,,Đang giao hàng,TikTok,TTEPRIME-MALL-HCM,--,--,1857,1,JOHNSON'S Sữa tắm gội Baby Top-To-Toe Hair & Body (Vàng) - 100ml,https://p16-oec-va.ibyteimg.com/tos-maliva-i-o3syd03w52-us/b9fc1654e104431ca29dcffc5d7253a0~tplv-o3syd03w52-origin-jpeg.jpeg?dr=15568&t=555f072d&ps=933b5bde&shp=54477afb&shcp=3c3d9ffb&idc=my2&from=1413970683,VIE GROUP HCM,01/10/2026 23:50,,--
261002GN7YCUC9,,Đã hủy,Shopee,SHEPRIME2-MALL - HCM,--,--,1858,1,JOHNSON'S Sữa tắm gội Baby Top-To-Toe Hair & Body (Vàng) - 200ml,https://cf.shopee.vn/file/sg-11134201-8259u-msk1gk4caryic0_tn,VIE GROUP HCM,01/10/2026 23:49,,Chưa thanh toán
586359095354230241,,Đang giao hàng,TikTok,TTEPRIME-MALL-HCM,--,--,1350,1,CERAVE Sữa Rửa Mặt Foaming Cleanser - 30ml FRANCE,https://p16-oec-sg.ibyteimg.com/tos-alisg-i-aphluv4xwc-sg/50806a02e3104a3bb34e537bc386ab64~tplv-aphluv4xwc-origin-jpeg.jpeg?dr=15568&t=555f072d&ps=933b5bde&shp=54477afb&shcp=3c3d9ffb&idc=my&from=1413970683,VIE GROUP HCM,01/10/2026 23:41,,--
586358947563078980,,Đang giao hàng,TikTok,TTVIESGN-HCM,--,--,1350,1,CERAVE Sữa Rửa Mặt Foaming Cleanser - 30ml FRANCE,https://p16-oec-sg.ibyteimg.com/tos-alisg-i-aphluv4xwc-sg/e6a9105da8614796ac0e8db7403f7c49~tplv-aphluv4xwc-origin-jpeg.jpeg?dr=15568&t=555f072d&ps=933b5bde&shp=54477afb&shcp=3c3d9ffb&idc=my2&from=1413970683,VIE GROUP HCM,01/10/2026 23:32,,--
586358935404905875,,Đang giao hàng,TikTok,TTEPRIME-MALL-HCM,--,--,2026,1,LRP Sữa Rửa Mặt Effaclar Purifying Foaming Gel - 50ml,https://p16-oec-sg.ibyteimg.com/tos-alisg-i-aphluv4xwc-sg/e34ab459d15b4717b53d8bd8fe469991~tplv-aphluv4xwc-origin-jpeg.jpeg?dr=15568&t=555f072d&ps=933b5bde&shp=54477afb&shcp=3c3d9ffb&idc=my2&from=1413970683,VIE GROUP HCM,01/10/2026 23:28,,--
586358928281405316,,Đang giao hàng,TikTok,TTEPRIME-MALL-HCM,--,--,2026,1,LRP Sữa Rửa Mặt Effaclar Purifying Foaming Gel - 50ml,https://p16-oec-sg.ibyteimg.com/tos-alisg-i-aphluv4xwc-sg/e34ab459d15b4717b53d8bd8fe469991~tplv-aphluv4xwc-origin-jpeg.jpeg?dr=15568&t=555f072d&ps=933b5bde&shp=54477afb&shcp=3c3d9ffb&idc=my2&from=1413970683,VIE GROUP HCM,01/10/2026 23:27,,--
261002GM04BMGH,,Đang giao hàng,Shopee,SHVIECosme HCM,--,--,1127,1,Aspasia - Xịt Khoáng Aspasia Moist Up Face Mist Aloe Làm Dịu Mát Bổ Sung Độ Ẩm Cho Làn Da Rạng Rỡ 150ml,https://cf.shopee.vn/file/vn-11134207-81ztc-mpsziotao3ya56_tn,VIE GROUP HCM,01/10/2026 23:27,,--
261002GKMHE9BH,,Đang giao hàng,Shopee,SHEP - HCM,--,--,2100,5,MINISO Bông tẩy trang Nhật Bản 100% 180 Miếng,https://cf.shopee.vn/file/vn-11134207-81ztc-mtmgtix9883o2d_tn,VIE GROUP HCM,02/10/2026 06:31,,--
261002GKGU3P4K,,Nền tảng đang xử lý,Shopee,SHVIECosme HCM,--,--,1127,1,Aspasia - Xịt Khoáng Aspasia Moist Up Face Mist Aloe Làm Dịu Mát Bổ Sung Độ Ẩm Cho Làn Da Rạng Rỡ 150ml,https://cf.shopee.vn/file/vn-11134207-81ztc-mpsziotao3ya56_tn,VIE GROUP HCM,01/10/2026 23:18,,--
586358796485232264,,Đang giao hàng,TikTok,TTEPRIME-MALL-HCM,--,--,1350,1,CERAVE Sữa Rửa Mặt Foaming Cleanser - 30ml FRANCE,https://p16-oec-sg.ibyteimg.com/tos-alisg-i-aphluv4xwc-sg/50806a02e3104a3bb34e537bc386ab64~tplv-aphluv4xwc-origin-jpeg.jpeg?dr=15568&t=555f072d&ps=933b5bde&shp=54477afb&shcp=3c3d9ffb&idc=my&from=1413970683,VIE GROUP HCM,01/10/2026 23:15,,--
586358807205283789,,Đang giao hàng,TikTok,TTVIEPRIME-HANOI,--,--,CB1066.3,1,"COMBO 3 Alucos bông tẩy trang 222 miếng 100% Cotton Tự Nhiên - Siêu Dày, Siêu Mềm Mịn",https://p16-oec-sg.ibyteimg.com/tos-alisg-i-aphluv4xwc-sg/1e1a08dbacc54a9aaeb193e7df273675~tplv-aphluv4xwc-origin-jpeg.jpeg?dr=15568&t=555f072d&ps=933b5bde&shp=54477afb&shcp=3c3d9ffb&idc=my&from=1413970683,COSMEE HA NOI,01/10/2026 23:14,,--
261002GK48P13Q,,Đang giao hàng,Shopee,SHEPRIME2-MALL - HCM,--,--,1857,1,JOHNSON'S Sữa tắm gội Baby Top-To-Toe Hair & Body (Vàng) - 100ml,https://cf.shopee.vn/file/sg-11134201-825b0-msk1gjui1sec8a_tn,VIE GROUP HCM,01/10/2026 23:11,,--
586358736259679619,,Đã hủy,TikTok,TTEPRIME-MALL-HCM,--,--,CB1350.3,1,COMBO 3 Chai 30ml CERAVE Sữa Rửa Mặt Foaming Cleanser,https://p16-oec-sg.ibyteimg.com/tos-alisg-i-aphluv4xwc-sg/a2376db661934510bc5ab6e7f01657b3~tplv-aphluv4xwc-origin-jpeg.jpeg?dr=15568&t=555f072d&ps=933b5bde&shp=54477afb&shcp=3c3d9ffb&idc=my&from=1413970683,VIE GROUP HCM,01/10/2026 23:10,,Chờ xử lý
261002GK1SGAD2,,Đang giao hàng,Shopee,SHEPRIME2-MALL - HCM,--,--,1857,1,JOHNSON'S Sữa tắm gội Baby Top-To-Toe Hair & Body (Vàng) - 100ml,https://cf.shopee.vn/file/sg-11134201-825b0-msk1gjui1sec8a_tn,VIE GROUP HCM,01/10/2026 23:10,,--
586358680679909355,,Đang giao hàng,TikTok,TTASCosme - HANOI,--,--,1127,2,Aspasia - Xịt Khoáng Aspasia Moist Up Face Mist Aloe Làm Dịu Mát Bổ Sung Độ Ẩm Cho Làn Da Rạng Rỡ 150ml,https://p16-oec-sg.ibyteimg.com/tos-alisg-i-aphluv4xwc-sg/eed4253616ed4e5d86a2552335cb98d6~tplv-aphluv4xwc-origin-jpeg.jpeg?dr=15568&t=555f072d&ps=933b5bde&shp=54477afb&shcp=3c3d9ffb&idc=my2&from=1413970683,COSMEE HA NOI,01/10/2026 23:05,,--
586358690314814921,,Đang giao hàng,TikTok,TTEPRIME-MALL-HCM,--,--,2026,1,LRP Sữa Rửa Mặt Effaclar Purifying Foaming Gel - 50ml,https://p16-oec-sg.ibyteimg.com/tos-alisg-i-aphluv4xwc-sg/e34ab459d15b4717b53d8bd8fe469991~tplv-aphluv4xwc-origin-jpeg.jpeg?dr=15568&t=555f072d&ps=933b5bde&shp=54477afb&shcp=3c3d9ffb&idc=my2&from=1413970683,VIE GROUP HCM,01/10/2026 23:03,,--
586358612715865153,,Đang giao hàng,TikTok,TTEPharma-MALL-HCM,--,--,1480,1,COMPLIMENT Toner 10% Glycolic Acid & Aloe Lô hội - 200ML,https://p16-oec-sg.ibyteimg.com/tos-alisg-i-aphluv4xwc-sg/cf13e1c94455461cb4344593a1731f05~tplv-aphluv4xwc-origin-jpeg.jpeg?dr=15568&t=555f072d&ps=933b5bde&shp=54477afb&shcp=3c3d9ffb&idc=my&from=1413970683,VIE GROUP HCM,01/10/2026 23:02,,--
261002GJJN1SYJ,Đơn hàng trùng lặp,Đang giao hàng,Shopee,SHEP - HCM,--,--,1543,7,DENTAL FLOSSERS Tăm chỉ nha khoa hộp 50 chiếc,https://cf.shopee.vn/file/vn-11134207-7ra0g-m6z45jzz79nl90_tn,VIE GROUP HCM,01/10/2026 23:01,,--
261002GJJN1SYJ,Đơn hàng trùng lặp,Đang giao hàng,Shopee,SHEP - HCM,--,--,,1,BAKING SODA Bột Pure Baking Soda Arm & Hammer - 454g,https://cf.shopee.vn/file/vn-11134207-81ztc-msvjjda1itqi4c_tn,VIE GROUP HCM,01/10/2026 23:01,,--
261001GJCBUV9W,,Đã hoàn thành,Shopee,SHEPRIME2-MALL - HCM,--,--,1857,1,JOHNSON'S Sữa tắm gội Baby Top-To-Toe Hair & Body (Vàng) - 100ml,https://cf.shopee.vn/file/sg-11134201-825b0-msk1gjui1sec8a_tn,VIE GROUP HCM,01/10/2026 22:58,03/10/2026 12:38,--
586358513909335268,,Đang giao hàng,TikTok,TTEPRIME-MALL-HCM,--,--,CB2026.3,1,COMBO 3 TUÝP LRP Sữa Rửa Mặt Effaclar Purifying Foaming Gel - 50ml,https://p16-oec-sg.ibyteimg.com/tos-alisg-i-aphluv4xwc-sg/4fdb1010396942c6bcbbb4ff16ba3159~tplv-aphluv4xwc-origin-jpeg.jpeg?dr=15568&t=555f072d&ps=933b5bde&shp=54477afb&shcp=3c3d9ffb&idc=my2&from=1413970683,VIE GROUP HCM,01/10/2026 22:54,,--
586358510418232996,,Đã hủy,TikTok,TTVIEPRIME-HANOI,--,--,2782,1,CARSLAN PHẤN PHỦ  BLACK  MAGNET SOFT FOCUS  MAKE-UP POWDER 05 Blue  Purple PHẤN PHỦ 1G,https://p16-oec-sg.ibyteimg.com/tos-alisg-i-aphluv4xwc-sg/7e97e9f3f51b48428aa46ad2b986ba44~tplv-aphluv4xwc-origin-jpeg.jpeg?dr=15568&t=555f072d&ps=933b5bde&shp=54477afb&shcp=3c3d9ffb&idc=my2&from=1413970683,COSMEE HA NOI,01/10/2026 22:52,,--
586358492015265018,,Đã hủy,TikTok,TTEPRIME-MALL-HCM,--,--,2026,1,LRP Sữa Rửa Mặt Effaclar Purifying Foaming Gel - 50ml,https://p16-oec-sg.ibyteimg.com/tos-alisg-i-aphluv4xwc-sg/e34ab459d15b4717b53d8bd8fe469991~tplv-aphluv4xwc-origin-jpeg.jpeg?dr=15568&t=555f072d&ps=933b5bde&shp=54477afb&shcp=3c3d9ffb&idc=my2&from=1413970683,VIE GROUP HCM,01/10/2026 22:51,,Chờ xử lý
586358464287245590,,Đang giao hàng,TikTok,TTVIEPRIME-HANOI,--,--,2026,1,LRP Sữa Rửa Mặt Effaclar Purifying Foaming Gel - 50ml,https://p16-oec-sg.ibyteimg.com/tos-alisg-i-aphluv4xwc-sg/e4dc23ba7aa04ac68154f7d70954e8c5~tplv-aphluv4xwc-origin-jpeg.jpeg?dr=15568&t=555f072d&ps=933b5bde&shp=54477afb&shcp=3c3d9ffb&idc=my3&from=1413970683,VIE GROUP HCM,01/10/2026 22:50,,--
586358464120522248,,Đang giao hàng,TikTok,TTEPRIME-MALL-HCM,--,--,1857,1,JOHNSON'S Sữa tắm gội Baby Top-To-Toe Hair & Body (Vàng) - 100ml,https://p16-oec-va.ibyteimg.com/tos-maliva-i-o3syd03w52-us/b9fc1654e104431ca29dcffc5d7253a0~tplv-o3syd03w52-origin-jpeg.jpeg?dr=15568&t=555f072d&ps=933b5bde&shp=54477afb&shcp=3c3d9ffb&idc=my2&from=1413970683,VIE GROUP HCM,01/10/2026 22:50,,--
586358395372340881,,Đã hủy,TikTok,TTEPharma-MALL-HCM,--,--,1480,1,COMPLIMENT Toner 10% Glycolic Acid & Aloe Lô hội - 200ML,https://p16-oec-sg.ibyteimg.com/tos-alisg-i-aphluv4xwc-sg/cf13e1c94455461cb4344593a1731f05~tplv-aphluv4xwc-origin-jpeg.jpeg?dr=15568&t=555f072d&ps=933b5bde&shp=54477afb&shcp=3c3d9ffb&idc=my2&from=1413970683,VIE GROUP HCM,01/10/2026 22:47,,Chờ xử lý
586358407334364249,,Đang giao hàng,TikTok,TTVIESGN-HCM,--,--,1350,1,CERAVE Sữa Rửa Mặt Foaming Cleanser - 30ml FRANCE,https://p16-oec-sg.ibyteimg.com/tos-alisg-i-aphluv4xwc-sg/cc9742efae154cb89c3e62363dff00b1~tplv-aphluv4xwc-origin-jpeg.jpeg?dr=15568&t=555f072d&ps=933b5bde&shp=54477afb&shcp=3c3d9ffb&idc=my2&from=1413970683,VIE GROUP HCM,01/10/2026 22:47,,--
586358400640583398,,Đã hủy,TikTok,TTEPRIME-MALL-HCM,--,--,CB2026.3,1,COMBO 3 TUÝP LRP Sữa Rửa Mặt Effaclar Purifying Foaming Gel - 50ml,https://p16-oec-sg.ibyteimg.com/tos-alisg-i-aphluv4xwc-sg/4fdb1010396942c6bcbbb4ff16ba3159~tplv-aphluv4xwc-origin-jpeg.jpeg?dr=15568&t=555f072d&ps=933b5bde&shp=54477afb&shcp=3c3d9ffb&idc=my&from=1413970683,VIE GROUP HCM,01/10/2026 22:45,,Chờ lấy hàng
586358431680923110,,Đang giao hàng,TikTok,TTVIEPRIME-HANOI,--,--,2026,1,LRP Sữa Rửa Mặt Effaclar Purifying Foaming Gel - 50ml,https://p16-oec-sg.ibyteimg.com/tos-alisg-i-aphluv4xwc-sg/e4dc23ba7aa04ac68154f7d70954e8c5~tplv-aphluv4xwc-origin-jpeg.jpeg?dr=15568&t=555f072d&ps=933b5bde&shp=54477afb&shcp=3c3d9ffb&idc=my&from=1413970683,VIE GROUP HCM,01/10/2026 22:45,,--
586358338565277133,,Đang giao hàng,TikTok,TTEPRIME-MALL-HCM,--,--,2026,1,LRP Sữa Rửa Mặt Effaclar Purifying Foaming Gel - 50ml,https://p16-oec-sg.ibyteimg.com/tos-alisg-i-aphluv4xwc-sg/e34ab459d15b4717b53d8bd8fe469991~tplv-aphluv4xwc-origin-jpeg.jpeg?dr=15568&t=555f072d&ps=933b5bde&shp=54477afb&shcp=3c3d9ffb&idc=my&from=1413970683,VIE GROUP HCM,01/10/2026 22:40,,--
261001GH8V2CH5,,Đã hủy,Shopee,SHEP - HCM,--,--,CB2014.3,1,COMBO 3 Serum LA ROCHE-POSAY Hyalu B5-[ 10ml ],https://cf.shopee.vn/file/vn-11134207-7ras8-mck3gx7o8xpp91_tn,VIE GROUP HCM,01/10/2026 22:38,,Chưa thanh toán
261001GH8V2CH5,,Đã hủy,Shopee,SHEP - HCM,--,--,QT40,1,MEDIANSWER Tinh chất hỗ trợ sáng da Vita Collagen Logic Ampoule - 2 ml,https://cf.shopee.vn/file/vn-11134207-81ztc-mtqcnbkc7coya1_tn,VIE GROUP HCM,01/10/2026 22:38,,Chưa thanh toán
261001GH4U8VS1,,Đang giao hàng,Shopee,SHEP - HCM,--,--,2100,1,MINISO Bông tẩy trang Nhật Bản 100% 180 Miếng,https://cf.shopee.vn/file/vn-11134207-81ztc-mtmgtix9883o2d_tn,VIE GROUP HCM,01/10/2026 22:36,,--
586358240149931958,,Đang giao hàng,TikTok,TTEPRIME-MALL-HCM,--,--,1857,1,JOHNSON'S Sữa tắm gội Baby Top-To-Toe Hair & Body (Vàng) - 100ml,https://p16-oec-va.ibyteimg.com/tos-maliva-i-o3syd03w52-us/b9fc1654e104431ca29dcffc5d7253a0~tplv-o3syd03w52-origin-jpeg.jpeg?dr=15568&t=555f072d&ps=933b5bde&shp=54477afb&shcp=3c3d9ffb&idc=my2&from=1413970683,VIE GROUP HCM,01/10/2026 22:35,,--
261001GH20N1EJ,,Đã hoàn thành,Shopee,SHEP - HCM,--,--,CB1922.3,1,COMBO 3 MIẾNG LA SOIRÉE Bông Tẩy Trang 100% Cotton Siêu Mềm Siêu Mịn - 225 Miếng Tròn,https://cf.shopee.vn/file/vn-11134207-7r98o-lzce2ic901n118_tn,VIE GROUP HCM,01/10/2026 22:34,03/10/2026 19:10,--
586358208577504510,,Đang giao hàng,TikTok,TTEPRIME-MALL-HCM,--,--,2026,1,LRP Sữa Rửa Mặt Effaclar Purifying Foaming Gel - 50ml,https://p16-oec-sg.ibyteimg.com/tos-alisg-i-aphluv4xwc-sg/e34ab459d15b4717b53d8bd8fe469991~tplv-aphluv4xwc-origin-jpeg.jpeg?dr=15568&t=555f072d&ps=933b5bde&shp=54477afb&shcp=3c3d9ffb&idc=my&from=1413970683,VIE GROUP HCM,01/10/2026 22:31,,--
586358137053021801,,Đang giao hàng,TikTok,TTEPRIME-MALL-HCM,--,--,2026,1,LRP Sữa Rửa Mặt Effaclar Purifying Foaming Gel - 50ml,https://p16-oec-sg.ibyteimg.com/tos-alisg-i-aphluv4xwc-sg/e34ab459d15b4717b53d8bd8fe469991~tplv-aphluv4xwc-origin-jpeg.jpeg?dr=15568&t=555f072d&ps=933b5bde&shp=54477afb&shcp=3c3d9ffb&idc=my2&from=1413970683,VIE GROUP HCM,01/10/2026 22:28,,--
261001GGPR5SY9,,Đang giao hàng,Shopee,SHVIECosme HCM,--,--,2601,2,VICHY Kem Dưỡng LIFTACTIV COLLAGEN SPECIALIST 16 CREME NIGHT Ngừa Lão Hóa 15ml - Kem Đêm,https://cf.shopee.vn/file/vn-11134207-81ztc-mtdi47qwf6rme9_tn,VIE GROUP HCM,01/10/2026 22:28,,--
586358100051723454,,Đang giao hàng,TikTok,TTVIEPRIME-HANOI,--,--,2541,1,VASELINE Dưỡng môi Lip Therapy UK 20g [XT] - ROSE,https://p16-oec-sg.ibyteimg.com/tos-alisg-i-aphluv4xwc-sg/a8a3baa4361e4897808b888b54e507a9~tplv-aphluv4xwc-origin-jpeg.jpeg?dr=15568&t=555f072d&ps=933b5bde&shp=54477afb&shcp=3c3d9ffb&idc=my2&from=1413970683,COSMEE HA NOI,01/10/2026 22:27,,--
586358121353217826,,Đang giao hàng,TikTok,TTVIEPRIME-HANOI,--,--,2024,1,LRP Sữa Rửa Mặt Effaclar Purifying Foaming Gel - 15ml,https://p19-oec-sg.ibyteimg.com/tos-alisg-i-aphluv4xwc-sg/db88b950e6274f3cb02fd159d93a3fdd~tplv-aphluv4xwc-origin-jpeg.jpeg?dr=15568&t=555f072d&ps=933b5bde&shp=54477afb&shcp=3c3d9ffb&idc=my&from=1413970683,COSMEE HA NOI,01/10/2026 22:26,,--
586358071739385677,,Đang giao hàng,TikTok,TTVIEPRIME-HANOI,--,--,2026,1,LRP Sữa Rửa Mặt Effaclar Purifying Foaming Gel - 50ml,https://p16-oec-sg.ibyteimg.com/tos-alisg-i-aphluv4xwc-sg/e4dc23ba7aa04ac68154f7d70954e8c5~tplv-aphluv4xwc-origin-jpeg.jpeg?dr=15568&t=555f072d&ps=933b5bde&shp=54477afb&shcp=3c3d9ffb&idc=my&from=1413970683,VIE GROUP HCM,01/10/2026 22:22,,--
586357975728949046,,Đang giao hàng,TikTok,TTVIEPRIME-HANOI,--,--,2026,1,LRP Sữa Rửa Mặt Effaclar Purifying Foaming Gel - 50ml,https://p16-oec-sg.ibyteimg.com/tos-alisg-i-aphluv4xwc-sg/e4dc23ba7aa04ac68154f7d70954e8c5~tplv-aphluv4xwc-origin-jpeg.jpeg?dr=15568&t=555f072d&ps=933b5bde&shp=54477afb&shcp=3c3d9ffb&idc=my2&from=1413970683,VIE GROUP HCM,01/10/2026 22:20,,--
586357992125270002,,Đang giao hàng,TikTok,TTVIEPRIME-HANOI,--,--,2026,1,LRP Sữa Rửa Mặt Effaclar Purifying Foaming Gel - 50ml,https://p16-oec-sg.ibyteimg.com/tos-alisg-i-aphluv4xwc-sg/e4dc23ba7aa04ac68154f7d70954e8c5~tplv-aphluv4xwc-origin-jpeg.jpeg?dr=15568&t=555f072d&ps=933b5bde&shp=54477afb&shcp=3c3d9ffb&idc=my2&from=1413970683,VIE GROUP HCM,01/10/2026 22:20,,--
261001GG7SEK8K,,Đã hoàn thành,Shopee,SHEPRIME2-MALL - HCM,--,--,1857,1,JOHNSON'S Sữa tắm gội Baby Top-To-Toe Hair & Body (Vàng) - 100ml,https://cf.shopee.vn/file/sg-11134201-825b0-msk1gjui1sec8a_tn,VIE GROUP HCM,01/10/2026 22:20,03/10/2026 11:58,--
586357957838996781,,Đang giao hàng,TikTok,TTEPRIME-MALL-HCM,--,--,1350,1,CERAVE Sữa Rửa Mặt Foaming Cleanser - 30ml FRANCE,https://p16-oec-sg.ibyteimg.com/tos-alisg-i-aphluv4xwc-sg/b203882fafcc4a5dbc6ce5bef84bd40b~tplv-aphluv4xwc-origin-jpeg.jpeg?dr=15568&t=555f072d&ps=933b5bde&shp=54477afb&shcp=3c3d9ffb&idc=my2&from=1413970683,VIE GROUP HCM,01/10/2026 22:18,,--
586357954290550061,,Đã hủy,TikTok,TTEPRIME-MALL-HCM,--,--,CB1350.3,1,COMBO 3 Chai 30ml CERAVE Sữa Rửa Mặt Foaming Cleanser,https://p16-oec-sg.ibyteimg.com/tos-alisg-i-aphluv4xwc-sg/b203882fafcc4a5dbc6ce5bef84bd40b~tplv-aphluv4xwc-origin-jpeg.jpeg?dr=15568&t=555f072d&ps=933b5bde&shp=54477afb&shcp=3c3d9ffb&idc=my2&from=1413970683,VIE GROUP HCM,01/10/2026 22:17,,--
261001GFY9NNK6,,Đang giao hàng,Shopee,SHVIECosme HCM,--,--,1472,1,COMPLIMENT Sữa rửa mặt No Problem 200ml - Hồng,https://cf.shopee.vn/file/vn-11134207-81ztc-mr8kkbibchs2de_tn,VIE GROUP HCM,01/10/2026 22:15,,--
261001GFXEW7TG,,Đang giao hàng,Shopee,SHVIECosme HCM,--,--,1472,1,COMPLIMENT Sữa rửa mặt No Problem 200ml - Hồng,https://cf.shopee.vn/file/vn-11134207-81ztc-mr8kkbibchs2de_tn,VIE GROUP HCM,01/10/2026 22:14,,--
586357926877759162,,Đang giao hàng,TikTok,TTVIEPRIME-HANOI,--,--,CB2026.3,1,COMBO 3 TUÝP LRP Sữa Rửa Mặt Effaclar Purifying Foaming Gel - 50ml,https://p16-oec-sg.ibyteimg.com/tos-alisg-i-aphluv4xwc-sg/1200e3e940994b57b36341a3f7c85513~tplv-aphluv4xwc-origin-jpeg.jpeg?dr=15568&t=555f072d&ps=933b5bde&shp=54477afb&shcp=3c3d9ffb&idc=my2&from=1413970683,VIE GROUP HCM,01/10/2026 22:12,,--
261001GFSMFRMV,,Đã hủy,Shopee,SHEPRIME2-MALL - HCM,--,--,1858,1,JOHNSON'S Sữa tắm gội Baby Top-To-Toe Hair & Body (Vàng) - 200ml,https://cf.shopee.vn/file/sg-11134201-8259u-msk1gk4caryic0_tn,VIE GROUP HCM,01/10/2026 22:12,,Chờ lấy hàng
586357876154271408,,Đang giao hàng,TikTok,TTEPRIME-MALL-HCM,--,--,2026,1,LRP Sữa Rửa Mặt Effaclar Purifying Foaming Gel - 50ml,https://p16-oec-sg.ibyteimg.com/tos-alisg-i-aphluv4xwc-sg/e34ab459d15b4717b53d8bd8fe469991~tplv-aphluv4xwc-origin-jpeg.jpeg?dr=15568&t=555f072d&ps=933b5bde&shp=54477afb&shcp=3c3d9ffb&idc=my2&from=1413970683,VIE GROUP HCM,01/10/2026 22:11,,--
586357943853221550,,Đang giao hàng,TikTok,TTVIEPRIME-HANOI,--,--,2026,1,LRP Sữa Rửa Mặt Effaclar Purifying Foaming Gel - 50ml,https://p16-oec-sg.ibyteimg.com/tos-alisg-i-aphluv4xwc-sg/e4dc23ba7aa04ac68154f7d70954e8c5~tplv-aphluv4xwc-origin-jpeg.jpeg?dr=15568&t=555f072d&ps=933b5bde&shp=54477afb&shcp=3c3d9ffb&idc=my&from=1413970683,VIE GROUP HCM,01/10/2026 22:08,,--
586357780712424550,,Đã hủy,TikTok,TTVIEPRIME-HANOI,--,--,2024,1,LRP Sữa Rửa Mặt Effaclar Purifying Foaming Gel - 15ml,https://p16-oec-sg.ibyteimg.com/tos-alisg-i-aphluv4xwc-sg/db88b950e6274f3cb02fd159d93a3fdd~tplv-aphluv4xwc-origin-jpeg.jpeg?dr=15568&t=555f072d&ps=933b5bde&shp=54477afb&shcp=3c3d9ffb&idc=my&from=1413970683,COSMEE HA NOI,01/10/2026 22:04,,Chờ xử lý
586357744799811249,,Đã hủy,TikTok,TTEPRIME-MALL-HCM,--,--,1350,1,CERAVE Sữa Rửa Mặt Foaming Cleanser - 30ml FRANCE,https://p16-oec-sg.ibyteimg.com/tos-alisg-i-aphluv4xwc-sg/50806a02e3104a3bb34e537bc386ab64~tplv-aphluv4xwc-origin-jpeg.jpeg?dr=15568&t=555f072d&ps=933b5bde&shp=54477afb&shcp=3c3d9ffb&idc=my2&from=1413970683,VIE GROUP HCM,01/10/2026 22:03,,Chờ xử lý
261001GFAC60AC,,Đang giao hàng,Shopee,SHEP - HCM,--,--,,3,BAKING SODA Bột Pure Baking Soda Arm & Hammer - 454g,https://cf.shopee.vn/file/vn-11134207-81ztc-msvjjda1itqi4c_tn,VIE GROUP HCM,01/10/2026 22:03,,--
586357729178322906,,Đang giao hàng,TikTok,TTVIESGN-HCM,--,--,2026,1,LRP Sữa Rửa Mặt Effaclar Purifying Foaming Gel - 50ml,https://p16-oec-va.ibyteimg.com/tos-maliva-i-o3syd03w52-us/420b403b9e0744c49f117f91cd51adc2~tplv-o3syd03w52-origin-jpeg.jpeg?dr=15568&t=555f072d&ps=933b5bde&shp=54477afb&shcp=3c3d9ffb&idc=my&from=1413970683,VIE GROUP HCM,01/10/2026 22:03,,--
261001GF9GH267,,Đang giao hàng,Shopee,SHEP - HCM,--,--,2500,1,TOPICREM Serum Mela Anti Drark spot Radiance 30ml,https://cf.shopee.vn/file/vn-11134207-7r98o-lxwcvt4vn0m3bf_tn,VIE GROUP HCM,01/10/2026 22:05,,--
261001GF9GH267,,Đang giao hàng,Shopee,SHEP - HCM,--,--,QT40,1,MEDIANSWER Tinh chất hỗ trợ sáng da Vita Collagen Logic Ampoule - 2 ml,https://cf.shopee.vn/file/vn-11134207-81ztc-mtqcnbkc7coya1_tn,VIE GROUP HCM,01/10/2026 22:05,,--
261001GF8WF9DE,,Đã hoàn thành,Shopee,SHVIECosme HCM,--,--,1474,1,COMPLIMENT Sữa rửa mặt No Problem 200ml - Xanh lá,https://cf.shopee.vn/file/vn-11134207-820l4-mf29uuhqvhfw6b_tn,VIE GROUP HCM,02/10/2026 11:54,03/10/2026 13:19,--
261001GF8WF9DE,,Đã hoàn thành,Shopee,SHVIECosme HCM,--,--,1473,1,COMPLIMENT Sữa rửa mặt No Problem 200ml - Vàng,https://cf.shopee.vn/file/vn-11134207-820l4-mf29uuhw543u6e_tn,VIE GROUP HCM,02/10/2026 11:54,03/10/2026 13:19,--
261001GF7JJC81,,Đã hoàn thành,Shopee,SHEPRIME2-MALL - HCM,--,--,1857,1,JOHNSON'S Sữa tắm gội Baby Top-To-Toe Hair & Body (Vàng) - 100ml,https://cf.shopee.vn/file/sg-11134201-825b0-msk1gjui1sec8a_tn,VIE GROUP HCM,01/10/2026 22:01,04/10/2026 14:28,--
261001GF5T9NCX,,Đang giao hàng,Shopee,SHEPRIME2-MALL - HCM,--,--,1858,1,JOHNSON'S Sữa tắm gội Baby Top-To-Toe Hair & Body (Vàng) - 200ml,https://cf.shopee.vn/file/sg-11134201-8259u-msk1gk4caryic0_tn,VIE GROUP HCM,01/10/2026 22:00,,--
586357704215135995,,Đang giao hàng,TikTok,TTEPRIME-MALL-HCM,--,--,CB2026.3,1,COMBO 3 TUÝP LRP Sữa Rửa Mặt Effaclar Purifying Foaming Gel - 50ml,https://p16-oec-sg.ibyteimg.com/tos-alisg-i-aphluv4xwc-sg/4fdb1010396942c6bcbbb4ff16ba3159~tplv-aphluv4xwc-origin-jpeg.jpeg?dr=15568&t=555f072d&ps=933b5bde&shp=54477afb&shcp=3c3d9ffb&idc=my2&from=1413970683,VIE GROUP HCM,01/10/2026 22:00,,--
586357597980886835,,Đang giao hàng,TikTok,TTVIEPRIME-HANOI,--,--,2541,1,VASELINE Dưỡng môi Lip Therapy UK 20g [XT] - ROSE,https://p16-oec-sg.ibyteimg.com/tos-alisg-i-aphluv4xwc-sg/a8a3baa4361e4897808b888b54e507a9~tplv-aphluv4xwc-origin-jpeg.jpeg?dr=15568&t=555f072d&ps=933b5bde&shp=54477afb&shcp=3c3d9ffb&idc=my2&from=1413970683,COSMEE HA NOI,01/10/2026 21:58,,--
261001GF223YRM,,Đã hủy,Shopee,SHEPRIME2-MALL - HCM,--,--,1858,1,JOHNSON'S Sữa tắm gội Baby Top-To-Toe Hair & Body (Vàng) - 200ml,https://cf.shopee.vn/file/sg-11134201-8259u-msk1gk4caryic0_tn,VIE GROUP HCM,01/10/2026 21:58,,Chờ xử lý
261001GF1EYUA2,,Đang giao hàng,Shopee,SHEPRIME2-MALL - HCM,--,--,1858,1,JOHNSON'S Sữa tắm gội Baby Top-To-Toe Hair & Body (Vàng) - 200ml,https://cf.shopee.vn/file/sg-11134201-8259u-msk1gk4caryic0_tn,VIE GROUP HCM,01/10/2026 21:59,,--
261001GEXR7DJJ,,Đang giao hàng,Shopee,SHEPRIME2-MALL - HCM,--,--,1859,1,JOHNSON'S Sữa tắm gội Baby Top-To-Toe Hair & Body (Vàng) - 500ml,https://cf.shopee.vn/file/sg-11134201-82588-msk1gkgjrgn57b_tn,VIE GROUP HCM,01/10/2026 21:57,,--
261001GEXJFJRP,,Đang giao hàng,Shopee,SHEPRIME2-MALL - HCM,--,--,1857,1,JOHNSON'S Sữa tắm gội Baby Top-To-Toe Hair & Body (Vàng) - 100ml,https://cf.shopee.vn/file/sg-11134201-825b0-msk1gjui1sec8a_tn,VIE GROUP HCM,01/10/2026 21:57,,--
586357595239449957,,Đang giao hàng,TikTok,TTVIEPRIME-HANOI,--,--,CB1472.2,1,COMBO 2 chai COMPLIMENT Sữa rửa mặt No Problem 200ml - Hồng,https://p16-oec-sg.ibyteimg.com/tos-alisg-i-aphluv4xwc-sg/7434e317868148ba93f99925b05bfb45~tplv-aphluv4xwc-origin-jpeg.jpeg?dr=15568&t=555f072d&ps=933b5bde&shp=54477afb&shcp=3c3d9ffb&idc=my2&from=1413970683,COSMEE HA NOI,01/10/2026 21:56,,--
586357583115945400,,Đang giao hàng,TikTok,TTVIEPRIME-HANOI,--,--,2026,1,LRP Sữa Rửa Mặt Effaclar Purifying Foaming Gel - 50ml,https://p16-oec-sg.ibyteimg.com/tos-alisg-i-aphluv4xwc-sg/e4dc23ba7aa04ac68154f7d70954e8c5~tplv-aphluv4xwc-origin-jpeg.jpeg?dr=15568&t=555f072d&ps=933b5bde&shp=54477afb&shcp=3c3d9ffb&idc=my3&from=1413970683,VIE GROUP HCM,01/10/2026 21:55,,--
261001GET866UT,,Đang giao hàng,Shopee,SHEPRIME2-MALL - HCM,--,--,1857,1,JOHNSON'S Sữa tắm gội Baby Top-To-Toe Hair & Body (Vàng) - 100ml,https://cf.shopee.vn/file/sg-11134201-825b0-msk1gjui1sec8a_tn,VIE GROUP HCM,01/10/2026 21:54,,--
261001GESGBJ77,,Đang giao hàng,Shopee,SHEPRIME2-MALL - HCM,--,--,CB2026.3,1,COMBO 3 TUÝP LRP Sữa Rửa Mặt Effaclar Purifying Foaming Gel - 50ml,https://cf.shopee.vn/file/vn-11134207-81ztc-ms4g20918mbm6c_tn,VIE GROUP HCM,01/10/2026 21:54,,--
261001GEP5K60B,,Đã hủy,Shopee,SHEPRIME2-MALL - HCM,--,--,CB2026.3,1,COMBO 3 TUÝP LRP Sữa Rửa Mặt Effaclar Purifying Foaming Gel - 50ml,https://cf.shopee.vn/file/vn-11134207-81ztc-ms4g20918mbm6c_tn,VIE GROUP HCM,01/10/2026 21:52,,Chưa thanh toán
261001GEMTP1DX,,Đang giao hàng,Shopee,SHEPRIME2-MALL - HCM,--,--,1857,1,JOHNSON'S Sữa tắm gội Baby Top-To-Toe Hair & Body (Vàng) - 100ml,https://cf.shopee.vn/file/sg-11134201-825b0-msk1gjui1sec8a_tn,VIE GROUP HCM,01/10/2026 21:51,,--
261001GEM3SG09,,Đang giao hàng,Shopee,SHEPRIME2-MALL - HCM,--,--,1858,1,JOHNSON'S Sữa tắm gội Baby Top-To-Toe Hair & Body (Vàng) - 200ml,https://cf.shopee.vn/file/sg-11134201-8259u-msk1gk4caryic0_tn,VIE GROUP HCM,01/10/2026 21:51,,--
261001GEHUAWA3,,Đã hủy,Shopee,SHEPRIME2-MALL - HCM,--,--,1858,1,JOHNSON'S Sữa tắm gội Baby Top-To-Toe Hair & Body (Vàng) - 200ml,https://cf.shopee.vn/file/sg-11134201-8259u-msk1gk4caryic0_tn,VIE GROUP HCM,01/10/2026 21:49,,Chưa thanh toán
261001GEH87JQT,,Đã hoàn thành,Shopee,SHEPRIME2-MALL - HCM,--,--,1859,1,JOHNSON'S Sữa tắm gội Baby Top-To-Toe Hair & Body (Vàng) - 500ml,https://cf.shopee.vn/file/sg-11134201-82588-msk1gkgjrgn57b_tn,VIE GROUP HCM,01/10/2026 21:49,02/10/2026 14:55,--
261001GEFX7MS5,,Đang giao hàng,Shopee,SHEPRIME2-MALL - HCM,--,--,1857,1,JOHNSON'S Sữa tắm gội Baby Top-To-Toe Hair & Body (Vàng) - 100ml,https://cf.shopee.vn/file/sg-11134201-825b0-msk1gjui1sec8a_tn,VIE GROUP HCM,01/10/2026 21:48,,--
586357413235950800,,Đang giao hàng,TikTok,TTVIEPRIME-HANOI,--,--,CB1350.5 COMBO 5 Dầu x 30m,1,COMBO 5 Chai 30ml CERAVE Sữa Rửa Mặt Foaming Cleanser,https://p16-oec-sg.ibyteimg.com/tos-alisg-i-aphluv4xwc-sg/ac6f9207a7104f7d9acf82424d1f96e3~tplv-aphluv4xwc-origin-jpeg.jpeg?dr=15568&t=555f072d&ps=933b5bde&shp=54477afb&shcp=3c3d9ffb&idc=my&from=1413970683,VIE GROUP HCM,01/10/2026 21:47,,--
586357566558537149,,Đang giao hàng,TikTok,TTVIEPRIME-HANOI,--,--,2024,1,LRP Sữa Rửa Mặt Effaclar Purifying Foaming Gel - 15ml,https://p16-oec-sg.ibyteimg.com/tos-alisg-i-aphluv4xwc-sg/db88b950e6274f3cb02fd159d93a3fdd~tplv-aphluv4xwc-origin-jpeg.jpeg?dr=15568&t=555f072d&ps=933b5bde&shp=54477afb&shcp=3c3d9ffb&idc=my2&from=1413970683,COSMEE HA NOI,01/10/2026 21:46,,--
586357472899860076,,Đang giao hàng,TikTok,TTEPRIME-MALL-HCM,--,--,2026,1,LRP Sữa Rửa Mặt Effaclar Purifying Foaming Gel - 50ml,https://p16-oec-sg.ibyteimg.com/tos-alisg-i-aphluv4xwc-sg/e34ab459d15b4717b53d8bd8fe469991~tplv-aphluv4xwc-origin-jpeg.jpeg?dr=15568&t=555f072d&ps=933b5bde&shp=54477afb&shcp=3c3d9ffb&idc=my2&from=1413970683,VIE GROUP HCM,01/10/2026 21:45,,--
261001GE8MJADF,,Đang giao hàng,Shopee,SHVIECosme HCM,--,--,1472,1,COMPLIMENT Sữa rửa mặt No Problem 200ml - Hồng,https://cf.shopee.vn/file/vn-11134207-81ztc-mr8kkbibchs2de_tn,VIE GROUP HCM,01/10/2026 21:44,,--
586357369898829509,,Đang giao hàng,TikTok,TTVIEPRIME-HANOI,--,--,1472,1,COMPLIMENT Sữa rửa mặt No Problem 200ml - Hồng,https://p16-oec-sg.ibyteimg.com/tos-alisg-i-aphluv4xwc-sg/7434e317868148ba93f99925b05bfb45~tplv-aphluv4xwc-origin-jpeg.jpeg?dr=15568&t=555f072d&ps=933b5bde&shp=54477afb&shcp=3c3d9ffb&idc=my2&from=1413970683,COSMEE HA NOI,01/10/2026 21:44,,--
586357423452096108,,Đã hủy,TikTok,TTEPRIME-MALL-HCM,--,--,2026,1,LRP Sữa Rửa Mặt Effaclar Purifying Foaming Gel - 50ml,https://p16-oec-sg.ibyteimg.com/tos-alisg-i-aphluv4xwc-sg/e34ab459d15b4717b53d8bd8fe469991~tplv-aphluv4xwc-origin-jpeg.jpeg?dr=15568&t=555f072d&ps=933b5bde&shp=54477afb&shcp=3c3d9ffb&idc=my2&from=1413970683,VIE GROUP HCM,01/10/2026 21:43,,Chờ xử lý
261001GE58TQ72,,Đang giao hàng,Shopee,SHEPRIME2-MALL - HCM,--,--,1858,1,JOHNSON'S Sữa tắm gội Baby Top-To-Toe Hair & Body (Vàng) - 200ml,https://cf.shopee.vn/file/sg-11134201-8259u-msk1gk4caryic0_tn,VIE GROUP HCM,01/10/2026 21:42,,--
586357433586845580,,Đang giao hàng,TikTok,TTVIEPRIME-HANOI,--,--,2026,1,LRP Sữa Rửa Mặt Effaclar Purifying Foaming Gel - 50ml,https://p16-oec-sg.ibyteimg.com/tos-alisg-i-aphluv4xwc-sg/e4dc23ba7aa04ac68154f7d70954e8c5~tplv-aphluv4xwc-origin-jpeg.jpeg?dr=15568&t=555f072d&ps=933b5bde&shp=54477afb&shcp=3c3d9ffb&idc=my3&from=1413970683,VIE GROUP HCM,01/10/2026 21:42,,--
261001GE3JGTVW,,Đang giao hàng,Shopee,SHEPRIME2-MALL - HCM,--,--,1858,1,JOHNSON'S Sữa tắm gội Baby Top-To-Toe Hair & Body (Vàng) - 200ml,https://cf.shopee.vn/file/sg-11134201-8259u-msk1gk4caryic0_tn,VIE GROUP HCM,01/10/2026 21:41,,--
586357372051359223,,Đang giao hàng,TikTok,TTEPRIME-MALL-HCM,--,--,CB2026.3,1,COMBO 3 TUÝP LRP Sữa Rửa Mặt Effaclar Purifying Foaming Gel - 50ml,https://p16-oec-sg.ibyteimg.com/tos-alisg-i-aphluv4xwc-sg/4fdb1010396942c6bcbbb4ff16ba3159~tplv-aphluv4xwc-origin-jpeg.jpeg?dr=15568&t=555f072d&ps=933b5bde&shp=54477afb&shcp=3c3d9ffb&idc=my3&from=1413970683,VIE GROUP HCM,01/10/2026 21:41,,--
586357366262630201,,Đang giao hàng,TikTok,TTVIESGN-HCM,--,--,1350,1,CERAVE Sữa Rửa Mặt Foaming Cleanser - 30ml FRANCE,https://p16-oec-va.ibyteimg.com/tos-maliva-i-o3syd03w52-us/e3e9667ce3494a6c8150fb489cb2491d~tplv-o3syd03w52-origin-jpeg.jpeg?dr=15568&t=555f072d&ps=933b5bde&shp=54477afb&shcp=3c3d9ffb&idc=my&from=1413970683,VIE GROUP HCM,01/10/2026 21:40,,--
586357334243706573,,Đang giao hàng,TikTok,TTEPharma-MALL-HCM,--,--,1853,1,JOHNSON'S Sữa tắm Adult pH 5.5 750ml - 2in1,https://p16-oec-va.ibyteimg.com/tos-maliva-i-o3syd03w52-us/e534d978437c44379c6e1021e0abbdfa~tplv-o3syd03w52-origin-jpeg.jpeg?dr=15568&t=555f072d&ps=933b5bde&shp=54477afb&shcp=3c3d9ffb&idc=my3&from=1413970683,VIE GROUP HCM,01/10/2026 21:40,,--
586357364800522195,,Đã hủy,TikTok,TTVIEPRIME-HANOI,--,--,1350 Lẻ 1 Da Dầu 30ml,1,CERAVE Sữa Rửa Mặt Foaming Cleanser - 30ml FRANCE,https://p16-oec-sg.ibyteimg.com/tos-alisg-i-aphluv4xwc-sg/6d56f72d52ad48148cc7f891d0d6ff93~tplv-aphluv4xwc-origin-jpeg.jpeg?dr=15568&t=555f072d&ps=933b5bde&shp=54477afb&shcp=3c3d9ffb&idc=my&from=1413970683,COSMEE HA NOI,01/10/2026 21:40,,Chờ xử lý
586357314082211716,,Đang giao hàng,TikTok,TTEPRIME-MALL-HCM,--,--,CB2026.3,1,COMBO 3 TUÝP LRP Sữa Rửa Mặt Effaclar Purifying Foaming Gel - 50ml,https://p16-oec-sg.ibyteimg.com/tos-alisg-i-aphluv4xwc-sg/4fdb1010396942c6bcbbb4ff16ba3159~tplv-aphluv4xwc-origin-jpeg.jpeg?dr=15568&t=555f072d&ps=933b5bde&shp=54477afb&shcp=3c3d9ffb&idc=my2&from=1413970683,VIE GROUP HCM,01/10/2026 21:39,,--
261001GDYW766H,,Đã hoàn thành,Shopee,SHEPRIME2-MALL - HCM,--,--,1857,1,JOHNSON'S Sữa tắm gội Baby Top-To-Toe Hair & Body (Vàng) - 100ml,https://cf.shopee.vn/file/sg-11134201-825b0-msk1gjui1sec8a_tn,VIE GROUP HCM,01/10/2026 21:39,03/10/2026 11:42,--
586357348335257049,,Đang giao hàng,TikTok,TTEPRIME-MALL-HCM,--,--,1480,1,COMPLIMENT Toner 10% Glycolic Acid & Aloe Lô hội - 200ML,https://p16-oec-sg.ibyteimg.com/tos-alisg-i-aphluv4xwc-sg/1ca9ba1c817245209063dfc4508b372f~tplv-aphluv4xwc-origin-jpeg.jpeg?dr=15568&t=555f072d&ps=933b5bde&shp=54477afb&shcp=3c3d9ffb&idc=my2&from=1413970683,VIE GROUP HCM,01/10/2026 21:39,,--
586357313344734394,,Đang giao hàng,TikTok,TTEPRIME-MALL-HCM,--,--,CB2026.3,1,COMBO 3 TUÝP LRP Sữa Rửa Mặt Effaclar Purifying Foaming Gel - 50ml,https://p16-oec-sg.ibyteimg.com/tos-alisg-i-aphluv4xwc-sg/4cf0727f67364f81be67e3acb8f0a02b~tplv-aphluv4xwc-origin-jpeg.jpeg?dr=15568&t=555f072d&ps=933b5bde&shp=54477afb&shcp=3c3d9ffb&idc=my2&from=1413970683,VIE GROUP HCM,01/10/2026 21:38,,--
586357292851364924,,Đang giao hàng,TikTok,TTEPRIME-MALL-HCM,--,--,2026,1,LRP Sữa Rửa Mặt Effaclar Purifying Foaming Gel - 50ml,https://p16-oec-sg.ibyteimg.com/tos-alisg-i-aphluv4xwc-sg/e34ab459d15b4717b53d8bd8fe469991~tplv-aphluv4xwc-origin-jpeg.jpeg?dr=15568&t=555f072d&ps=933b5bde&shp=54477afb&shcp=3c3d9ffb&idc=my2&from=1413970683,VIE GROUP HCM,01/10/2026 21:38,,--
586357432116675792,,Đang giao hàng,TikTok,TTVIEPRIME-HANOI,--,--,2024,1,LRP Sữa Rửa Mặt Effaclar Purifying Foaming Gel - 15ml,https://p16-oec-sg.ibyteimg.com/tos-alisg-i-aphluv4xwc-sg/db88b950e6274f3cb02fd159d93a3fdd~tplv-aphluv4xwc-origin-jpeg.jpeg?dr=15568&t=555f072d&ps=933b5bde&shp=54477afb&shcp=3c3d9ffb&idc=my2&from=1413970683,COSMEE HA NOI,01/10/2026 21:38,,--
261001GDVAQMSB,,Đã hủy,Shopee,SHEPRIME2-MALL - HCM,--,--,1858,1,JOHNSON'S Sữa tắm gội Baby Top-To-Toe Hair & Body (Vàng) - 200ml,https://cf.shopee.vn/file/sg-11134201-8259u-msk1gk4caryic0_tn,VIE GROUP HCM,01/10/2026 21:37,,Chưa thanh toán
261001GDTWWRRS,,Đang giao hàng,Shopee,SHEPRIME2-MALL - HCM,--,--,1857,1,JOHNSON'S Sữa tắm gội Baby Top-To-Toe Hair & Body (Vàng) - 100ml,https://cf.shopee.vn/file/sg-11134201-825b0-msk1gjui1sec8a_tn,VIE GROUP HCM,01/10/2026 21:37,,--
586357431059777332,,Đang giao hàng,TikTok,TTVIESGN-HCM,--,--,2225,1,OLAY MẪU MỚI B3 - Dưỡng thể Body Cellscience B3+Vitamin C 260g - NẮP VÀNG,https://p16-oec-sg.ibyteimg.com/tos-alisg-i-aphluv4xwc-sg/7cc23fc545d144358f92aead422d3c79~tplv-aphluv4xwc-origin-jpeg.jpeg?dr=15568&t=555f072d&ps=933b5bde&shp=54477afb&shcp=3c3d9ffb&idc=my2&from=1413970683,VIE GROUP HCM,01/10/2026 21:36,,--
261001GDTWW3K8,,Đã hoàn thành,Shopee,SHEPRIME2-MALL - HCM,--,--,1857,1,JOHNSON'S Sữa tắm gội Baby Top-To-Toe Hair & Body (Vàng) - 100ml,https://cf.shopee.vn/file/sg-11134201-825b0-msk1gjui1sec8a_tn,VIE GROUP HCM,01/10/2026 21:36,03/10/2026 15:48,--
586357341732112357,,Đang giao hàng,TikTok,TTVIESGN-HCM,--,--,1350,1,CERAVE Sữa Rửa Mặt Foaming Cleanser - 30ml FRANCE,https://p16-oec-sg.ibyteimg.com/tos-alisg-i-aphluv4xwc-sg/cc9742efae154cb89c3e62363dff00b1~tplv-aphluv4xwc-origin-jpeg.jpeg?dr=15568&t=555f072d&ps=933b5bde&shp=54477afb&shcp=3c3d9ffb&idc=my2&from=1413970683,VIE GROUP HCM,01/10/2026 21:36,,--
261001GDR92KMR,,Đang giao hàng,Shopee,SHEPRIME2-MALL - HCM,--,--,1857,1,JOHNSON'S Sữa tắm gội Baby Top-To-Toe Hair & Body (Vàng) - 100ml,https://cf.shopee.vn/file/sg-11134201-825b0-msk1gjui1sec8a_tn,VIE GROUP HCM,01/10/2026 21:35,,--
261001GDPTBFGF,,Đã hoàn thành,Shopee,SHVIECosme HCM,--,--,1611,1,DR.SERA Bông Tẩy Trang Cotton Tiệt Trùng UV - PURE SNOW COTTON PAD - 150 Miếng,https://cf.shopee.vn/file/vn-11134207-81ztc-ms7yx63mj66ddb_tn,VIE GROUP HCM,01/10/2026 21:34,03/10/2026 14:35,--
261001GDPTBFGF,,Đã hoàn thành,Shopee,SHVIECosme HCM,--,--,1151,1,AVENE Kem dưỡng Cicalfate Repair Cream - 15ml,https://cf.shopee.vn/file/vn-11134207-81ztc-mrvewem4etc532_tn,VIE GROUP HCM,01/10/2026 21:34,03/10/2026 14:35,--
261001GDKDHQ8B,,Đang giao hàng,Shopee,SHEPRIME2-MALL - HCM,--,--,1858,1,JOHNSON'S Sữa tắm gội Baby Top-To-Toe Hair & Body (Vàng) - 200ml,https://cf.shopee.vn/file/sg-11134201-8259u-msk1gk4caryic0_tn,VIE GROUP HCM,01/10/2026 21:32,,--
586357140244956808,,Đang giao hàng,TikTok,TTASCosme - HANOI,--,--,2586,1,VICHY Dầu gội Dercos Technique Anti-Dandruff Ds Advanced To Oily Hair - 50ml (Xanh da dầu),https://p16-oec-sg.ibyteimg.com/tos-alisg-i-aphluv4xwc-sg/c866730931f7405592c5aea67c3d40b0~tplv-aphluv4xwc-origin-jpeg.jpeg?dr=15568&t=555f072d&ps=933b5bde&shp=54477afb&shcp=3c3d9ffb&idc=my2&from=1413970683,COSMEE HA NOI,01/10/2026 21:32,,--
586357321301918758,,Đã hủy,TikTok,TTVIEPRIME-HANOI,--,--,2026,1,LRP Sữa Rửa Mặt Effaclar Purifying Foaming Gel - 50ml,https://p16-oec-sg.ibyteimg.com/tos-alisg-i-aphluv4xwc-sg/e4dc23ba7aa04ac68154f7d70954e8c5~tplv-aphluv4xwc-origin-jpeg.jpeg?dr=15568&t=555f072d&ps=933b5bde&shp=54477afb&shcp=3c3d9ffb&idc=my&from=1413970683,COSMEE HA NOI,01/10/2026 21:31,,Chờ xử lý
261001GDH28RM3,,Đang giao hàng,Shopee,SHEP - HCM,--,--,2361,1,SILCOT Bông tẩy trang Unicharm - 82 miếng Xanh dương,https://cf.shopee.vn/file/vn-11134207-7ras8-mcke8s4l7qqq55_tn,VIE GROUP HCM,01/10/2026 21:31,04/10/2026 18:49,--
261001GDG8GCY0,,Đang giao hàng,Shopee,SHEPRIME2-MALL - HCM,--,--,1858,1,JOHNSON'S Sữa tắm gội Baby Top-To-Toe Hair & Body (Vàng) - 200ml,https://cf.shopee.vn/file/sg-11134201-8259u-msk1gk4caryic0_tn,VIE GROUP HCM,01/10/2026 21:31,,--
586357149576758840,,Đang giao hàng,TikTok,TTVIEPRIME-HANOI,--,--,CB2026.3,1,COMBO 3 TUÝP LRP Sữa Rửa Mặt Effaclar Purifying Foaming Gel - 50ml,https://p16-oec-sg.ibyteimg.com/tos-alisg-i-aphluv4xwc-sg/1200e3e940994b57b36341a3f7c85513~tplv-aphluv4xwc-origin-jpeg.jpeg?dr=15568&t=555f072d&ps=933b5bde&shp=54477afb&shcp=3c3d9ffb&idc=my&from=1413970683,VIE GROUP HCM,01/10/2026 21:30,,--
586357181334193871,,Đã hủy,TikTok,TTEPRIME-MALL-HCM,--,--,CB1350.3,1,COMBO 3 Chai 30ml CERAVE Sữa Rửa Mặt Foaming Cleanser,https://p16-oec-sg.ibyteimg.com/tos-alisg-i-aphluv4xwc-sg/a2376db661934510bc5ab6e7f01657b3~tplv-aphluv4xwc-origin-jpeg.jpeg?dr=15568&t=555f072d&ps=933b5bde&shp=54477afb&shcp=3c3d9ffb&idc=my3&from=1413970683,VIE GROUP HCM,01/10/2026 21:29,,Chưa thanh toán
586357244271888317,,Đang giao hàng,TikTok,TTVIEPRIME-HANOI,--,--,2024,1,LRP Sữa Rửa Mặt Effaclar Purifying Foaming Gel - 15ml,https://p16-oec-sg.ibyteimg.com/tos-alisg-i-aphluv4xwc-sg/db88b950e6274f3cb02fd159d93a3fdd~tplv-aphluv4xwc-origin-jpeg.jpeg?dr=15568&t=555f072d&ps=933b5bde&shp=54477afb&shcp=3c3d9ffb&idc=my2&from=1413970683,COSMEE HA NOI,01/10/2026 21:29,,--
261001GDCTUV7V,,Đang giao hàng,Shopee,SHVIECosme HCM,--,--,1472,1,COMPLIMENT Sữa rửa mặt No Problem 200ml - Hồng,https://cf.shopee.vn/file/vn-11134207-81ztc-mr8kkbibchs2de_tn,VIE GROUP HCM,01/10/2026 21:29,,--
586357126797493868,,Đã hủy,TikTok,TTEPRIME-MALL-HCM,--,--,2026,1,LRP Sữa Rửa Mặt Effaclar Purifying Foaming Gel - 50ml,https://p16-oec-sg.ibyteimg.com/tos-alisg-i-aphluv4xwc-sg/e34ab459d15b4717b53d8bd8fe469991~tplv-aphluv4xwc-origin-jpeg.jpeg?dr=15568&t=555f072d&ps=933b5bde&shp=54477afb&shcp=3c3d9ffb&idc=my2&from=1413970683,VIE GROUP HCM,01/10/2026 21:27,,Chờ xử lý
586357077309752466,,Đang giao hàng,TikTok,TTASCosme - HANOI,--,--,1316,1,CARSLAN PHẤN PHỦ  BLACK  MAGNET SOFT FOCUS  MAKE-UP POWDER 01  PHẤN PHỦ 1G,https://p16-oec-sg.ibyteimg.com/tos-alisg-i-aphluv4xwc-sg/d2cb1f22cafd4b1ba10efa9968230ba9~tplv-aphluv4xwc-origin-jpeg.jpeg?dr=15568&t=555f072d&ps=933b5bde&shp=54477afb&shcp=3c3d9ffb&idc=my2&from=1413970683,COSMEE HA NOI,01/10/2026 21:26,,--
261001GD7RNSQ8,,Nền tảng đang xử lý,Shopee,SHVIECosme HCM,--,--,1472,1,COMPLIMENT Sữa rửa mặt No Problem 200ml - Hồng,https://cf.shopee.vn/file/vn-11134207-81ztc-mr8kkbibchs2de_tn,VIE GROUP HCM,01/10/2026 21:26,,--
586356583510804337,,Đang giao hàng,TikTok,TTEPRIME-MALL-HCM,--,--,1350,1,CERAVE Sữa Rửa Mặt Foaming Cleanser - 30ml FRANCE,https://p16-oec-sg.ibyteimg.com/tos-alisg-i-aphluv4xwc-sg/b203882fafcc4a5dbc6ce5bef84bd40b~tplv-aphluv4xwc-origin-jpeg.jpeg?dr=15568&t=555f072d&ps=933b5bde&shp=54477afb&shcp=3c3d9ffb&idc=my&from=1413970683,VIE GROUP HCM,01/10/2026 21:25,,--
261001GD646V5Q,,Đang giao hàng,Shopee,SHEPRIME2-MALL - HCM,--,--,1857,1,JOHNSON'S Sữa tắm gội Baby Top-To-Toe Hair & Body (Vàng) - 100ml,https://cf.shopee.vn/file/sg-11134201-825b0-msk1gjui1sec8a_tn,VIE GROUP HCM,01/10/2026 21:25,,--
586357030178948715,,Đang giao hàng,TikTok,TTASCosme - HANOI,--,--,CB1350.5,1,COMBO 5 Chai 30ml CERAVE Sữa Rửa Mặt Foaming Cleanser,https://p16-oec-sg.ibyteimg.com/tos-alisg-i-aphluv4xwc-sg/eace8364767d4025951ff56879f3897c~tplv-aphluv4xwc-origin-jpeg.jpeg?dr=15568&t=555f072d&ps=933b5bde&shp=54477afb&shcp=3c3d9ffb&idc=my3&from=1413970683,VIE GROUP HCM,01/10/2026 21:23,,--
261001GCXMU5P7,,Đã hủy,Shopee,SHEPRIME2-MALL - HCM,--,--,1857,1,JOHNSON'S Sữa tắm gội Baby Top-To-Toe Hair & Body (Vàng) - 100ml,https://cf.shopee.vn/file/sg-11134201-825b0-msk1gjui1sec8a_tn,VIE GROUP HCM,01/10/2026 21:21,,Chưa thanh toán
261001GCWXYS3N,,Đang giao hàng,Shopee,SHEP - HCM,--,--,CB2361.2,1,"SILCOT Bông tẩy trang Unicharm - 82 miếng Xanh dương, COMBO 2 HỘP",https://cf.shopee.vn/file/vn-11134207-7ras8-mcke8u9q2v4yd7_tn,VIE GROUP HCM,01/10/2026 21:20,,--
586357120476350075,,Đang giao hàng,TikTok,TTEPRIME-MALL-HCM,--,--,1350,2,CERAVE Sữa Rửa Mặt Foaming Cleanser - 30ml FRANCE,https://p16-oec-sg.ibyteimg.com/tos-alisg-i-aphluv4xwc-sg/b203882fafcc4a5dbc6ce5bef84bd40b~tplv-aphluv4xwc-origin-jpeg.jpeg?dr=15568&t=555f072d&ps=933b5bde&shp=54477afb&shcp=3c3d9ffb&idc=my&from=1413970683,VIE GROUP HCM,01/10/2026 21:19,,--
261001GCU1F5NU,,Đang giao hàng,Shopee,SHEP - HCM,--,--,1922,1,LA SOIRÉE Bông Tẩy Trang 100% Cotton Siêu Mềm Siêu Mịn - 225 Miếng Tròn,https://cf.shopee.vn/file/vn-11134207-7r98o-lzce2ic901n118_tn,VIE GROUP HCM,01/10/2026 21:19,05/10/2026 06:08,--
586356949384332398,,Đang giao hàng,TikTok,TTVIEPRIME-HANOI,--,--,2026,1,LRP Sữa Rửa Mặt Effaclar Purifying Foaming Gel - 50ml,https://p16-oec-sg.ibyteimg.com/tos-alisg-i-aphluv4xwc-sg/529dd41167514437bdeb6a16bac7e418~tplv-aphluv4xwc-origin-jpeg.jpeg?dr=15568&t=555f072d&ps=933b5bde&shp=54477afb&shcp=3c3d9ffb&idc=my2&from=1413970683,VIE GROUP HCM,01/10/2026 21:18,,--
586356965260363724,,Đang giao hàng,TikTok,TTVIEPRIME-HANOI,--,--,2026,1,LRP Sữa Rửa Mặt Effaclar Purifying Foaming Gel - 50ml,https://p16-oec-sg.ibyteimg.com/tos-alisg-i-aphluv4xwc-sg/e4dc23ba7aa04ac68154f7d70954e8c5~tplv-aphluv4xwc-origin-jpeg.jpeg?dr=15568&t=555f072d&ps=933b5bde&shp=54477afb&shcp=3c3d9ffb&idc=my&from=1413970683,VIE GROUP HCM,01/10/2026 21:18,,--
261001GCQVEB52,,Chờ xử lý,Shopee,SHCOSMEE-HANOI,--,--,,1,,https://cf.shopee.vn/file/vn-11134207-81ztc-mqss5684kqod88_tn,COSMEE HA NOI,01/10/2026 21:17,,--
261001GCPUXWFE,,Đang giao hàng,Shopee,SHEPRIME2-MALL - HCM,--,--,CB2026.3,1,COMBO 3 TUÝP LRP Sữa Rửa Mặt Effaclar Purifying Foaming Gel - 50ml,https://cf.shopee.vn/file/vn-11134207-81ztc-ms4g20918mbm6c_tn,VIE GROUP HCM,01/10/2026 21:17,,--
586356980678755909,,Đang giao hàng,TikTok,TTVIEPRIME-HANOI,--,--,2024,1,LRP Sữa Rửa Mặt Effaclar Purifying Foaming Gel - 15ml,https://p16-oec-sg.ibyteimg.com/tos-alisg-i-aphluv4xwc-sg/db88b950e6274f3cb02fd159d93a3fdd~tplv-aphluv4xwc-origin-jpeg.jpeg?dr=15568&t=555f072d&ps=933b5bde&shp=54477afb&shcp=3c3d9ffb&idc=my2&from=1413970683,COSMEE HA NOI,01/10/2026 21:16,,--
586356923145684184,,Đã hủy,TikTok,TTVIESGN-HCM,--,--,2026,2,LRP Sữa Rửa Mặt Effaclar Purifying Foaming Gel - 50ml,https://p16-oec-va.ibyteimg.com/tos-maliva-i-o3syd03w52-us/420b403b9e0744c49f117f91cd51adc2~tplv-o3syd03w52-origin-jpeg.jpeg?dr=15568&t=555f072d&ps=933b5bde&shp=54477afb&shcp=3c3d9ffb&idc=my2&from=1413970683,VIE GROUP HCM,01/10/2026 21:15,,Chưa thanh toán
586357001376072955,,Đang giao hàng,TikTok,TTVIEPRIME-HANOI,--,--,2026,1,LRP Sữa Rửa Mặt Effaclar Purifying Foaming Gel - 50ml,https://p16-oec-sg.ibyteimg.com/tos-alisg-i-aphluv4xwc-sg/e4dc23ba7aa04ac68154f7d70954e8c5~tplv-aphluv4xwc-origin-jpeg.jpeg?dr=15568&t=555f072d&ps=933b5bde&shp=54477afb&shcp=3c3d9ffb&idc=my2&from=1413970683,VIE GROUP HCM,01/10/2026 21:15,,--
586356942122288627,,Đang giao hàng,TikTok,TTVIEPRIME-HANOI,--,--,2024,1,LRP Sữa Rửa Mặt Effaclar Purifying Foaming Gel - 15ml,https://p16-oec-sg.ibyteimg.com/tos-alisg-i-aphluv4xwc-sg/db88b950e6274f3cb02fd159d93a3fdd~tplv-aphluv4xwc-origin-jpeg.jpeg?dr=15568&t=555f072d&ps=933b5bde&shp=54477afb&shcp=3c3d9ffb&idc=my&from=1413970683,COSMEE HA NOI,01/10/2026 21:14,,--
261001GCK2U72Q,,Đang giao hàng,Shopee,SHVIEPro-HANOI,--,--,1472,2,COMPLIMENT Sữa rửa mặt No Problem 200ml - Hồng,https://cf.shopee.vn/file/vn-11134207-81ztc-moj5dongdbm67d_tn,COSMEE HA NOI,01/10/2026 21:14,,--
261001GCK2U72Q,,Đang giao hàng,Shopee,SHVIEPro-HANOI,--,--,QT01,1,Dr.Sera tây tế bào chết da đầu,https://cf.shopee.vn/file/vn-11134207-81ztc-mqyhiy5e3bpe1a_tn,COSMEE HA NOI,01/10/2026 21:14,,--
261001GCJ67783,,Đang giao hàng,Shopee,SHEPRIME2-MALL - HCM,--,--,1857,1,JOHNSON'S Sữa tắm gội Baby Top-To-Toe Hair & Body (Vàng) - 100ml,https://cf.shopee.vn/file/sg-11134201-825b0-msk1gjui1sec8a_tn,VIE GROUP HCM,01/10/2026 21:14,,--
586356826980845149,,Đã hủy,TikTok,TTVIEPRIME-HANOI,--,--,CB2026.3,1,COMBO 3 TUÝP LRP Sữa Rửa Mặt Effaclar Purifying Foaming Gel - 50ml,https://p16-oec-sg.ibyteimg.com/tos-alisg-i-aphluv4xwc-sg/1200e3e940994b57b36341a3f7c85513~tplv-aphluv4xwc-origin-jpeg.jpeg?dr=15568&t=555f072d&ps=933b5bde&shp=54477afb&shcp=3c3d9ffb&idc=my&from=1413970683,COSMEE HA NOI,01/10/2026 21:13,,Chờ xử lý
586356998875219273,,Đang giao hàng,TikTok,TTVIEPRIME-HANOI,--,--,2026,1,LRP Sữa Rửa Mặt Effaclar Purifying Foaming Gel - 50ml,https://p16-oec-sg.ibyteimg.com/tos-alisg-i-aphluv4xwc-sg/e4dc23ba7aa04ac68154f7d70954e8c5~tplv-aphluv4xwc-origin-jpeg.jpeg?dr=15568&t=555f072d&ps=933b5bde&shp=54477afb&shcp=3c3d9ffb&idc=my3&from=1413970683,VIE GROUP HCM,01/10/2026 21:13,,--
586356832718849872,,Đang giao hàng,TikTok,TTVIEPRIME-HANOI,--,--,2014,1,LRP SERUM B5 HYALU CONCENTRE - 10ml,https://p16-oec-sg.ibyteimg.com/tos-alisg-i-aphluv4xwc-sg/e07d299a8614444b8b8d09e4dcbafa6b~tplv-aphluv4xwc-origin-jpeg.jpeg?dr=15568&t=555f072d&ps=933b5bde&shp=54477afb&shcp=3c3d9ffb&idc=my2&from=1413970683,VIE GROUP HCM,01/10/2026 21:13,,--
261001GCDHFK5H,,Đang giao hàng,Shopee,SHVIECosme HCM,--,--,1472,1,COMPLIMENT Sữa rửa mặt No Problem 200ml - Hồng,https://cf.shopee.vn/file/vn-11134207-81ztc-mr8kkbibchs2de_tn,VIE GROUP HCM,01/10/2026 21:11,,--
586356771929622358,,Đang giao hàng,TikTok,TTEPRIME-MALL-HCM,--,--,1350,1,CERAVE Sữa Rửa Mặt Foaming Cleanser - 30ml FRANCE,https://p16-oec-sg.ibyteimg.com/tos-alisg-i-aphluv4xwc-sg/b203882fafcc4a5dbc6ce5bef84bd40b~tplv-aphluv4xwc-origin-jpeg.jpeg?dr=15568&t=555f072d&ps=933b5bde&shp=54477afb&shcp=3c3d9ffb&idc=my2&from=1413970683,VIE GROUP HCM,01/10/2026 21:10,,--
586356828022277554,,Đang giao hàng,TikTok,TTVIEPRIME-HANOI,--,--,2026,1,LRP Sữa Rửa Mặt Effaclar Purifying Foaming Gel - 50ml,https://p16-oec-sg.ibyteimg.com/tos-alisg-i-aphluv4xwc-sg/e4dc23ba7aa04ac68154f7d70954e8c5~tplv-aphluv4xwc-origin-jpeg.jpeg?dr=15568&t=555f072d&ps=933b5bde&shp=54477afb&shcp=3c3d9ffb&idc=my&from=1413970683,VIE GROUP HCM,01/10/2026 21:10,,--
586356842228450724,,Đang giao hàng,TikTok,TTEPRIME-MALL-HCM,--,--,1472,1,COMPLIMENT Sữa rửa mặt No Problem 200ml - Hồng,https://p16-oec-va.ibyteimg.com/tos-maliva-i-o3syd03w52-us/d0e3c93d082c420388abbb9ec53076bb~tplv-o3syd03w52-origin-jpeg.jpeg?dr=15568&t=555f072d&ps=933b5bde&shp=54477afb&shcp=3c3d9ffb&idc=my&from=1413970683,VIE GROUP HCM,01/10/2026 21:10,,--
261001GCATMQAQ,,Đang giao hàng,Shopee,SHEPRIME2-MALL - HCM,--,--,1858,1,JOHNSON'S Sữa tắm gội Baby Top-To-Toe Hair & Body (Vàng) - 200ml,https://cf.shopee.vn/file/sg-11134201-8259u-msk1gk4caryic0_tn,VIE GROUP HCM,01/10/2026 21:10,,--
586356838779881101,,Đang giao hàng,TikTok,TTEPRIME-MALL-HCM,--,--,CB2026.3,1,COMBO 3 TUÝP LRP Sữa Rửa Mặt Effaclar Purifying Foaming Gel - 50ml,https://p16-oec-sg.ibyteimg.com/tos-alisg-i-aphluv4xwc-sg/4fdb1010396942c6bcbbb4ff16ba3159~tplv-aphluv4xwc-origin-jpeg.jpeg?dr=15568&t=555f072d&ps=933b5bde&shp=54477afb&shcp=3c3d9ffb&idc=my2&from=1413970683,VIE GROUP HCM,01/10/2026 21:08,,--
586356727680370046,,Đang giao hàng,TikTok,TTVIEPRIME-HANOI,--,--,2024,1,LRP Sữa Rửa Mặt Effaclar Purifying Foaming Gel - 15ml,https://p16-oec-sg.ibyteimg.com/tos-alisg-i-aphluv4xwc-sg/ffed6604b7e34e4cb07ce27267743d15~tplv-aphluv4xwc-origin-jpeg.jpeg?dr=15568&t=555f072d&ps=933b5bde&shp=54477afb&shcp=3c3d9ffb&idc=my&from=1413970683,COSMEE HA NOI,01/10/2026 21:07,,--
586356745329805078,Đơn hàng trùng lặp,Đang giao hàng,TikTok,TTEPRIME-MALL-HCM,--,--,1350,1,CERAVE Sữa Rửa Mặt Foaming Cleanser - 30ml FRANCE,https://p16-oec-sg.ibyteimg.com/tos-alisg-i-aphluv4xwc-sg/b203882fafcc4a5dbc6ce5bef84bd40b~tplv-aphluv4xwc-origin-jpeg.jpeg?dr=15568&t=555f072d&ps=933b5bde&shp=54477afb&shcp=3c3d9ffb&idc=my&from=1413970683,VIE GROUP HCM,01/10/2026 21:06,,--
586356755325814550,,Đã hủy,TikTok,TTASCosme - HANOI,--,--,1350,1,CERAVE Sữa Rửa Mặt Foaming Cleanser - 30ml FRANCE,https://p16-oec-sg.ibyteimg.com/tos-alisg-i-aphluv4xwc-sg/46e63d0be11d47568e40e1b3400fd6d0~tplv-aphluv4xwc-origin-jpeg.jpeg?dr=15568&t=555f072d&ps=933b5bde&shp=54477afb&shcp=3c3d9ffb&idc=my2&from=1413970683,COSMEE HA NOI,01/10/2026 21:05,,Chờ xử lý
261001GBX4CCHN,,Đã hủy,Shopee,SHEPRIME-HCM,--,--,1043,3,ADERMA Gel Rửa Mặt & Tắm Gội Douche Hydra-Protective Shower Gel Essentials 3in1 200ml,https://cf.shopee.vn/file/vn-11134207-7r98o-ltb4sgf0n0zo74_tn,VIE GROUP HCM,01/10/2026 21:02,,Đang giao hàng
586356774862948123,,Đang giao hàng,TikTok,TTVIEPRIME-HANOI,--,--,2026,1,LRP Sữa Rửa Mặt Effaclar Purifying Foaming Gel - 50ml,https://p16-oec-sg.ibyteimg.com/tos-alisg-i-aphluv4xwc-sg/e4dc23ba7aa04ac68154f7d70954e8c5~tplv-aphluv4xwc-origin-jpeg.jpeg?dr=15568&t=555f072d&ps=933b5bde&shp=54477afb&shcp=3c3d9ffb&idc=my&from=1413970683,VIE GROUP HCM,01/10/2026 21:01,,--
586356654504641579,,Đang giao hàng,TikTok,TTEPRIME-MALL-HCM,--,--,2026,1,LRP Sữa Rửa Mặt Effaclar Purifying Foaming Gel - 50ml,https://p16-oec-sg.ibyteimg.com/tos-alisg-i-aphluv4xwc-sg/e34ab459d15b4717b53d8bd8fe469991~tplv-aphluv4xwc-origin-jpeg.jpeg?dr=15568&t=555f072d&ps=933b5bde&shp=54477afb&shcp=3c3d9ffb&idc=my2&from=1413970683,VIE GROUP HCM,01/10/2026 21:01,,--
586356640543114958,,Đang giao hàng,TikTok,TTVIEPRIME-HANOI,--,--,2781,1,"CARSLAN PHẤN NÉN BLACK  MAGNET SOFT FOCUS  POWDER 04 PHẤN NÉN 1,5G",https://p16-oec-sg.ibyteimg.com/tos-alisg-i-aphluv4xwc-sg/454e5cbf89a142769586018f72b638c3~tplv-aphluv4xwc-origin-jpeg.jpeg?dr=15568&t=555f072d&ps=933b5bde&shp=54477afb&shcp=3c3d9ffb&idc=my2&from=1413970683,COSMEE HA NOI,01/10/2026 21:00,,--
586356775718978931,,Đang giao hàng,TikTok,TTVIEPRIME-HANOI,--,--,2026,1,LRP Sữa Rửa Mặt Effaclar Purifying Foaming Gel - 50ml,https://p19-oec-sg.ibyteimg.com/tos-alisg-i-aphluv4xwc-sg/e4dc23ba7aa04ac68154f7d70954e8c5~tplv-aphluv4xwc-origin-jpeg.jpeg?dr=15568&t=555f072d&ps=933b5bde&shp=54477afb&shcp=3c3d9ffb&idc=my&from=1413970683,VIE GROUP HCM,01/10/2026 21:00,,--
586356620665455934,,Đang giao hàng,TikTok,TTEPRIME-MALL-HCM,--,--,2026,1,LRP Sữa Rửa Mặt Effaclar Purifying Foaming Gel - 50ml,https://p16-oec-sg.ibyteimg.com/tos-alisg-i-aphluv4xwc-sg/e34ab459d15b4717b53d8bd8fe469991~tplv-aphluv4xwc-origin-jpeg.jpeg?dr=15568&t=555f072d&ps=933b5bde&shp=54477afb&shcp=3c3d9ffb&idc=my2&from=1413970683,VIE GROUP HCM,01/10/2026 20:59,,--
586356752263448337,,Đã hủy,TikTok,TTASCosme - HANOI,--,--,1316,1,CARSLAN PHẤN PHỦ  BLACK  MAGNET SOFT FOCUS  MAKE-UP POWDER 01  PHẤN PHỦ 1G,https://p16-oec-sg.ibyteimg.com/tos-alisg-i-aphluv4xwc-sg/d2cb1f22cafd4b1ba10efa9968230ba9~tplv-aphluv4xwc-origin-jpeg.jpeg?dr=15568&t=555f072d&ps=933b5bde&shp=54477afb&shcp=3c3d9ffb&idc=my2&from=1413970683,COSMEE HA NOI,01/10/2026 20:59,,--
586356599399614392,Đơn hàng trùng lặp,Đang giao hàng,TikTok,TTVIEPRIME-HANOI,--,--,CB2026.5,1,COMBO 5 TUÝP LRP Sữa Rửa Mặt Effaclar Purifying Foaming Gel - 50ml,https://p16-oec-sg.ibyteimg.com/tos-alisg-i-aphluv4xwc-sg/790fc78336a043849e61c00f5b8cb791~tplv-aphluv4xwc-origin-jpeg.jpeg?dr=15568&t=555f072d&ps=933b5bde&shp=54477afb&shcp=3c3d9ffb&idc=my3&from=1413970683,VIE GROUP HCM,01/10/2026 20:58,,--
261001GBNTCJEH,,Đang giao hàng,Shopee,SHVIEMart - HCM,--,--,CB2481.3,1,COMBO 3 GÓI TIPPYS Bông Tẩy Trang Classic Make Up Pads - 120 Miếng,https://cf.shopee.vn/file/vn-11134207-7ra0g-m78rycol4hy0bf_tn,VIE GROUP HCM,01/10/2026 20:58,,--
586356592651175864,,Đã hủy,TikTok,TTVIEPRIME-HANOI,--,--,CB2026.5,1,COMBO 5 TUÝP LRP Sữa Rửa Mặt Effaclar Purifying Foaming Gel - 50ml,https://p16-oec-sg.ibyteimg.com/tos-alisg-i-aphluv4xwc-sg/790fc78336a043849e61c00f5b8cb791~tplv-aphluv4xwc-origin-jpeg.jpeg?dr=15568&t=555f072d&ps=933b5bde&shp=54477afb&shcp=3c3d9ffb&idc=my2&from=1413970683,COSMEE HA NOI,01/10/2026 20:58,,Chưa thanh toán
261001GBJ51D2V,,Đã hủy,Shopee,SHEP - HCM,--,--,1897,1,KLAIRS Toner Supple Preparation Unscented KHÔNG MÙI - 180ml,https://cf.shopee.vn/file/vn-11134207-7r98o-lyqe8efjkh41c5_tn,VIE GROUP HCM,01/10/2026 20:56,,Chờ xử lý
586356571520272307,,Đã hủy,TikTok,TTVIEPRIME-HANOI,--,--,2026,1,LRP Sữa Rửa Mặt Effaclar Purifying Foaming Gel - 50ml,https://p19-oec-sg.ibyteimg.com/tos-alisg-i-aphluv4xwc-sg/e4dc23ba7aa04ac68154f7d70954e8c5~tplv-aphluv4xwc-origin-jpeg.jpeg?dr=15568&t=555f072d&ps=933b5bde&shp=54477afb&shcp=3c3d9ffb&idc=my2&from=1413970683,COSMEE HA NOI,01/10/2026 20:55,,Chờ xử lý
261001GBGBS67B,,Đang giao hàng,Shopee,SHVIEPro-HANOI,--,--,2695,1,Silky Kem Dưỡng Da Tay Silky Oil Elixir Nga 80ml - Macca Đêm,https://cf.shopee.vn/file/vn-11134207-7ras8-m0y4gwe4q0q735_tn,COSMEE HA NOI,01/10/2026 20:55,,--
586356495096382467,,Đang giao hàng,TikTok,TTASCosme - HANOI,--,--,1316,1,CARSLAN PHẤN PHỦ  BLACK  MAGNET SOFT FOCUS  MAKE-UP POWDER 01  PHẤN PHỦ 1G,https://p16-oec-sg.ibyteimg.com/tos-alisg-i-aphluv4xwc-sg/d2cb1f22cafd4b1ba10efa9968230ba9~tplv-aphluv4xwc-origin-jpeg.jpeg?dr=15568&t=555f072d&ps=933b5bde&shp=54477afb&shcp=3c3d9ffb&idc=my&from=1413970683,COSMEE HA NOI,01/10/2026 20:50,,--
586356455822296858,,Đang giao hàng,TikTok,TTVIESGN-HCM,--,--,2026,2,LRP Sữa Rửa Mặt Effaclar Purifying Foaming Gel - 50ml,https://p16-oec-va.ibyteimg.com/tos-maliva-i-o3syd03w52-us/420b403b9e0744c49f117f91cd51adc2~tplv-o3syd03w52-origin-jpeg.jpeg?dr=15568&t=555f072d&ps=933b5bde&shp=54477afb&shcp=3c3d9ffb&idc=my2&from=1413970683,VIE GROUP HCM,01/10/2026 20:49,,--
586356490314876332,,Đã hủy,TikTok,TTEPRIME-MALL-HCM,--,--,1350,1,CERAVE Sữa Rửa Mặt Foaming Cleanser - 30ml FRANCE,https://p16-oec-sg.ibyteimg.com/tos-alisg-i-aphluv4xwc-sg/50806a02e3104a3bb34e537bc386ab64~tplv-aphluv4xwc-origin-jpeg.jpeg?dr=15568&t=555f072d&ps=933b5bde&shp=54477afb&shcp=3c3d9ffb&idc=my2&from=1413970683,VIE GROUP HCM,01/10/2026 20:48,,--
586356451735537272,,Đang giao hàng,TikTok,TTVIEPRIME-HANOI,--,--,2026,1,LRP Sữa Rửa Mặt Effaclar Purifying Foaming Gel - 50ml,https://p16-oec-sg.ibyteimg.com/tos-alisg-i-aphluv4xwc-sg/e4dc23ba7aa04ac68154f7d70954e8c5~tplv-aphluv4xwc-origin-jpeg.jpeg?dr=15568&t=555f072d&ps=933b5bde&shp=54477afb&shcp=3c3d9ffb&idc=my&from=1413970683,VIE GROUP HCM,01/10/2026 20:47,,--
586356351390549086,,Đang giao hàng,TikTok,TTEPRIME-MALL-HCM,--,--,2026,1,LRP Sữa Rửa Mặt Effaclar Purifying Foaming Gel - 50ml,https://p16-oec-sg.ibyteimg.com/tos-alisg-i-aphluv4xwc-sg/e34ab459d15b4717b53d8bd8fe469991~tplv-aphluv4xwc-origin-jpeg.jpeg?dr=15568&t=555f072d&ps=933b5bde&shp=54477afb&shcp=3c3d9ffb&idc=my2&from=1413970683,VIE GROUP HCM,01/10/2026 20:43,,--
261001GAU1048M,,Đang giao hàng,Shopee,SHEPRIME2-MALL - HCM,--,--,CB2026.3,1,COMBO 3 TUÝP LRP Sữa Rửa Mặt Effaclar Purifying Foaming Gel - 50ml,https://cf.shopee.vn/file/vn-11134207-81ztc-ms4g20918mbm6c_tn,VIE GROUP HCM,01/10/2026 20:43,,--
586356468551878628,,Đang giao hàng,TikTok,TTVIEPRIME-HANOI,--,--,2024,1,LRP Sữa Rửa Mặt Effaclar Purifying Foaming Gel - 15ml,https://p16-oec-sg.ibyteimg.com/tos-alisg-i-aphluv4xwc-sg/db88b950e6274f3cb02fd159d93a3fdd~tplv-aphluv4xwc-origin-jpeg.jpeg?dr=15568&t=555f072d&ps=933b5bde&shp=54477afb&shcp=3c3d9ffb&idc=my2&from=1413970683,COSMEE HA NOI,01/10/2026 20:42,,--
586356299632313995,,Đang giao hàng,TikTok,TTVIEPRIME-HANOI,--,--,CB1350.5 COMBO 5 Dầu x 30m,1,COMBO 5 Chai 30ml CERAVE Sữa Rửa Mặt Foaming Cleanser,https://p16-oec-sg.ibyteimg.com/tos-alisg-i-aphluv4xwc-sg/78a1195f2acf42d38a995b6e5a76521d~tplv-aphluv4xwc-origin-jpeg.jpeg?dr=15568&t=555f072d&ps=933b5bde&shp=54477afb&shcp=3c3d9ffb&idc=my&from=1413970683,VIE GROUP HCM,01/10/2026 20:42,,--
586356295322404713,,Đang giao hàng,TikTok,TTEPRIME-MALL-HCM,--,--,CB2026.3,1,COMBO 3 TUÝP LRP Sữa Rửa Mặt Effaclar Purifying Foaming Gel - 50ml,https://p16-oec-sg.ibyteimg.com/tos-alisg-i-aphluv4xwc-sg/4fdb1010396942c6bcbbb4ff16ba3159~tplv-aphluv4xwc-origin-jpeg.jpeg?dr=15568&t=555f072d&ps=933b5bde&shp=54477afb&shcp=3c3d9ffb&idc=my2&from=1413970683,VIE GROUP HCM,01/10/2026 20:41,,--
586356290186938105,,Đang giao hàng,TikTok,TTEPRIME-MALL-HCM,--,--,1350,1,CERAVE Sữa Rửa Mặt Foaming Cleanser - 30ml FRANCE,https://p16-oec-sg.ibyteimg.com/tos-alisg-i-aphluv4xwc-sg/50806a02e3104a3bb34e537bc386ab64~tplv-aphluv4xwc-origin-jpeg.jpeg?dr=15568&t=555f072d&ps=933b5bde&shp=54477afb&shcp=3c3d9ffb&idc=my&from=1413970683,VIE GROUP HCM,01/10/2026 20:41,,--
261001GAQ25CB1,,Đang giao hàng,Shopee,SHEP - HCM,--,--,CB2361.2,1,"SILCOT Bông tẩy trang Unicharm - 82 miếng Xanh dương, COMBO 2 HỘP",https://cf.shopee.vn/file/vn-11134207-7ras8-mcke8u9q2v4yd7_tn,VIE GROUP HCM,01/10/2026 20:41,,--
586356259181004025,,Đã hủy,TikTok,TTASCosme - HANOI,--,--,1316,1,CARSLAN PHẤN PHỦ  BLACK  MAGNET SOFT FOCUS  MAKE-UP POWDER 01  PHẤN PHỦ 1G,https://p16-oec-sg.ibyteimg.com/tos-alisg-i-aphluv4xwc-sg/d2cb1f22cafd4b1ba10efa9968230ba9~tplv-aphluv4xwc-origin-jpeg.jpeg?dr=15568&t=555f072d&ps=933b5bde&shp=54477afb&shcp=3c3d9ffb&idc=my2&from=1413970683,COSMEE HA NOI,01/10/2026 20:40,,Chờ xử lý
586356258395031244,,Đang giao hàng,TikTok,TTVIESGN-HCM,--,--,1350,1,CERAVE Sữa Rửa Mặt Foaming Cleanser - 30ml FRANCE,https://p16-oec-sg.ibyteimg.com/tos-alisg-i-aphluv4xwc-sg/e6a9105da8614796ac0e8db7403f7c49~tplv-aphluv4xwc-origin-jpeg.jpeg?dr=15568&t=555f072d&ps=933b5bde&shp=54477afb&shcp=3c3d9ffb&idc=my&from=1413970683,VIE GROUP HCM,01/10/2026 20:40,,--
586356222223483904,,Đang giao hàng,TikTok,TTVIESGN-HCM,--,--,2026,1,LRP Sữa Rửa Mặt Effaclar Purifying Foaming Gel - 50ml,https://p16-oec-va.ibyteimg.com/tos-maliva-i-o3syd03w52-us/307dde19befb426e9d4f98983a79189c~tplv-o3syd03w52-origin-jpeg.jpeg?dr=15568&t=555f072d&ps=933b5bde&shp=54477afb&shcp=3c3d9ffb&idc=my&from=1413970683,VIE GROUP HCM,01/10/2026 20:38,,--
586356177290954079,,Đang giao hàng,TikTok,TTEPRIME-MALL-HCM,--,--,2371,1,SIMPLE Sữa rửa mặt Purifying Gel Wash 150ml [Xanh dương],https://p16-oec-va.ibyteimg.com/tos-maliva-i-o3syd03w52-us/4f8407d8725d444b886471aeec810f4d~tplv-o3syd03w52-origin-jpeg.jpeg?dr=15568&t=555f072d&ps=933b5bde&shp=54477afb&shcp=3c3d9ffb&idc=my2&from=1413970683,VIE GROUP HCM,01/10/2026 20:37,,--
586356233279997782,,Đang giao hàng,TikTok,TTVIEPRIME-HANOI,--,--,2024,1,LRP Sữa Rửa Mặt Effaclar Purifying Foaming Gel - 15ml,https://p16-oec-sg.ibyteimg.com/tos-alisg-i-aphluv4xwc-sg/ffed6604b7e34e4cb07ce27267743d15~tplv-aphluv4xwc-origin-jpeg.jpeg?dr=15568&t=555f072d&ps=933b5bde&shp=54477afb&shcp=3c3d9ffb&idc=my&from=1413970683,COSMEE HA NOI,01/10/2026 20:36,,--
586356214176188325,,Đang giao hàng,TikTok,TTVIEPRIME-HANOI,--,--,1712,3,GARNIER Nước Tẩy Trang Micellar Cleansing Water 50ml - Xanh da hỗn hợp,https://p16-oec-sg.ibyteimg.com/tos-alisg-i-aphluv4xwc-sg/d12b51647cb5440990d86a205aad8766~tplv-aphluv4xwc-origin-jpeg.jpeg?dr=15568&t=555f072d&ps=933b5bde&shp=54477afb&shcp=3c3d9ffb&idc=my&from=1413970683,COSMEE HA NOI,01/10/2026 20:36,,--
586356181369783939,,Đang giao hàng,TikTok,TTVIEPRIME-HANOI,--,--,2026,1,LRP Sữa Rửa Mặt Effaclar Purifying Foaming Gel - 50ml,https://p16-oec-sg.ibyteimg.com/tos-alisg-i-aphluv4xwc-sg/e4dc23ba7aa04ac68154f7d70954e8c5~tplv-aphluv4xwc-origin-jpeg.jpeg?dr=15568&t=555f072d&ps=933b5bde&shp=54477afb&shcp=3c3d9ffb&idc=my&from=1413970683,VIE GROUP HCM,01/10/2026 20:36,,--
586356228338124461,,Đang giao hàng,TikTok,TTEPRIME-MALL-HCM,--,--,2026,1,LRP Sữa Rửa Mặt Effaclar Purifying Foaming Gel - 50ml,https://p16-oec-sg.ibyteimg.com/tos-alisg-i-aphluv4xwc-sg/e34ab459d15b4717b53d8bd8fe469991~tplv-aphluv4xwc-origin-jpeg.jpeg?dr=15568&t=555f072d&ps=933b5bde&shp=54477afb&shcp=3c3d9ffb&idc=my&from=1413970683,VIE GROUP HCM,01/10/2026 20:34,,--
261001GA7CFDA8,,Đang giao hàng,Shopee,SHEP - HCM,--,--,1035,5,ACNE AID SOAP BAR OIL CONTROL XÀ PHÒNG - ĐỎ,https://cf.shopee.vn/file/vn-11134207-7ras8-m4o4l3ysh46o1c_tn,VIE GROUP HCM,01/10/2026 20:32,,--
261001GA7CFDA8,,Đang giao hàng,Shopee,SHEP - HCM,--,--,QT40,1,MEDIANSWER Tinh chất hỗ trợ sáng da Vita Collagen Logic Ampoule - 2 ml,https://cf.shopee.vn/file/vn-11134207-81ztc-mtqcnbkc7coya1_tn,VIE GROUP HCM,01/10/2026 20:32,,--
261001GA3GJQUJ,,Đang giao hàng,Shopee,SHEPRIME2-MALL - HCM,--,--,2026,1,LRP Sữa Rửa Mặt Effaclar Purifying Foaming Gel - 50ml,https://cf.shopee.vn/file/vn-11134207-81ztc-ms4g1nr09wck4c_tn,VIE GROUP HCM,01/10/2026 20:30,,--
261001GA2BBQT1,,Đang giao hàng,Shopee,SHVIECosme HCM,--,--,1472,2,COMPLIMENT Sữa rửa mặt No Problem 200ml - Hồng,https://cf.shopee.vn/file/vn-11134207-81ztc-mr8kkbibchs2de_tn,VIE GROUP HCM,01/10/2026 20:29,,--
586356055295820815,Đơn hàng trùng lặp,Đang giao hàng,TikTok,TTEPRIME-MALL-HCM,--,--,2026,1,LRP Sữa Rửa Mặt Effaclar Purifying Foaming Gel - 50ml,https://p16-oec-sg.ibyteimg.com/tos-alisg-i-aphluv4xwc-sg/e34ab459d15b4717b53d8bd8fe469991~tplv-aphluv4xwc-origin-jpeg.jpeg?dr=15568&t=555f072d&ps=933b5bde&shp=54477afb&shcp=3c3d9ffb&idc=my2&from=1413970683,VIE GROUP HCM,01/10/2026 20:28,,--
586355995633747137,,Đang giao hàng,TikTok,TTEPRIME-MALL-HCM,--,--,2026,1,LRP Sữa Rửa Mặt Effaclar Purifying Foaming Gel - 50ml,https://p16-oec-sg.ibyteimg.com/tos-alisg-i-aphluv4xwc-sg/e34ab459d15b4717b53d8bd8fe469991~tplv-aphluv4xwc-origin-jpeg.jpeg?dr=15568&t=555f072d&ps=933b5bde&shp=54477afb&shcp=3c3d9ffb&idc=my2&from=1413970683,VIE GROUP HCM,01/10/2026 20:27,,--
586356070661981448,,Đang giao hàng,TikTok,TTEPRIME-MALL-HCM,--,--,2026,1,LRP Sữa Rửa Mặt Effaclar Purifying Foaming Gel - 50ml,https://p16-oec-sg.ibyteimg.com/tos-alisg-i-aphluv4xwc-sg/e34ab459d15b4717b53d8bd8fe469991~tplv-aphluv4xwc-origin-jpeg.jpeg?dr=15568&t=555f072d&ps=933b5bde&shp=54477afb&shcp=3c3d9ffb&idc=my3&from=1413970683,VIE GROUP HCM,01/10/2026 20:26,,--
586355965915596061,,Đã hủy,TikTok,TTASCosme - HANOI,--,--,1316,1,CARSLAN PHẤN PHỦ  BLACK  MAGNET SOFT FOCUS  MAKE-UP POWDER 01  PHẤN PHỦ 1G,https://p16-oec-sg.ibyteimg.com/tos-alisg-i-aphluv4xwc-sg/d2cb1f22cafd4b1ba10efa9968230ba9~tplv-aphluv4xwc-origin-jpeg.jpeg?dr=15568&t=555f072d&ps=933b5bde&shp=54477afb&shcp=3c3d9ffb&idc=my&from=1413970683,COSMEE HA NOI,01/10/2026 20:24,,Chờ xử lý
586355975985989004,,Đang giao hàng,TikTok,TTEPRIME-MALL-HCM,--,--,2026,1,LRP Sữa Rửa Mặt Effaclar Purifying Foaming Gel - 50ml,https://p16-oec-sg.ibyteimg.com/tos-alisg-i-aphluv4xwc-sg/e34ab459d15b4717b53d8bd8fe469991~tplv-aphluv4xwc-origin-jpeg.jpeg?dr=15568&t=555f072d&ps=933b5bde&shp=54477afb&shcp=3c3d9ffb&idc=my2&from=1413970683,VIE GROUP HCM,01/10/2026 20:25,,--
586355941578408975,,Đã hủy,TikTok,TTVIEPRIME-HANOI,--,--,2026,1,LRP Sữa Rửa Mặt Effaclar Purifying Foaming Gel - 50ml,https://p16-oec-sg.ibyteimg.com/tos-alisg-i-aphluv4xwc-sg/e4dc23ba7aa04ac68154f7d70954e8c5~tplv-aphluv4xwc-origin-jpeg.jpeg?dr=15568&t=555f072d&ps=933b5bde&shp=54477afb&shcp=3c3d9ffb&idc=my&from=1413970683,COSMEE HA NOI,01/10/2026 20:21,,Chờ xử lý
586355870964352724,,Đang giao hàng,TikTok,TTVIEPRIME-HANOI,--,--,2024,1,LRP Sữa Rửa Mặt Effaclar Purifying Foaming Gel - 15ml,https://p16-oec-sg.ibyteimg.com/tos-alisg-i-aphluv4xwc-sg/db88b950e6274f3cb02fd159d93a3fdd~tplv-aphluv4xwc-origin-jpeg.jpeg?dr=15568&t=555f072d&ps=933b5bde&shp=54477afb&shcp=3c3d9ffb&idc=my&from=1413970683,COSMEE HA NOI,01/10/2026 20:19,,--
261001G9GVFCD0,,Đã hủy,Shopee,SHVIECosme HCM,--,--,1472,1,COMPLIMENT Sữa rửa mặt No Problem 200ml - Hồng,https://cf.shopee.vn/file/vn-11134207-81ztc-mr8kkbibchs2de_tn,VIE GROUP HCM,01/10/2026 20:19,,Chờ xử lý
261001G9C4TS4B,,Đang giao hàng,Shopee,SHVIEPro-HANOI,--,--,2014,1,LRP SERUM B5 HYALU CONCENTRE - 10ml,https://cf.shopee.vn/file/vn-11134207-7ras8-mc78u5o4mydqfd_tn,COSMEE HA NOI,01/10/2026 20:17,,--
261001G9C4TS4B,,Đang giao hàng,Shopee,SHVIEPro-HANOI,--,--,QT01,1,Dr.Sera tây tế bào chết da đầu,https://cf.shopee.vn/file/vn-11134207-81ztc-mqyhiy5e3bpe1a_tn,COSMEE HA NOI,01/10/2026 20:17,,--
586355792957638401,,Đang giao hàng,TikTok,TTEPRIME-MALL-HCM,--,--,CB2026.3,1,COMBO 3 TUÝP LRP Sữa Rửa Mặt Effaclar Purifying Foaming Gel - 50ml,https://p16-oec-sg.ibyteimg.com/tos-alisg-i-aphluv4xwc-sg/4fdb1010396942c6bcbbb4ff16ba3159~tplv-aphluv4xwc-origin-jpeg.jpeg?dr=15568&t=555f072d&ps=933b5bde&shp=54477afb&shcp=3c3d9ffb&idc=my3&from=1413970683,VIE GROUP HCM,01/10/2026 20:16,,--
261001G9A15V18,,Đang giao hàng,Shopee,SHEP - HCM,--,--,2656,1,"MARVIS Nước Súc Miệng Collutorio Hương Bạc Hà Thơm Mát, Hỗ Trợ Làm Sạch Khoang Miệng Sensitive 400ml",https://cf.shopee.vn/file/vn-11134207-81ztc-mlrglp4v78xs0f_tn,VIE GROUP HCM,01/10/2026 20:15,,--
586355951848490623,,Đang giao hàng,TikTok,TTEPRIME-MALL-HCM,--,--,2026,1,LRP Sữa Rửa Mặt Effaclar Purifying Foaming Gel - 50ml,https://p16-oec-sg.ibyteimg.com/tos-alisg-i-aphluv4xwc-sg/e34ab459d15b4717b53d8bd8fe469991~tplv-aphluv4xwc-origin-jpeg.jpeg?dr=15568&t=555f072d&ps=933b5bde&shp=54477afb&shcp=3c3d9ffb&idc=my2&from=1413970683,VIE GROUP HCM,01/10/2026 20:15,,--
586355777841497493,,Đang giao hàng,TikTok,TTVIESGN-HCM,--,--,2360,1,SILCOT Bông tẩy trang Unicharm - 66 miếng Xanh lá,https://p16-oec-va.ibyteimg.com/tos-maliva-i-o3syd03w52-us/509f9e7a1ba34cd3b1ea75c04df0fa39~tplv-o3syd03w52-origin-jpeg.jpeg?dr=15568&t=555f072d&ps=933b5bde&shp=54477afb&shcp=3c3d9ffb&idc=my&from=1413970683,VIE GROUP HCM,01/10/2026 20:15,,--
261001G987VM6S,,Đang giao hàng,Shopee,SHEP - HCM,--,--,2100,1,MINISO Bông tẩy trang Nhật Bản 100% 180 Miếng,https://cf.shopee.vn/file/vn-11134207-81ztc-mtmgtix9883o2d_tn,VIE GROUP HCM,01/10/2026 20:14,,--
586355767872554715,,Đang giao hàng,TikTok,TTVIEPRIME-HANOI,--,--,2024,1,LRP Sữa Rửa Mặt Effaclar Purifying Foaming Gel - 15ml,https://p16-oec-sg.ibyteimg.com/tos-alisg-i-aphluv4xwc-sg/ffed6604b7e34e4cb07ce27267743d15~tplv-aphluv4xwc-origin-jpeg.jpeg?dr=15568&t=555f072d&ps=933b5bde&shp=54477afb&shcp=3c3d9ffb&idc=my&from=1413970683,COSMEE HA NOI,01/10/2026 20:12,,--
586355801700206391,,Đang giao hàng,TikTok,TTEPRIME-MALL-HCM,--,--,CB2026.3,1,COMBO 3 TUÝP LRP Sữa Rửa Mặt Effaclar Purifying Foaming Gel - 50ml,https://p16-oec-sg.ibyteimg.com/tos-alisg-i-aphluv4xwc-sg/4fdb1010396942c6bcbbb4ff16ba3159~tplv-aphluv4xwc-origin-jpeg.jpeg?dr=15568&t=555f072d&ps=933b5bde&shp=54477afb&shcp=3c3d9ffb&idc=my2&from=1413970683,VIE GROUP HCM,01/10/2026 20:10,,--
586355739778319779,,Đang giao hàng,TikTok,TTEPRIME-MALL-HCM,--,--,1350,1,CERAVE Sữa Rửa Mặt Foaming Cleanser - 30ml FRANCE,https://p16-oec-sg.ibyteimg.com/tos-alisg-i-aphluv4xwc-sg/50806a02e3104a3bb34e537bc386ab64~tplv-aphluv4xwc-origin-jpeg.jpeg?dr=15568&t=555f072d&ps=933b5bde&shp=54477afb&shcp=3c3d9ffb&idc=my&from=1413970683,VIE GROUP HCM,01/10/2026 20:09,,--
529445400504934,,Đang giao hàng,Lazada,LZDEPRIME-MALL - HCM,--,--,2026,1,LRP Sữa Rửa Mặt Effaclar Purifying Foaming Gel - 50ml,https://vn-live.slatic.net/p/b17c43ce7a2b8f641b2da2023b2e6b7c.jpg,VIE GROUP HCM,01/10/2026 20:08,,--
261001G8SCXWKM,,Đã hoàn thành,Shopee,SHVIEPro-HANOI,--,--,CB2541.1-2693.1,1,[COMBO] Son Dưỡng Môi Vaseline Lip Therapy 20g + Cọ Tán Son Môi Silicon - HỒNG ROSY LIPS,https://cf.shopee.vn/file/vn-11134207-820l4-mhwvl8yo0kjm57_tn,COSMEE HA NOI,01/10/2026 20:06,03/10/2026 14:57,--
261001G8PFHMGE,,Đang giao hàng,Shopee,SHEP - HCM,--,--,1922,1,LA SOIRÉE Bông Tẩy Trang 100% Cotton Siêu Mềm Siêu Mịn - 225 Miếng Tròn,https://cf.shopee.vn/file/vn-11134207-7r98o-lzce2ic901n118_tn,VIE GROUP HCM,01/10/2026 20:05,04/10/2026 12:54,--
586355606984820053,,Đang giao hàng,TikTok,TTEPRIME-MALL-HCM,--,--,2026,1,LRP Sữa Rửa Mặt Effaclar Purifying Foaming Gel - 50ml,https://p16-oec-sg.ibyteimg.com/tos-alisg-i-aphluv4xwc-sg/e34ab459d15b4717b53d8bd8fe469991~tplv-aphluv4xwc-origin-jpeg.jpeg?dr=15568&t=555f072d&ps=933b5bde&shp=54477afb&shcp=3c3d9ffb&idc=my&from=1413970683,VIE GROUP HCM,01/10/2026 20:03,,--
261001G8CPR2W4,,Đã hủy,Shopee,SHEP - HCM,--,--,2585,1,VICHY Dầu Gội Dercos Energy+ Aminexil Niacinamide Stimulating Shampoo Hairloss 200Ml (Đỏ),https://cf.shopee.vn/file/vn-11134207-7ras8-m0ijrowf15nx2a_tn,VIE GROUP HCM,01/10/2026 19:59,,Chờ xử lý
261001G8CPR2W4,,Đã hủy,Shopee,SHEP - HCM,--,--,QT40,1,MEDIANSWER Tinh chất hỗ trợ sáng da Vita Collagen Logic Ampoule - 2 ml,https://cf.shopee.vn/file/vn-11134207-81ztc-mtqcnbkc7coya1_tn,VIE GROUP HCM,01/10/2026 19:59,,Chờ xử lý
261001G8CHXPR1,,Đang giao hàng,Shopee,SHVIECosme HCM,--,--,1472,1,COMPLIMENT Sữa rửa mặt No Problem 200ml - Hồng,https://cf.shopee.vn/file/vn-11134207-81ztc-mr8kkbibchs2de_tn,VIE GROUP HCM,01/10/2026 19:59,,--
586355582961681518,,Đang giao hàng,TikTok,TTEPRIME-MALL-HCM,--,--,2026,1,LRP Sữa Rửa Mặt Effaclar Purifying Foaming Gel - 50ml,https://p19-oec-sg.ibyteimg.com/tos-alisg-i-aphluv4xwc-sg/e34ab459d15b4717b53d8bd8fe469991~tplv-aphluv4xwc-origin-jpeg.jpeg?dr=15568&t=555f072d&ps=933b5bde&shp=54477afb&shcp=3c3d9ffb&idc=my&from=1413970683,VIE GROUP HCM,01/10/2026 19:59,,--
586355496480900952,,Đang giao hàng,TikTok,TTEPRIME-MALL-HCM,--,--,1350,1,CERAVE Sữa Rửa Mặt Foaming Cleanser - 30ml FRANCE,https://p16-oec-sg.ibyteimg.com/tos-alisg-i-aphluv4xwc-sg/b203882fafcc4a5dbc6ce5bef84bd40b~tplv-aphluv4xwc-origin-jpeg.jpeg?dr=15568&t=555f072d&ps=933b5bde&shp=54477afb&shcp=3c3d9ffb&idc=my&from=1413970683,VIE GROUP HCM,01/10/2026 19:57,,--
586355512679499180,,Đang giao hàng,TikTok,TTEPRIME-MALL-HCM,--,--,2026,1,LRP Sữa Rửa Mặt Effaclar Purifying Foaming Gel - 50ml,https://p16-oec-sg.ibyteimg.com/tos-alisg-i-aphluv4xwc-sg/e34ab459d15b4717b53d8bd8fe469991~tplv-aphluv4xwc-origin-jpeg.jpeg?dr=15568&t=555f072d&ps=933b5bde&shp=54477afb&shcp=3c3d9ffb&idc=my&from=1413970683,VIE GROUP HCM,01/10/2026 19:56,,--
261001G7TG061A,,Trả hàng & Hoàn tiền,Shopee,SHEP - HCM,--,--,2492,1,TOPICREM Kem dưỡng ẩm AC CONTROL Mattifying Care 40ml,https://cf.shopee.vn/file/vn-11134207-7r98o-lxw3pofhgst5c5_tn,VIE GROUP HCM,01/10/2026 19:49,,--
261001G7TG061A,,Trả hàng & Hoàn tiền,Shopee,SHEP - HCM,--,--,QT40,1,MEDIANSWER Tinh chất hỗ trợ sáng da Vita Collagen Logic Ampoule - 2 ml,https://cf.shopee.vn/file/vn-11134207-81ztc-mtqcnbkc7coya1_tn,VIE GROUP HCM,01/10/2026 19:49,,--
261001G7SCRU03,,Đang giao hàng,Shopee,SHVIECosme HCM,--,--,1472,2,COMPLIMENT Sữa rửa mặt No Problem 200ml - Hồng,https://cf.shopee.vn/file/vn-11134207-81ztc-mr8kkbibchs2de_tn,VIE GROUP HCM,01/10/2026 19:48,,--
586355347455509814,,Đang giao hàng,TikTok,TTEPRIME-MALL-HCM,--,--,2026,1,LRP Sữa Rửa Mặt Effaclar Purifying Foaming Gel - 50ml,https://p16-oec-sg.ibyteimg.com/tos-alisg-i-aphluv4xwc-sg/e34ab459d15b4717b53d8bd8fe469991~tplv-aphluv4xwc-origin-jpeg.jpeg?dr=15568&t=555f072d&ps=933b5bde&shp=54477afb&shcp=3c3d9ffb&idc=my2&from=1413970683,VIE GROUP HCM,01/10/2026 19:48,,--
261001G7S9UWA7,,Đang giao hàng,Shopee,SHEP - HCM,--,--,1508,1,CORINE DE FARME Kids Shower Gel Tắm Gội 2 in 1 Pear Làm Sạch Dịu Nhẹ Làn Da Nhạy Cảm 300ml,https://cf.shopee.vn/file/vn-11134207-81ztc-mk9bsw27iqyt89_tn,VIE GROUP HCM,01/10/2026 19:48,,--
586355483127219839,,Đã hủy,TikTok,TTEPRIME-MALL-HCM,--,--,CB2026.3,1,COMBO 3 TUÝP LRP Sữa Rửa Mặt Effaclar Purifying Foaming Gel - 50ml,https://p16-oec-sg.ibyteimg.com/tos-alisg-i-aphluv4xwc-sg/4fdb1010396942c6bcbbb4ff16ba3159~tplv-aphluv4xwc-origin-jpeg.jpeg?dr=15568&t=555f072d&ps=933b5bde&shp=54477afb&shcp=3c3d9ffb&idc=my2&from=1413970683,VIE GROUP HCM,01/10/2026 19:47,,Chờ xử lý
586355315179750630,,Đang giao hàng,TikTok,TTVIESGN-HCM,--,--,1350,1,CERAVE Sữa Rửa Mặt Foaming Cleanser - 30ml FRANCE,https://p16-oec-va.ibyteimg.com/tos-maliva-i-o3syd03w52-us/e3e9667ce3494a6c8150fb489cb2491d~tplv-o3syd03w52-origin-jpeg.jpeg?dr=15568&t=555f072d&ps=933b5bde&shp=54477afb&shcp=3c3d9ffb&idc=my&from=1413970683,VIE GROUP HCM,01/10/2026 19:46,,--
261001G7JQ31J3,,Đang giao hàng,Shopee,SHEP - HCM,--,--,,2,BAKING SODA Bột Pure Baking Soda Arm & Hammer - 454g,https://cf.shopee.vn/file/vn-11134207-81ztc-msvjjda1itqi4c_tn,VIE GROUP HCM,01/10/2026 19:45,,--
586355242021782726,,Đã hủy,TikTok,TTVIESGN-HCM,--,--,1350,1,CERAVE Sữa Rửa Mặt Foaming Cleanser - 30ml FRANCE,https://p16-oec-sg.ibyteimg.com/tos-alisg-i-aphluv4xwc-sg/cc9742efae154cb89c3e62363dff00b1~tplv-aphluv4xwc-origin-jpeg.jpeg?dr=15568&t=555f072d&ps=933b5bde&shp=54477afb&shcp=3c3d9ffb&idc=my&from=1413970683,VIE GROUP HCM,01/10/2026 19:44,,Chờ xử lý
586355392452330523,,Đang giao hàng,TikTok,TTEPRIME-MALL-HCM,--,--,1858,1,JOHNSON'S Sữa tắm gội Baby Top-To-Toe Hair & Body (Vàng) - 200ml,https://p16-oec-va.ibyteimg.com/tos-maliva-i-o3syd03w52-us/af675c5456b54968bf597c798db19654~tplv-o3syd03w52-origin-jpeg.jpeg?dr=15568&t=555f072d&ps=933b5bde&shp=54477afb&shcp=3c3d9ffb&idc=my2&from=1413970683,VIE GROUP HCM,01/10/2026 19:43,,--
261001G7D0Y3M9,,Nền tảng đang xử lý,Shopee,SHVIECosme HCM,--,--,1472,1,COMPLIMENT Sữa rửa mặt No Problem 200ml - Hồng,https://cf.shopee.vn/file/vn-11134207-81ztc-mr8kkbibchs2de_tn,VIE GROUP HCM,01/10/2026 19:41,,--
586355139905095530,,Đang giao hàng,TikTok,TTEPRIME-MALL-HCM,--,--,2026,1,LRP Sữa Rửa Mặt Effaclar Purifying Foaming Gel - 50ml,https://p16-oec-sg.ibyteimg.com/tos-alisg-i-aphluv4xwc-sg/e34ab459d15b4717b53d8bd8fe469991~tplv-aphluv4xwc-origin-jpeg.jpeg?dr=15568&t=555f072d&ps=933b5bde&shp=54477afb&shcp=3c3d9ffb&idc=my2&from=1413970683,VIE GROUP HCM,01/10/2026 19:36,,--
261001G6YX9N0F,,Đã hoàn thành,Shopee,SHEPRIME2-MALL - HCM,--,--,1858,1,JOHNSON'S Sữa tắm gội Baby Top-To-Toe Hair & Body (Vàng) - 200ml,https://cf.shopee.vn/file/sg-11134201-8259u-msk1gk4caryic0_tn,VIE GROUP HCM,01/10/2026 19:34,04/10/2026 16:41,--
261001G6T1G0C3,,Đã hủy,Shopee,SHEPRIME2-MALL - HCM,--,--,1858,1,JOHNSON'S Sữa tắm gội Baby Top-To-Toe Hair & Body (Vàng) - 200ml,https://cf.shopee.vn/file/sg-11134201-8259u-msk1gk4caryic0_tn,VIE GROUP HCM,01/10/2026 19:31,,Chờ xử lý
586355053677413502,,Đang giao hàng,TikTok,TTASCosme - HANOI,--,--,2782,1,CARSLAN PHẤN PHỦ  BLACK  MAGNET SOFT FOCUS  MAKE-UP POWDER 05 Blue  Purple PHẤN PHỦ 1G,https://p16-oec-sg.ibyteimg.com/tos-alisg-i-aphluv4xwc-sg/b8382b5e7b254538ac23c8db9fd85ffb~tplv-aphluv4xwc-origin-jpeg.jpeg?dr=15568&t=555f072d&ps=933b5bde&shp=54477afb&shcp=3c3d9ffb&idc=my&from=1413970683,COSMEE HA NOI,01/10/2026 19:27,,--
261001G6HPFM1Q,,Đang giao hàng,Shopee,SHVIECosme HCM,--,--,1472,1,COMPLIMENT Sữa rửa mặt No Problem 200ml - Hồng,https://cf.shopee.vn/file/vn-11134207-81ztc-mr8kkbibchs2de_tn,VIE GROUP HCM,01/10/2026 19:26,,--
586354922939123590,,Đang giao hàng,TikTok,TTEPRIME-MALL-HCM,--,--,2026,1,LRP Sữa Rửa Mặt Effaclar Purifying Foaming Gel - 50ml,https://p16-oec-sg.ibyteimg.com/tos-alisg-i-aphluv4xwc-sg/e34ab459d15b4717b53d8bd8fe469991~tplv-aphluv4xwc-origin-jpeg.jpeg?dr=15568&t=555f072d&ps=933b5bde&shp=54477afb&shcp=3c3d9ffb&idc=my3&from=1413970683,VIE GROUP HCM,01/10/2026 19:23,,--
586354940395029600,,Đang giao hàng,TikTok,TTASCosme - HANOI,--,--,1316,1,CARSLAN PHẤN PHỦ  BLACK  MAGNET SOFT FOCUS  MAKE-UP POWDER 01  PHẤN PHỦ 1G,https://p16-oec-sg.ibyteimg.com/tos-alisg-i-aphluv4xwc-sg/d2cb1f22cafd4b1ba10efa9968230ba9~tplv-aphluv4xwc-origin-jpeg.jpeg?dr=15568&t=555f072d&ps=933b5bde&shp=54477afb&shcp=3c3d9ffb&idc=my&from=1413970683,COSMEE HA NOI,01/10/2026 19:22,,--
586354902532523083,,Đang giao hàng,TikTok,TTEPRIME-MALL-HCM,--,--,2026,2,LRP Sữa Rửa Mặt Effaclar Purifying Foaming Gel - 50ml,https://p16-oec-sg.ibyteimg.com/tos-alisg-i-aphluv4xwc-sg/e34ab459d15b4717b53d8bd8fe469991~tplv-aphluv4xwc-origin-jpeg.jpeg?dr=15568&t=555f072d&ps=933b5bde&shp=54477afb&shcp=3c3d9ffb&idc=my2&from=1413970683,VIE GROUP HCM,01/10/2026 19:22,,--
261001G65068B9,,Đã hủy,Shopee,SHEP - HCM,--,--,2361,1,SILCOT Bông tẩy trang Unicharm - 82 miếng Xanh dương,https://cf.shopee.vn/file/vn-11134207-7ras8-mcke8s4l7qqq55_tn,VIE GROUP HCM,01/10/2026 19:19,,Đang giao hàng
586354871601825347,,Đang giao hàng,TikTok,TTEPRIME-MALL-HCM,--,--,2701,1,CERAVE Sữa Rửa Mặt Foaming Cleanser - 88ml FRANCE,https://p16-oec-sg.ibyteimg.com/tos-alisg-i-aphluv4xwc-sg/67393cfc07dd4d1e9e59896cc1c6f7d1~tplv-aphluv4xwc-origin-jpeg.jpeg?dr=15568&t=555f072d&ps=933b5bde&shp=54477afb&shcp=3c3d9ffb&idc=my2&from=1413970683,VIE GROUP HCM,01/10/2026 19:19,,--
586354854747735609,,Đang giao hàng,TikTok,TTEPRIME-MALL-HCM,--,--,2026,1,LRP Sữa Rửa Mặt Effaclar Purifying Foaming Gel - 50ml,https://p16-oec-sg.ibyteimg.com/tos-alisg-i-aphluv4xwc-sg/e34ab459d15b4717b53d8bd8fe469991~tplv-aphluv4xwc-origin-jpeg.jpeg?dr=15568&t=555f072d&ps=933b5bde&shp=54477afb&shcp=3c3d9ffb&idc=my2&from=1413970683,VIE GROUP HCM,01/10/2026 19:17,,--
261001G5XM3T95,,Đang giao hàng,Shopee,SHVIECosme HCM,--,--,1472,2,COMPLIMENT Sữa rửa mặt No Problem 200ml - Hồng,https://cf.shopee.vn/file/vn-11134207-81ztc-mr8kkbibchs2de_tn,VIE GROUP HCM,01/10/2026 19:15,,--
261001G5VBK301,,Đã hủy,Shopee,SHVIECosme HCM,--,--,1472,2,COMPLIMENT Sữa rửa mặt No Problem 200ml - Hồng,https://cf.shopee.vn/file/vn-11134207-81ztc-mr8kkbibchs2de_tn,VIE GROUP HCM,01/10/2026 19:14,,Đang giao hàng
586354758594299004,,Đang giao hàng,TikTok,TTASCosme - HANOI,--,--,,1,VICHY Dầu gội Dercos Technique Anti-Dandruff Ds Advanced To Oily Hair - 50ml (Xanh da dầu),https://p16-oec-sg.ibyteimg.com/tos-alisg-i-aphluv4xwc-sg/c866730931f7405592c5aea67c3d40b0~tplv-aphluv4xwc-origin-jpeg.jpeg?dr=15568&t=555f072d&ps=933b5bde&shp=54477afb&shcp=3c3d9ffb&idc=my2&from=1413970683,COSMEE HA NOI,01/10/2026 19:11,,--
586354738068620982,,Đã hủy,TikTok,TTASCosme - HANOI,--,--,1978,1,LOREAL Nước tẩy trang 3-in-1 Micellar Water 400ml - Xanh nhạt,https://p16-oec-sg.ibyteimg.com/tos-alisg-i-aphluv4xwc-sg/9582cc16fd09463b865f542b2536a1ab~tplv-aphluv4xwc-origin-jpeg.jpeg?dr=15568&t=555f072d&ps=933b5bde&shp=54477afb&shcp=3c3d9ffb&idc=my&from=1413970683,COSMEE HA NOI,01/10/2026 19:08,,--
261001G5HN8UVA,,Đang giao hàng,Shopee,SHVIECosme HCM,--,--,1472,1,COMPLIMENT Sữa rửa mặt No Problem 200ml - Hồng,https://cf.shopee.vn/file/vn-11134207-81ztc-mr8kkbibchs2de_tn,VIE GROUP HCM,01/10/2026 19:08,04/10/2026 21:49,--
261001G5H17V2R,,Đã hủy,Shopee,SHVIEPro-HANOI,--,--,2014,1,LRP SERUM B5 HYALU CONCENTRE - 10ml,https://cf.shopee.vn/file/vn-11134207-81ztc-ms2i5tzwg1l0bd_tn,COSMEE HA NOI,01/10/2026 19:08,,Chờ xử lý
261001G5H17V2R,,Đã hủy,Shopee,SHVIEPro-HANOI,--,--,QT01,1,Dr.Sera tây tế bào chết da đầu,https://cf.shopee.vn/file/vn-11134207-81ztc-mqyhiy5e3bpe1a_tn,COSMEE HA NOI,01/10/2026 19:08,,Chờ xử lý
261001G5BY3J1G,,Đã hủy,Shopee,SHVIECosme HCM,--,--,1472,1,COMPLIMENT Sữa rửa mặt No Problem 200ml - Hồng,https://cf.shopee.vn/file/vn-11134207-81ztc-mr8kkbibchs2de_tn,VIE GROUP HCM,01/10/2026 19:05,,Đang giao hàng
261001AASI5DGMBBN6E,,Nền tảng đang xử lý,Shopee,SHEP - HCM,--,--,2361,1,SILCOT Bông tẩy trang Unicharm - 82 miếng Xanh dương,https://cf.shopee.vn/file/vn-11134207-7ras8-mcke8s4l7qqq55_tn,VIE GROUP HCM,01/10/2026 19:02,,--
261001AASEI43F4MKSY,,Nền tảng đang xử lý,Shopee,SHVIECosme HCM,--,--,1472,1,COMPLIMENT Sữa rửa mặt No Problem 200ml - Hồng,https://cf.shopee.vn/file/vn-11134207-81ztc-mr8kkbibchs2de_tn,VIE GROUP HCM,01/10/2026 19:02,,--
586354631379027325,,Đang giao hàng,TikTok,TTEPRIME-MALL-HCM,--,--,2026,1,LRP Sữa Rửa Mặt Effaclar Purifying Foaming Gel - 50ml,https://p16-oec-sg.ibyteimg.com/tos-alisg-i-aphluv4xwc-sg/e34ab459d15b4717b53d8bd8fe469991~tplv-aphluv4xwc-origin-jpeg.jpeg?dr=15568&t=555f072d&ps=933b5bde&shp=54477afb&shcp=3c3d9ffb&idc=my2&from=1413970683,VIE GROUP HCM,01/10/2026 19:02,,--
261001AASFUZ3XVB564,,Nền tảng đang xử lý,Shopee,SHEP - HCM,--,--,2361,1,SILCOT Bông tẩy trang Unicharm - 82 miếng Xanh dương,https://cf.shopee.vn/file/vn-11134207-7ras8-mcke8s4l7qqq55_tn,VIE GROUP HCM,01/10/2026 19:02,,--
261001AASF7VRMXV53A,,Nền tảng đang xử lý,Shopee,SHVIECosme HCM,--,--,1472,1,COMPLIMENT Sữa rửa mặt No Problem 200ml - Hồng,https://cf.shopee.vn/file/vn-11134207-81ztc-mr8kkbibchs2de_tn,VIE GROUP HCM,01/10/2026 19:02,,--
261001AASESTH4C2COY,,Nền tảng đang xử lý,Shopee,SHVIECosme HCM,--,--,1127,1,Aspasia - Xịt Khoáng Aspasia Moist Up Face Mist Aloe Làm Dịu Mát Bổ Sung Độ Ẩm Cho Làn Da Rạng Rỡ 150ml,https://cf.shopee.vn/file/vn-11134207-81ztc-mpsziotao3ya56_tn,VIE GROUP HCM,01/10/2026 19:02,,--
261001AASFUD34PZG4E,,Nền tảng đang xử lý,Shopee,SHVIECosme HCM,--,--,1472,1,COMPLIMENT Sữa rửa mặt No Problem 200ml - Hồng,https://cf.shopee.vn/file/vn-11134207-81ztc-mr8kkbibchs2de_tn,VIE GROUP HCM,01/10/2026 19:02,,--
586354617622497029,,Đang giao hàng,TikTok,TTVIEPRIME-HANOI,--,--,2541,1,VASELINE Dưỡng môi Lip Therapy UK 20g [XT] - ROSE,https://p16-oec-sg.ibyteimg.com/tos-alisg-i-aphluv4xwc-sg/a8a3baa4361e4897808b888b54e507a9~tplv-aphluv4xwc-origin-jpeg.jpeg?dr=15568&t=555f072d&ps=933b5bde&shp=54477afb&shcp=3c3d9ffb&idc=my&from=1413970683,COSMEE HA NOI,01/10/2026 19:02,,--
261001AASFZY6UA3YIM,,Nền tảng đang xử lý,Shopee,SHEP - HCM,--,--,2361,1,SILCOT Bông tẩy trang Unicharm - 82 miếng Xanh dương,https://cf.shopee.vn/file/vn-11134207-7ras8-mcke8s4l7qqq55_tn,VIE GROUP HCM,01/10/2026 19:01,,--
261001AASJHMCJ24PGI,,Nền tảng đang xử lý,Shopee,SHVIECosme HCM,--,--,1127,1,Aspasia - Xịt Khoáng Aspasia Moist Up Face Mist Aloe Làm Dịu Mát Bổ Sung Độ Ẩm Cho Làn Da Rạng Rỡ 150ml,https://cf.shopee.vn/file/vn-11134207-81ztc-mpsziotao3ya56_tn,VIE GROUP HCM,01/10/2026 19:01,,--
261001AASFYM5ROJDOQ,,Nền tảng đang xử lý,Shopee,SHVIECosme HCM,--,--,1127,1,Aspasia - Xịt Khoáng Aspasia Moist Up Face Mist Aloe Làm Dịu Mát Bổ Sung Độ Ẩm Cho Làn Da Rạng Rỡ 150ml,https://cf.shopee.vn/file/vn-11134207-81ztc-mpsziotao3ya56_tn,VIE GROUP HCM,01/10/2026 19:01,,--
261004NM1BRMQF,,Nền tảng đang xử lý,Shopee,SHVIECosme HCM,--,--,1472,1,COMPLIMENT Sữa rửa mặt No Problem 200ml - Hồng,https://cf.shopee.vn/file/vn-11134207-81ztc-mr8kkbibchs2de_tn,VIE GROUP HCM,01/10/2026 19:01,,--
261001AASFACDRY7QBM,,Nền tảng đang xử lý,Shopee,SHEP - HCM,--,--,2361,1,SILCOT Bông tẩy trang Unicharm - 82 miếng Xanh dương,https://cf.shopee.vn/file/vn-11134207-7ras8-mcke8s4l7qqq55_tn,VIE GROUP HCM,01/10/2026 19:01,,--
586354559805523079,,Đang giao hàng,TikTok,TTEPRIME-MALL-HCM,--,--,2026,1,LRP Sữa Rửa Mặt Effaclar Purifying Foaming Gel - 50ml,https://p16-oec-sg.ibyteimg.com/tos-alisg-i-aphluv4xwc-sg/e34ab459d15b4717b53d8bd8fe469991~tplv-aphluv4xwc-origin-jpeg.jpeg?dr=15568&t=555f072d&ps=933b5bde&shp=54477afb&shcp=3c3d9ffb&idc=my3&from=1413970683,VIE GROUP HCM,01/10/2026 19:01,,--
261001AASEKYYPYCATI,,Nền tảng đang xử lý,Shopee,SHEP - HCM,--,--,2361,1,SILCOT Bông tẩy trang Unicharm - 82 miếng Xanh dương,https://cf.shopee.vn/file/vn-11134207-7ras8-mcke8s4l7qqq55_tn,VIE GROUP HCM,01/10/2026 19:00,,--
261001AASG62E3GXJGE,,Nền tảng đang xử lý,Shopee,SHEP - HCM,--,--,CB2361.2,1,"SILCOT Bông tẩy trang Unicharm - 82 miếng Xanh dương, COMBO 2 HỘP",https://cf.shopee.vn/file/vn-11134207-7ras8-mcke8u9q2v4yd7_tn,VIE GROUP HCM,01/10/2026 19:00,,--
261001AASJB36AERBWY,,Nền tảng đang xử lý,Shopee,SHVIECosme HCM,--,--,1127,1,Aspasia - Xịt Khoáng Aspasia Moist Up Face Mist Aloe Làm Dịu Mát Bổ Sung Độ Ẩm Cho Làn Da Rạng Rỡ 150ml,https://cf.shopee.vn/file/vn-11134207-81ztc-mpsziotao3ya56_tn,VIE GROUP HCM,01/10/2026 19:00,,--
586354629604312435,,Đang giao hàng,TikTok,TTEPRIME-MALL-HCM,--,--,2026,1,LRP Sữa Rửa Mặt Effaclar Purifying Foaming Gel - 50ml,https://p16-oec-sg.ibyteimg.com/tos-alisg-i-aphluv4xwc-sg/e34ab459d15b4717b53d8bd8fe469991~tplv-aphluv4xwc-origin-jpeg.jpeg?dr=15568&t=555f072d&ps=933b5bde&shp=54477afb&shcp=3c3d9ffb&idc=my&from=1413970683,VIE GROUP HCM,01/10/2026 18:58,,--
586354551219979269,,Đang giao hàng,TikTok,TTVIESGN-HCM,--,--,CB2026.3,1,COMBO 3 TUÝP LRP Sữa Rửa Mặt Effaclar Purifying Foaming Gel - 50ml,https://p16-oec-va.ibyteimg.com/tos-maliva-i-o3syd03w52-us/e5a2cc16ea2a4127b9e3e75cc1ef1a41~tplv-o3syd03w52-origin-jpeg.jpeg?dr=15568&t=555f072d&ps=933b5bde&shp=54477afb&shcp=3c3d9ffb&idc=my&from=1413970683,VIE GROUP HCM,01/10/2026 18:57,,--
586354547189581037,,Đang giao hàng,TikTok,TTEPRIME-MALL-HCM,--,--,1350,2,CERAVE Sữa Rửa Mặt Foaming Cleanser - 30ml FRANCE,https://p16-oec-sg.ibyteimg.com/tos-alisg-i-aphluv4xwc-sg/b203882fafcc4a5dbc6ce5bef84bd40b~tplv-aphluv4xwc-origin-jpeg.jpeg?dr=15568&t=555f072d&ps=933b5bde&shp=54477afb&shcp=3c3d9ffb&idc=my2&from=1413970683,VIE GROUP HCM,01/10/2026 18:55,,--
586354377064154982,,Đang giao hàng,TikTok,TTVIESGN-HCM,--,--,2443,1,SVR Sữa Rửa Mặt SEBIACLEAR Gel Moussant - 55ml,https://p16-oec-va.ibyteimg.com/tos-maliva-i-o3syd03w52-us/d0e44975d4ed44129d9e6528ec6252f5~tplv-o3syd03w52-origin-jpeg.jpeg?dr=15568&t=555f072d&ps=933b5bde&shp=54477afb&shcp=3c3d9ffb&idc=my2&from=1413970683,VIE GROUP HCM,01/10/2026 18:52,,--
586354423502308507,,Đang giao hàng,TikTok,TTEPRIME-MALL-HCM,--,--,2026,1,LRP Sữa Rửa Mặt Effaclar Purifying Foaming Gel - 50ml,https://p16-oec-sg.ibyteimg.com/tos-alisg-i-aphluv4xwc-sg/e34ab459d15b4717b53d8bd8fe469991~tplv-aphluv4xwc-origin-jpeg.jpeg?dr=15568&t=555f072d&ps=933b5bde&shp=54477afb&shcp=3c3d9ffb&idc=my2&from=1413970683,VIE GROUP HCM,01/10/2026 18:51,,--
586354296162846488,,Đã hủy,TikTok,TTEPRIME-MALL-HCM,--,--,2026,1,LRP Sữa Rửa Mặt Effaclar Purifying Foaming Gel - 50ml,https://p16-oec-sg.ibyteimg.com/tos-alisg-i-aphluv4xwc-sg/e34ab459d15b4717b53d8bd8fe469991~tplv-aphluv4xwc-origin-jpeg.jpeg?dr=15568&t=555f072d&ps=933b5bde&shp=54477afb&shcp=3c3d9ffb&idc=my&from=1413970683,VIE GROUP HCM,01/10/2026 18:45,,--
261001G457AHBT,,Đã hoàn thành,Shopee,SHVIECosme HCM,--,--,1472,1,COMPLIMENT Sữa rửa mặt No Problem 200ml - Hồng,https://cf.shopee.vn/file/vn-11134207-81ztc-mr8kkbibchs2de_tn,VIE GROUP HCM,01/10/2026 18:43,04/10/2026 09:13,--
261001G4271867,,Đang giao hàng,Shopee,SHVIECosme HCM,--,--,1127,1,Aspasia - Xịt Khoáng Aspasia Moist Up Face Mist Aloe Làm Dịu Mát Bổ Sung Độ Ẩm Cho Làn Da Rạng Rỡ 150ml,https://cf.shopee.vn/file/vn-11134207-81ztc-mpsziotao3ya56_tn,VIE GROUP HCM,01/10/2026 18:42,03/10/2026 13:36,--
586354271597200536,,Đang giao hàng,TikTok,TTVIEPRIME-HANOI,--,--,1472,1,COMPLIMENT Sữa rửa mặt No Problem 200ml - Hồng,https://p16-oec-sg.ibyteimg.com/tos-alisg-i-aphluv4xwc-sg/7434e317868148ba93f99925b05bfb45~tplv-aphluv4xwc-origin-jpeg.jpeg?dr=15568&t=555f072d&ps=933b5bde&shp=54477afb&shcp=3c3d9ffb&idc=my3&from=1413970683,COSMEE HA NOI,01/10/2026 18:40,,--
586354245308942200,,Đang giao hàng,TikTok,TTEPRIME-MALL-HCM,--,--,1350,1,CERAVE Sữa Rửa Mặt Foaming Cleanser - 30ml FRANCE,https://p16-oec-sg.ibyteimg.com/tos-alisg-i-aphluv4xwc-sg/b203882fafcc4a5dbc6ce5bef84bd40b~tplv-aphluv4xwc-origin-jpeg.jpeg?dr=15568&t=555f072d&ps=933b5bde&shp=54477afb&shcp=3c3d9ffb&idc=my&from=1413970683,VIE GROUP HCM,01/10/2026 18:39,,--
586354228825720206,,Đang giao hàng,TikTok,TTEPRIME-MALL-HCM,--,--,2371,1,SIMPLE Sữa rửa mặt Purifying Gel Wash 150ml [Xanh dương],https://p16-oec-va.ibyteimg.com/tos-maliva-i-o3syd03w52-us/4f8407d8725d444b886471aeec810f4d~tplv-o3syd03w52-origin-jpeg.jpeg?dr=15568&t=555f072d&ps=933b5bde&shp=54477afb&shcp=3c3d9ffb&idc=my2&from=1413970683,VIE GROUP HCM,01/10/2026 18:39,,--
529439473218029,,Đang giao hàng,Lazada,LZDEPRIME-MALL - HCM,--,--,2012,1,LRP Kem Dưỡng Lipikar Baume AP+M - 75ml,https://vn-live.slatic.net/p/7c53a6a2372fb2c2e6843a837b8583fa.jpg,VIE GROUP HCM,01/10/2026 18:39,,--
586354197084603946,,Đang giao hàng,TikTok,TTASCosme - HANOI,--,--,2026,1,LRP Sữa Rửa Mặt Effaclar Purifying Foaming Gel - 50ml,https://p16-oec-sg.ibyteimg.com/tos-alisg-i-aphluv4xwc-sg/06bec7f4529a4a5fa5d0422d879eafd0~tplv-aphluv4xwc-origin-jpeg.jpeg?dr=15568&t=555f072d&ps=933b5bde&shp=54477afb&shcp=3c3d9ffb&idc=my&from=1413970683,COSMEE HA NOI,01/10/2026 18:37,,--
586354235833288070,,Đang giao hàng,TikTok,TTEPRIME-MALL-HCM,--,--,2026,1,LRP Sữa Rửa Mặt Effaclar Purifying Foaming Gel - 50ml,https://p16-oec-sg.ibyteimg.com/tos-alisg-i-aphluv4xwc-sg/e34ab459d15b4717b53d8bd8fe469991~tplv-aphluv4xwc-origin-jpeg.jpeg?dr=15568&t=555f072d&ps=933b5bde&shp=54477afb&shcp=3c3d9ffb&idc=my3&from=1413970683,VIE GROUP HCM,01/10/2026 18:36,,--
261001G3QBUCMC,,Đang giao hàng,Shopee,SHEPRIME2-MALL - HCM,--,--,1858,1,JOHNSON'S Sữa tắm gội Baby Top-To-Toe Hair & Body (Vàng) - 200ml,https://cf.shopee.vn/file/sg-11134201-8259u-msk1gk4caryic0_tn,VIE GROUP HCM,01/10/2026 18:36,,--
261001G3N58FXS,,Đang giao hàng,Shopee,SHCOSMEE-HANOI,--,--,1982,1,LOREAL Nước Tẩy Trang Revitalift Hyaluronic Acid Hydrating Micellar Water [Tím] - 95ml,https://cf.shopee.vn/file/vn-11134207-81ztc-moowujurwidn2d_tn,COSMEE HA NOI,01/10/2026 18:34,,--
586354135857399049,,Đang giao hàng,TikTok,TTEPRIME-MALL-HCM,--,--,1350,1,CERAVE Sữa Rửa Mặt Foaming Cleanser - 30ml FRANCE,https://p16-oec-sg.ibyteimg.com/tos-alisg-i-aphluv4xwc-sg/50806a02e3104a3bb34e537bc386ab64~tplv-aphluv4xwc-origin-jpeg.jpeg?dr=15568&t=555f072d&ps=933b5bde&shp=54477afb&shcp=3c3d9ffb&idc=my2&from=1413970683,VIE GROUP HCM,01/10/2026 18:34,,--
586354171463960247,,Đã hủy,TikTok,TTVIESGN-HCM,--,--,2443,1,SVR Sữa Rửa Mặt SEBIACLEAR Gel Moussant - 55ml,https://p16-oec-va.ibyteimg.com/tos-maliva-i-o3syd03w52-us/d0e44975d4ed44129d9e6528ec6252f5~tplv-o3syd03w52-origin-jpeg.jpeg?dr=15568&t=555f072d&ps=933b5bde&shp=54477afb&shcp=3c3d9ffb&idc=my&from=1413970683,VIE GROUP HCM,01/10/2026 18:28,,Chờ xử lý
586353927913375603,,Đang giao hàng,TikTok,TTEPRIME-MALL-HCM,--,--,CB2026.3,1,COMBO 3 TUÝP LRP Sữa Rửa Mặt Effaclar Purifying Foaming Gel - 50ml,https://p16-oec-sg.ibyteimg.com/tos-alisg-i-aphluv4xwc-sg/4fdb1010396942c6bcbbb4ff16ba3159~tplv-aphluv4xwc-origin-jpeg.jpeg?dr=15568&t=555f072d&ps=933b5bde&shp=54477afb&shcp=3c3d9ffb&idc=my2&from=1413970683,VIE GROUP HCM,01/10/2026 18:24,,--
586353966001849849,,Đang giao hàng,TikTok,TTASCosme - HANOI,--,--,1316,1,CARSLAN PHẤN PHỦ  BLACK  MAGNET SOFT FOCUS  MAKE-UP POWDER 01  PHẤN PHỦ 1G,https://p16-oec-sg.ibyteimg.com/tos-alisg-i-aphluv4xwc-sg/d2cb1f22cafd4b1ba10efa9968230ba9~tplv-aphluv4xwc-origin-jpeg.jpeg?dr=15568&t=555f072d&ps=933b5bde&shp=54477afb&shcp=3c3d9ffb&idc=my2&from=1413970683,COSMEE HA NOI,01/10/2026 18:19,,--
261001G2N427EE,,Đã hoàn thành,Shopee,SHEPRIME2-MALL - HCM,--,--,2026,1,LRP Sữa Rửa Mặt Effaclar Purifying Foaming Gel - 50ml,https://cf.shopee.vn/file/vn-11134207-81ztc-ms4g1nr09wck4c_tn,VIE GROUP HCM,01/10/2026 18:16,04/10/2026 13:02,--
586353848617305552,,Đã hủy,TikTok,TTVIEPRIME-HANOI,--,--,2026,1,LRP Sữa Rửa Mặt Effaclar Purifying Foaming Gel - 50ml,https://p16-oec-sg.ibyteimg.com/tos-alisg-i-aphluv4xwc-sg/e4dc23ba7aa04ac68154f7d70954e8c5~tplv-aphluv4xwc-origin-jpeg.jpeg?dr=15568&t=555f072d&ps=933b5bde&shp=54477afb&shcp=3c3d9ffb&idc=my2&from=1413970683,COSMEE HA NOI,01/10/2026 18:14,,Chờ xử lý
261001G290V042,,Đã hủy,Shopee,SHVIEPro-HANOI,--,--,2014,1,LRP SERUM B5 HYALU CONCENTRE - 10ml,https://cf.shopee.vn/file/vn-11134207-81ztc-ms2i5tzwg1l0bd_tn,COSMEE HA NOI,01/10/2026 18:10,,Chưa thanh toán
261001G290V042,,Đã hủy,Shopee,SHVIEPro-HANOI,--,--,QT01,1,Dr.Sera tây tế bào chết da đầu,https://cf.shopee.vn/file/vn-11134207-81ztc-mqyhiy5e3bpe1a_tn,COSMEE HA NOI,01/10/2026 18:10,,Chưa thanh toán
586353705268577901,,Đang giao hàng,TikTok,TTASCosme - HANOI,--,--,2024,1,LRP Sữa Rửa Mặt Effaclar Purifying Foaming Gel - 15ml,https://p16-oec-sg.ibyteimg.com/tos-alisg-i-aphluv4xwc-sg/86ff8a443676469a980a986b0a7b152f~tplv-aphluv4xwc-origin-jpeg.jpeg?dr=15568&t=555f072d&ps=933b5bde&shp=54477afb&shcp=3c3d9ffb&idc=my2&from=1413970683,COSMEE HA NOI,01/10/2026 18:04,,--
586353739940529493,,Đã hủy,TikTok,TTASCosme - HANOI,--,--,1316,1,CARSLAN PHẤN PHỦ  BLACK  MAGNET SOFT FOCUS  MAKE-UP POWDER 01  PHẤN PHỦ 1G,https://p16-oec-sg.ibyteimg.com/tos-alisg-i-aphluv4xwc-sg/d2cb1f22cafd4b1ba10efa9968230ba9~tplv-aphluv4xwc-origin-jpeg.jpeg?dr=15568&t=555f072d&ps=933b5bde&shp=54477afb&shcp=3c3d9ffb&idc=my2&from=1413970683,COSMEE HA NOI,01/10/2026 18:02,,Chờ xử lý
586353594485016251,,Đang giao hàng,TikTok,TTEPRIME-MALL-HCM,--,--,1350,1,CERAVE Sữa Rửa Mặt Foaming Cleanser - 30ml FRANCE,https://p16-oec-sg.ibyteimg.com/tos-alisg-i-aphluv4xwc-sg/50806a02e3104a3bb34e537bc386ab64~tplv-aphluv4xwc-origin-jpeg.jpeg?dr=15568&t=555f072d&ps=933b5bde&shp=54477afb&shcp=3c3d9ffb&idc=my&from=1413970683,VIE GROUP HCM,01/10/2026 18:02,,--
586353696955466777,,Đang giao hàng,TikTok,TTEPRIME-MALL-HCM,--,--,CB1350.3,1,COMBO 3 Chai 30ml CERAVE Sữa Rửa Mặt Foaming Cleanser,https://p16-oec-sg.ibyteimg.com/tos-alisg-i-aphluv4xwc-sg/a2376db661934510bc5ab6e7f01657b3~tplv-aphluv4xwc-origin-jpeg.jpeg?dr=15568&t=555f072d&ps=933b5bde&shp=54477afb&shcp=3c3d9ffb&idc=my&from=1413970683,VIE GROUP HCM,01/10/2026 18:01,,--
586353626464028031,,Đã hủy,TikTok,TTASCosme - HANOI,--,--,1316,1,CARSLAN PHẤN PHỦ  BLACK  MAGNET SOFT FOCUS  MAKE-UP POWDER 01  PHẤN PHỦ 1G,https://p16-oec-sg.ibyteimg.com/tos-alisg-i-aphluv4xwc-sg/d2cb1f22cafd4b1ba10efa9968230ba9~tplv-aphluv4xwc-origin-jpeg.jpeg?dr=15568&t=555f072d&ps=933b5bde&shp=54477afb&shcp=3c3d9ffb&idc=my&from=1413970683,COSMEE HA NOI,01/10/2026 17:58,,--
586353574875792409,,Đã hủy,TikTok,TTEPRIME-MALL-HCM,--,--,CB1350.3,1,COMBO 3 Chai 30ml CERAVE Sữa Rửa Mặt Foaming Cleanser,https://p16-oec-sg.ibyteimg.com/tos-alisg-i-aphluv4xwc-sg/a2376db661934510bc5ab6e7f01657b3~tplv-aphluv4xwc-origin-jpeg.jpeg?dr=15568&t=555f072d&ps=933b5bde&shp=54477afb&shcp=3c3d9ffb&idc=my&from=1413970683,VIE GROUP HCM,01/10/2026 17:54,,Chờ xử lý
586353527001220464,,Đã hủy,TikTok,TTEPRIME-MALL-HCM,--,--,1783,1,ICARE Dầu Gội Pharma Antisol dược liệu pH 6.5 240ml,https://p16-oec-va.ibyteimg.com/tos-maliva-i-o3syd03w52-us/fba0ef3d3669462e8d6e5723ce4ca524~tplv-o3syd03w52-origin-jpeg.jpeg?dr=15568&t=555f072d&ps=933b5bde&shp=54477afb&shcp=3c3d9ffb&idc=my2&from=1413970683,VIE GROUP HCM,01/10/2026 17:49,,Chờ xử lý
586353470975018352,,Đang giao hàng,TikTok,TTEPharma-MALL-HCM,--,--,2030,1,LRP Tẩy Trang Effaclar Micellar Water For Oily Skin - 400ml (Xanh),https://p16-oec-va.ibyteimg.com/tos-maliva-i-o3syd03w52-us/c6bb2138d91c47ec9677b2634f44af33~tplv-o3syd03w52-origin-jpeg.jpeg?dr=15568&t=555f072d&ps=933b5bde&shp=54477afb&shcp=3c3d9ffb&idc=my2&from=1413970683,VIE GROUP HCM,01/10/2026 17:48,,--
586353484946769663,,Đang giao hàng,TikTok,TTEPRIME-MALL-HCM,--,--,2026,1,LRP Sữa Rửa Mặt Effaclar Purifying Foaming Gel - 50ml,https://p16-oec-sg.ibyteimg.com/tos-alisg-i-aphluv4xwc-sg/e34ab459d15b4717b53d8bd8fe469991~tplv-aphluv4xwc-origin-jpeg.jpeg?dr=15568&t=555f072d&ps=933b5bde&shp=54477afb&shcp=3c3d9ffb&idc=my&from=1413970683,VIE GROUP HCM,01/10/2026 17:47,,--
586353433220580447,,Đang giao hàng,TikTok,TTEPRIME-MALL-HCM,--,--,CB2026.3,1,COMBO 3 TUÝP LRP Sữa Rửa Mặt Effaclar Purifying Foaming Gel - 50ml,https://p16-oec-sg.ibyteimg.com/tos-alisg-i-aphluv4xwc-sg/4fdb1010396942c6bcbbb4ff16ba3159~tplv-aphluv4xwc-origin-jpeg.jpeg?dr=15568&t=555f072d&ps=933b5bde&shp=54477afb&shcp=3c3d9ffb&idc=my2&from=1413970683,VIE GROUP HCM,01/10/2026 17:44,,--
261001G0T7NHEM,,Đang giao hàng,Shopee,SHEP - HCM,--,--,CB2361.2,1,"SILCOT Bông tẩy trang Unicharm - 82 miếng Xanh dương, COMBO 2 HỘP",https://cf.shopee.vn/file/vn-11134207-7ras8-mcke8u9q2v4yd7_tn,VIE GROUP HCM,01/10/2026 17:44,,--
586353480308851812,,Đang giao hàng,TikTok,TTVIESGN-HCM,--,--,1350,1,CERAVE Sữa Rửa Mặt Foaming Cleanser - 30ml FRANCE,https://p16-oec-va.ibyteimg.com/tos-maliva-i-o3syd03w52-us/e3e9667ce3494a6c8150fb489cb2491d~tplv-o3syd03w52-origin-jpeg.jpeg?dr=15568&t=555f072d&ps=933b5bde&shp=54477afb&shcp=3c3d9ffb&idc=my2&from=1413970683,VIE GROUP HCM,01/10/2026 17:42,,--
261001G0P8UE4M,,Đang giao hàng,Shopee,SHEP - HCM,--,--,CB2361.2,1,"SILCOT Bông tẩy trang Unicharm - 82 miếng Xanh dương, COMBO 2 HỘP",https://cf.shopee.vn/file/vn-11134207-7ras8-mcke8u9q2v4yd7_tn,VIE GROUP HCM,01/10/2026 17:41,02/10/2026 17:46,--
261001G0HNWRMC,,Đang giao hàng,Shopee,SHEP - HCM,--,--,2100,2,MINISO Bông tẩy trang Nhật Bản 100% 180 Miếng,https://cf.shopee.vn/file/vn-11134207-81ztc-mtmgtix9883o2d_tn,VIE GROUP HCM,01/10/2026 17:39,,--
586353293692929784,,Đang giao hàng,TikTok,TTEPRIME-MALL-HCM,--,--,2026,1,LRP Sữa Rửa Mặt Effaclar Purifying Foaming Gel - 50ml,https://p16-oec-sg.ibyteimg.com/tos-alisg-i-aphluv4xwc-sg/e34ab459d15b4717b53d8bd8fe469991~tplv-aphluv4xwc-origin-jpeg.jpeg?dr=15568&t=555f072d&ps=933b5bde&shp=54477afb&shcp=3c3d9ffb&idc=my&from=1413970683,VIE GROUP HCM,01/10/2026 17:36,,--
261001FYW20A6E,,Đã hoàn thành,Shopee,SHEP - HCM,--,--,2587,2,VICHY Dầu gội Dercos Technique Anti-Dandruff Ds Normal To Oily Hair - 200ml (Xanh da dầu),https://cf.shopee.vn/file/vn-11134207-7r98o-m01egp8o7clr9c_tn,VIE GROUP HCM,01/10/2026 17:28,04/10/2026 10:48,--
261001FYW20A6E,,Đã hoàn thành,Shopee,SHEP - HCM,--,--,QT40,1,MEDIANSWER Tinh chất hỗ trợ sáng da Vita Collagen Logic Ampoule - 2 ml,https://cf.shopee.vn/file/vn-11134207-81ztc-mtqcnbkc7coya1_tn,VIE GROUP HCM,01/10/2026 17:28,04/10/2026 10:48,--
586353170325079359,,Đang giao hàng,TikTok,TTEPharma-MALL-HCM,--,--,1480,1,COMPLIMENT Toner 10% Glycolic Acid & Aloe Lô hội - 200ML,https://p16-oec-sg.ibyteimg.com/tos-alisg-i-aphluv4xwc-sg/cf13e1c94455461cb4344593a1731f05~tplv-aphluv4xwc-origin-jpeg.jpeg?dr=15568&t=555f072d&ps=933b5bde&shp=54477afb&shcp=3c3d9ffb&idc=my2&from=1413970683,VIE GROUP HCM,01/10/2026 17:24,,--
261001FYPCB901,,Đang giao hàng,Shopee,SHEP - HCM,--,--,1897,1,KLAIRS Toner Supple Preparation Unscented KHÔNG MÙI - 180ml,https://cf.shopee.vn/file/vn-11134207-7r98o-lyqe8efjkh41c5_tn,VIE GROUP HCM,01/10/2026 17:24,,--
586353039826519694,,Đã hủy,TikTok,TTEPharma-MALL-HCM,--,--,1480,1,COMPLIMENT Toner 10% Glycolic Acid & Aloe Lô hội - 200ML,https://p16-oec-sg.ibyteimg.com/tos-alisg-i-aphluv4xwc-sg/cf13e1c94455461cb4344593a1731f05~tplv-aphluv4xwc-origin-jpeg.jpeg?dr=15568&t=555f072d&ps=933b5bde&shp=54477afb&shcp=3c3d9ffb&idc=my&from=1413970683,VIE GROUP HCM,01/10/2026 17:17,,Chờ xử lý
586352934204900737,,Đang giao hàng,TikTok,TTEPRIME-MALL-HCM,--,--,2026,1,LRP Sữa Rửa Mặt Effaclar Purifying Foaming Gel - 50ml,https://p16-oec-sg.ibyteimg.com/tos-alisg-i-aphluv4xwc-sg/e34ab459d15b4717b53d8bd8fe469991~tplv-aphluv4xwc-origin-jpeg.jpeg?dr=15568&t=555f072d&ps=933b5bde&shp=54477afb&shcp=3c3d9ffb&idc=my2&from=1413970683,VIE GROUP HCM,01/10/2026 17:09,,--
261001FXT59F9U,,Đã hoàn thành,Shopee,SHVIEMart - HCM,--,--,1004,1,Dũa móng 6 mặt [XT],https://cf.shopee.vn/file/vn-11134207-7ras8-mch930lruncdfb_tn,VIE GROUP HCM,01/10/2026 17:08,04/10/2026 14:01,--
261001FXK0BHKR,,Đã hủy,Shopee,SHEPRIME2-MALL - HCM,--,--,CB2361.2,1,"SILCOT Bông tẩy trang Unicharm - 82 miếng Xanh dương, COMBO 2 HỘP",https://cf.shopee.vn/file/vn-11134207-820l4-mgm2i0ccpp8oba_tn,VIE GROUP HCM,01/10/2026 17:04,,Chờ xử lý
586352851328402892,,Đang giao hàng,TikTok,TTEPRIME-MALL-HCM,--,--,2367,1,SIMPLE Nước Tẩy Trang Micellar Cleansing Water - 200ml,https://p16-oec-va.ibyteimg.com/tos-maliva-i-o3syd03w52-us/5e96411fea1b46bca0ca626bb182e1a9~tplv-o3syd03w52-origin-jpeg.jpeg?dr=15568&t=555f072d&ps=933b5bde&shp=54477afb&shcp=3c3d9ffb&idc=my&from=1413970683,VIE GROUP HCM,01/10/2026 17:02,,--
586352814173095642,,Đã hủy,TikTok,TTEPharma-MALL-HCM,--,--,1480,1,COMPLIMENT Toner 10% Glycolic Acid & Aloe Lô hội - 200ML,https://p16-oec-sg.ibyteimg.com/tos-alisg-i-aphluv4xwc-sg/cf13e1c94455461cb4344593a1731f05~tplv-aphluv4xwc-origin-jpeg.jpeg?dr=15568&t=555f072d&ps=933b5bde&shp=54477afb&shcp=3c3d9ffb&idc=my2&from=1413970683,VIE GROUP HCM,01/10/2026 17:01,,Chờ xử lý
586352874938009570,,Đang giao hàng,TikTok,TTEPharma-MALL-HCM,--,--,1480,1,COMPLIMENT Toner 10% Glycolic Acid & Aloe Lô hội - 200ML,https://p16-oec-sg.ibyteimg.com/tos-alisg-i-aphluv4xwc-sg/cf13e1c94455461cb4344593a1731f05~tplv-aphluv4xwc-origin-jpeg.jpeg?dr=15568&t=555f072d&ps=933b5bde&shp=54477afb&shcp=3c3d9ffb&idc=my&from=1413970683,VIE GROUP HCM,01/10/2026 17:01,,--
586352822389475300,,Đã hủy,TikTok,TTEPharma-MALL-HCM,--,--,1480,1,COMPLIMENT Toner 10% Glycolic Acid & Aloe Lô hội - 200ML,https://p16-oec-sg.ibyteimg.com/tos-alisg-i-aphluv4xwc-sg/cf13e1c94455461cb4344593a1731f05~tplv-aphluv4xwc-origin-jpeg.jpeg?dr=15568&t=555f072d&ps=933b5bde&shp=54477afb&shcp=3c3d9ffb&idc=my2&from=1413970683,VIE GROUP HCM,01/10/2026 16:58,,--
586352830790535124,,Đã hủy,TikTok,TTEPRIME-MALL-HCM,--,--,1350,1,CERAVE Sữa Rửa Mặt Foaming Cleanser - 30ml FRANCE,https://p16-oec-sg.ibyteimg.com/tos-alisg-i-aphluv4xwc-sg/b203882fafcc4a5dbc6ce5bef84bd40b~tplv-aphluv4xwc-origin-jpeg.jpeg?dr=15568&t=555f072d&ps=933b5bde&shp=54477afb&shcp=3c3d9ffb&idc=my3&from=1413970683,VIE GROUP HCM,01/10/2026 16:55,,Chờ xử lý
586352746423551595,,Đang giao hàng,TikTok,TTEPRIME-MALL-HCM,--,--,2026,1,LRP Sữa Rửa Mặt Effaclar Purifying Foaming Gel - 50ml,https://p16-oec-sg.ibyteimg.com/tos-alisg-i-aphluv4xwc-sg/e34ab459d15b4717b53d8bd8fe469991~tplv-aphluv4xwc-origin-jpeg.jpeg?dr=15568&t=555f072d&ps=933b5bde&shp=54477afb&shcp=3c3d9ffb&idc=my2&from=1413970683,VIE GROUP HCM,01/10/2026 16:53,,--
261001FWY90WPY,,Đang giao hàng,Shopee,SHEPRIME2-MALL - HCM,--,--,CB1922.2,1,COMBO 2 GÓI LA SOIRÉE Bông Tẩy Trang 100% Cotton Siêu Mềm Siêu Mịn - 225 Miếng Tròn,https://cf.shopee.vn/file/vn-11134207-820l4-mgnh22pug6q731_tn,VIE GROUP HCM,01/10/2026 16:53,,--
586352693088126926,,Đang giao hàng,TikTok,TTVIESGN-HCM,--,--,1350,1,CERAVE Sữa Rửa Mặt Foaming Cleanser - 30ml FRANCE,https://p16-oec-va.ibyteimg.com/tos-maliva-i-o3syd03w52-us/e3e9667ce3494a6c8150fb489cb2491d~tplv-o3syd03w52-origin-jpeg.jpeg?dr=15568&t=555f072d&ps=933b5bde&shp=54477afb&shcp=3c3d9ffb&idc=my&from=1413970683,VIE GROUP HCM,01/10/2026 16:52,,--
261001FWQYDMYA,,Đã hoàn thành,Shopee,SHEP - HCM,--,--,2100,1,MINISO Bông tẩy trang Nhật Bản 100% 180 Miếng,https://cf.shopee.vn/file/vn-11134207-81ztc-mtmgtix9883o2d_tn,VIE GROUP HCM,01/10/2026 16:49,04/10/2026 22:49,--
586352636602254737,,Đã hủy,TikTok,TTEPRIME-MALL-HCM,--,--,1350,2,CERAVE Sữa Rửa Mặt Foaming Cleanser - 30ml FRANCE,https://p16-oec-sg.ibyteimg.com/tos-alisg-i-aphluv4xwc-sg/50806a02e3104a3bb34e537bc386ab64~tplv-aphluv4xwc-origin-jpeg.jpeg?dr=15568&t=555f072d&ps=933b5bde&shp=54477afb&shcp=3c3d9ffb&idc=my3&from=1413970683,VIE GROUP HCM,01/10/2026 16:48,,Chờ xử lý
586352650758882705,,Đã hủy,TikTok,TTEPRIME-MALL-HCM,--,--,1350,1,CERAVE Sữa Rửa Mặt Foaming Cleanser - 30ml FRANCE,https://p16-oec-sg.ibyteimg.com/tos-alisg-i-aphluv4xwc-sg/50806a02e3104a3bb34e537bc386ab64~tplv-aphluv4xwc-origin-jpeg.jpeg?dr=15568&t=555f072d&ps=933b5bde&shp=54477afb&shcp=3c3d9ffb&idc=my3&from=1413970683,VIE GROUP HCM,01/10/2026 16:47,,--
261001FWNNWNFW,,Trả hàng & Hoàn tiền,Shopee,SHVIEPro-HANOI,--,--,2014,2,LRP SERUM B5 HYALU CONCENTRE - 10ml,https://cf.shopee.vn/file/vn-11134207-81ztc-ms2i5tzwg1l0bd_tn,COSMEE HA NOI,01/10/2026 16:47,,--
261001FWNNWNFW,,Trả hàng & Hoàn tiền,Shopee,SHVIEPro-HANOI,--,--,QT01,1,Dr.Sera tây tế bào chết da đầu,https://cf.shopee.vn/file/vn-11134207-81ztc-mqyhiy5e3bpe1a_tn,COSMEE HA NOI,01/10/2026 16:47,,--
261001FWNF8A7K,,Đang giao hàng,Shopee,SHVIECosme HCM,--,--,2930,3,DR.SERA Mặt nạ nén tiệt trùng mềm mịn RELAXING TRAVEL COMPRESSED - Túi 10 mask,https://cf.shopee.vn/file/vn-11134207-81ztc-mot6lw2ybegy4c_tn,VIE GROUP HCM,01/10/2026 16:47,02/10/2026 16:07,--
586352622612285413,,Đang giao hàng,TikTok,TTVIESGN-HCM,--,--,1634,1,EMBRYOLISSE Kem dưỡng Lait CONCENTRE - 30ml,https://p16-oec-va.ibyteimg.com/tos-maliva-i-o3syd03w52-us/7d71bad5e259481ea1afe19badcf2838~tplv-o3syd03w52-origin-jpeg.jpeg?dr=15568&t=555f072d&ps=933b5bde&shp=54477afb&shcp=3c3d9ffb&idc=my&from=1413970683,VIE GROUP HCM,01/10/2026 16:38,,--
586352421236737912,,Đang giao hàng,TikTok,TTEPharma-MALL-HCM,--,--,1480,1,COMPLIMENT Toner 10% Glycolic Acid & Aloe Lô hội - 200ML,https://p16-oec-sg.ibyteimg.com/tos-alisg-i-aphluv4xwc-sg/cf13e1c94455461cb4344593a1731f05~tplv-aphluv4xwc-origin-jpeg.jpeg?dr=15568&t=555f072d&ps=933b5bde&shp=54477afb&shcp=3c3d9ffb&idc=my&from=1413970683,VIE GROUP HCM,01/10/2026 16:33,,--
261001FVR5RKJN,,Nền tảng đang xử lý,Shopee,SHVIECosme HCM,--,--,1127,1,Aspasia - Xịt Khoáng Aspasia Moist Up Face Mist Aloe Làm Dịu Mát Bổ Sung Độ Ẩm Cho Làn Da Rạng Rỡ 150ml,https://cf.shopee.vn/file/vn-11134207-81ztc-mpsziotao3ya56_tn,VIE GROUP HCM,01/10/2026 16:31,,--
586352389861967112,,Đang giao hàng,TikTok,TTASCosme - HANOI,--,--,2782,1,CARSLAN PHẤN PHỦ  BLACK  MAGNET SOFT FOCUS  MAKE-UP POWDER 05 Blue  Purple PHẤN PHỦ 1G,https://p16-oec-sg.ibyteimg.com/tos-alisg-i-aphluv4xwc-sg/c34cb6f5890f448aa6b87defa4a22f3d~tplv-aphluv4xwc-origin-jpeg.jpeg?dr=15568&t=555f072d&ps=933b5bde&shp=54477afb&shcp=3c3d9ffb&idc=my2&from=1413970683,COSMEE HA NOI,01/10/2026 16:26,,--
261001FV7YWXR7,,Đã hủy,Shopee,SHEP - HCM,--,--,1471,1,COMPLIMENT Sữa rửa mặt No Problem 200ml - Cam,https://cf.shopee.vn/file/vn-11134207-7ras8-m12a0ndq18yn31_tn,VIE GROUP HCM,01/10/2026 16:22,,Chờ xử lý
586352249131861697,,Đang giao hàng,TikTok,TTEPRIME-MALL-HCM,--,--,2026,1,LRP Sữa Rửa Mặt Effaclar Purifying Foaming Gel - 50ml,https://p16-oec-sg.ibyteimg.com/tos-alisg-i-aphluv4xwc-sg/e34ab459d15b4717b53d8bd8fe469991~tplv-aphluv4xwc-origin-jpeg.jpeg?dr=15568&t=555f072d&ps=933b5bde&shp=54477afb&shcp=3c3d9ffb&idc=my&from=1413970683,VIE GROUP HCM,01/10/2026 16:18,,--
261001FV1C7A0A,,Đang giao hàng,Shopee,SHVIECosme HCM,--,--,1882,1,KEYSHU mặt nạ dưỡng da - 1 Miếng ( Hành Tím ),https://cf.shopee.vn/file/vn-11134207-81ztc-ms9j7s0atu6g77_tn,VIE GROUP HCM,01/10/2026 16:18,,--
261001FUU5UCNX,,Đang giao hàng,Shopee,SHVIECosme HCM,--,--,1350,1,CERAVE Sữa Rửa Mặt Foaming Cleanser - 30ml FRANCE,https://cf.shopee.vn/file/sg-11134201-82587-mey65lbwzhmtf1_tn,VIE GROUP HCM,01/10/2026 16:14,,--
ODWTB4052041,,Chờ lấy hàng,Manual,Epharmacy Prime - Online,0983719069,Bích Phương [Epharmacy Prime - Online],2026,30,LRP Sữa Rửa Mặt Effaclar Purifying Foaming Gel - 50ml,https://res.bigseller.pro/sku/images/merchantsku/944484/579270_1754366214381.jpg?imageView2/1/w/300/h/300,VIE GROUP HCM,01/10/2026 16:14,,--
ODWTB4052041,,Chờ lấy hàng,Manual,Epharmacy Prime - Online,0983719069,Bích Phương [Epharmacy Prime - Online],1345,3,CERAVE Sữa Dưỡng Moisturising Lotion Lait Hydratant - 236ml FRANCE,https://res.bigseller.pro/sku/images/merchantsku/944484/566701_1755015056858.jpg?imageView2/1/w/300/h/300,VIE GROUP HCM,01/10/2026 16:14,,--
ODWTB4052041,,Chờ lấy hàng,Manual,Epharmacy Prime - Online,0983719069,Bích Phương [Epharmacy Prime - Online],1180,3,BALANCE Serum Active Formula Hyaluronic Deep Moisture 30ml,https://res.bigseller.pro/sku/images/merchantsku/944484/100931_1787502924604.jpg?imageView2/1/w/300/h/300,VIE GROUP HCM,01/10/2026 16:14,,--
ODWTB4052041,,Chờ lấy hàng,Manual,Epharmacy Prime - Online,0983719069,Bích Phương [Epharmacy Prime - Online],1181,3,BALANCE Serum Active Formula Niacinamide 15% 30ml,https://res.bigseller.pro/sku/images/merchantsku/944484/762821_1787502898969.jpg?imageView2/1/w/300/h/300,VIE GROUP HCM,01/10/2026 16:14,,--
ODWTB4052041,,Chờ lấy hàng,Manual,Epharmacy Prime - Online,0983719069,Bích Phương [Epharmacy Prime - Online],1182,3,BALANCE Serum Active Formula Vitamin C Brightening Serum Glow & Radiance - 30ml,https://res.bigseller.pro/sku/images/merchantsku/944484/460511_1787502872542.jpg?imageView2/1/w/300/h/300,VIE GROUP HCM,01/10/2026 16:14,,--
ODWTB4052041,,Chờ lấy hàng,Manual,Epharmacy Prime - Online,0983719069,Bích Phương [Epharmacy Prime - Online],2937,10,MEDIHEAL Son dưỡng Panteno Lips 10ml - Xanh nhạt,https://res.bigseller.pro/sku/images/merchantsku/944484/553098_1786970364748.jpg?imageView2/1/w/300/h/300,VIE GROUP HCM,01/10/2026 16:14,,--
ODWTB4052041,,Chờ lấy hàng,Manual,Epharmacy Prime - Online,0983719069,Bích Phương [Epharmacy Prime - Online],2257,3,PAULA'S CHOICE Tẩy tế bào chết Skin Perfecting Liquid Exfoliant 2% BHA - 2016 30ml,https://res.bigseller.pro/sku/images/merchantsku/944484/048304_1754366217801.jpg?imageView2/1/w/300/h/300,VIE GROUP HCM,01/10/2026 16:14,,--
ODWTB4052041,,Chờ lấy hàng,Manual,Epharmacy Prime - Online,0983719069,Bích Phương [Epharmacy Prime - Online],3242,9,MEDIHEAL Son dưỡng Panteno Lips Healbalm 10ml - Xanh dương đậm,https://res.bigseller.pro/sku/images/merchantsku/944484/694645_1790223628772.jpg?imageView2/1/w/300/h/300,VIE GROUP HCM,01/10/2026 16:14,,--
ODWTB4052041,,Chờ lấy hàng,Manual,Epharmacy Prime - Online,0983719069,Bích Phương [Epharmacy Prime - Online],1552,5,DERMAXILIC Kem ngày Dermaxilic B5 Tone up cream  - 50ml,https://res.bigseller.pro/sku/images/merchantsku/944484/039048_1778121897307.jpg?imageView2/1/w/300/h/300,VIE GROUP HCM,01/10/2026 16:14,,--
ODWTB4052041,,Chờ lấy hàng,Manual,Epharmacy Prime - Online,0983719069,Bích Phương [Epharmacy Prime - Online],1592,10,DOVE Tẩy tế bào chết  SAKURA 280g,https://res.bigseller.pro/sku/images/merchantsku/944484/504436_1754366320316.jpg?imageView2/1/w/300/h/300,VIE GROUP HCM,01/10/2026 16:14,,--
ODWTB4052041,,Chờ lấy hàng,Manual,Epharmacy Prime - Online,0983719069,Bích Phương [Epharmacy Prime - Online],1593,5,DOVE Tẩy tế bào chết bản Mỹ 280g - Lựu Đỏ,https://res.bigseller.pro/sku/images/merchantsku/944484/883939_1754366223830.jpg?imageView2/1/w/300/h/300,VIE GROUP HCM,01/10/2026 16:14,,--
586352175631926646,,Đang giao hàng,TikTok,TTEPRIME-MALL-HCM,--,--,CB1350.3,1,COMBO 3 Chai 30ml CERAVE Sữa Rửa Mặt Foaming Cleanser,https://p16-oec-sg.ibyteimg.com/tos-alisg-i-aphluv4xwc-sg/a2376db661934510bc5ab6e7f01657b3~tplv-aphluv4xwc-origin-jpeg.jpeg?dr=15568&t=555f072d&ps=933b5bde&shp=54477afb&shcp=3c3d9ffb&idc=my3&from=1413970683,VIE GROUP HCM,01/10/2026 16:12,,--
586352192259065031,,Đang giao hàng,TikTok,TTASCosme - HANOI,--,--,CB2782.2,1,COMBO 2 Hũ CARSLAN Phấn Phủ Black Magnet Soft Focus Make-up Powder 05 Blue Purple - 1g,https://p16-oec-sg.ibyteimg.com/tos-alisg-i-aphluv4xwc-sg/b8382b5e7b254538ac23c8db9fd85ffb~tplv-aphluv4xwc-origin-jpeg.jpeg?dr=15568&t=555f072d&ps=933b5bde&shp=54477afb&shcp=3c3d9ffb&idc=my2&from=1413970683,COSMEE HA NOI,01/10/2026 16:11,,--
261001FUJ059MC,,Đang giao hàng,Shopee,SHEP - HCM,--,--,1472,1,COMPLIMENT Sữa rửa mặt No Problem 200ml - Hồng,https://cf.shopee.vn/file/vn-11134207-7ras8-m12a0k10v2mz20_tn,VIE GROUP HCM,01/10/2026 16:10,,--
586352160986990439,,Đang giao hàng,TikTok,TTVIEPRIME-HANOI,--,--,2024,1,LRP Sữa Rửa Mặt Effaclar Purifying Foaming Gel - 15ml,https://p16-oec-sg.ibyteimg.com/tos-alisg-i-aphluv4xwc-sg/ffed6604b7e34e4cb07ce27267743d15~tplv-aphluv4xwc-origin-jpeg.jpeg?dr=15568&t=555f072d&ps=933b5bde&shp=54477afb&shcp=3c3d9ffb&idc=my&from=1413970683,COSMEE HA NOI,01/10/2026 16:08,,--
586352109614171246,,Đang giao hàng,TikTok,TTVIEPRIME-HANOI,--,--,2541,1,VASELINE Dưỡng môi Lip Therapy UK 20g [XT] - ROSE,https://p16-oec-sg.ibyteimg.com/tos-alisg-i-aphluv4xwc-sg/a8a3baa4361e4897808b888b54e507a9~tplv-aphluv4xwc-origin-jpeg.jpeg?dr=15568&t=555f072d&ps=933b5bde&shp=54477afb&shcp=3c3d9ffb&idc=my&from=1413970683,COSMEE HA NOI,01/10/2026 16:04,,--
586352001567065723,,Đang giao hàng,TikTok,TTEPRIME-MALL-HCM,--,--,1849,1,JOHNSON'S Nước hoa Baby hương phấn hoa - 50ml (hồng),https://p16-oec-va.ibyteimg.com/tos-maliva-i-o3syd03w52-us/c805bcb935ab4f288666cffb67990579~tplv-o3syd03w52-origin-jpeg.jpeg?dr=15568&t=555f072d&ps=933b5bde&shp=54477afb&shcp=3c3d9ffb&idc=my2&from=1413970683,VIE GROUP HCM,01/10/2026 15:59,,--
586352005449483293,,Đang giao hàng,TikTok,TTVIESGN-HCM,--,--,2360,1,SILCOT Bông tẩy trang Unicharm - 66 miếng Xanh lá,https://p16-oec-va.ibyteimg.com/tos-maliva-i-o3syd03w52-us/509f9e7a1ba34cd3b1ea75c04df0fa39~tplv-o3syd03w52-origin-jpeg.jpeg?dr=15568&t=555f072d&ps=933b5bde&shp=54477afb&shcp=3c3d9ffb&idc=my&from=1413970683,VIE GROUP HCM,01/10/2026 15:57,,--
261001FTSP00CG,,Đang giao hàng,Shopee,SHCOSMEE-HANOI,--,--,1632,1,Bông Tẩy Trang Emalia Pháp 201 Miếng,https://cf.shopee.vn/file/vn-11134207-81ztc-mr9v8bofhlvp58_tn,COSMEE HA NOI,01/10/2026 15:56,,--
261001FTRCY7W6,,Đang giao hàng,Shopee,SHVIECosme HCM,--,--,1127,1,Aspasia - Xịt Khoáng Aspasia Moist Up Face Mist Aloe Làm Dịu Mát Bổ Sung Độ Ẩm Cho Làn Da Rạng Rỡ 150ml,https://cf.shopee.vn/file/vn-11134207-81ztc-mpsziotao3ya56_tn,VIE GROUP HCM,01/10/2026 15:55,,--
261001FTE5VAVY,,Đang giao hàng,Shopee,SHVIEPro-HANOI,--,--,1920,1,LA SOIRÉE Bông Tẩy Trang 100% Cotton Siêu Mềm Siêu Mịn - 120 Miếng Tròn,https://cf.shopee.vn/file/vn-11134207-81ztc-ms2f0jhfrf2g22_tn,COSMEE HA NOI,01/10/2026 15:49,,--
586351858368546121,,Đang giao hàng,TikTok,TTEPharma-MALL-HCM,--,--,2141,1,NEUTROGENA Kem Dưỡng Ẩm Hydro Boost Water Gel - 15g,https://p16-oec-va.ibyteimg.com/tos-maliva-i-o3syd03w52-us/d47c388367d64d59a086c60dd8d59783~tplv-o3syd03w52-origin-jpeg.jpeg?dr=15568&t=555f072d&ps=933b5bde&shp=54477afb&shcp=3c3d9ffb&idc=my3&from=1413970683,VIE GROUP HCM,01/10/2026 15:45,,--
586351785542059428,,Đang giao hàng,TikTok,TTVIEPRIME-HANOI,--,--,2026,1,LRP Sữa Rửa Mặt Effaclar Purifying Foaming Gel - 50ml,https://p16-oec-sg.ibyteimg.com/tos-alisg-i-aphluv4xwc-sg/e4dc23ba7aa04ac68154f7d70954e8c5~tplv-aphluv4xwc-origin-jpeg.jpeg?dr=15568&t=555f072d&ps=933b5bde&shp=54477afb&shcp=3c3d9ffb&idc=my2&from=1413970683,COSMEE HA NOI,01/10/2026 15:43,,--
261001FSRBR7AX,,Đang giao hàng,Shopee,SHEP - HCM,--,--,2028,1,LRP Sữa Rửa Mặt Sữa Tắm Lipikar Syndet AP+ Cream Wash - 200ml,https://cf.shopee.vn/file/vn-11134207-7ras8-maxucerydbrs26_tn,VIE GROUP HCM,01/10/2026 15:37,02/10/2026 21:53,--
586351737811470099,,Đang giao hàng,TikTok,TTVIESGN-HCM,--,--,2026,1,LRP Sữa Rửa Mặt Effaclar Purifying Foaming Gel - 50ml,https://p16-oec-va.ibyteimg.com/tos-maliva-i-o3syd03w52-us/307dde19befb426e9d4f98983a79189c~tplv-o3syd03w52-origin-jpeg.jpeg?dr=15568&t=555f072d&ps=933b5bde&shp=54477afb&shcp=3c3d9ffb&idc=my&from=1413970683,VIE GROUP HCM,01/10/2026 15:33,,--
261001FSATRQCA,,Đang giao hàng,Shopee,SHVIEMart - HCM,--,--,1004,1,Dũa móng 6 mặt [XT],https://cf.shopee.vn/file/vn-11134207-7ras8-mch930lruncdfb_tn,VIE GROUP HCM,01/10/2026 15:30,,--
586351618294842934,,Đã hủy,TikTok,TTVIEPRIME-HANOI,--,--,2026,1,LRP Sữa Rửa Mặt Effaclar Purifying Foaming Gel - 50ml,https://p16-oec-sg.ibyteimg.com/tos-alisg-i-aphluv4xwc-sg/e4dc23ba7aa04ac68154f7d70954e8c5~tplv-aphluv4xwc-origin-jpeg.jpeg?dr=15568&t=555f072d&ps=933b5bde&shp=54477afb&shcp=3c3d9ffb&idc=my&from=1413970683,COSMEE HA NOI,01/10/2026 15:26,,Chờ xử lý
261001FS2JJNM6,,Đã hoàn thành,Shopee,SHEP - HCM,--,--,1472,1,COMPLIMENT Sữa rửa mặt No Problem 200ml - Hồng,https://cf.shopee.vn/file/vn-11134207-7ras8-m12a0k10v2mz20_tn,VIE GROUP HCM,01/10/2026 15:25,04/10/2026 18:30,--
ODWTB4052033,,Chờ xử lý,Manual,ePharmacy_ws,0798576026,Nguyễn Đức Thọ ( sỉ epharmacy ),1642,5,ETIAXIL Lăn khử mùi 15ml - Xanh,https://res.bigseller.pro/sku/images/merchantsku/944484/314733_1754365814835.jpg?imageView2/1/w/300/h/300,VIE GROUP HCM,01/10/2026 15:24,,--
ODWTB4052033,,Chờ xử lý,Manual,ePharmacy_ws,0798576026,Nguyễn Đức Thọ ( sỉ epharmacy ),1164,4,AVENE Xịt Khoáng Thermal Spring Water - 150ml,https://res.bigseller.pro/sku/images/merchantsku/944484/593738_1755552876802.jpg?imageView2/1/w/300/h/300,VIE GROUP HCM,01/10/2026 15:24,,--
ODWTB4052033,,Chờ xử lý,Manual,ePharmacy_ws,0798576026,Nguyễn Đức Thọ ( sỉ epharmacy ),2033,2,LRP Xịt Khoáng Thermal Spring Water - 150ml,https://res.bigseller.pro/sku/images/merchantsku/944484/310156_1754366217782.jpg?imageView2/1/w/300/h/300,VIE GROUP HCM,01/10/2026 15:24,,--
ODWTB4052033,,Chờ xử lý,Manual,ePharmacy_ws,0798576026,Nguyễn Đức Thọ ( sỉ epharmacy ),2591,2,VICHY Kem dưỡng Chuyên Biệt Dùng Ban Ngày Liftactiv Collagen Specialist 16 Day Cream - 50ML,https://res.bigseller.pro/sku/images/merchantsku/944484/529289_1788485922122.jpg?imageView2/1/w/300/h/300,VIE GROUP HCM,01/10/2026 15:24,,--
ODWTB4052033,,Chờ xử lý,Manual,ePharmacy_ws,0798576026,Nguyễn Đức Thọ ( sỉ epharmacy ),2762,5,OLEXRS Tinh dầu dưỡng tóc Hairsalon 80ml,https://res.bigseller.pro/sku/images/merchantsku/944484/310659_1778125955915.jpg?imageView2/1/w/300/h/300,VIE GROUP HCM,01/10/2026 15:24,,--
ODWTB4052033,,Chờ xử lý,Manual,ePharmacy_ws,0798576026,Nguyễn Đức Thọ ( sỉ epharmacy ),2250,5,OLEXRS Kem Ủ Tóc Collagen Complex Repair Mask 500ml,https://res.bigseller.pro/sku/images/merchantsku/944484/937619_1754366310086.jpg?imageView2/1/w/300/h/300,VIE GROUP HCM,01/10/2026 15:24,,--
ODWTB4052033,,Chờ xử lý,Manual,ePharmacy_ws,0798576026,Nguyễn Đức Thọ ( sỉ epharmacy ),2714,5,OLEXRS Dầu Xả Olexrs Argan Oil Collagen Hair Salon - 500ml,https://res.bigseller.pro/sku/images/merchantsku/944484/166262_1754919949229.jpg?imageView2/1/w/300/h/300,VIE GROUP HCM,01/10/2026 15:24,,--
ODWTB4052033,,Chờ xử lý,Manual,ePharmacy_ws,0798576026,Nguyễn Đức Thọ ( sỉ epharmacy ),2713,5,OLEXRS Dầu Gội Olexrs Argan Oil Collagen Hair Salon - 500ml,https://res.bigseller.pro/sku/images/merchantsku/944484/502903_1754364218301.jpg?imageView2/1/w/300/h/300,VIE GROUP HCM,01/10/2026 15:24,,--
ODWTB4052033,,Chờ xử lý,Manual,ePharmacy_ws,0798576026,Nguyễn Đức Thọ ( sỉ epharmacy ),3265,5,LRP Sữa tắm Lipikar Soothing Protecting Shower Gel - 400ml,https://res.bigseller.pro/sku/images/merchantsku/944484/644451_1790990405285.jpg?imageView2/1/w/300/h/300,VIE GROUP HCM,01/10/2026 15:24,,--
586351530994271792,,Đang giao hàng,TikTok,TTVIEPRIME-HANOI,--,--,2555,1,"Vaseline Serum Gluta-Hya Serum Burst Lotion Overnight Radiance Repair, Mặt Nạ Dưỡng Thể 70ml",https://p16-oec-sg.ibyteimg.com/tos-alisg-i-aphluv4xwc-sg/53b0e345ec9c455baaeea5db5122f2b4~tplv-aphluv4xwc-origin-jpeg.jpeg?dr=15568&t=555f072d&ps=933b5bde&shp=54477afb&shcp=3c3d9ffb&idc=my&from=1413970683,COSMEE HA NOI,01/10/2026 15:21,,--
ODWTB4052035,,Đã hoàn thành,Manual,VieGroup Jsc,CN00000648,Dược Sĩ Hương,1915,150,"KYUNG LAB Mặt Nạ Dưỡng Ẩm, Phục Hồi Da Kyung Lab PDRN Therapy Mask 23ml",https://res.bigseller.pro/sku/images/merchantsku/944484/085574_1754365904177.jpg?imageView2/1/w/300/h/300,VIE GROUP HCM,01/10/2026 15:20,,--
586351420157363564,,Đang giao hàng,TikTok,TTEPRIME-MALL-HCM,--,--,2026,1,LRP Sữa Rửa Mặt Effaclar Purifying Foaming Gel - 50ml,https://p16-oec-sg.ibyteimg.com/tos-alisg-i-aphluv4xwc-sg/e34ab459d15b4717b53d8bd8fe469991~tplv-aphluv4xwc-origin-jpeg.jpeg?dr=15568&t=555f072d&ps=933b5bde&shp=54477afb&shcp=3c3d9ffb&idc=my2&from=1413970683,VIE GROUP HCM,01/10/2026 15:14,,--
261001FRBBNKKV,,Đã hủy,Shopee,SHEP - HCM,--,--,1472,1,COMPLIMENT Sữa rửa mặt No Problem 200ml - Hồng,https://cf.shopee.vn/file/vn-11134207-7ras8-m12a0k10v2mz20_tn,VIE GROUP HCM,01/10/2026 15:12,,Chờ xử lý
261001FR8VJ609,,Đang giao hàng,Shopee,SHEPRIME2-MALL - HCM,--,--,2026,1,LRP Sữa Rửa Mặt Effaclar Purifying Foaming Gel - 50ml,https://cf.shopee.vn/file/vn-11134207-81ztc-ms4g1nr09wck4c_tn,VIE GROUP HCM,01/10/2026 15:11,,--
586351317461403642,,Đã hủy,TikTok,TTVIESGN-HCM,--,--,2360,1,SILCOT Bông tẩy trang Unicharm - 66 miếng Xanh lá,https://p16-oec-va.ibyteimg.com/tos-maliva-i-o3syd03w52-us/509f9e7a1ba34cd3b1ea75c04df0fa39~tplv-o3syd03w52-origin-jpeg.jpeg?dr=15568&t=555f072d&ps=933b5bde&shp=54477afb&shcp=3c3d9ffb&idc=my&from=1413970683,VIE GROUP HCM,01/10/2026 15:08,,Chờ xử lý
ODWTB4052027,,Đã hoàn thành,Manual,VieGroup Jsc,0798575990,Hiền Avene (S Beauty),1620,100,DUCRAY Kem dưỡng Keracnyl PP Anti-blemish soothing cream 30ml,https://res.bigseller.pro/sku/images/merchantsku/944484/792145_1754366312651.jpg?imageView2/1/w/300/h/300,VIE GROUP HCM,01/10/2026 15:08,,--
ODWTB4052025,,Đã hoàn thành,Manual,VieBeaute_ws,CN00001027,LINH 2,1220,50,BELIF Mặt nạ ngủ SUPER KNIGHTS MULTI VITAMIN MASK dưỡng ẩm và phục hồi -  25ml,https://res.bigseller.pro/album/944484/2026042907022251870b7928b3ce9fadd353ee3af9841d.jpg?imageView2/1/w/300/h/300,VIE GROUP HCM,01/10/2026 14:59,,--
ODWTB4052025,,Đã hoàn thành,Manual,VieBeaute_ws,CN00001027,LINH 2,1219,5,BELIF Mặt nạ ngủ Belif Multi Vitamin Mask -  Fullbox 75ml,https://res.bigseller.pro/sku/images/merchantsku/944484/439400_1754365903109.jpg?imageView2/1/w/300/h/300,VIE GROUP HCM,01/10/2026 14:59,,--
ODWTB4052025,,Đã hoàn thành,Manual,VieBeaute_ws,CN00001027,LINH 2,1472,5,COMPLIMENT Sữa rửa mặt No Problem 200ml - Hồng,https://res.bigseller.pro/sku/images/merchantsku/944484/220412_1754366215630.jpg?imageView2/1/w/300/h/300,VIE GROUP HCM,01/10/2026 14:59,,--
ODWTB4052025,,Đã hoàn thành,Manual,VieBeaute_ws,CN00001027,LINH 2,2100,1,MINISO Bông tẩy trang Nhật Bản 100% 180 Miếng,https://res.bigseller.pro/sku/images/merchantsku/944484/287075_1754365818087.jpg?imageView2/1/w/300/h/300,VIE GROUP HCM,01/10/2026 14:59,,--
ODWTB4052025,,Đã hoàn thành,Manual,VieBeaute_ws,CN00001027,LINH 2,1349,1,CERAVE Sữa Rửa Mặt Foaming Cleanser - 236ml FRANCE,https://res.bigseller.pro/sku/images/merchantsku/944484/862346_1754365717686.jpg?imageView2/1/w/300/h/300,VIE GROUP HCM,01/10/2026 14:59,,--
ODWTB4052025,,Đã hoàn thành,Manual,VieBeaute_ws,CN00001027,LINH 2,1980,3,LOREAL Nước Tẩy Trang Revitalift Crystal Purifying Micellar Water [Xám] - 95ml,https://res.bigseller.pro/sku/images/merchantsku/944484/702311_1788144582501.jpg?imageView2/1/w/300/h/300,VIE GROUP HCM,01/10/2026 14:59,,--
ODWTB4052025,,Đã hoàn thành,Manual,VieBeaute_ws,CN00001027,LINH 2,1593,5,DOVE Tẩy tế bào chết bản Mỹ 280g - Lựu Đỏ,https://res.bigseller.pro/sku/images/merchantsku/944484/883939_1754366223830.jpg?imageView2/1/w/300/h/300,VIE GROUP HCM,01/10/2026 14:59,,--
ODWTB4052025,,Đã hoàn thành,Manual,VieBeaute_ws,CN00001027,LINH 2,2767,12,MARVIS Kem đánh răng phiên bản Garden Collection 75ml - Kissing Rose ( Hoa Hồng ),https://res.bigseller.pro/sku/images/merchantsku/944484/356676_1778125732788.jpg?imageView2/1/w/300/h/300,VIE GROUP HCM,01/10/2026 14:59,,--
ODWTB4052026,,Đã hoàn thành,Manual,VieGroup Jsc,0798575990,Hiền Avene (S Beauty),1165,5,AVENE Xịt Khoáng Thermal Spring Water - 300ml,https://res.bigseller.pro/sku/images/merchantsku/944484/253324_1754364221041.jpg?imageView2/1/w/300/h/300,VIE GROUP HCM,01/10/2026 14:56,,--
ODWTB4052026,,Đã hoàn thành,Manual,VieGroup Jsc,0798575990,Hiền Avene (S Beauty),1046,5,ADERMA Kem Dưỡng Ẩm Dermalibour+ Repairing Cream - 50ml,https://res.bigseller.pro/sku/images/merchantsku/944484/531619_1754366311760.jpg?imageView2/1/w/300/h/300,VIE GROUP HCM,01/10/2026 14:56,,--
ODWTB4052026,,Đã hoàn thành,Manual,VieGroup Jsc,0798575990,Hiền Avene (S Beauty),1048,5,ADERMA Kem Dưỡng Ẩm Exomega Allergo Emollient Balm - 40ml,https://res.bigseller.pro/sku/images/merchantsku/944484/774406_1754365627392.jpg?imageView2/1/w/300/h/300,VIE GROUP HCM,01/10/2026 14:56,,--
ODWTB4052026,,Đã hoàn thành,Manual,VieGroup Jsc,0798575990,Hiền Avene (S Beauty),1050,5,ADERMA Kem Dưỡng Epitheliale A.H Ultra Soothing Repairing Cream - 40ml,https://res.bigseller.pro/sku/images/merchantsku/944484/531475_1788484991514.jpg?imageView2/1/w/300/h/300,VIE GROUP HCM,01/10/2026 14:56,,--
586351137823229078,,Đang giao hàng,TikTok,TTEPRIME-MALL-HCM,--,--,2026,1,LRP Sữa Rửa Mặt Effaclar Purifying Foaming Gel - 50ml,https://p16-oec-sg.ibyteimg.com/tos-alisg-i-aphluv4xwc-sg/e34ab459d15b4717b53d8bd8fe469991~tplv-aphluv4xwc-origin-jpeg.jpeg?dr=15568&t=555f072d&ps=933b5bde&shp=54477afb&shcp=3c3d9ffb&idc=my2&from=1413970683,VIE GROUP HCM,01/10/2026 14:51,,--
586351084098585695,,Đang giao hàng,TikTok,TTEPRIME-MALL-HCM,--,--,2026,1,LRP Sữa Rửa Mặt Effaclar Purifying Foaming Gel - 50ml,https://p16-oec-sg.ibyteimg.com/tos-alisg-i-aphluv4xwc-sg/e34ab459d15b4717b53d8bd8fe469991~tplv-aphluv4xwc-origin-jpeg.jpeg?dr=15568&t=555f072d&ps=933b5bde&shp=54477afb&shcp=3c3d9ffb&idc=my&from=1413970683,VIE GROUP HCM,01/10/2026 14:47,,--
586351019660182589,,Đã hủy,TikTok,TTEPRIME-MALL-HCM,--,--,1858,1,JOHNSON'S Sữa tắm gội Baby Top-To-Toe Hair & Body (Vàng) - 200ml,https://p16-oec-va.ibyteimg.com/tos-maliva-i-o3syd03w52-us/af675c5456b54968bf597c798db19654~tplv-o3syd03w52-origin-jpeg.jpeg?dr=15568&t=555f072d&ps=933b5bde&shp=54477afb&shcp=3c3d9ffb&idc=my2&from=1413970683,VIE GROUP HCM,01/10/2026 14:47,,Chờ in
586351015928170376,,Đang giao hàng,TikTok,TTEPRIME-MALL-HCM,--,--,1350,1,CERAVE Sữa Rửa Mặt Foaming Cleanser - 30ml FRANCE,https://p16-oec-sg.ibyteimg.com/tos-alisg-i-aphluv4xwc-sg/b203882fafcc4a5dbc6ce5bef84bd40b~tplv-aphluv4xwc-origin-jpeg.jpeg?dr=15568&t=555f072d&ps=933b5bde&shp=54477afb&shcp=3c3d9ffb&idc=my3&from=1413970683,VIE GROUP HCM,01/10/2026 14:43,,--
586351041315833849,,Đang giao hàng,TikTok,TTVIEPRIME-HANOI,--,--,2026,1,LRP Sữa Rửa Mặt Effaclar Purifying Foaming Gel - 50ml,https://p16-oec-sg.ibyteimg.com/tos-alisg-i-aphluv4xwc-sg/e4dc23ba7aa04ac68154f7d70954e8c5~tplv-aphluv4xwc-origin-jpeg.jpeg?dr=15568&t=555f072d&ps=933b5bde&shp=54477afb&shcp=3c3d9ffb&idc=my2&from=1413970683,COSMEE HA NOI,01/10/2026 14:42,,--
261001FPHYV1MC,,Đang giao hàng,Shopee,SHEP - HCM,--,--,2100,1,MINISO Bông tẩy trang Nhật Bản 100% 180 Miếng,https://cf.shopee.vn/file/vn-11134207-81ztc-mtmgtix9883o2d_tn,VIE GROUP HCM,01/10/2026 14:40,,--
586350997246870794,,Đã hủy,TikTok,TTVIESGN-HCM,--,--,1350,1,CERAVE Sữa Rửa Mặt Foaming Cleanser - 30ml FRANCE,https://p16-oec-va.ibyteimg.com/tos-maliva-i-o3syd03w52-us/e3e9667ce3494a6c8150fb489cb2491d~tplv-o3syd03w52-origin-jpeg.jpeg?dr=15568&t=555f072d&ps=933b5bde&shp=54477afb&shcp=3c3d9ffb&idc=my&from=1413970683,VIE GROUP HCM,01/10/2026 14:38,,--
586350784836765693,,Đang giao hàng,TikTok,TTVIESGN-HCM,--,--,1350,1,CERAVE Sữa Rửa Mặt Foaming Cleanser - 30ml FRANCE,https://p16-oec-sg.ibyteimg.com/tos-alisg-i-aphluv4xwc-sg/e6a9105da8614796ac0e8db7403f7c49~tplv-aphluv4xwc-origin-jpeg.jpeg?dr=15568&t=555f072d&ps=933b5bde&shp=54477afb&shcp=3c3d9ffb&idc=my&from=1413970683,VIE GROUP HCM,01/10/2026 14:27,,--
586350806190097557,,Đang giao hàng,TikTok,TTEPRIME-MALL-HCM,--,--,1350,1,CERAVE Sữa Rửa Mặt Foaming Cleanser - 30ml FRANCE,https://p16-oec-sg.ibyteimg.com/tos-alisg-i-aphluv4xwc-sg/b203882fafcc4a5dbc6ce5bef84bd40b~tplv-aphluv4xwc-origin-jpeg.jpeg?dr=15568&t=555f072d&ps=933b5bde&shp=54477afb&shcp=3c3d9ffb&idc=my3&from=1413970683,VIE GROUP HCM,01/10/2026 14:26,,--
261001FNT04GGR,,Đang giao hàng,Shopee,SHEPRIME2-MALL - HCM,--,--,2026,1,LRP Sữa Rửa Mặt Effaclar Purifying Foaming Gel - 50ml,https://cf.shopee.vn/file/vn-11134207-81ztc-ms4g1nr09wck4c_tn,VIE GROUP HCM,01/10/2026 14:26,,--
261001FNSVA4A6,,Đang giao hàng,Shopee,SHVIEPro-HANOI,--,--,1472,1,COMPLIMENT Sữa rửa mặt No Problem 200ml - Hồng,https://cf.shopee.vn/file/vn-11134207-81ztc-moj5dongdbm67d_tn,COSMEE HA NOI,01/10/2026 14:27,02/10/2026 21:04,--
261001FNS9AE9Q,,Đã hoàn thành,Shopee,SHEPRIME2-MALL - HCM,--,--,2026,1,LRP Sữa Rửa Mặt Effaclar Purifying Foaming Gel - 50ml,https://cf.shopee.vn/file/vn-11134207-81ztc-ms4g1nr09wck4c_tn,VIE GROUP HCM,01/10/2026 14:27,04/10/2026 17:39,--
261001FNP64NX3,,Đã hoàn thành,Shopee,SHEP - HCM,--,--,1543,1,DENTAL FLOSSERS Tăm chỉ nha khoa hộp 50 chiếc,https://cf.shopee.vn/file/vn-11134207-7ra0g-m6z45jzz79nl90_tn,VIE GROUP HCM,01/10/2026 14:24,02/10/2026 15:06,--
261001FNMXXSUD,,Đã hủy,Shopee,SHVIEPro-HANOI,--,--,1472,1,COMPLIMENT Sữa rửa mặt No Problem 200ml - Hồng,https://cf.shopee.vn/file/vn-11134207-81ztc-moj5dongdbm67d_tn,COSMEE HA NOI,01/10/2026 14:24,,Đang giao hàng
261001FNKCFSMA,,Đang giao hàng,Shopee,SHEPRIME2-MALL - HCM,--,--,2026,1,LRP Sữa Rửa Mặt Effaclar Purifying Foaming Gel - 50ml,https://cf.shopee.vn/file/vn-11134207-81ztc-ms4g1nr09wck4c_tn,VIE GROUP HCM,01/10/2026 14:23,,--
586350679056942485,,Đang giao hàng,TikTok,TTEPRIME-MALL-HCM,--,--,2026,1,LRP Sữa Rửa Mặt Effaclar Purifying Foaming Gel - 50ml,https://p16-oec-sg.ibyteimg.com/tos-alisg-i-aphluv4xwc-sg/e34ab459d15b4717b53d8bd8fe469991~tplv-aphluv4xwc-origin-jpeg.jpeg?dr=15568&t=555f072d&ps=933b5bde&shp=54477afb&shcp=3c3d9ffb&idc=my2&from=1413970683,VIE GROUP HCM,01/10/2026 14:19,,--
586350704446702649,,Đang giao hàng,TikTok,TTVIEPRIME-HANOI,--,--,2026,1,LRP Sữa Rửa Mặt Effaclar Purifying Foaming Gel - 50ml,https://p16-oec-sg.ibyteimg.com/tos-alisg-i-aphluv4xwc-sg/e4dc23ba7aa04ac68154f7d70954e8c5~tplv-aphluv4xwc-origin-jpeg.jpeg?dr=15568&t=555f072d&ps=933b5bde&shp=54477afb&shcp=3c3d9ffb&idc=my2&from=1413970683,COSMEE HA NOI,01/10/2026 14:17,,--
586350642959713937,Đơn hàng trùng lặp,Đã hủy,TikTok,TTEPRIME-MALL-HCM,--,--,2026,1,LRP Sữa Rửa Mặt Effaclar Purifying Foaming Gel - 50ml,https://p16-oec-sg.ibyteimg.com/tos-alisg-i-aphluv4xwc-sg/e34ab459d15b4717b53d8bd8fe469991~tplv-aphluv4xwc-origin-jpeg.jpeg?dr=15568&t=555f072d&ps=933b5bde&shp=54477afb&shcp=3c3d9ffb&idc=my&from=1413970683,VIE GROUP HCM,01/10/2026 14:15,,Chờ xử lý
586350629359552454,,Đang giao hàng,TikTok,TTEPRIME-MALL-HCM,--,--,1858,1,JOHNSON'S Sữa tắm gội Baby Top-To-Toe Hair & Body (Vàng) - 200ml,https://p16-oec-va.ibyteimg.com/tos-maliva-i-o3syd03w52-us/af675c5456b54968bf597c798db19654~tplv-o3syd03w52-origin-jpeg.jpeg?dr=15568&t=555f072d&ps=933b5bde&shp=54477afb&shcp=3c3d9ffb&idc=my&from=1413970683,VIE GROUP HCM,01/10/2026 14:15,,--
586350651745863370,,Đang giao hàng,TikTok,TTASCosme - HANOI,--,--,,1,VICHY Dầu gội Dercos Technique Anti-Dandruff Ds Advanced To Oily Hair - 50ml (Xanh da dầu),https://p16-oec-sg.ibyteimg.com/tos-alisg-i-aphluv4xwc-sg/c866730931f7405592c5aea67c3d40b0~tplv-aphluv4xwc-origin-jpeg.jpeg?dr=15568&t=555f072d&ps=933b5bde&shp=54477afb&shcp=3c3d9ffb&idc=my&from=1413970683,COSMEE HA NOI,01/10/2026 14:15,,--
261001FN3F5QRW,,Đang giao hàng,Shopee,SHEP - HCM,--,--,1475,1,COMPLIMENT Sữa rửa mặt No Problem 200ml - Xanh ngọc,https://cf.shopee.vn/file/vn-11134207-7ras8-mdl80z5flbxt21_tn,VIE GROUP HCM,01/10/2026 14:14,,--
ODWTB4052011,,Đã hoàn thành,Manual,ePharmacy_ws,0983719067,Ngọc Linh ( epharmacy),1570,2,DIOR Phấn Cushion Dior Prestige Le Cushion Teint De Rose Mini - 4g,https://res.bigseller.pro/sku/images/merchantsku/944484/866049_1779415558283.jpg?imageView2/1/w/300/h/300,KHO HANG HKD,01/10/2026 14:13,,--
261001FN0SCXWH,,Đã hoàn thành,Shopee,SHVIECosme HCM,--,--,1127,1,Aspasia - Xịt Khoáng Aspasia Moist Up Face Mist Aloe Làm Dịu Mát Bổ Sung Độ Ẩm Cho Làn Da Rạng Rỡ 150ml,https://cf.shopee.vn/file/vn-11134207-81ztc-mpsziotao3ya56_tn,VIE GROUP HCM,01/10/2026 14:13,04/10/2026 23:42,--
261001FMWGFCQU,,Đã hủy,Shopee,SHEPRIME2-MALL - HCM,--,--,2026,1,LRP Sữa Rửa Mặt Effaclar Purifying Foaming Gel - 50ml,https://cf.shopee.vn/file/vn-11134207-81ztc-ms4g1nr09wck4c_tn,VIE GROUP HCM,01/10/2026 14:11,,Chờ xử lý
586350620283274897,,Đang giao hàng,TikTok,TTEPRIME-MALL-HCM,--,--,2026,1,LRP Sữa Rửa Mặt Effaclar Purifying Foaming Gel - 50ml,https://p16-oec-sg.ibyteimg.com/tos-alisg-i-aphluv4xwc-sg/e34ab459d15b4717b53d8bd8fe469991~tplv-aphluv4xwc-origin-jpeg.jpeg?dr=15568&t=555f072d&ps=933b5bde&shp=54477afb&shcp=3c3d9ffb&idc=my2&from=1413970683,VIE GROUP HCM,01/10/2026 14:10,,--
586350506012215268,,Đã hủy,TikTok,TTASCosme - HANOI,--,--,1316,1,CARSLAN PHẤN PHỦ  BLACK  MAGNET SOFT FOCUS  MAKE-UP POWDER 01  PHẤN PHỦ 1G,https://p16-oec-sg.ibyteimg.com/tos-alisg-i-aphluv4xwc-sg/d2cb1f22cafd4b1ba10efa9968230ba9~tplv-aphluv4xwc-origin-jpeg.jpeg?dr=15568&t=555f072d&ps=933b5bde&shp=54477afb&shcp=3c3d9ffb&idc=my2&from=1413970683,COSMEE HA NOI,01/10/2026 14:07,,Chờ xử lý
261001FMP8QERH,,Đang giao hàng,Shopee,SHVIEPro-HANOI,--,--,1920,1,LA SOIRÉE Bông Tẩy Trang 100% Cotton Siêu Mềm Siêu Mịn - 120 Miếng Tròn,https://cf.shopee.vn/file/vn-11134207-81ztc-ms2f0jhfrf2g22_tn,COSMEE HA NOI,01/10/2026 14:07,,--
586350504641988038,,Đang giao hàng,TikTok,TTEPRIME-MALL-HCM,--,--,1849,1,JOHNSON'S Nước hoa Baby hương phấn hoa - 50ml (hồng),https://p16-oec-va.ibyteimg.com/tos-maliva-i-o3syd03w52-us/c805bcb935ab4f288666cffb67990579~tplv-o3syd03w52-origin-jpeg.jpeg?dr=15568&t=555f072d&ps=933b5bde&shp=54477afb&shcp=3c3d9ffb&idc=my2&from=1413970683,VIE GROUP HCM,01/10/2026 14:06,,--
586350604477433849,,Đang giao hàng,TikTok,TTEPRIME-MALL-HCM,--,--,CB1350.3,1,COMBO 3 Chai 30ml CERAVE Sữa Rửa Mặt Foaming Cleanser,https://p16-oec-sg.ibyteimg.com/tos-alisg-i-aphluv4xwc-sg/b203882fafcc4a5dbc6ce5bef84bd40b~tplv-aphluv4xwc-origin-jpeg.jpeg?dr=15568&t=555f072d&ps=933b5bde&shp=54477afb&shcp=3c3d9ffb&idc=my&from=1413970683,VIE GROUP HCM,01/10/2026 14:05,,--
261001FMFQVRGF,,Đang giao hàng,Shopee,SHEP - HCM,--,--,1472,1,COMPLIMENT Sữa rửa mặt No Problem 200ml - Hồng,https://cf.shopee.vn/file/vn-11134207-7ras8-m12a0k10v2mz20_tn,VIE GROUP HCM,01/10/2026 14:03,,--
586350508481677024,,Đang giao hàng,TikTok,TTEPRIME-MALL-HCM,--,--,2026,1,LRP Sữa Rửa Mặt Effaclar Purifying Foaming Gel - 50ml,https://p16-oec-sg.ibyteimg.com/tos-alisg-i-aphluv4xwc-sg/e34ab459d15b4717b53d8bd8fe469991~tplv-aphluv4xwc-origin-jpeg.jpeg?dr=15568&t=555f072d&ps=933b5bde&shp=54477afb&shcp=3c3d9ffb&idc=my&from=1413970683,VIE GROUP HCM,01/10/2026 14:03,,--
586350441226209110,,Đang giao hàng,TikTok,TTASCosme - HANOI,--,--,CB2026.3,1,COMBO 3 TUÝP LRP Sữa Rửa Mặt Effaclar Purifying Foaming Gel - 50ml,https://p16-oec-sg.ibyteimg.com/tos-alisg-i-aphluv4xwc-sg/83fc3cbdf8a440b6a37c12331b5e9344~tplv-aphluv4xwc-origin-jpeg.jpeg?dr=15568&t=555f072d&ps=933b5bde&shp=54477afb&shcp=3c3d9ffb&idc=my&from=1413970683,COSMEE HA NOI,01/10/2026 14:03,,--
586350441911911485,,Đang giao hàng,TikTok,TTEPRIME-MALL-HCM,--,--,2026,1,LRP Sữa Rửa Mặt Effaclar Purifying Foaming Gel - 50ml,https://p16-oec-sg.ibyteimg.com/tos-alisg-i-aphluv4xwc-sg/e34ab459d15b4717b53d8bd8fe469991~tplv-aphluv4xwc-origin-jpeg.jpeg?dr=15568&t=555f072d&ps=933b5bde&shp=54477afb&shcp=3c3d9ffb&idc=my&from=1413970683,VIE GROUP HCM,01/10/2026 14:02,,--
586350468073555624,,Đang giao hàng,TikTok,TTEPRIME-MALL-HCM,--,--,CB2026.3,1,COMBO 3 TUÝP LRP Sữa Rửa Mặt Effaclar Purifying Foaming Gel - 50ml,https://p16-oec-sg.ibyteimg.com/tos-alisg-i-aphluv4xwc-sg/4fdb1010396942c6bcbbb4ff16ba3159~tplv-aphluv4xwc-origin-jpeg.jpeg?dr=15568&t=555f072d&ps=933b5bde&shp=54477afb&shcp=3c3d9ffb&idc=my2&from=1413970683,VIE GROUP HCM,01/10/2026 14:01,,--
261001FMBS10UG,,Đã hoàn thành,Shopee,SHEPRIME2-MALL - HCM,--,--,1857,1,JOHNSON'S Sữa tắm gội Baby Top-To-Toe Hair & Body (Vàng) - 100ml,https://cf.shopee.vn/file/sg-11134201-825b0-msk1gjui1sec8a_tn,VIE GROUP HCM,01/10/2026 14:01,02/10/2026 11:33,--
586350448230958656,,Đang giao hàng,TikTok,TTEPRIME-MALL-HCM,--,--,CB2026.3,1,COMBO 3 TUÝP LRP Sữa Rửa Mặt Effaclar Purifying Foaming Gel - 50ml,https://p16-oec-sg.ibyteimg.com/tos-alisg-i-aphluv4xwc-sg/4fdb1010396942c6bcbbb4ff16ba3159~tplv-aphluv4xwc-origin-jpeg.jpeg?dr=15568&t=555f072d&ps=933b5bde&shp=54477afb&shcp=3c3d9ffb&idc=my2&from=1413970683,VIE GROUP HCM,01/10/2026 13:58,,--
586350373359880070,,Đang giao hàng,TikTok,TTEPRIME-MALL-HCM,--,--,2026,1,LRP Sữa Rửa Mặt Effaclar Purifying Foaming Gel - 50ml,https://p16-oec-sg.ibyteimg.com/tos-alisg-i-aphluv4xwc-sg/e34ab459d15b4717b53d8bd8fe469991~tplv-aphluv4xwc-origin-jpeg.jpeg?dr=15568&t=555f072d&ps=933b5bde&shp=54477afb&shcp=3c3d9ffb&idc=my&from=1413970683,VIE GROUP HCM,01/10/2026 13:58,,--
586350341542152169,,Đang giao hàng,TikTok,TTEPRIME-MALL-HCM,--,--,2026,1,LRP Sữa Rửa Mặt Effaclar Purifying Foaming Gel - 50ml,https://p16-oec-sg.ibyteimg.com/tos-alisg-i-aphluv4xwc-sg/e34ab459d15b4717b53d8bd8fe469991~tplv-aphluv4xwc-origin-jpeg.jpeg?dr=15568&t=555f072d&ps=933b5bde&shp=54477afb&shcp=3c3d9ffb&idc=my&from=1413970683,VIE GROUP HCM,01/10/2026 13:56,,--
261001FM1Y99VF,Đơn hàng trùng lặp,Đã hoàn thành,Shopee,SHVIEPro-HANOI,--,--,1546  DERMA ADVANCE,1,DERMA FORTE Gel giảm mụn 15g - Bản ADVANCED,https://cf.shopee.vn/file/vn-11134207-7qukw-lib0s0tcrxsi0f_tn,COSMEE HA NOI,01/10/2026 13:55,05/10/2026 06:16,--
261001FKYC88Y1,,Đã hủy,Shopee,SHEP - HCM,--,--,1472,1,COMPLIMENT Sữa rửa mặt No Problem 200ml - Hồng,https://cf.shopee.vn/file/vn-11134207-7ras8-m12a0k10v2mz20_tn,VIE GROUP HCM,01/10/2026 13:54,,Chờ xử lý
529439824116822,,Đang giao hàng,Lazada,LZDEPRIME-MALL - HCM,--,--,CB1943.5,1,LAMEILA Bông tẩy trang 222 miếng [Vàng FM] – COMBO 5 gói,https://vn-live.slatic.net/p/076640cb7fcac14737b38e84e641fd87.jpg,VIE GROUP HCM,01/10/2026 13:52,,--
261001FKNT5V54,,Đang giao hàng,Shopee,SHVIEPro-HANOI,--,--,1316,1,CARSLAN PHẤN PHỦ  BLACK  MAGNET SOFT FOCUS  MAKE-UP POWDER 01  PHẤN PHỦ 1G,https://cf.shopee.vn/file/vn-11134207-820l4-mjzejb7e0fepa5_tn,COSMEE HA NOI,01/10/2026 13:48,,--
ODWTB4052008,,Đã hoàn thành,Manual,Cosmee.vn Hanoi,CN00001115,Anh Đức Chinh,1277,120,BIODERMA Nước tẩy trang Sensibio H2O - 500ml HỒNG,https://res.bigseller.pro/sku/images/merchantsku/944484/710875_1754366311821.jpg?imageView2/1/w/300/h/300,COSMEE HA NOI,01/10/2026 13:48,,--
586350231921002479,,Đang giao hàng,TikTok,TTEPRIME-MALL-HCM,--,--,CB2026.3,1,COMBO 3 TUÝP LRP Sữa Rửa Mặt Effaclar Purifying Foaming Gel - 50ml,https://p16-oec-sg.ibyteimg.com/tos-alisg-i-aphluv4xwc-sg/4fdb1010396942c6bcbbb4ff16ba3159~tplv-aphluv4xwc-origin-jpeg.jpeg?dr=15568&t=555f072d&ps=933b5bde&shp=54477afb&shcp=3c3d9ffb&idc=my3&from=1413970683,VIE GROUP HCM,01/10/2026 13:43,,--
ODWTB4052006,,Đã hoàn thành,Manual,Cosmee.vn Hcm,0936111073,Hoàng (NV sale),2723,3,VAGISIL DDVS Vagisil Scentsitive Scents Daily Intimate Wash Coconut Hibiscus - XANH DƯƠNG 240ml,https://res.bigseller.pro/sku/images/merchantsku/944484/554601_1777465794663.jpg?imageView2/1/w/300/h/300,VIE GROUP HCM,01/10/2026 13:43,,--
ODWTB4052006,,Đã hoàn thành,Manual,Cosmee.vn Hcm,0936111073,Hoàng (NV sale),1389,1,CETAPHIL Sữa rửa mặt Gentle Skin Cleanser - 125ml,https://res.bigseller.pro/sku/images/merchantsku/944484/723320_1787498768814.jpg?imageView2/1/w/300/h/300,VIE GROUP HCM,01/10/2026 13:43,,--
ODWTB4052006,,Đã hoàn thành,Manual,Cosmee.vn Hcm,0936111073,Hoàng (NV sale),QT07,5,CETAPHIL Sữa Rửa Mặt Oily Skin Cleanser Cho Da Dầu - 5ml,https://res.bigseller.pro/sku/images/merchantsku/944484/729809_1786362097699.jpg?imageView2/1/w/300/h/300,VIE GROUP HCM,01/10/2026 13:43,,--
261001FJYU8WBY,,Đang giao hàng,Shopee,SHEPRIME2-MALL - HCM,--,--,CB2361.2,1,"SILCOT Bông tẩy trang Unicharm - 82 miếng Xanh dương, COMBO 2 HỘP",https://cf.shopee.vn/file/vn-11134207-820l4-mgm2i0ccpp8oba_tn,VIE GROUP HCM,01/10/2026 13:36,,--
586350044179498002,,Đang giao hàng,TikTok,TTASCosme - HANOI,--,--,1316,1,CARSLAN PHẤN PHỦ  BLACK  MAGNET SOFT FOCUS  MAKE-UP POWDER 01  PHẤN PHỦ 1G,https://p16-oec-sg.ibyteimg.com/tos-alisg-i-aphluv4xwc-sg/d2cb1f22cafd4b1ba10efa9968230ba9~tplv-aphluv4xwc-origin-jpeg.jpeg?dr=15568&t=555f072d&ps=933b5bde&shp=54477afb&shcp=3c3d9ffb&idc=my2&from=1413970683,COSMEE HA NOI,01/10/2026 13:33,,--
586350069404370553,,Đang giao hàng,TikTok,TTEPRIME-MALL-HCM,--,--,2026,1,LRP Sữa Rửa Mặt Effaclar Purifying Foaming Gel - 50ml,https://p16-oec-sg.ibyteimg.com/tos-alisg-i-aphluv4xwc-sg/e34ab459d15b4717b53d8bd8fe469991~tplv-aphluv4xwc-origin-jpeg.jpeg?dr=15568&t=555f072d&ps=933b5bde&shp=54477afb&shcp=3c3d9ffb&idc=my&from=1413970683,VIE GROUP HCM,01/10/2026 13:32,,--
586349918580737951,,Đang giao hàng,TikTok,TTEPRIME-MALL-HCM,--,--,2026,1,LRP Sữa Rửa Mặt Effaclar Purifying Foaming Gel - 50ml,https://p16-oec-sg.ibyteimg.com/tos-alisg-i-aphluv4xwc-sg/e34ab459d15b4717b53d8bd8fe469991~tplv-aphluv4xwc-origin-jpeg.jpeg?dr=15568&t=555f072d&ps=933b5bde&shp=54477afb&shcp=3c3d9ffb&idc=my&from=1413970683,VIE GROUP HCM,01/10/2026 13:26,,--
586350037661157032,,Đang giao hàng,TikTok,TTEPRIME-MALL-HCM,--,--,2026,1,LRP Sữa Rửa Mặt Effaclar Purifying Foaming Gel - 50ml,https://p16-oec-sg.ibyteimg.com/tos-alisg-i-aphluv4xwc-sg/e34ab459d15b4717b53d8bd8fe469991~tplv-aphluv4xwc-origin-jpeg.jpeg?dr=15568&t=555f072d&ps=933b5bde&shp=54477afb&shcp=3c3d9ffb&idc=my2&from=1413970683,VIE GROUP HCM,01/10/2026 13:26,,--
261001FJ667GCW,,Đã hoàn thành,Shopee,SHVIEPro-HANOI,--,--,2540,1,VASELINE Dưỡng môi Lip Therapy UK 20g [XT] - Original,https://cf.shopee.vn/file/vn-11134207-7r98o-lp0hs6qy289ndd_tn,COSMEE HA NOI,01/10/2026 13:22,02/10/2026 21:03,--
586349843994281050,,Đang giao hàng,TikTok,TTEPRIME-MALL-HCM,--,--,2026,1,LRP Sữa Rửa Mặt Effaclar Purifying Foaming Gel - 50ml,https://p16-oec-sg.ibyteimg.com/tos-alisg-i-aphluv4xwc-sg/e34ab459d15b4717b53d8bd8fe469991~tplv-aphluv4xwc-origin-jpeg.jpeg?dr=15568&t=555f072d&ps=933b5bde&shp=54477afb&shcp=3c3d9ffb&idc=my2&from=1413970683,VIE GROUP HCM,01/10/2026 13:20,,--
ODWTB4052039,,Chờ xử lý,Manual,Epharmacy Prime - Online,0983719068,Khải Triều [Epharmacy Prime - Online],1134,1,ASTRID Son dưỡng môi mỡ huơu 4.7gr – Thỏi xanh,https://res.bigseller.pro/sku/images/merchantsku/944484/212316_1754366213588.jpg?imageView2/1/w/300/h/300,VIE GROUP HCM,01/10/2026 13:19,,--
ODWTB4052039,,Chờ xử lý,Manual,Epharmacy Prime - Online,0983719068,Khải Triều [Epharmacy Prime - Online],1133,1,ASTRID Son dưỡng môi mỡ huơu 4.7gr – Thỏi trắng,https://res.bigseller.pro/sku/images/merchantsku/944484/681733_1754365621805.jpg?imageView2/1/w/300/h/300,VIE GROUP HCM,01/10/2026 13:19,,--
ODWTB4052039,,Chờ xử lý,Manual,Epharmacy Prime - Online,0983719068,Khải Triều [Epharmacy Prime - Online],3242,1,MEDIHEAL Son dưỡng Panteno Lips Healbalm 10ml - Xanh dương đậm,https://res.bigseller.pro/sku/images/merchantsku/944484/694645_1790223628772.jpg?imageView2/1/w/300/h/300,VIE GROUP HCM,01/10/2026 13:19,,--
ODWTB4052039,,Chờ xử lý,Manual,Epharmacy Prime - Online,0983719068,Khải Triều [Epharmacy Prime - Online],2652,1,INTIMATE Dung dịch vệ sinh Intimate Ziaja 200ml - Hoa Lan Chuông,https://res.bigseller.pro/sku/images/merchantsku/944484/814333_1790675444322.jpg?imageView2/1/w/300/h/300,VIE GROUP HCM,01/10/2026 13:19,,--
ODWTB4052039,,Chờ xử lý,Manual,Epharmacy Prime - Online,0983719068,Khải Triều [Epharmacy Prime - Online],1793,1,INTIMATE Dung dịch vệ sinh Intimate Ziaja 200ml - Hoa Lan Chuông,https://res.bigseller.pro/sku/images/merchantsku/944484/186121_1754365818156.jpg?imageView2/1/w/300/h/300,VIE GROUP HCM,01/10/2026 13:19,,--
ODWTB4052039,,Chờ xử lý,Manual,Epharmacy Prime - Online,0983719068,Khải Triều [Epharmacy Prime - Online],1794,1,INTIMATE Dung dịch vệ sinh Intimate Ziaja 200ml - Vỏ Sồi,https://res.bigseller.pro/sku/images/merchantsku/944484/502785_1754366219569.jpg?imageView2/1/w/300/h/300,VIE GROUP HCM,01/10/2026 13:19,,--
ODWTB4052039,,Chờ xử lý,Manual,Epharmacy Prime - Online,0983719068,Khải Triều [Epharmacy Prime - Online],2367,1,SIMPLE Nước Tẩy Trang Micellar Cleansing Water - 200ml,https://res.bigseller.pro/sku/images/merchantsku/944484/160848_1754365818073.jpg?imageView2/1/w/300/h/300,VIE GROUP HCM,01/10/2026 13:19,,--
ODWTB4052039,,Chờ xử lý,Manual,Epharmacy Prime - Online,0983719068,Khải Triều [Epharmacy Prime - Online],1766,1,HATOMUGI Sữa Rửa Mặt Reihaku Hatomugi Facial Foam 170g,https://res.bigseller.pro/sku/images/merchantsku/944484/960687_1754364218292.jpg?imageView2/1/w/300/h/300,VIE GROUP HCM,01/10/2026 13:19,,--
ODWTB4052039,,Chờ xử lý,Manual,Epharmacy Prime - Online,0983719068,Khải Triều [Epharmacy Prime - Online],1670,1,FEMFRESH Dung Dịch Vệ Sinh Phụ Nữ Soothing Wash Hồng 250ml,https://res.bigseller.pro/sku/images/merchantsku/944484/047773_1754365814723.jpg?imageView2/1/w/300/h/300,VIE GROUP HCM,01/10/2026 13:19,,--
ODWTB4052039,,Chờ xử lý,Manual,Epharmacy Prime - Online,0983719068,Khải Triều [Epharmacy Prime - Online],1669,1,FEMFRESH Dung Dịch Vệ Sinh Phụ Nữ Daily Intimate Wash Cam 250ml,https://res.bigseller.pro/sku/images/merchantsku/944484/571086_1754364220887.jpg?imageView2/1/w/300/h/300,VIE GROUP HCM,01/10/2026 13:19,,--
ODWTB4052039,,Chờ xử lý,Manual,Epharmacy Prime - Online,0983719068,Khải Triều [Epharmacy Prime - Online],1666,1,FEMFRESH Dung Dịch Vệ Sinh Active Fresh Wash Xanh Dương 250ml,https://res.bigseller.pro/sku/images/merchantsku/944484/004555_1754366311075.jpg?imageView2/1/w/300/h/300,VIE GROUP HCM,01/10/2026 13:19,,--
ODWTB4052039,,Chờ xử lý,Manual,Epharmacy Prime - Online,0983719068,Khải Triều [Epharmacy Prime - Online],1667,1,FEMFRESH Dung Dịch Vệ Sinh Phụ Nữ 0% sensitive wash 250ml,https://res.bigseller.pro/sku/images/merchantsku/944484/922675_1754365907830.jpg?imageView2/1/w/300/h/300,VIE GROUP HCM,01/10/2026 13:19,,--
ODWTB4052039,,Chờ xử lý,Manual,Epharmacy Prime - Online,0983719068,Khải Triều [Epharmacy Prime - Online],1514,1,COSRX Sữa Rửa Mặt Low pH Good Morning Gel Cleanser - 150ml,https://res.bigseller.pro/sku/images/merchantsku/944484/955812_1754365623530.jpg?imageView2/1/w/300/h/300,VIE GROUP HCM,01/10/2026 13:19,,--
ODWTB4052039,,Chờ xử lý,Manual,Epharmacy Prime - Online,0983719068,Khải Triều [Epharmacy Prime - Online],2549,1,VASELINE Sáp Dưỡng ẨmPure Petroleum Jelly Original 5.5g,https://res.bigseller.pro/sku/images/merchantsku/944484/308855_1764252053289.jpg?imageView2/1/w/300/h/300,VIE GROUP HCM,01/10/2026 13:19,,--
ODWTB4052039,,Chờ xử lý,Manual,Epharmacy Prime - Online,0983719068,Khải Triều [Epharmacy Prime - Online],2548,1,VASELINE Sáp Dưỡng Ẩm Pure Petroleum Jelly - 50ml,https://res.bigseller.pro/sku/images/merchantsku/944484/282520_1785911611805.jpg?imageView2/1/w/300/h/300,VIE GROUP HCM,01/10/2026 13:19,,--
ODWTB4052039,,Chờ xử lý,Manual,Epharmacy Prime - Online,0983719068,Khải Triều [Epharmacy Prime - Online],2626,1,YUEJIN Mặt nạ cấp ẩm YUEJIN B5 REPAIR CONTROL EGF 25ml 1 MIẾNG,https://res.bigseller.pro/sku/images/merchantsku/944484/017205_1754365627012.jpg?imageView2/1/w/300/h/300,VIE GROUP HCM,01/10/2026 13:19,,--
ODWTB4052039,,Chờ xử lý,Manual,Epharmacy Prime - Online,0983719068,Khải Triều [Epharmacy Prime - Online],2290,1,ROSETTE Tẩy Tế Bào Chết Gommage Peeling Gel 120g - Xanh,https://res.bigseller.pro/sku/images/merchantsku/944484/182096_1754365721301.jpg?imageView2/1/w/300/h/300,VIE GROUP HCM,01/10/2026 13:19,,--
ODWTB4052039,,Chờ xử lý,Manual,Epharmacy Prime - Online,0983719068,Khải Triều [Epharmacy Prime - Online],2289,1,ROSETTE Tẩy Tế Bào Chết Gommage Peeling Gel 120g - Cam,https://res.bigseller.pro/sku/images/merchantsku/944484/200231_1754365914961.jpg?imageView2/1/w/300/h/300,VIE GROUP HCM,01/10/2026 13:19,,--
ODWTB4052039,,Chờ xử lý,Manual,Epharmacy Prime - Online,0983719068,Khải Triều [Epharmacy Prime - Online],2916,1,EVOLUDERM Xịt Khoáng Atomiseur Eau Pur - 50ml,https://res.bigseller.pro/sku/images/merchantsku/944484/695400_1790560784313.jpg?imageView2/1/w/300/h/300,VIE GROUP HCM,01/10/2026 13:19,,--
ODWTB4052039,,Chờ xử lý,Manual,Epharmacy Prime - Online,0983719068,Khải Triều [Epharmacy Prime - Online],1664,1,EVOLUDERM Xịt Khoáng Atomiseur Eau Pur - 400ml,https://res.bigseller.pro/sku/images/merchantsku/944484/290580_1754365720749.jpg?imageView2/1/w/300/h/300,VIE GROUP HCM,01/10/2026 13:19,,--
ODWTB4052039,,Chờ xử lý,Manual,Epharmacy Prime - Online,0983719068,Khải Triều [Epharmacy Prime - Online],1663,1,EVOLUDERM Xịt Khoáng Atomiseur Eau Pur - 150ml,https://res.bigseller.pro/sku/images/merchantsku/944484/510264_1754366214174.jpg?imageView2/1/w/300/h/300,VIE GROUP HCM,01/10/2026 13:19,,--
586349949463528572,,Đang giao hàng,TikTok,TTEPRIME-MALL-HCM,--,--,CB2026.10,1,COMBO 10 TUÝP LRP Sữa Rửa Mặt Effaclar Purifying Foaming Gel - 50ml,https://p16-oec-sg.ibyteimg.com/tos-alisg-i-aphluv4xwc-sg/31a39436c5bb4f889d6739cd86e0e42f~tplv-aphluv4xwc-origin-jpeg.jpeg?dr=15568&t=555f072d&ps=933b5bde&shp=54477afb&shcp=3c3d9ffb&idc=my&from=1413970683,VIE GROUP HCM,01/10/2026 13:18,,--
261001FHVCDU9Y,,Đang giao hàng,Shopee,SHEP - HCM,--,--,1472,1,COMPLIMENT Sữa rửa mặt No Problem 200ml - Hồng,https://cf.shopee.vn/file/vn-11134207-7ras8-m12a0k10v2mz20_tn,VIE GROUP HCM,01/10/2026 13:16,,--
586349705932866910,,Đang giao hàng,TikTok,TTVIESGN-HCM,--,--,1350,1,CERAVE Sữa Rửa Mặt Foaming Cleanser - 30ml FRANCE,https://p16-oec-va.ibyteimg.com/tos-maliva-i-o3syd03w52-us/e3e9667ce3494a6c8150fb489cb2491d~tplv-o3syd03w52-origin-jpeg.jpeg?dr=15568&t=555f072d&ps=933b5bde&shp=54477afb&shcp=3c3d9ffb&idc=my&from=1413970683,VIE GROUP HCM,01/10/2026 13:10,,--
586349688997184537,,Đã hủy,TikTok,TTVIESGN-HCM,--,--,2026,1,LRP Sữa Rửa Mặt Effaclar Purifying Foaming Gel - 50ml,https://p16-oec-va.ibyteimg.com/tos-maliva-i-o3syd03w52-us/420b403b9e0744c49f117f91cd51adc2~tplv-o3syd03w52-origin-jpeg.jpeg?dr=15568&t=555f072d&ps=933b5bde&shp=54477afb&shcp=3c3d9ffb&idc=my2&from=1413970683,VIE GROUP HCM,01/10/2026 13:08,,--
261001FH7Y3UXV,,Đã hoàn thành,Shopee,SHVIEMart - HCM,--,--,1004,1,Dũa móng 6 mặt [XT],https://cf.shopee.vn/file/vn-11134207-7ras8-mch930lruncdfb_tn,VIE GROUP HCM,01/10/2026 13:05,03/10/2026 09:02,--
261001FH6FFRCM,,Đang giao hàng,Shopee,SHEP - HCM,--,--,2028,1,LRP Sữa Rửa Mặt Sữa Tắm Lipikar Syndet AP+ Cream Wash - 200ml,https://cf.shopee.vn/file/vn-11134207-7ras8-maxucerydbrs26_tn,VIE GROUP HCM,01/10/2026 13:04,04/10/2026 10:25,--
261001FH2V2R8E,,Đang giao hàng,Shopee,SHEP - HCM,--,--,1471,1,COMPLIMENT Sữa rửa mặt No Problem 200ml - Cam,https://cf.shopee.vn/file/vn-11134207-7ras8-m12a0ndq18yn31_tn,VIE GROUP HCM,01/10/2026 13:02,,--
586349582556693816,,Đang giao hàng,TikTok,TTEPRIME-MALL-HCM,--,--,2026,1,LRP Sữa Rửa Mặt Effaclar Purifying Foaming Gel - 50ml,https://p16-oec-sg.ibyteimg.com/tos-alisg-i-aphluv4xwc-sg/1e10caa309fd4734816f9ccab855d73f~tplv-aphluv4xwc-origin-jpeg.jpeg?dr=15568&t=555f072d&ps=933b5bde&shp=54477afb&shcp=3c3d9ffb&idc=my2&from=1413970683,VIE GROUP HCM,01/10/2026 13:01,,--
261001FGS91DDG,,Đang giao hàng,Shopee,SHEPRIME2-MALL - HCM,--,--,CB2026.3,1,COMBO 3 TUÝP LRP Sữa Rửa Mặt Effaclar Purifying Foaming Gel - 50ml,https://cf.shopee.vn/file/vn-11134207-81ztc-ms4g20918mbm6c_tn,VIE GROUP HCM,01/10/2026 12:57,,--
586349609639184184,,Đang giao hàng,TikTok,TTEPRIME-MALL-HCM,--,--,1350,1,CERAVE Sữa Rửa Mặt Foaming Cleanser - 30ml FRANCE,https://p16-oec-sg.ibyteimg.com/tos-alisg-i-aphluv4xwc-sg/50806a02e3104a3bb34e537bc386ab64~tplv-aphluv4xwc-origin-jpeg.jpeg?dr=15568&t=555f072d&ps=933b5bde&shp=54477afb&shcp=3c3d9ffb&idc=my2&from=1413970683,VIE GROUP HCM,01/10/2026 12:55,,--
586349457552672085,,Đang giao hàng,TikTok,TTVIESGN-HCM,--,--,1350,2,CERAVE Sữa Rửa Mặt Foaming Cleanser - 30ml FRANCE,https://p16-oec-va.ibyteimg.com/tos-maliva-i-o3syd03w52-us/e3e9667ce3494a6c8150fb489cb2491d~tplv-o3syd03w52-origin-jpeg.jpeg?dr=15568&t=555f072d&ps=933b5bde&shp=54477afb&shcp=3c3d9ffb&idc=my2&from=1413970683,VIE GROUP HCM,01/10/2026 12:54,,--
261001FGG80A56,,Đang giao hàng,Shopee,SHEP - HCM,--,--,2028,1,LRP Sữa Rửa Mặt Sữa Tắm Lipikar Syndet AP+ Cream Wash - 200ml,https://cf.shopee.vn/file/vn-11134207-7ras8-maxucerydbrs26_tn,VIE GROUP HCM,01/10/2026 12:52,02/10/2026 17:02,--
261001FGF5QTT4,,Đã hủy,Shopee,SHEPRIME2-MALL - HCM,--,--,2026,1,LRP Sữa Rửa Mặt Effaclar Purifying Foaming Gel - 50ml,https://cf.shopee.vn/file/vn-11134207-81ztc-ms4g1nr09wck4c_tn,VIE GROUP HCM,01/10/2026 12:51,,Chờ xử lý
261001FGC4F6E8,,Đã hoàn thành,Shopee,SHEP - HCM,--,--,1504,1,CORINE DE FARME Gel Tắm Gội cho bé Hair & Body Wash Gel Corps & Cheveux (Ultra-Rich) - 500ml,https://cf.shopee.vn/file/vn-11134207-81ztc-mk9bwvhc2a6ebf_tn,VIE GROUP HCM,01/10/2026 12:49,02/10/2026 12:14,--
261001FGC4F6E8,,Đã hoàn thành,Shopee,SHEP - HCM,--,--,QT40,1,MEDIANSWER Tinh chất hỗ trợ sáng da Vita Collagen Logic Ampoule - 2 ml,https://cf.shopee.vn/file/vn-11134207-81ztc-mtqcnbkc7coya1_tn,VIE GROUP HCM,01/10/2026 12:49,02/10/2026 12:14,--
586349388534024079,,Đang giao hàng,TikTok,TTEPRIME-MALL-HCM,--,--,2026,1,LRP Sữa Rửa Mặt Effaclar Purifying Foaming Gel - 50ml,https://p16-oec-sg.ibyteimg.com/tos-alisg-i-aphluv4xwc-sg/e34ab459d15b4717b53d8bd8fe469991~tplv-aphluv4xwc-origin-jpeg.jpeg?dr=15568&t=555f072d&ps=933b5bde&shp=54477afb&shcp=3c3d9ffb&idc=my&from=1413970683,VIE GROUP HCM,01/10/2026 12:49,,--
586349432122214050,,Đang giao hàng,TikTok,TTEPRIME-MALL-HCM,--,--,1350,1,CERAVE Sữa Rửa Mặt Foaming Cleanser - 30ml FRANCE,https://p16-oec-sg.ibyteimg.com/tos-alisg-i-aphluv4xwc-sg/b203882fafcc4a5dbc6ce5bef84bd40b~tplv-aphluv4xwc-origin-jpeg.jpeg?dr=15568&t=555f072d&ps=933b5bde&shp=54477afb&shcp=3c3d9ffb&idc=my3&from=1413970683,VIE GROUP HCM,01/10/2026 12:49,,--
586349364439582291,,Đang giao hàng,TikTok,TTEPRIME-MALL-HCM,--,--,CB2026.3,1,COMBO 3 TUÝP LRP Sữa Rửa Mặt Effaclar Purifying Foaming Gel - 50ml,https://p16-oec-sg.ibyteimg.com/tos-alisg-i-aphluv4xwc-sg/4fdb1010396942c6bcbbb4ff16ba3159~tplv-aphluv4xwc-origin-jpeg.jpeg?dr=15568&t=555f072d&ps=933b5bde&shp=54477afb&shcp=3c3d9ffb&idc=my3&from=1413970683,VIE GROUP HCM,01/10/2026 12:48,,--
261001FG6CB0VV,,Đã hủy,Shopee,SHEPRIME2-MALL - HCM,--,--,2026,1,LRP Sữa Rửa Mặt Effaclar Purifying Foaming Gel - 50ml,https://cf.shopee.vn/file/vn-11134207-81ztc-ms4g1nr09wck4c_tn,VIE GROUP HCM,01/10/2026 12:46,,Chờ lấy hàng
261001FG1WAGTQ,,Nền tảng đang xử lý,Shopee,SHVIECosme HCM,--,--,1127,1,Aspasia - Xịt Khoáng Aspasia Moist Up Face Mist Aloe Làm Dịu Mát Bổ Sung Độ Ẩm Cho Làn Da Rạng Rỡ 150ml,https://cf.shopee.vn/file/vn-11134207-81ztc-mpsziotao3ya56_tn,VIE GROUP HCM,01/10/2026 12:44,,--
586349352686028261,,Đang giao hàng,TikTok,TTVIESGN-HCM,--,--,2026,2,LRP Sữa Rửa Mặt Effaclar Purifying Foaming Gel - 50ml,https://p16-oec-va.ibyteimg.com/tos-maliva-i-o3syd03w52-us/307dde19befb426e9d4f98983a79189c~tplv-o3syd03w52-origin-jpeg.jpeg?dr=15568&t=555f072d&ps=933b5bde&shp=54477afb&shcp=3c3d9ffb&idc=my2&from=1413970683,VIE GROUP HCM,01/10/2026 12:43,,--
261001FFWCD8XS,,Đã hoàn thành,Shopee,SHEPRIME2-MALL - HCM,--,--,CB2026.3,1,COMBO 3 TUÝP LRP Sữa Rửa Mặt Effaclar Purifying Foaming Gel - 50ml,https://cf.shopee.vn/file/vn-11134207-81ztc-ms4g20918mbm6c_tn,VIE GROUP HCM,01/10/2026 12:41,02/10/2026 18:32,--
261001FFUH6A2R,,Đang giao hàng,Shopee,SHEPRIME2-MALL - HCM,--,--,2026,1,LRP Sữa Rửa Mặt Effaclar Purifying Foaming Gel - 50ml,https://cf.shopee.vn/file/vn-11134207-81ztc-ms4g1nr09wck4c_tn,VIE GROUP HCM,01/10/2026 12:40,,--
586349271100983031,,Đang giao hàng,TikTok,TTEPRIME-MALL-HCM,--,--,2026,1,LRP Sữa Rửa Mặt Effaclar Purifying Foaming Gel - 50ml,https://p16-oec-sg.ibyteimg.com/tos-alisg-i-aphluv4xwc-sg/e34ab459d15b4717b53d8bd8fe469991~tplv-aphluv4xwc-origin-jpeg.jpeg?dr=15568&t=555f072d&ps=933b5bde&shp=54477afb&shcp=3c3d9ffb&idc=my2&from=1413970683,VIE GROUP HCM,01/10/2026 12:39,,--
586349195103667464,,Đang giao hàng,TikTok,TTEPRIME-MALL-HCM,--,--,1849,1,JOHNSON'S Nước hoa Baby hương phấn hoa - 50ml (hồng),https://p16-oec-va.ibyteimg.com/tos-maliva-i-o3syd03w52-us/c805bcb935ab4f288666cffb67990579~tplv-o3syd03w52-origin-jpeg.jpeg?dr=15568&t=555f072d&ps=933b5bde&shp=54477afb&shcp=3c3d9ffb&idc=my&from=1413970683,VIE GROUP HCM,01/10/2026 12:35,,--
261001FFJ1XE2U,,Đang giao hàng,Shopee,SHVIEPro-HANOI,--,--,1473,1,COMPLIMENT Sữa rửa mặt No Problem 200ml - Vàng,https://cf.shopee.vn/file/vn-11134207-81ztc-moj5d5cy8zkc68_tn,COSMEE HA NOI,01/10/2026 12:35,03/10/2026 01:42,--
261001FFGFCFQS,,Đang giao hàng,Shopee,SHVIECosme HCM,--,--,1882,1,KEYSHU mặt nạ dưỡng da - 1 Miếng ( Hành Tím ),https://cf.shopee.vn/file/vn-11134207-81ztc-ms9j7s0atu6g77_tn,VIE GROUP HCM,01/10/2026 12:34,,--
586349160650606327,,Đã hủy,TikTok,TTEPRIME-MALL-HCM,--,--,2026,1,LRP Sữa Rửa Mặt Effaclar Purifying Foaming Gel - 50ml,https://p16-oec-sg.ibyteimg.com/tos-alisg-i-aphluv4xwc-sg/e34ab459d15b4717b53d8bd8fe469991~tplv-aphluv4xwc-origin-jpeg.jpeg?dr=15568&t=555f072d&ps=933b5bde&shp=54477afb&shcp=3c3d9ffb&idc=my3&from=1413970683,VIE GROUP HCM,01/10/2026 12:32,,Chờ xử lý
261001FFCYVH42,,Đã hoàn thành,Shopee,SHEP - HCM,--,--,2060,1,"MARVIS Nước Súc Miệng Collutorio Hương Bạc Hà Thơm Mát, Hỗ Trợ Làm Sạch Khoang Miệng Jasmin Mint - 400ml",https://cf.shopee.vn/file/vn-11134207-81ztc-mlrglszukphgaf_tn,VIE GROUP HCM,01/10/2026 12:32,05/10/2026 07:46,--
261001FF9AJHDD,,Đã hủy,Shopee,SHEP - HCM,--,--,1472,1,COMPLIMENT Sữa rửa mặt No Problem 200ml - Hồng,https://cf.shopee.vn/file/vn-11134207-7ras8-m12a0k10v2mz20_tn,VIE GROUP HCM,01/10/2026 12:30,,Chờ xử lý
261001FF96RJMS,,Đã hủy,Shopee,SHVIECosme HCM,--,--,1127,1,Aspasia - Xịt Khoáng Aspasia Moist Up Face Mist Aloe Làm Dịu Mát Bổ Sung Độ Ẩm Cho Làn Da Rạng Rỡ 150ml,https://cf.shopee.vn/file/vn-11134207-81ztc-mpsziotao3ya56_tn,VIE GROUP HCM,01/10/2026 12:30,,Nền tảng đang xử lý
586349065564030485,,Đang giao hàng,TikTok,TTEPRIME-MALL-HCM,--,--,2026,1,LRP Sữa Rửa Mặt Effaclar Purifying Foaming Gel - 50ml,https://p16-oec-sg.ibyteimg.com/tos-alisg-i-aphluv4xwc-sg/e34ab459d15b4717b53d8bd8fe469991~tplv-aphluv4xwc-origin-jpeg.jpeg?dr=15568&t=555f072d&ps=933b5bde&shp=54477afb&shcp=3c3d9ffb&idc=my&from=1413970683,VIE GROUP HCM,01/10/2026 12:29,,--
586349138852546366,,Đang giao hàng,TikTok,TTEPRIME-MALL-HCM,--,--,CB1350.3,1,COMBO 3 Chai 30ml CERAVE Sữa Rửa Mặt Foaming Cleanser,https://p16-oec-sg.ibyteimg.com/tos-alisg-i-aphluv4xwc-sg/a2376db661934510bc5ab6e7f01657b3~tplv-aphluv4xwc-origin-jpeg.jpeg?dr=15568&t=555f072d&ps=933b5bde&shp=54477afb&shcp=3c3d9ffb&idc=my&from=1413970683,VIE GROUP HCM,01/10/2026 12:29,,--
586349078720709909,,Đang giao hàng,TikTok,TTEPRIME-MALL-HCM,--,--,2026,1,LRP Sữa Rửa Mặt Effaclar Purifying Foaming Gel - 50ml,https://p16-oec-sg.ibyteimg.com/tos-alisg-i-aphluv4xwc-sg/e34ab459d15b4717b53d8bd8fe469991~tplv-aphluv4xwc-origin-jpeg.jpeg?dr=15568&t=555f072d&ps=933b5bde&shp=54477afb&shcp=3c3d9ffb&idc=my&from=1413970683,VIE GROUP HCM,01/10/2026 12:28,,--
261001FEY3CFHB,,Đang giao hàng,Shopee,SHVIECosme HCM,--,--,1472,1,COMPLIMENT Sữa rửa mặt No Problem 200ml - Hồng,https://cf.shopee.vn/file/vn-11134207-81ztc-mr8kkbibchs2de_tn,VIE GROUP HCM,01/10/2026 12:24,,--
586348971859150149,,Đang giao hàng,TikTok,TTEPRIME-MALL-HCM,--,--,1350,1,CERAVE Sữa Rửa Mặt Foaming Cleanser - 30ml FRANCE,https://p16-oec-sg.ibyteimg.com/tos-alisg-i-aphluv4xwc-sg/50806a02e3104a3bb34e537bc386ab64~tplv-aphluv4xwc-origin-jpeg.jpeg?dr=15568&t=555f072d&ps=933b5bde&shp=54477afb&shcp=3c3d9ffb&idc=my2&from=1413970683,VIE GROUP HCM,01/10/2026 12:23,,--
586349118500997027,,Đang giao hàng,TikTok,TTVIESGN-HCM,--,--,2014,1,LRP SERUM B5 HYALU CONCENTRE - 10ml,https://p16-oec-va.ibyteimg.com/tos-maliva-i-o3syd03w52-us/944e6cc2c2874386a33a513cc5fc2ce9~tplv-o3syd03w52-origin-jpeg.jpeg?dr=15568&t=555f072d&ps=933b5bde&shp=54477afb&shcp=3c3d9ffb&idc=my&from=1413970683,VIE GROUP HCM,01/10/2026 12:23,,--
261001FEVYP09W,,Đang giao hàng,Shopee,SHEPRIME2-MALL - HCM,--,--,2361,1,SILCOT Bông tẩy trang Unicharm - 82 miếng Xanh dương,https://cf.shopee.vn/file/vn-11134207-81ztc-mny00w6qxfr77a_tn,VIE GROUP HCM,01/10/2026 12:23,,--
586348980327778007,,Đang giao hàng,TikTok,TTVIEPRIME-HANOI,--,--,2555,1,"Vaseline Serum Gluta-Hya Serum Burst Lotion Overnight Radiance Repair, Mặt Nạ Dưỡng Thể 70ml",https://p16-oec-sg.ibyteimg.com/tos-alisg-i-aphluv4xwc-sg/53b0e345ec9c455baaeea5db5122f2b4~tplv-aphluv4xwc-origin-jpeg.jpeg?dr=15568&t=555f072d&ps=933b5bde&shp=54477afb&shcp=3c3d9ffb&idc=my&from=1413970683,COSMEE HA NOI,01/10/2026 12:22,,--
586348980327778007,,Đang giao hàng,TikTok,TTVIEPRIME-HANOI,--,--,2545,1,VASELINE Lẻ 1 Túi Vàng 30ML - Sữa Dưỡng Thể VASELINE,https://p16-oec-sg.ibyteimg.com/tos-alisg-i-aphluv4xwc-sg/50c5105271554be79dd3428a0bc47525~tplv-aphluv4xwc-origin-jpeg.jpeg?dr=15568&t=555f072d&ps=933b5bde&shp=54477afb&shcp=3c3d9ffb&idc=my&from=1413970683,COSMEE HA NOI,01/10/2026 12:22,,--
261001FERDRUF1,,Đang giao hàng,Shopee,SHVIECosme HCM,--,--,1472,1,COMPLIMENT Sữa rửa mặt No Problem 200ml - Hồng,https://cf.shopee.vn/file/vn-11134207-81ztc-mr8kkbibchs2de_tn,VIE GROUP HCM,01/10/2026 12:20,02/10/2026 19:37,--
261001FEQTRGH4,,Đang giao hàng,Shopee,SHEP - HCM,--,--,2012,1,LRP Kem Dưỡng Lipikar Baume AP+M - 75ml,https://cf.shopee.vn/file/vn-11134207-81ztc-mlcuybmclb7z13_tn,VIE GROUP HCM,01/10/2026 12:20,,--
261001FEQTRGH4,,Đang giao hàng,Shopee,SHEP - HCM,--,--,QT40,1,MEDIANSWER Tinh chất hỗ trợ sáng da Vita Collagen Logic Ampoule - 2 ml,https://cf.shopee.vn/file/vn-11134207-81ztc-mtqcnbkc7coya1_tn,VIE GROUP HCM,01/10/2026 12:20,,--
586348872285390435,,Đang giao hàng,TikTok,TTEPRIME-MALL-HCM,--,--,2026,1,LRP Sữa Rửa Mặt Effaclar Purifying Foaming Gel - 50ml,https://p16-oec-sg.ibyteimg.com/tos-alisg-i-aphluv4xwc-sg/e34ab459d15b4717b53d8bd8fe469991~tplv-aphluv4xwc-origin-jpeg.jpeg?dr=15568&t=555f072d&ps=933b5bde&shp=54477afb&shcp=3c3d9ffb&idc=my2&from=1413970683,VIE GROUP HCM,01/10/2026 12:18,,--
261001FEJJWEBK,,Đang giao hàng,Shopee,SHVIECosme HCM,--,--,1127,2,Aspasia - Xịt Khoáng Aspasia Moist Up Face Mist Aloe Làm Dịu Mát Bổ Sung Độ Ẩm Cho Làn Da Rạng Rỡ 150ml,https://cf.shopee.vn/file/vn-11134207-81ztc-mpsziotao3ya56_tn,VIE GROUP HCM,01/10/2026 12:17,,--
261001FEJG0W4K,,Đã hoàn thành,Shopee,SHVIECosme HCM,--,--,1127,1,Aspasia - Xịt Khoáng Aspasia Moist Up Face Mist Aloe Làm Dịu Mát Bổ Sung Độ Ẩm Cho Làn Da Rạng Rỡ 150ml,https://cf.shopee.vn/file/vn-11134207-81ztc-mpsziotao3ya56_tn,VIE GROUP HCM,01/10/2026 12:17,03/10/2026 13:33,--
586348926628693452,,Đang giao hàng,TikTok,TTEPRIME-MALL-HCM,--,--,1858,1,JOHNSON'S Sữa tắm gội Baby Top-To-Toe Hair & Body (Vàng) - 200ml,https://p16-oec-va.ibyteimg.com/tos-maliva-i-o3syd03w52-us/af675c5456b54968bf597c798db19654~tplv-o3syd03w52-origin-jpeg.jpeg?dr=15568&t=555f072d&ps=933b5bde&shp=54477afb&shcp=3c3d9ffb&idc=my2&from=1413970683,VIE GROUP HCM,01/10/2026 12:15,,--
261001FE5N17AR,,Đã hoàn thành,Shopee,SHEP - HCM,--,--,CB1922.3,1,COMBO 3 MIẾNG LA SOIRÉE Bông Tẩy Trang 100% Cotton Siêu Mềm Siêu Mịn - 225 Miếng Tròn,https://cf.shopee.vn/file/vn-11134207-7r98o-lzce2ic901n118_tn,VIE GROUP HCM,01/10/2026 12:10,02/10/2026 19:29,--
586348796707899251,,Đang giao hàng,TikTok,TTEPRIME-MALL-HCM,--,--,2026,1,LRP Sữa Rửa Mặt Effaclar Purifying Foaming Gel - 50ml,https://p16-oec-sg.ibyteimg.com/tos-alisg-i-aphluv4xwc-sg/e34ab459d15b4717b53d8bd8fe469991~tplv-aphluv4xwc-origin-jpeg.jpeg?dr=15568&t=555f072d&ps=933b5bde&shp=54477afb&shcp=3c3d9ffb&idc=my&from=1413970683,VIE GROUP HCM,01/10/2026 12:08,,--
261001FE2A5H5E,,Đang giao hàng,Shopee,SHVIECosme HCM,--,--,2601,2,VICHY Kem Dưỡng LIFTACTIV COLLAGEN SPECIALIST 16 CREME NIGHT Ngừa Lão Hóa 15ml - Kem Đêm,https://cf.shopee.vn/file/vn-11134207-81ztc-mtdi47qwf6rme9_tn,VIE GROUP HCM,01/10/2026 12:33,,--
261001FE1BN8DK,,Đang giao hàng,Shopee,SHVIEPro-HANOI,--,--,1451,1,"COMPLIMENT Kem dưỡng No problem AHA-BHA-PHA phục hồi, tái tạo da dầu mụn 50ml",https://cf.shopee.vn/file/vn-11134207-7r98o-ltdapj6ukv5w5e_tn,COSMEE HA NOI,01/10/2026 12:07,,--
586348749939246528,,Đang giao hàng,TikTok,TTEPRIME-MALL-HCM,--,--,2026,1,LRP Sữa Rửa Mặt Effaclar Purifying Foaming Gel - 50ml,https://p16-oec-sg.ibyteimg.com/tos-alisg-i-aphluv4xwc-sg/e34ab459d15b4717b53d8bd8fe469991~tplv-aphluv4xwc-origin-jpeg.jpeg?dr=15568&t=555f072d&ps=933b5bde&shp=54477afb&shcp=3c3d9ffb&idc=my&from=1413970683,VIE GROUP HCM,01/10/2026 12:05,,--
586348719143356077,,Đang giao hàng,TikTok,TTEPRIME-MALL-HCM,--,--,CB2026.3,1,COMBO 3 TUÝP LRP Sữa Rửa Mặt Effaclar Purifying Foaming Gel - 50ml,https://p16-oec-sg.ibyteimg.com/tos-alisg-i-aphluv4xwc-sg/4fdb1010396942c6bcbbb4ff16ba3159~tplv-aphluv4xwc-origin-jpeg.jpeg?dr=15568&t=555f072d&ps=933b5bde&shp=54477afb&shcp=3c3d9ffb&idc=my&from=1413970683,VIE GROUP HCM,01/10/2026 12:04,,--
261001FDSUC905,,Đã hoàn thành,Shopee,SHEPRIME2-MALL - HCM,--,--,2575,1,Vella Kem Dưỡng Da Vùng Cổ Vella Concentrate Neck Cream 50ml,https://cf.shopee.vn/file/sg-11134201-823po-mpadlicavuvj67_tn,VIE GROUP HCM,01/10/2026 12:03,04/10/2026 15:04,--
261001FDRRYNMQ,,Đã hoàn thành,Shopee,SHEP - HCM,--,--,2039,1,LRP Kem Chống Nắng Nâng Tông Kiềm Dầu Anthelios XL SPF 50+ PA++++ 50ml ( Mẫu mới XL),https://cf.shopee.vn/file/vn-11134207-7ras8-maxseclx98t36f_tn,VIE GROUP HCM,01/10/2026 12:03,04/10/2026 20:43,--
261001FDRRYNMQ,,Đã hoàn thành,Shopee,SHEP - HCM,--,--,QT40,1,MEDIANSWER Tinh chất hỗ trợ sáng da Vita Collagen Logic Ampoule - 2 ml,https://cf.shopee.vn/file/vn-11134207-81ztc-mtqcnbkc7coya1_tn,VIE GROUP HCM,01/10/2026 12:03,04/10/2026 20:43,--
261001FDQ0QUBT,,Đang giao hàng,Shopee,SHEP - HCM,--,--,2424,1,SVR Kem Dưỡng Da Tay Chân Xerial 50 Extreme Crème Pieds 50ml,https://cf.shopee.vn/file/vn-11134207-81ztc-mt8frleb2xag7f_tn,VIE GROUP HCM,01/10/2026 12:02,,--
586348664135976668,,Đang giao hàng,TikTok,TTASCosme - HANOI,--,--,1316,1,CARSLAN PHẤN PHỦ  BLACK  MAGNET SOFT FOCUS  MAKE-UP POWDER 01  PHẤN PHỦ 1G,https://p16-oec-sg.ibyteimg.com/tos-alisg-i-aphluv4xwc-sg/d2cb1f22cafd4b1ba10efa9968230ba9~tplv-aphluv4xwc-origin-jpeg.jpeg?dr=15568&t=555f072d&ps=933b5bde&shp=54477afb&shcp=3c3d9ffb&idc=my2&from=1413970683,COSMEE HA NOI,01/10/2026 12:02,,--
261001FDPR48CY,,Đã hoàn thành,Shopee,SHVIECosme HCM,--,--,1612,1,DR.SERA Bông Tẩy Trang Cotton Tiệt Trùng UV - PURE SNOW COTTON PAD - 234 Miếng,https://cf.shopee.vn/file/vn-11134207-81ztc-ms7yx63mhrlx16_tn,VIE GROUP HCM,01/10/2026 12:01,03/10/2026 07:16,--
586348709725963378,,Đang giao hàng,TikTok,TTVIEPRIME-HANOI,--,--,,1,VASELINE Sáp Dưỡng Ẩm Pure Petroleum Jelly - 100ml,https://p19-oec-sg.ibyteimg.com/tos-alisg-i-aphluv4xwc-sg/41f8220f8d624c0e9f85614b053ec0b3~tplv-aphluv4xwc-origin-jpeg.jpeg?dr=15568&t=555f072d&ps=933b5bde&shp=54477afb&shcp=3c3d9ffb&idc=my2&from=1413970683,COSMEE HA NOI,01/10/2026 12:02,,--
261001FDNF5V07,,Đã hoàn thành,Shopee,SHVIEMart - HCM,--,--,CB1350.3 COMBO 3 Dầu x 30ml,1,COMBO 3 Chai 30ml CERAVE Sữa Rửa Mặt Foaming Cleanser,https://cf.shopee.vn/file/vn-11134207-7ra0g-m9gus1006zyac1_tn,VIE GROUP HCM,01/10/2026 12:01,02/10/2026 22:28,--
586348774975112562,,Đang giao hàng,TikTok,TTVIEPRIME-HANOI,--,--,,1,VASELINE Sáp Dưỡng Ẩm Pure Petroleum Jelly - 100ml,https://p16-oec-sg.ibyteimg.com/tos-alisg-i-aphluv4xwc-sg/41f8220f8d624c0e9f85614b053ec0b3~tplv-aphluv4xwc-origin-jpeg.jpeg?dr=15568&t=555f072d&ps=933b5bde&shp=54477afb&shcp=3c3d9ffb&idc=my&from=1413970683,COSMEE HA NOI,01/10/2026 12:00,,--
586348594290590845,,Đã hủy,TikTok,TTVIEPRIME-HANOI,--,--,,1,VASELINE Sáp Dưỡng Ẩm Pure Petroleum Jelly - 100ml,https://p16-oec-sg.ibyteimg.com/tos-alisg-i-aphluv4xwc-sg/41f8220f8d624c0e9f85614b053ec0b3~tplv-aphluv4xwc-origin-jpeg.jpeg?dr=15568&t=555f072d&ps=933b5bde&shp=54477afb&shcp=3c3d9ffb&idc=my2&from=1413970683,COSMEE HA NOI,01/10/2026 11:59,,Chưa thanh toán
586348585328673810,,Đang giao hàng,TikTok,TTVIESGN-HCM,--,--,1350,1,CERAVE Sữa Rửa Mặt Foaming Cleanser - 30ml FRANCE,https://p16-oec-sg.ibyteimg.com/tos-alisg-i-aphluv4xwc-sg/cc9742efae154cb89c3e62363dff00b1~tplv-aphluv4xwc-origin-jpeg.jpeg?dr=15568&t=555f072d&ps=933b5bde&shp=54477afb&shcp=3c3d9ffb&idc=my&from=1413970683,VIE GROUP HCM,01/10/2026 11:58,,--
586348567506028147,,Đã hủy,TikTok,TTEPRIME-MALL-HCM,--,--,CB1350.3,1,COMBO 3 Chai 30ml CERAVE Sữa Rửa Mặt Foaming Cleanser,https://p16-oec-sg.ibyteimg.com/tos-alisg-i-aphluv4xwc-sg/a2376db661934510bc5ab6e7f01657b3~tplv-aphluv4xwc-origin-jpeg.jpeg?dr=15568&t=555f072d&ps=933b5bde&shp=54477afb&shcp=3c3d9ffb&idc=my3&from=1413970683,VIE GROUP HCM,01/10/2026 11:57,,Chờ xử lý
586348612147316075,,Đã hủy,TikTok,TTVIEPRIME-HANOI,--,--,CB2693.3,1,COMBO 3 Cọ Môi Silicon,https://p16-oec-sg.ibyteimg.com/tos-alisg-i-aphluv4xwc-sg/41f8220f8d624c0e9f85614b053ec0b3~tplv-aphluv4xwc-origin-jpeg.jpeg?dr=15568&t=555f072d&ps=933b5bde&shp=54477afb&shcp=3c3d9ffb&idc=my2&from=1413970683,COSMEE HA NOI,01/10/2026 11:56,,--
586348582964987044,,Đang giao hàng,TikTok,TTVIEPRIME-HANOI,--,--,CB2693.3,1,COMBO 3 Cọ Môi Silicon,https://p16-oec-sg.ibyteimg.com/tos-alisg-i-aphluv4xwc-sg/41f8220f8d624c0e9f85614b053ec0b3~tplv-aphluv4xwc-origin-jpeg.jpeg?dr=15568&t=555f072d&ps=933b5bde&shp=54477afb&shcp=3c3d9ffb&idc=my2&from=1413970683,COSMEE HA NOI,01/10/2026 11:56,,--
586348560761062423,,Đang giao hàng,TikTok,TTVIESGN-HCM,--,--,1350,1,CERAVE Sữa Rửa Mặt Foaming Cleanser - 30ml FRANCE,https://p16-oec-sg.ibyteimg.com/tos-alisg-i-aphluv4xwc-sg/e6a9105da8614796ac0e8db7403f7c49~tplv-aphluv4xwc-origin-jpeg.jpeg?dr=15568&t=555f072d&ps=933b5bde&shp=54477afb&shcp=3c3d9ffb&idc=my3&from=1413970683,VIE GROUP HCM,01/10/2026 11:56,,--
586348580679287851,,Đang giao hàng,TikTok,TTASCosme - HANOI,--,--,2026,1,LRP Sữa Rửa Mặt Effaclar Purifying Foaming Gel - 50ml,https://p16-oec-sg.ibyteimg.com/tos-alisg-i-aphluv4xwc-sg/06bec7f4529a4a5fa5d0422d879eafd0~tplv-aphluv4xwc-origin-jpeg.jpeg?dr=15568&t=555f072d&ps=933b5bde&shp=54477afb&shcp=3c3d9ffb&idc=my2&from=1413970683,COSMEE HA NOI,01/10/2026 11:55,,--
586348556225447420,,Đã hủy,TikTok,TTVIEPRIME-HANOI,--,--,CB2693.3,1,COMBO 3 Cọ Môi Silicon,https://p16-oec-sg.ibyteimg.com/tos-alisg-i-aphluv4xwc-sg/41f8220f8d624c0e9f85614b053ec0b3~tplv-aphluv4xwc-origin-jpeg.jpeg?dr=15568&t=555f072d&ps=933b5bde&shp=54477afb&shcp=3c3d9ffb&idc=my2&from=1413970683,COSMEE HA NOI,01/10/2026 11:53,,Chờ xử lý
586348573865379199,,Đã hủy,TikTok,TTVIEPRIME-HANOI,--,--,CB2693.3,1,COMBO 3 Cọ Môi Silicon,https://p16-oec-sg.ibyteimg.com/tos-alisg-i-aphluv4xwc-sg/41f8220f8d624c0e9f85614b053ec0b3~tplv-aphluv4xwc-origin-jpeg.jpeg?dr=15568&t=555f072d&ps=933b5bde&shp=54477afb&shcp=3c3d9ffb&idc=my2&from=1413970683,COSMEE HA NOI,01/10/2026 11:53,,--
586348527147910376,,Đã hủy,TikTok,TTVIEPRIME-HANOI,--,--,CB2693.3,1,COMBO 3 Cọ Môi Silicon,https://p16-oec-sg.ibyteimg.com/tos-alisg-i-aphluv4xwc-sg/41f8220f8d624c0e9f85614b053ec0b3~tplv-aphluv4xwc-origin-jpeg.jpeg?dr=15568&t=555f072d&ps=933b5bde&shp=54477afb&shcp=3c3d9ffb&idc=my2&from=1413970683,COSMEE HA NOI,01/10/2026 11:52,,--
586348514451621784,,Đã hủy,TikTok,TTASCosme - HANOI,--,--,,1,,https://p16-oec-sg.ibyteimg.com/tos-alisg-i-aphluv4xwc-sg/69373072c3f94d72946e7613adccd008~tplv-aphluv4xwc-origin-jpeg.jpeg?dr=15568&t=555f072d&ps=933b5bde&shp=54477afb&shcp=3c3d9ffb&idc=my&from=1413970683,COSMEE HA NOI,01/10/2026 11:51,,--
586348570278462975,,Đang giao hàng,TikTok,TTVIESGN-HCM,--,--,2701,1,CERAVE Sữa Rửa Mặt Foaming Cleanser - 88ml FRANCE,https://p16-oec-sg.ibyteimg.com/tos-alisg-i-aphluv4xwc-sg/cc9742efae154cb89c3e62363dff00b1~tplv-aphluv4xwc-origin-jpeg.jpeg?dr=15568&t=555f072d&ps=933b5bde&shp=54477afb&shcp=3c3d9ffb&idc=my&from=1413970683,VIE GROUP HCM,01/10/2026 11:51,,--
586348413560915660,,Đang giao hàng,TikTok,TTEPRIME-MALL-HCM,--,--,1350,1,CERAVE Sữa Rửa Mặt Foaming Cleanser - 30ml FRANCE,https://p16-oec-sg.ibyteimg.com/tos-alisg-i-aphluv4xwc-sg/b203882fafcc4a5dbc6ce5bef84bd40b~tplv-aphluv4xwc-origin-jpeg.jpeg?dr=15568&t=555f072d&ps=933b5bde&shp=54477afb&shcp=3c3d9ffb&idc=my&from=1413970683,VIE GROUP HCM,01/10/2026 11:47,,--
586348448343491916,,Đã hủy,TikTok,TTVIEPRIME-HANOI,--,--,CB2693.3,1,COMBO 3 Cọ Môi Silicon,https://p16-oec-sg.ibyteimg.com/tos-alisg-i-aphluv4xwc-sg/41f8220f8d624c0e9f85614b053ec0b3~tplv-aphluv4xwc-origin-jpeg.jpeg?dr=15568&t=555f072d&ps=933b5bde&shp=54477afb&shcp=3c3d9ffb&idc=my2&from=1413970683,COSMEE HA NOI,01/10/2026 11:46,,Chờ xử lý
586348394682419172,,Đang giao hàng,TikTok,TTASCosme - HANOI,--,--,,2,"Vaseline Serum Gluta-Hya Serum Burst Lotion Overnight Radiance Repair, Mặt Nạ Dưỡng Thể 70ml",https://p16-oec-sg.ibyteimg.com/tos-alisg-i-aphluv4xwc-sg/0222d1ab10354c57a66ecec361d7f578~tplv-aphluv4xwc-origin-jpeg.jpeg?dr=15568&t=555f072d&ps=933b5bde&shp=54477afb&shcp=3c3d9ffb&idc=my2&from=1413970683,COSMEE HA NOI,01/10/2026 11:44,,--
586348410899564107,,Đang giao hàng,TikTok,TTVIESGN-HCM,--,--,1350,1,CERAVE Sữa Rửa Mặt Foaming Cleanser - 30ml FRANCE,https://p16-oec-sg.ibyteimg.com/tos-alisg-i-aphluv4xwc-sg/e6a9105da8614796ac0e8db7403f7c49~tplv-aphluv4xwc-origin-jpeg.jpeg?dr=15568&t=555f072d&ps=933b5bde&shp=54477afb&shcp=3c3d9ffb&idc=my2&from=1413970683,VIE GROUP HCM,01/10/2026 11:43,,--
586348408908515038,,Đang giao hàng,TikTok,TTEPRIME-MALL-HCM,--,--,2026,1,LRP Sữa Rửa Mặt Effaclar Purifying Foaming Gel - 50ml,https://p16-oec-sg.ibyteimg.com/tos-alisg-i-aphluv4xwc-sg/e34ab459d15b4717b53d8bd8fe469991~tplv-aphluv4xwc-origin-jpeg.jpeg?dr=15568&t=555f072d&ps=933b5bde&shp=54477afb&shcp=3c3d9ffb&idc=my&from=1413970683,VIE GROUP HCM,01/10/2026 11:42,,--
261001FCKF0JAP,,Đã hoàn thành,Shopee,SHVIEMart - HCM,--,--,2309,1,SAFEGUARD Nước Rửa Tay Sạch Dịu Nhẹ Cho Da 420ml - Trắng Tinh Khiết [TÚI REFILL],https://cf.shopee.vn/file/vn-11134207-820l4-mj7x5eizsk5jbb_tn,VIE GROUP HCM,01/10/2026 11:42,04/10/2026 10:21,--
261001FCKF0JAP,,Đã hoàn thành,Shopee,SHVIEMart - HCM,--,--,2310,1,SAFEGUARD Nước Rửa Tay Sạch Dịu Nhẹ Cho Da 420ml -Hoa Hồng Lô Hộ [TÚI REFILL],https://cf.shopee.vn/file/vn-11134207-820l4-mj7x5k5hdhqb23_tn,VIE GROUP HCM,01/10/2026 11:42,04/10/2026 10:21,--
261001FCHRKSBF,,Đã hủy,Shopee,SHVIEPro-HANOI,--,--,CB1982.3,4,COMBO 3 CHAI - LOREAL Nước Tẩy Trang Revitalift Hyaluronic Acid Hydrating Micellar Water [Tím] - 95ml,https://cf.shopee.vn/file/vn-11134207-7r98o-lp3u0heu761n71_tn,COSMEE HA NOI,01/10/2026 11:41,,Chờ xử lý
586348358875776141,,Đang giao hàng,TikTok,TTEPRIME-MALL-HCM,--,--,1350,1,CERAVE Sữa Rửa Mặt Foaming Cleanser - 30ml FRANCE,https://p16-oec-sg.ibyteimg.com/tos-alisg-i-aphluv4xwc-sg/50806a02e3104a3bb34e537bc386ab64~tplv-aphluv4xwc-origin-jpeg.jpeg?dr=15568&t=555f072d&ps=933b5bde&shp=54477afb&shcp=3c3d9ffb&idc=my2&from=1413970683,VIE GROUP HCM,01/10/2026 11:40,,--
586348453354570933,,Đang giao hàng,TikTok,TTEPRIME-MALL-HCM,--,--,2026,1,LRP Sữa Rửa Mặt Effaclar Purifying Foaming Gel - 50ml,https://p16-oec-sg.ibyteimg.com/tos-alisg-i-aphluv4xwc-sg/e34ab459d15b4717b53d8bd8fe469991~tplv-aphluv4xwc-origin-jpeg.jpeg?dr=15568&t=555f072d&ps=933b5bde&shp=54477afb&shcp=3c3d9ffb&idc=my&from=1413970683,VIE GROUP HCM,01/10/2026 11:39,,--
586348301108872782,,Đã hủy,TikTok,TTVIEPRIME-HANOI,--,--,,1,,https://p16-oec-sg.ibyteimg.com/tos-alisg-i-aphluv4xwc-sg/1491a3e4f15e4b5dae49a5fc1dba3db6~tplv-aphluv4xwc-origin-jpeg.jpeg?dr=15568&t=555f072d&ps=933b5bde&shp=54477afb&shcp=3c3d9ffb&idc=my2&from=1413970683,COSMEE HA NOI,01/10/2026 11:39,,Chờ xử lý
261001FC7373TK,,Đã hoàn thành,Shopee,SHEP - HCM,--,--,CB1915.10,1,"[COMBO 10 MIẾNG] KYUNG LAB Mặt Nạ Dưỡng Ẩm, Phục Hồi Da Kyung Lab PDRN Therapy Mask 23ml",https://cf.shopee.vn/file/vn-11134207-81ztc-msxh5g9p4kxs55_tn,VIE GROUP HCM,01/10/2026 11:35,04/10/2026 13:17,--
261001FC63SDE3,,Đã hủy,Shopee,SHEPRIME2-MALL - HCM,--,--,2026,1,LRP Sữa Rửa Mặt Effaclar Purifying Foaming Gel - 50ml,https://cf.shopee.vn/file/vn-11134207-81ztc-ms4g1nr09wck4c_tn,VIE GROUP HCM,01/10/2026 11:34,,Chờ xử lý
261001FC566SW8,,Đang giao hàng,Shopee,SHEP - HCM,--,--,2443,1,SVR Sữa Rửa Mặt SEBIACLEAR Gel Moussant - 55ml,https://cf.shopee.vn/file/vn-11134207-81ztc-mp7gbatdqi9se6_tn,VIE GROUP HCM,01/10/2026 11:34,,--
586348181046789326,,Đang giao hàng,TikTok,TTEPRIME-MALL-HCM,--,--,CB2026.3,1,COMBO 3 TUÝP LRP Sữa Rửa Mặt Effaclar Purifying Foaming Gel - 50ml,https://p16-oec-sg.ibyteimg.com/tos-alisg-i-aphluv4xwc-sg/4fdb1010396942c6bcbbb4ff16ba3159~tplv-aphluv4xwc-origin-jpeg.jpeg?dr=15568&t=555f072d&ps=933b5bde&shp=54477afb&shcp=3c3d9ffb&idc=my&from=1413970683,VIE GROUP HCM,01/10/2026 11:32,,--
586348067228583253,,Đang giao hàng,TikTok,TTEPRIME-MALL-HCM,--,--,CB1350.3,1,COMBO 3 Chai 30ml CERAVE Sữa Rửa Mặt Foaming Cleanser,https://p16-oec-sg.ibyteimg.com/tos-alisg-i-aphluv4xwc-sg/a2376db661934510bc5ab6e7f01657b3~tplv-aphluv4xwc-origin-jpeg.jpeg?dr=15568&t=555f072d&ps=933b5bde&shp=54477afb&shcp=3c3d9ffb&idc=my2&from=1413970683,VIE GROUP HCM,01/10/2026 11:22,,--
586348104894088334,Đơn hàng trùng lặp,Đang giao hàng,TikTok,TTEPRIME-MALL-HCM,--,--,2026,1,LRP Sữa Rửa Mặt Effaclar Purifying Foaming Gel - 50ml,https://p16-oec-sg.ibyteimg.com/tos-alisg-i-aphluv4xwc-sg/e34ab459d15b4717b53d8bd8fe469991~tplv-aphluv4xwc-origin-jpeg.jpeg?dr=15568&t=555f072d&ps=933b5bde&shp=54477afb&shcp=3c3d9ffb&idc=my2&from=1413970683,VIE GROUP HCM,01/10/2026 11:22,,--
586348048992339086,,Đã hủy,TikTok,TTVIEPRIME-HANOI,--,--,2024,1,LRP Sữa Rửa Mặt Effaclar Purifying Foaming Gel - 15ml,https://p16-oec-sg.ibyteimg.com/tos-alisg-i-aphluv4xwc-sg/ffed6604b7e34e4cb07ce27267743d15~tplv-aphluv4xwc-origin-jpeg.jpeg?dr=15568&t=555f072d&ps=933b5bde&shp=54477afb&shcp=3c3d9ffb&idc=my&from=1413970683,COSMEE HA NOI,01/10/2026 11:21,,Chờ xử lý
586347922383275790,,Đang giao hàng,TikTok,TTEPRIME-MALL-HCM,--,--,2026,1,LRP Sữa Rửa Mặt Effaclar Purifying Foaming Gel - 50ml,https://p16-oec-sg.ibyteimg.com/tos-alisg-i-aphluv4xwc-sg/e34ab459d15b4717b53d8bd8fe469991~tplv-aphluv4xwc-origin-jpeg.jpeg?dr=15568&t=555f072d&ps=933b5bde&shp=54477afb&shcp=3c3d9ffb&idc=my&from=1413970683,VIE GROUP HCM,01/10/2026 11:14,,--
586347921643046019,,Đang giao hàng,TikTok,TTEPRIME-MALL-HCM,--,--,2026,1,LRP Sữa Rửa Mặt Effaclar Purifying Foaming Gel - 50ml,https://p16-oec-sg.ibyteimg.com/tos-alisg-i-aphluv4xwc-sg/e34ab459d15b4717b53d8bd8fe469991~tplv-aphluv4xwc-origin-jpeg.jpeg?dr=15568&t=555f072d&ps=933b5bde&shp=54477afb&shcp=3c3d9ffb&idc=my&from=1413970683,VIE GROUP HCM,01/10/2026 11:12,,--
261001FATBR8EX,,Đang giao hàng,Shopee,SHEP - HCM,--,--,2361,1,SILCOT Bông tẩy trang Unicharm - 82 miếng Xanh dương,https://cf.shopee.vn/file/vn-11134207-7ras8-mcke8s4l7qqq55_tn,VIE GROUP HCM,01/10/2026 11:10,,--
586348003360867808,,Đang giao hàng,TikTok,TTEPRIME-MALL-HCM,--,--,1351,1,CERAVE Sữa Rửa Mặt Foaming Cleanser - 473ml FRANCE,https://p16-oec-sg.ibyteimg.com/tos-alisg-i-aphluv4xwc-sg/59c0767a7b6746d38acc2427ba1e5db1~tplv-aphluv4xwc-origin-jpeg.jpeg?dr=15568&t=555f072d&ps=933b5bde&shp=54477afb&shcp=3c3d9ffb&idc=my&from=1413970683,VIE GROUP HCM,01/10/2026 11:09,,--
586347862679258140,,Đang giao hàng,TikTok,TTEPRIME-MALL-HCM,--,--,1668,1,FEMFRESH Dung Dịch Vệ Sinh Phụ Nữ Daily Intimate Wash Cam 150ml,https://p16-oec-va.ibyteimg.com/tos-maliva-i-o3syd03w52-us/f36b5c1620314eab8ca36712fc250c55~tplv-o3syd03w52-origin-jpeg.jpeg?dr=15568&t=555f072d&ps=933b5bde&shp=54477afb&shcp=3c3d9ffb&idc=my2&from=1413970683,VIE GROUP HCM,01/10/2026 11:08,,--
586347814170232107,,Đang giao hàng,TikTok,TTEPRIME-MALL-HCM,--,--,2026,1,LRP Sữa Rửa Mặt Effaclar Purifying Foaming Gel - 50ml,https://p16-oec-sg.ibyteimg.com/tos-alisg-i-aphluv4xwc-sg/e34ab459d15b4717b53d8bd8fe469991~tplv-aphluv4xwc-origin-jpeg.jpeg?dr=15568&t=555f072d&ps=933b5bde&shp=54477afb&shcp=3c3d9ffb&idc=my&from=1413970683,VIE GROUP HCM,01/10/2026 11:05,,--
261001FAB3EF7H,,Đang giao hàng,Shopee,SHVIECosme HCM,--,--,1882,1,KEYSHU mặt nạ dưỡng da - 1 Miếng ( Hành Tím ),https://cf.shopee.vn/file/vn-11134207-81ztc-ms9j7s0atu6g77_tn,VIE GROUP HCM,01/10/2026 11:01,,--
586347703659890148,,Đang giao hàng,TikTok,TTEPRIME-MALL-HCM,--,--,CB1350.3,1,COMBO 3 Chai 30ml CERAVE Sữa Rửa Mặt Foaming Cleanser,https://p16-oec-sg.ibyteimg.com/tos-alisg-i-aphluv4xwc-sg/a2376db661934510bc5ab6e7f01657b3~tplv-aphluv4xwc-origin-jpeg.jpeg?dr=15568&t=555f072d&ps=933b5bde&shp=54477afb&shcp=3c3d9ffb&idc=my&from=1413970683,VIE GROUP HCM,01/10/2026 10:58,,--
261001FA3G8QP8,,Đang giao hàng,Shopee,SHVIECosme HCM,--,--,1472,1,COMPLIMENT Sữa rửa mặt No Problem 200ml - Hồng,https://cf.shopee.vn/file/vn-11134207-81ztc-mr8kkbibchs2de_tn,VIE GROUP HCM,01/10/2026 10:57,,--
586347696521840496,Đơn hàng trùng lặp,Đang giao hàng,TikTok,TTASCosme - HANOI,--,--,1316,1,CARSLAN PHẤN PHỦ  BLACK  MAGNET SOFT FOCUS  MAKE-UP POWDER 01  PHẤN PHỦ 1G,https://p16-oec-sg.ibyteimg.com/tos-alisg-i-aphluv4xwc-sg/d2cb1f22cafd4b1ba10efa9968230ba9~tplv-aphluv4xwc-origin-jpeg.jpeg?dr=15568&t=555f072d&ps=933b5bde&shp=54477afb&shcp=3c3d9ffb&idc=my&from=1413970683,COSMEE HA NOI,01/10/2026 10:55,,--
586347679325259246,,Đang giao hàng,TikTok,TTASCosme - HANOI,--,--,2026,1,LRP Sữa Rửa Mặt Effaclar Purifying Foaming Gel - 50ml,https://p16-oec-sg.ibyteimg.com/tos-alisg-i-aphluv4xwc-sg/06bec7f4529a4a5fa5d0422d879eafd0~tplv-aphluv4xwc-origin-jpeg.jpeg?dr=15568&t=555f072d&ps=933b5bde&shp=54477afb&shcp=3c3d9ffb&idc=my&from=1413970683,COSMEE HA NOI,01/10/2026 10:53,,--
586347620524459136,,Đang giao hàng,TikTok,TTEPRIME-MALL-HCM,--,--,2026,1,LRP Sữa Rửa Mặt Effaclar Purifying Foaming Gel - 50ml,https://p16-oec-sg.ibyteimg.com/tos-alisg-i-aphluv4xwc-sg/e34ab459d15b4717b53d8bd8fe469991~tplv-aphluv4xwc-origin-jpeg.jpeg?dr=15568&t=555f072d&ps=933b5bde&shp=54477afb&shcp=3c3d9ffb&idc=my3&from=1413970683,VIE GROUP HCM,01/10/2026 10:52,,--
586347635549832909,,Đang giao hàng,TikTok,TTVIESGN-HCM,--,--,2026,1,LRP Sữa Rửa Mặt Effaclar Purifying Foaming Gel - 50ml,https://p16-oec-va.ibyteimg.com/tos-maliva-i-o3syd03w52-us/307dde19befb426e9d4f98983a79189c~tplv-o3syd03w52-origin-jpeg.jpeg?dr=15568&t=555f072d&ps=933b5bde&shp=54477afb&shcp=3c3d9ffb&idc=my&from=1413970683,VIE GROUP HCM,01/10/2026 10:51,,--
586347523027011440,,Đã hủy,TikTok,TTASCosme - HANOI,--,--,1316,1,CARSLAN PHẤN PHỦ  BLACK  MAGNET SOFT FOCUS  MAKE-UP POWDER 01  PHẤN PHỦ 1G,https://p16-oec-sg.ibyteimg.com/tos-alisg-i-aphluv4xwc-sg/d2cb1f22cafd4b1ba10efa9968230ba9~tplv-aphluv4xwc-origin-jpeg.jpeg?dr=15568&t=555f072d&ps=933b5bde&shp=54477afb&shcp=3c3d9ffb&idc=my&from=1413970683,COSMEE HA NOI,01/10/2026 10:46,,Chờ xử lý
261001F9ETFE0P,,Đã hoàn thành,Shopee,SHEPRIME2-MALL - HCM,--,--,2026,1,LRP Sữa Rửa Mặt Effaclar Purifying Foaming Gel - 50ml,https://cf.shopee.vn/file/vn-11134207-81ztc-ms4g1nr09wck4c_tn,VIE GROUP HCM,01/10/2026 10:46,02/10/2026 15:05,--
ODWTB4052007,,Đã hoàn thành,Manual,ePharmacy_ws,0983719067,Ngọc Linh ( epharmacy),1897,1,KLAIRS Toner Supple Preparation Unscented KHÔNG MÙI - 180ml,https://res.bigseller.pro/sku/images/merchantsku/944484/935165_1754365625494.jpg?imageView2/1/w/300/h/300,VIE GROUP HCM,01/10/2026 10:44,,--
ODWTB4052007,,Đã hoàn thành,Manual,ePharmacy_ws,0983719067,Ngọc Linh ( epharmacy),2443,2,SVR Sữa Rửa Mặt SEBIACLEAR Gel Moussant - 55ml,https://res.bigseller.pro/sku/images/merchantsku/944484/498427_1754365621719.jpg?imageView2/1/w/300/h/300,VIE GROUP HCM,01/10/2026 10:44,,--
ODWTB4052007,,Đã hoàn thành,Manual,ePharmacy_ws,0983719067,Ngọc Linh ( epharmacy),2439,2,SVR Sữa Rửa Mặt PHYSIOPURE Gelee Moussante - 55ml,https://res.bigseller.pro/sku/images/merchantsku/944484/662790_1754364218944.jpg?imageView2/1/w/300/h/300,VIE GROUP HCM,01/10/2026 10:44,,--
ODWTB4052007,,Đã hoàn thành,Manual,ePharmacy_ws,0983719067,Ngọc Linh ( epharmacy),2430,2,SVR Nước Tẩy Trang Physiopure Eau Micellaire - 75ml (xanh dương),https://res.bigseller.pro/sku/images/merchantsku/944484/197568_1754365721473.jpg?imageView2/1/w/300/h/300,VIE GROUP HCM,01/10/2026 10:44,,--
ODWTB4052007,,Đã hoàn thành,Manual,ePharmacy_ws,0983719067,Ngọc Linh ( epharmacy),2805,2,SVR Nước Tẩy Trang Sebiaclear Eau Micellaire - 75ml (xanh lá),https://res.bigseller.pro/sku/images/merchantsku/944484/519271_1779722217423.jpg?imageView2/1/w/300/h/300,VIE GROUP HCM,01/10/2026 10:44,,--
ODWTB4052007,,Đã hoàn thành,Manual,ePharmacy_ws,0983719067,Ngọc Linh ( epharmacy),2014,2,LRP SERUM B5 HYALU CONCENTRE - 10ml,https://res.bigseller.pro/sku/images/merchantsku/944484/889245_1782466792795.jpg?imageView2/1/w/300/h/300,VIE GROUP HCM,01/10/2026 10:44,,--
ODWTB4052007,,Đã hoàn thành,Manual,ePharmacy_ws,0983719067,Ngọc Linh ( epharmacy),2601,2,VICHY Kem Dưỡng LIFTACTIV COLLAGEN SPECIALIST 16 CREME NIGHT Ngừa Lão Hóa 15ml - Kem Đêm,https://res.bigseller.pro/sku/images/merchantsku/944484/107966_1789106976852.jpg?imageView2/1/w/300/h/300,VIE GROUP HCM,01/10/2026 10:44,,--
ODWTB4052007,,Đã hoàn thành,Manual,ePharmacy_ws,0983719067,Ngọc Linh ( epharmacy),1087,2,ANESSA Sữa Chống Nắng Perfect UV Sunscreen Mild Milk (For Sensitive Skin) SPF50+/PA++++ - 12ml (MÀU HỒNG),https://res.bigseller.pro/sku/images/merchantsku/944484/626389_1754366308303.jpg?imageView2/1/w/300/h/300,VIE GROUP HCM,01/10/2026 10:44,,--
ODWTB4052007,,Đã hoàn thành,Manual,ePharmacy_ws,0983719067,Ngọc Linh ( epharmacy),1127,2,Aspasia - Xịt Khoáng Aspasia Moist Up Face Mist Aloe Làm Dịu Mát Bổ Sung Độ Ẩm Cho Làn Da Rạng Rỡ 150ml,https://res.bigseller.pro/sku/images/merchantsku/944484/898863_1765802675558.jpg?imageView2/1/w/300/h/300,VIE GROUP HCM,01/10/2026 10:44,,--
ODWTB4052007,,Đã hoàn thành,Manual,ePharmacy_ws,0983719067,Ngọc Linh ( epharmacy),1980,2,LOREAL Nước Tẩy Trang Revitalift Crystal Purifying Micellar Water [Xám] - 95ml,https://res.bigseller.pro/sku/images/merchantsku/944484/702311_1788144582501.jpg?imageView2/1/w/300/h/300,VIE GROUP HCM,01/10/2026 10:44,,--
ODWTB4052007,,Đã hoàn thành,Manual,ePharmacy_ws,0983719067,Ngọc Linh ( epharmacy),2024,4,LRP Sữa Rửa Mặt Effaclar Purifying Foaming Gel - 15ml,https://res.bigseller.pro/sku/images/merchantsku/944484/840394_1754365814941.jpg?imageView2/1/w/300/h/300,VIE GROUP HCM,01/10/2026 10:44,,--
ODWTB4052007,,Đã hoàn thành,Manual,ePharmacy_ws,0983719067,Ngọc Linh ( epharmacy),1074,2,AMORTALS  Mút Rửa Mặt AMORTALS Dạng Giọt Nước ( CÓ HỘP KÈM),https://res.bigseller.pro/sku/images/merchantsku/944484/242814_1784782365080.jpg?imageView2/1/w/300/h/300,VIE GROUP HCM,01/10/2026 10:44,,--
ODWTB4052007,,Đã hoàn thành,Manual,ePharmacy_ws,0983719067,Ngọc Linh ( epharmacy),1350,2,CERAVE Sữa Rửa Mặt Foaming Cleanser - 30ml FRANCE,https://res.bigseller.pro/sku/images/merchantsku/944484/634847_1785651928354.jpg?imageView2/1/w/300/h/300,VIE GROUP HCM,01/10/2026 10:44,,--
ODWTB4052007,,Đã hoàn thành,Manual,ePharmacy_ws,0983719067,Ngọc Linh ( epharmacy),1274,2,BIODERMA Nước tẩy trang Sensibio H2O - 100ml,https://res.bigseller.pro/sku/images/merchantsku/944484/523387_1754366216142.jpg?imageView2/1/w/300/h/300,VIE GROUP HCM,01/10/2026 10:44,,--
ODWTB4052007,,Đã hoàn thành,Manual,ePharmacy_ws,0983719067,Ngọc Linh ( epharmacy),1270,2,BIODERMA Nước tẩy trang Sebium H2O - 100ml,https://res.bigseller.pro/sku/images/merchantsku/944484/483869_1754998314713.jpg?imageView2/1/w/300/h/300,VIE GROUP HCM,01/10/2026 10:44,,--
ODWTB4052007,,Đã hoàn thành,Manual,ePharmacy_ws,0983719067,Ngọc Linh ( epharmacy),2549,1,VASELINE Sáp Dưỡng ẨmPure Petroleum Jelly Original 5.5g,https://res.bigseller.pro/sku/images/merchantsku/944484/308855_1764252053289.jpg?imageView2/1/w/300/h/300,VIE GROUP HCM,01/10/2026 10:44,,--
ODWTB4052007,,Đã hoàn thành,Manual,ePharmacy_ws,0983719067,Ngọc Linh ( epharmacy),2548,1,VASELINE Sáp Dưỡng Ẩm Pure Petroleum Jelly - 50ml,https://res.bigseller.pro/sku/images/merchantsku/944484/282520_1785911611805.jpg?imageView2/1/w/300/h/300,VIE GROUP HCM,01/10/2026 10:44,,--
586347480491918388,,Đang giao hàng,TikTok,TTEPRIME-MALL-HCM,--,--,1745,1,GOODNDOC Kem Dưỡng Da Centella Repair Cream 50ml,https://p16-oec-sg.ibyteimg.com/tos-alisg-i-aphluv4xwc-sg/18f100bf1f9a478db4b9184a2ff48bc6~tplv-aphluv4xwc-origin-jpeg.jpeg?dr=15568&t=555f072d&ps=933b5bde&shp=54477afb&shcp=3c3d9ffb&idc=my2&from=1413970683,VIE GROUP HCM,01/10/2026 10:42,,--
586347324418459121,,Đã hủy,TikTok,TTEPRIME-MALL-HCM,--,--,1845,1,JOHNSON'S Nước hoa Baby hương ban mai - 50ml (tím),https://p16-oec-va.ibyteimg.com/tos-maliva-i-o3syd03w52-us/7f684b0b694d4bdaabfcb2ddab3ad6d4~tplv-o3syd03w52-origin-jpeg.jpeg?dr=15568&t=555f072d&ps=933b5bde&shp=54477afb&shcp=3c3d9ffb&idc=my2&from=1413970683,VIE GROUP HCM,01/10/2026 10:35,,--
586347312463841205,,Đang giao hàng,TikTok,TTEPRIME-MALL-HCM,--,--,2026,1,LRP Sữa Rửa Mặt Effaclar Purifying Foaming Gel - 50ml,https://p16-oec-sg.ibyteimg.com/tos-alisg-i-aphluv4xwc-sg/e34ab459d15b4717b53d8bd8fe469991~tplv-aphluv4xwc-origin-jpeg.jpeg?dr=15568&t=555f072d&ps=933b5bde&shp=54477afb&shcp=3c3d9ffb&idc=my&from=1413970683,VIE GROUP HCM,01/10/2026 10:30,,--
261001F81JT321,,Đang giao hàng,Shopee,SHVIECosme HCM,--,--,2601,1,VICHY Kem Dưỡng LIFTACTIV COLLAGEN SPECIALIST 16 CREME NIGHT Ngừa Lão Hóa 15ml - Kem Đêm,https://cf.shopee.vn/file/vn-11134207-81ztc-mtdi47qwf6rme9_tn,VIE GROUP HCM,01/10/2026 10:20,,--
261001F81JT321,,Đang giao hàng,Shopee,SHVIECosme HCM,--,--,2014,1,LRP SERUM B5 HYALU CONCENTRE - 10ml,https://cf.shopee.vn/file/vn-11134207-81ztc-mq7eog15lde329_tn,VIE GROUP HCM,01/10/2026 10:20,,--
586347122750883508,,Đang giao hàng,TikTok,TTEPRIME-MALL-HCM,--,--,CB1350.3,1,COMBO 3 Chai 30ml CERAVE Sữa Rửa Mặt Foaming Cleanser,https://p16-oec-sg.ibyteimg.com/tos-alisg-i-aphluv4xwc-sg/a2376db661934510bc5ab6e7f01657b3~tplv-aphluv4xwc-origin-jpeg.jpeg?dr=15568&t=555f072d&ps=933b5bde&shp=54477afb&shcp=3c3d9ffb&idc=my&from=1413970683,VIE GROUP HCM,01/10/2026 10:20,,--
261001F7XT1UXH,,Đang giao hàng,Shopee,SHVIEMart - HCM,--,--,CB1762.3,1,"COMBO 3 hộp HALLS XS Kẹo ngậm Không Đường Giúp Thơm Miệng, Giảm Ho, Đau Họng 12.6g - Watermelon",https://cf.shopee.vn/file/vn-11134207-7ras8-m1pav3c9t3un0b_tn,VIE GROUP HCM,01/10/2026 10:19,,--
261001F7WJX343,,Đã hoàn thành,Shopee,SHVIECosme HCM,--,--,1152,1,AVENE Kem dưỡng Cicalfate Repair Cream - 40ml,https://cf.shopee.vn/file/vn-11134207-81ztc-mrveslnt11qa77_tn,VIE GROUP HCM,01/10/2026 10:18,04/10/2026 00:19,--
586346993114318474,,Đang giao hàng,TikTok,TTEPRIME-MALL-HCM,--,--,2026,1,LRP Sữa Rửa Mặt Effaclar Purifying Foaming Gel - 50ml,https://p16-oec-sg.ibyteimg.com/tos-alisg-i-aphluv4xwc-sg/e34ab459d15b4717b53d8bd8fe469991~tplv-aphluv4xwc-origin-jpeg.jpeg?dr=15568&t=555f072d&ps=933b5bde&shp=54477afb&shcp=3c3d9ffb&idc=my&from=1413970683,VIE GROUP HCM,01/10/2026 10:07,,--
261001F7884Q1F,,Nền tảng đang xử lý,Shopee,SHVIECosme HCM,--,--,1127,1,Aspasia - Xịt Khoáng Aspasia Moist Up Face Mist Aloe Làm Dịu Mát Bổ Sung Độ Ẩm Cho Làn Da Rạng Rỡ 150ml,https://cf.shopee.vn/file/vn-11134207-81ztc-mpsziotao3ya56_tn,VIE GROUP HCM,01/10/2026 10:06,,--
586346946829649595,,Đang giao hàng,TikTok,TTVIESGN-HCM,--,--,2026,1,LRP Sữa Rửa Mặt Effaclar Purifying Foaming Gel - 50ml,https://p16-oec-va.ibyteimg.com/tos-maliva-i-o3syd03w52-us/307dde19befb426e9d4f98983a79189c~tplv-o3syd03w52-origin-jpeg.jpeg?dr=15568&t=555f072d&ps=933b5bde&shp=54477afb&shcp=3c3d9ffb&idc=my2&from=1413970683,VIE GROUP HCM,01/10/2026 10:04,,--
586346944563872844,,Đã hủy,TikTok,TTEPRIME-MALL-HCM,--,--,2026,1,LRP Sữa Rửa Mặt Effaclar Purifying Foaming Gel - 50ml,https://p16-oec-sg.ibyteimg.com/tos-alisg-i-aphluv4xwc-sg/e34ab459d15b4717b53d8bd8fe469991~tplv-aphluv4xwc-origin-jpeg.jpeg?dr=15568&t=555f072d&ps=933b5bde&shp=54477afb&shcp=3c3d9ffb&idc=my&from=1413970683,VIE GROUP HCM,01/10/2026 10:03,,Chờ xử lý
261001F7165C5H,,Đã hủy,Shopee,SHVIECosme HCM,--,--,1127,1,Aspasia - Xịt Khoáng Aspasia Moist Up Face Mist Aloe Làm Dịu Mát Bổ Sung Độ Ẩm Cho Làn Da Rạng Rỡ 150ml,https://cf.shopee.vn/file/vn-11134207-81ztc-mpsziotao3ya56_tn,VIE GROUP HCM,01/10/2026 10:02,,Chờ xử lý
586346805180072977,Đơn hàng trùng lặp,Đang giao hàng,TikTok,TTVIESGN-HCM,--,--,1350,1,CERAVE Sữa Rửa Mặt Foaming Cleanser - 30ml FRANCE,https://p16-oec-va.ibyteimg.com/tos-maliva-i-o3syd03w52-us/e3e9667ce3494a6c8150fb489cb2491d~tplv-o3syd03w52-origin-jpeg.jpeg?dr=15568&t=555f072d&ps=933b5bde&shp=54477afb&shcp=3c3d9ffb&idc=my&from=1413970683,VIE GROUP HCM,01/10/2026 09:57,,--
261001F6P66YY7,,Đang giao hàng,Shopee,SHVIECosme HCM,--,--,1127,1,Aspasia - Xịt Khoáng Aspasia Moist Up Face Mist Aloe Làm Dịu Mát Bổ Sung Độ Ẩm Cho Làn Da Rạng Rỡ 150ml,https://cf.shopee.vn/file/vn-11134207-81ztc-mpsziotao3ya56_tn,VIE GROUP HCM,01/10/2026 09:56,03/10/2026 09:01,--
261001F6NAK50C,,Đang giao hàng,Shopee,SHVIECosme HCM,--,--,2601,1,VICHY Kem Dưỡng LIFTACTIV COLLAGEN SPECIALIST 16 CREME NIGHT Ngừa Lão Hóa 15ml - Kem Đêm,https://cf.shopee.vn/file/vn-11134207-81ztc-mtdi47qwf6rme9_tn,VIE GROUP HCM,01/10/2026 09:55,,--
586346750628103185,,Đã hủy,TikTok,TTVIESGN-HCM,--,--,1350,1,CERAVE Sữa Rửa Mặt Foaming Cleanser - 30ml FRANCE,https://p16-oec-va.ibyteimg.com/tos-maliva-i-o3syd03w52-us/e3e9667ce3494a6c8150fb489cb2491d~tplv-o3syd03w52-origin-jpeg.jpeg?dr=15568&t=555f072d&ps=933b5bde&shp=54477afb&shcp=3c3d9ffb&idc=my&from=1413970683,VIE GROUP HCM,01/10/2026 09:55,,Chờ xử lý
261001F6EBC47X,,Nền tảng đang xử lý,Shopee,SHVIECosme HCM,--,--,1127,1,Aspasia - Xịt Khoáng Aspasia Moist Up Face Mist Aloe Làm Dịu Mát Bổ Sung Độ Ẩm Cho Làn Da Rạng Rỡ 150ml,https://cf.shopee.vn/file/vn-11134207-81ztc-mpsziotao3ya56_tn,VIE GROUP HCM,01/10/2026 09:52,,--
586346720492095032,Đơn hàng trùng lặp,Đang giao hàng,TikTok,TTASCosme - HANOI,--,--,2024,1,LRP Sữa Rửa Mặt Effaclar Purifying Foaming Gel - 15ml,https://p16-oec-sg.ibyteimg.com/tos-alisg-i-aphluv4xwc-sg/86ff8a443676469a980a986b0a7b152f~tplv-aphluv4xwc-origin-jpeg.jpeg?dr=15568&t=555f072d&ps=933b5bde&shp=54477afb&shcp=3c3d9ffb&idc=my3&from=1413970683,COSMEE HA NOI,01/10/2026 09:51,,--
586346675483477560,Đơn hàng trùng lặp,Đã hủy,TikTok,TTVIEPRIME-HANOI,--,--,2024,1,LRP Sữa Rửa Mặt Effaclar Purifying Foaming Gel - 15ml,https://p16-oec-sg.ibyteimg.com/tos-alisg-i-aphluv4xwc-sg/db88b950e6274f3cb02fd159d93a3fdd~tplv-aphluv4xwc-origin-jpeg.jpeg?dr=15568&t=555f072d&ps=933b5bde&shp=54477afb&shcp=3c3d9ffb&idc=my2&from=1413970683,COSMEE HA NOI,01/10/2026 09:50,,Chờ xử lý
261001F66XV2NM,,Đang giao hàng,Shopee,SHVIECosme HCM,--,--,1127,2,Aspasia - Xịt Khoáng Aspasia Moist Up Face Mist Aloe Làm Dịu Mát Bổ Sung Độ Ẩm Cho Làn Da Rạng Rỡ 150ml,https://cf.shopee.vn/file/vn-11134207-81ztc-mpsziotao3ya56_tn,VIE GROUP HCM,01/10/2026 09:47,,--
586346647692346779,,Đang giao hàng,TikTok,TTEPRIME-MALL-HCM,--,--,2026,1,LRP Sữa Rửa Mặt Effaclar Purifying Foaming Gel - 50ml,https://p16-oec-sg.ibyteimg.com/tos-alisg-i-aphluv4xwc-sg/e34ab459d15b4717b53d8bd8fe469991~tplv-aphluv4xwc-origin-jpeg.jpeg?dr=15568&t=555f072d&ps=933b5bde&shp=54477afb&shcp=3c3d9ffb&idc=my2&from=1413970683,VIE GROUP HCM,01/10/2026 09:47,,--
586346671378957880,,Đã hủy,TikTok,TTEPRIME-MALL-HCM,--,--,2026,1,LRP Sữa Rửa Mặt Effaclar Purifying Foaming Gel - 50ml,https://p16-oec-sg.ibyteimg.com/tos-alisg-i-aphluv4xwc-sg/e34ab459d15b4717b53d8bd8fe469991~tplv-aphluv4xwc-origin-jpeg.jpeg?dr=15568&t=555f072d&ps=933b5bde&shp=54477afb&shcp=3c3d9ffb&idc=my&from=1413970683,VIE GROUP HCM,01/10/2026 09:46,,Chờ xử lý
586346630824953542,,Đang giao hàng,TikTok,TTEPRIME-MALL-HCM,--,--,2026,1,LRP Sữa Rửa Mặt Effaclar Purifying Foaming Gel - 50ml,https://p16-oec-sg.ibyteimg.com/tos-alisg-i-aphluv4xwc-sg/e34ab459d15b4717b53d8bd8fe469991~tplv-aphluv4xwc-origin-jpeg.jpeg?dr=15568&t=555f072d&ps=933b5bde&shp=54477afb&shcp=3c3d9ffb&idc=my2&from=1413970683,VIE GROUP HCM,01/10/2026 09:44,,--
261001F5TNXAW8,,Đang giao hàng,Shopee,SHEP - HCM,--,--,CB1915.10,2,"[COMBO 10 MIẾNG] KYUNG LAB Mặt Nạ Dưỡng Ẩm, Phục Hồi Da Kyung Lab PDRN Therapy Mask 23ml",https://cf.shopee.vn/file/vn-11134207-81ztc-msxh5g9p4kxs55_tn,VIE GROUP HCM,01/10/2026 09:41,,--
586346572383683807,,Đang giao hàng,TikTok,TTEPRIME-MALL-HCM,--,--,2026,1,LRP Sữa Rửa Mặt Effaclar Purifying Foaming Gel - 50ml,https://p16-oec-sg.ibyteimg.com/tos-alisg-i-aphluv4xwc-sg/e34ab459d15b4717b53d8bd8fe469991~tplv-aphluv4xwc-origin-jpeg.jpeg?dr=15568&t=555f072d&ps=933b5bde&shp=54477afb&shcp=3c3d9ffb&idc=my2&from=1413970683,VIE GROUP HCM,01/10/2026 09:39,,--
261001F5Q1JSQS,,Đang giao hàng,Shopee,SHCOSMEE-HANOI,--,--,CB1982.2,1,COMBO 2 CHAI - LOREAL Nước Tẩy Trang Revitalift Hyaluronic Acid Hydrating Micellar Water [Tím] - 95ml,https://cf.shopee.vn/file/vn-11134207-81ztc-mqrd35ylcm4r03_tn,COSMEE HA NOI,01/10/2026 09:38,,--
586346540159567253,,Đang giao hàng,TikTok,TTVIESGN-HCM,--,--,CB2026.3,1,COMBO 3 TUÝP LRP Sữa Rửa Mặt Effaclar Purifying Foaming Gel - 50ml,https://p16-oec-va.ibyteimg.com/tos-maliva-i-o3syd03w52-us/e5a2cc16ea2a4127b9e3e75cc1ef1a41~tplv-o3syd03w52-origin-jpeg.jpeg?dr=15568&t=555f072d&ps=933b5bde&shp=54477afb&shcp=3c3d9ffb&idc=my2&from=1413970683,VIE GROUP HCM,01/10/2026 09:38,,--
586346516532462853,,Đang giao hàng,TikTok,TTVIEPRIME-HANOI,--,--,1350 Lẻ 1 Da Dầu 30ml,1,CERAVE Sữa Rửa Mặt Foaming Cleanser - 30ml FRANCE,https://p16-oec-sg.ibyteimg.com/tos-alisg-i-aphluv4xwc-sg/aa6674c745e24a0c898498161668b853~tplv-aphluv4xwc-origin-jpeg.jpeg?dr=15568&t=555f072d&ps=933b5bde&shp=54477afb&shcp=3c3d9ffb&idc=my&from=1413970683,VIE GROUP HCM,01/10/2026 09:35,,--
586346477171410181,,Đã hủy,TikTok,TTVIEPRIME-HANOI,--,--,CB1350.3 COMBO 3 Dầu x 30ml,1,COMBO 3 Chai 30ml CERAVE Sữa Rửa Mặt Foaming Cleanser,https://p16-oec-sg.ibyteimg.com/tos-alisg-i-aphluv4xwc-sg/a66ef569c50d41e5a9f53922eaa4f2fd~tplv-aphluv4xwc-origin-jpeg.jpeg?dr=15568&t=555f072d&ps=933b5bde&shp=54477afb&shcp=3c3d9ffb&idc=my&from=1413970683,COSMEE HA NOI,01/10/2026 09:34,,--
261001F5D41MGX,,Đang giao hàng,Shopee,SHCOSMEE-HANOI,--,--,1475,1,COMPLIMENT Sữa rửa mặt No Problem 200ml - Xanh ngọc,https://cf.shopee.vn/file/vn-11134207-7ras8-mdps4ee6u1bj81_tn,COSMEE HA NOI,01/10/2026 09:33,,--
261001F59AXG2X,,Đang giao hàng,Shopee,SHEP - HCM,--,--,1943,3,LAMEILA Bông tẩy trang 222 miếng - Vàng FM,https://cf.shopee.vn/file/vn-11134207-81ztc-mr9n9lforriab0_tn,VIE GROUP HCM,01/10/2026 09:31,,--
586346432120194969,,Đang giao hàng,TikTok,TTEPRIME-MALL-HCM,--,--,1350,2,CERAVE Sữa Rửa Mặt Foaming Cleanser - 30ml FRANCE,https://p16-oec-sg.ibyteimg.com/tos-alisg-i-aphluv4xwc-sg/50806a02e3104a3bb34e537bc386ab64~tplv-aphluv4xwc-origin-jpeg.jpeg?dr=15568&t=555f072d&ps=933b5bde&shp=54477afb&shcp=3c3d9ffb&idc=my3&from=1413970683,VIE GROUP HCM,01/10/2026 09:30,,--
586346461247538478,,Đang giao hàng,TikTok,TTEPRIME-MALL-HCM,--,--,2026,1,LRP Sữa Rửa Mặt Effaclar Purifying Foaming Gel - 50ml,https://p16-oec-sg.ibyteimg.com/tos-alisg-i-aphluv4xwc-sg/e34ab459d15b4717b53d8bd8fe469991~tplv-aphluv4xwc-origin-jpeg.jpeg?dr=15568&t=555f072d&ps=933b5bde&shp=54477afb&shcp=3c3d9ffb&idc=my&from=1413970683,VIE GROUP HCM,01/10/2026 09:30,,--
261001F514PQW2,,Đang giao hàng,Shopee,SHVIECosme HCM,--,--,1611,1,DR.SERA Bông Tẩy Trang Cotton Tiệt Trùng UV - PURE SNOW COTTON PAD - 150 Miếng,https://cf.shopee.vn/file/vn-11134207-81ztc-ms7yx63mj66ddb_tn,VIE GROUP HCM,01/10/2026 09:26,,--
586346337928709328,,Đang giao hàng,TikTok,TTEPRIME-MALL-HCM,--,--,1350,1,CERAVE Sữa Rửa Mặt Foaming Cleanser - 30ml FRANCE,https://p16-oec-sg.ibyteimg.com/tos-alisg-i-aphluv4xwc-sg/b203882fafcc4a5dbc6ce5bef84bd40b~tplv-aphluv4xwc-origin-jpeg.jpeg?dr=15568&t=555f072d&ps=933b5bde&shp=54477afb&shcp=3c3d9ffb&idc=my2&from=1413970683,VIE GROUP HCM,01/10/2026 09:23,,--
586346258483611640,,Đang giao hàng,TikTok,TTEPRIME-MALL-HCM,--,--,CB2026.5,1,COMBO 5 TUÝP LRP Sữa Rửa Mặt Effaclar Purifying Foaming Gel - 50ml,https://p16-oec-sg.ibyteimg.com/tos-alisg-i-aphluv4xwc-sg/aa209f876c5842a998b0bcfba253b471~tplv-aphluv4xwc-origin-jpeg.jpeg?dr=15568&t=555f072d&ps=933b5bde&shp=54477afb&shcp=3c3d9ffb&idc=my2&from=1413970683,VIE GROUP HCM,01/10/2026 09:18,,--
261001F4JCJ992,,Đã hủy,Shopee,SHVIEPro-HANOI,--,--,2014,1,LRP SERUM B5 HYALU CONCENTRE - 10ml,https://cf.shopee.vn/file/vn-11134207-7ras8-mc78u5o4mydqfd_tn,COSMEE HA NOI,01/10/2026 09:18,,Đang giao hàng
ODWTB4051991,,Đã hoàn thành,Manual,Cosmee.vn Hcm,0936111073,Hoàng (NV sale),3124,1,MAYBELLINE Mascara  Hyper Curl Chuốt Mi Đen 9.2ml,https://res.bigseller.pro/sku/images/merchantsku/944484/177304_1787051247028.jpg?imageView2/1/w/300/h/300,VIE GROUP HCM,01/10/2026 09:17,,--
ODWTB4051991,,Đã hoàn thành,Manual,Cosmee.vn Hcm,0936111073,Hoàng (NV sale),2059,1,MARVIS Kem Đánh Răng Ý 85ml – Whitening Mint (Màu bạc),https://res.bigseller.pro/sku/images/merchantsku/944484/966197_1754365905990.jpg?imageView2/1/w/300/h/300,VIE GROUP HCM,01/10/2026 09:17,,--
ODWTB4051991,,Đã hoàn thành,Manual,Cosmee.vn Hcm,0936111073,Hoàng (NV sale),2836,2,MARVIS Tăm Chỉ Nha Khoa Dental Floss Toothpick 50 Pieces - ĐEN,https://res.bigseller.pro/sku/images/merchantsku/944484/341909_1779195877049.jpg?imageView2/1/w/300/h/300,VIE GROUP HCM,01/10/2026 09:17,,--
ODWTB4051991,,Đã hoàn thành,Manual,Cosmee.vn Hcm,0936111073,Hoàng (NV sale),2802,1,MARVIS Kem đánh răng phiên bản Sinous Lily - 75ml,https://res.bigseller.pro/sku/images/merchantsku/944484/396576_1777813421341.jpg?imageView2/1/w/300/h/300,VIE GROUP HCM,01/10/2026 09:17,,--
261001F44PUNDN,,Đã hủy,Shopee,SHVIEPro-HANOI,--,--,2097,1,MINHO Bông Tẩy Trang Minho Cho Da Nhạy Cảm - 230 Miếng,https://cf.shopee.vn/file/vn-11134207-7ras8-m12kv0qokdjz5a_tn,COSMEE HA NOI,01/10/2026 09:10,,Chờ xử lý
261001F44KYK0B,,Đang giao hàng,Shopee,SHEP - HCM,--,--,CB1920.3,1,COMBO 3 MIẾNG LA SOIRÉE Bông Tẩy Trang 100% Cotton Siêu Mềm Siêu Mịn - 120 Miếng Tròn,https://cf.shopee.vn/file/vn-11134207-7r98o-lzce2fetacgx7e_tn,VIE GROUP HCM,01/10/2026 09:10,04/10/2026 21:08,--
586346113326941203,,Đã hủy,TikTok,TTVIEPRIME-HANOI,--,--,,1,OOH OIL Dầu Dưỡng Môi Lip Oil Gentle Colors 01 Roxy Red 7g,https://p16-oec-sg.ibyteimg.com/tos-alisg-i-aphluv4xwc-sg/1491a3e4f15e4b5dae49a5fc1dba3db6~tplv-aphluv4xwc-origin-jpeg.jpeg?dr=15568&t=555f072d&ps=933b5bde&shp=54477afb&shcp=3c3d9ffb&idc=my&from=1413970683,COSMEE HA NOI,01/10/2026 09:07,,Chờ lấy hàng
586346173666329617,,Đang giao hàng,TikTok,TTEPRIME-MALL-HCM,--,--,1472,1,COMPLIMENT Sữa rửa mặt No Problem 200ml - Hồng,https://p16-oec-va.ibyteimg.com/tos-maliva-i-o3syd03w52-us/d0e3c93d082c420388abbb9ec53076bb~tplv-o3syd03w52-origin-jpeg.jpeg?dr=15568&t=555f072d&ps=933b5bde&shp=54477afb&shcp=3c3d9ffb&idc=my&from=1413970683,VIE GROUP HCM,01/10/2026 09:07,,--
261001F3SPXNG7,,Đã hủy,Shopee,SHVIECosme HCM,--,--,2039,1,LRP Kem Chống Nắng Nâng Tông Kiềm Dầu Anthelios XL SPF 50+ PA++++ 50ml ( Mẫu mới XL),https://cf.shopee.vn/file/vn-11134207-81ztc-msb5pqnjpwjr1c_tn,VIE GROUP HCM,01/10/2026 09:04,,Chờ xử lý
261001F3RW7TGN,,Đã hoàn thành,Shopee,SHEP - HCM,--,--,2031,1,LRP Tẩy trang Micellar Water Ultra Sensitive Skin - 400ml (Trắng),https://cf.shopee.vn/file/vn-11134207-7ras8-maxt71xl5gbc95_tn,VIE GROUP HCM,01/10/2026 09:04,02/10/2026 17:38,--
261001F3HV60DD,,Đang giao hàng,Shopee,SHVIECosme HCM,--,--,1480,1,COMPLIMENT Toner 10% Glycolic Acid & Aloe Lô hội - 200ML,https://cf.shopee.vn/file/vn-11134207-81ztc-mqpkbgt0yp6p49_tn,VIE GROUP HCM,01/10/2026 09:01,03/10/2026 23:55,--
261001F35RWRB6,,Đang giao hàng,Shopee,SHEP - HCM,--,--,CB1922.3,1,COMBO 3 MIẾNG LA SOIRÉE Bông Tẩy Trang 100% Cotton Siêu Mềm Siêu Mịn - 225 Miếng Tròn,https://cf.shopee.vn/file/vn-11134207-7r98o-lzce2ic901n118_tn,VIE GROUP HCM,01/10/2026 08:53,,--
586345865271347109,,Đang giao hàng,TikTok,TTEPRIME-MALL-HCM,--,--,CB1350.3,1,COMBO 3 Chai 30ml CERAVE Sữa Rửa Mặt Foaming Cleanser,https://p16-oec-sg.ibyteimg.com/tos-alisg-i-aphluv4xwc-sg/a2376db661934510bc5ab6e7f01657b3~tplv-aphluv4xwc-origin-jpeg.jpeg?dr=15568&t=555f072d&ps=933b5bde&shp=54477afb&shcp=3c3d9ffb&idc=my&from=1413970683,VIE GROUP HCM,01/10/2026 08:50,,--
261001F30CANTE,,Đã hoàn thành,Shopee,SHEPRIME2-MALL - HCM,--,--,CB2026.3,1,COMBO 3 TUÝP LRP Sữa Rửa Mặt Effaclar Purifying Foaming Gel - 50ml,https://cf.shopee.vn/file/vn-11134207-81ztc-ms4g20918mbm6c_tn,VIE GROUP HCM,01/10/2026 08:50,02/10/2026 14:42,--
586345888808208332,,Đang giao hàng,TikTok,TTEPRIME-MALL-HCM,--,--,2367,1,SIMPLE Nước Tẩy Trang Micellar Cleansing Water - 200ml,https://p16-oec-va.ibyteimg.com/tos-maliva-i-o3syd03w52-us/5e96411fea1b46bca0ca626bb182e1a9~tplv-o3syd03w52-origin-jpeg.jpeg?dr=15568&t=555f072d&ps=933b5bde&shp=54477afb&shcp=3c3d9ffb&idc=my2&from=1413970683,VIE GROUP HCM,01/10/2026 08:50,,--
586345971528206010,Đơn hàng trùng lặp,Đang giao hàng,TikTok,TTASCosme - HANOI,--,--,1316,1,CARSLAN PHẤN PHỦ  BLACK  MAGNET SOFT FOCUS  MAKE-UP POWDER 01  PHẤN PHỦ 1G,https://p16-oec-sg.ibyteimg.com/tos-alisg-i-aphluv4xwc-sg/d2cb1f22cafd4b1ba10efa9968230ba9~tplv-aphluv4xwc-origin-jpeg.jpeg?dr=15568&t=555f072d&ps=933b5bde&shp=54477afb&shcp=3c3d9ffb&idc=my&from=1413970683,COSMEE HA NOI,01/10/2026 08:49,,--
586345921502283450,,Đã hủy,TikTok,TTASCosme - HANOI,--,--,1316,1,CARSLAN PHẤN PHỦ  BLACK  MAGNET SOFT FOCUS  MAKE-UP POWDER 01  PHẤN PHỦ 1G,https://p16-oec-sg.ibyteimg.com/tos-alisg-i-aphluv4xwc-sg/d2cb1f22cafd4b1ba10efa9968230ba9~tplv-aphluv4xwc-origin-jpeg.jpeg?dr=15568&t=555f072d&ps=933b5bde&shp=54477afb&shcp=3c3d9ffb&idc=my&from=1413970683,COSMEE HA NOI,01/10/2026 08:48,,Chưa thanh toán
586345919062967311,,Đang giao hàng,TikTok,TTEPRIME-MALL-HCM,--,--,2026,1,LRP Sữa Rửa Mặt Effaclar Purifying Foaming Gel - 50ml,https://p16-oec-sg.ibyteimg.com/tos-alisg-i-aphluv4xwc-sg/e34ab459d15b4717b53d8bd8fe469991~tplv-aphluv4xwc-origin-jpeg.jpeg?dr=15568&t=555f072d&ps=933b5bde&shp=54477afb&shcp=3c3d9ffb&idc=my&from=1413970683,VIE GROUP HCM,01/10/2026 08:46,,--
261001F2RQ91DF,,Đã hoàn thành,Shopee,SHEP - HCM,--,--,1472,1,COMPLIMENT Sữa rửa mặt No Problem 200ml - Hồng,https://cf.shopee.vn/file/vn-11134207-7ras8-m12a0k10v2mz20_tn,VIE GROUP HCM,01/10/2026 08:46,02/10/2026 11:10,--
586345807828190688,,Đang giao hàng,TikTok,TTEPharma-MALL-HCM,--,--,1480,1,COMPLIMENT Toner 10% Glycolic Acid & Aloe Lô hội - 200ML,https://p16-oec-sg.ibyteimg.com/tos-alisg-i-aphluv4xwc-sg/cf13e1c94455461cb4344593a1731f05~tplv-aphluv4xwc-origin-jpeg.jpeg?dr=15568&t=555f072d&ps=933b5bde&shp=54477afb&shcp=3c3d9ffb&idc=my3&from=1413970683,VIE GROUP HCM,01/10/2026 08:43,,--
586345778795874075,,Đang giao hàng,TikTok,TTEPRIME-MALL-HCM,--,--,CB2026.3,1,COMBO 3 TUÝP LRP Sữa Rửa Mặt Effaclar Purifying Foaming Gel - 50ml,https://p16-oec-sg.ibyteimg.com/tos-alisg-i-aphluv4xwc-sg/4fdb1010396942c6bcbbb4ff16ba3159~tplv-aphluv4xwc-origin-jpeg.jpeg?dr=15568&t=555f072d&ps=933b5bde&shp=54477afb&shcp=3c3d9ffb&idc=my&from=1413970683,VIE GROUP HCM,01/10/2026 08:43,,--
586345808855467299,,Đang giao hàng,TikTok,TTEPRIME-MALL-HCM,--,--,CB2026.3,1,COMBO 3 TUÝP LRP Sữa Rửa Mặt Effaclar Purifying Foaming Gel - 50ml,https://p16-oec-sg.ibyteimg.com/tos-alisg-i-aphluv4xwc-sg/4fdb1010396942c6bcbbb4ff16ba3159~tplv-aphluv4xwc-origin-jpeg.jpeg?dr=15568&t=555f072d&ps=933b5bde&shp=54477afb&shcp=3c3d9ffb&idc=my2&from=1413970683,VIE GROUP HCM,01/10/2026 08:41,,--
586345730052883815,,Đang giao hàng,TikTok,TTEPRIME-MALL-HCM,--,--,1857,1,JOHNSON'S Sữa tắm gội Baby Top-To-Toe Hair & Body (Vàng) - 100ml,https://p16-oec-va.ibyteimg.com/tos-maliva-i-o3syd03w52-us/b9fc1654e104431ca29dcffc5d7253a0~tplv-o3syd03w52-origin-jpeg.jpeg?dr=15568&t=555f072d&ps=933b5bde&shp=54477afb&shcp=3c3d9ffb&idc=my2&from=1413970683,VIE GROUP HCM,01/10/2026 08:41,,--
586345764461643744,,Đang giao hàng,TikTok,TTVIEPRIME-HANOI,--,--,2024,1,LRP Sữa Rửa Mặt Effaclar Purifying Foaming Gel - 15ml,https://p16-oec-sg.ibyteimg.com/tos-alisg-i-aphluv4xwc-sg/db88b950e6274f3cb02fd159d93a3fdd~tplv-aphluv4xwc-origin-jpeg.jpeg?dr=15568&t=555f072d&ps=933b5bde&shp=54477afb&shcp=3c3d9ffb&idc=my&from=1413970683,COSMEE HA NOI,01/10/2026 08:40,,--
586345807733687746,,Đang giao hàng,TikTok,TTASCosme - HANOI,--,--,2782,1,CARSLAN PHẤN PHỦ  BLACK  MAGNET SOFT FOCUS  MAKE-UP POWDER 05 Blue  Purple PHẤN PHỦ 1G,https://p16-oec-sg.ibyteimg.com/tos-alisg-i-aphluv4xwc-sg/b8382b5e7b254538ac23c8db9fd85ffb~tplv-aphluv4xwc-origin-jpeg.jpeg?dr=15568&t=555f072d&ps=933b5bde&shp=54477afb&shcp=3c3d9ffb&idc=my2&from=1413970683,COSMEE HA NOI,01/10/2026 08:40,,--
586345672696038622,,Đang giao hàng,TikTok,TTEPRIME-MALL-HCM,--,--,2026,1,LRP Sữa Rửa Mặt Effaclar Purifying Foaming Gel - 50ml,https://p16-oec-sg.ibyteimg.com/tos-alisg-i-aphluv4xwc-sg/e34ab459d15b4717b53d8bd8fe469991~tplv-aphluv4xwc-origin-jpeg.jpeg?dr=15568&t=555f072d&ps=933b5bde&shp=54477afb&shcp=3c3d9ffb&idc=my&from=1413970683,VIE GROUP HCM,01/10/2026 08:31,,--
ODWTB4051988,,Đã hoàn thành,Manual,ePharmacy_ws,CN00000408,Công Ty TNHH 86 Market (epharmacy),1181,15,BALANCE Serum Active Formula Niacinamide 15% 30ml,https://res.bigseller.pro/sku/images/merchantsku/944484/762821_1787502898969.jpg?imageView2/1/w/300/h/300,VIE GROUP HCM,01/10/2026 08:29,,--
ODWTB4051988,,Đã hoàn thành,Manual,ePharmacy_ws,CN00000408,Công Ty TNHH 86 Market (epharmacy),1658,25,EUCRYL Kem Đánh Răng Toothpaste 62g,https://res.bigseller.pro/sku/images/merchantsku/944484/767288_1754365717694.jpg?imageView2/1/w/300/h/300,VIE GROUP HCM,01/10/2026 08:29,,--
261001F1PXQUSD,,Đang giao hàng,Shopee,SHEP - HCM,--,--,CB2360.2,1,COMBO 2 Hộp SILCOT Bông tẩy trang Unicharm - 66 miếng Xanh lá,https://cf.shopee.vn/file/vn-11134207-81ztc-mp1qlge18op77e_tn,VIE GROUP HCM,01/10/2026 08:27,,--
261001F1GKM7PH,,Đã hủy,Shopee,SHEP - HCM,--,--,1642,1,ETIAXIL Lăn khử mùi 15ml - Xanh,https://cf.shopee.vn/file/vn-11134207-7ra0g-m8varoz627am1b_tn,VIE GROUP HCM,01/10/2026 08:23,,Đang giao hàng
261001F1FEDX6K,,Đã hoàn thành,Shopee,SHEP - HCM,--,--,2031,1,LRP Tẩy trang Micellar Water Ultra Sensitive Skin - 400ml (Trắng),https://cf.shopee.vn/file/vn-11134207-7ras8-maxt71xl5gbc95_tn,VIE GROUP HCM,01/10/2026 08:23,04/10/2026 15:16,--
586345519992046984,,Đang giao hàng,TikTok,TTEPRIME-MALL-HCM,--,--,2026,1,LRP Sữa Rửa Mặt Effaclar Purifying Foaming Gel - 50ml,https://p16-oec-sg.ibyteimg.com/tos-alisg-i-aphluv4xwc-sg/e34ab459d15b4717b53d8bd8fe469991~tplv-aphluv4xwc-origin-jpeg.jpeg?dr=15568&t=555f072d&ps=933b5bde&shp=54477afb&shcp=3c3d9ffb&idc=my&from=1413970683,VIE GROUP HCM,01/10/2026 08:22,,--
586345538304115803,,Đang giao hàng,TikTok,TTASCosme - HANOI,--,--,1316,1,CARSLAN PHẤN PHỦ  BLACK  MAGNET SOFT FOCUS  MAKE-UP POWDER 01  PHẤN PHỦ 1G,https://p16-oec-sg.ibyteimg.com/tos-alisg-i-aphluv4xwc-sg/d2cb1f22cafd4b1ba10efa9968230ba9~tplv-aphluv4xwc-origin-jpeg.jpeg?dr=15568&t=555f072d&ps=933b5bde&shp=54477afb&shcp=3c3d9ffb&idc=my&from=1413970683,COSMEE HA NOI,01/10/2026 08:22,,--
586345478848284234,,Đang giao hàng,TikTok,TTEPRIME-MALL-HCM,--,--,CB2026.3,1,COMBO 3 TUÝP LRP Sữa Rửa Mặt Effaclar Purifying Foaming Gel - 50ml,https://p16-oec-sg.ibyteimg.com/tos-alisg-i-aphluv4xwc-sg/4fdb1010396942c6bcbbb4ff16ba3159~tplv-aphluv4xwc-origin-jpeg.jpeg?dr=15568&t=555f072d&ps=933b5bde&shp=54477afb&shcp=3c3d9ffb&idc=my&from=1413970683,VIE GROUP HCM,01/10/2026 08:19,,--
ODWTB4051987,,Đã hoàn thành,Manual,Cosmee.vn Hcm,0983719027,Diễm Trinh Cosmetic (Cosmee.hcm),1127,300,Aspasia - Xịt Khoáng Aspasia Moist Up Face Mist Aloe Làm Dịu Mát Bổ Sung Độ Ẩm Cho Làn Da Rạng Rỡ 150ml,https://res.bigseller.pro/sku/images/merchantsku/944484/898863_1765802675558.jpg?imageView2/1/w/300/h/300,VIE GROUP HCM,01/10/2026 08:18,,--
261001F11RNTN1,,Đã hoàn thành,Shopee,SHVIEPro-HANOI,--,--,2541,2,VASELINE Dưỡng môi Lip Therapy UK 20g [XT] - ROSE,https://cf.shopee.vn/file/vn-11134207-7r98o-lp0hs6qxv7fffb_tn,COSMEE HA NOI,01/10/2026 08:15,04/10/2026 15:41,--
586345498930086997,,Đang giao hàng,TikTok,TTEPRIME-MALL-HCM,--,--,CB2026.3,1,COMBO 3 TUÝP LRP Sữa Rửa Mặt Effaclar Purifying Foaming Gel - 50ml,https://p16-oec-sg.ibyteimg.com/tos-alisg-i-aphluv4xwc-sg/4fdb1010396942c6bcbbb4ff16ba3159~tplv-aphluv4xwc-origin-jpeg.jpeg?dr=15568&t=555f072d&ps=933b5bde&shp=54477afb&shcp=3c3d9ffb&idc=my&from=1413970683,VIE GROUP HCM,01/10/2026 08:14,,--
586345398801368637,,Đang giao hàng,TikTok,TTEPRIME-MALL-HCM,--,--,2026,1,LRP Sữa Rửa Mặt Effaclar Purifying Foaming Gel - 50ml,https://p16-oec-sg.ibyteimg.com/tos-alisg-i-aphluv4xwc-sg/e34ab459d15b4717b53d8bd8fe469991~tplv-aphluv4xwc-origin-jpeg.jpeg?dr=15568&t=555f072d&ps=933b5bde&shp=54477afb&shcp=3c3d9ffb&idc=my2&from=1413970683,VIE GROUP HCM,01/10/2026 08:10,,--
261001F0NY0TM2,,Đang giao hàng,Shopee,SHEP - HCM,--,--,CB2361.2,1,"SILCOT Bông tẩy trang Unicharm - 82 miếng Xanh dương, COMBO 2 HỘP",https://cf.shopee.vn/file/vn-11134207-7ras8-mcke8u9q2v4yd7_tn,VIE GROUP HCM,01/10/2026 08:09,02/10/2026 11:55,--
ODWTB4051986,,Đã hoàn thành,Manual,VieGroup Jsc,CN00001124,Ngọc Tuyền,2610,1,WEILAIYA SET Dầu Gội + XẢ Zingiber Officinale Juice - NÂU 400ml,https://res.bigseller.pro/sku/images/merchantsku/944484/591903_1789051779823.jpg?imageView2/1/w/300/h/300,VIE GROUP HCM,01/10/2026 08:08,,--
ODWTB4051986,,Đã hoàn thành,Manual,VieGroup Jsc,CN00001124,Ngọc Tuyền,3171,1,VASELINE Sữa Dưỡng Thể Trắng Da Toàn Thân Body Lotion Bản Mỹ (Màu nâu) - 725ml,https://res.bigseller.pro/sku/images/merchantsku/944484/389029_1789097999173.jpg?imageView2/1/w/300/h/300,VIE GROUP HCM,01/10/2026 08:08,,--
ODWTB4051986,,Đã hoàn thành,Manual,VieGroup Jsc,CN00001124,Ngọc Tuyền,3144,1,VASELINE Dưỡng Thể Intensive Care Essential Healing (Yến Mạch) - 725ml,https://res.bigseller.pro/sku/images/merchantsku/944484/525484_1787553862497.jpg?imageView2/1/w/300/h/300,VIE GROUP HCM,01/10/2026 08:08,,--
ODWTB4051986,,Đã hoàn thành,Manual,VieGroup Jsc,CN00001124,Ngọc Tuyền,1351,1,CERAVE Sữa Rửa Mặt Foaming Cleanser - 473ml FRANCE,https://res.bigseller.pro/sku/images/merchantsku/944484/302232_1754366311743.jpg?imageView2/1/w/300/h/300,VIE GROUP HCM,01/10/2026 08:08,,--
ODWTB4051986,,Đã hoàn thành,Manual,VieGroup Jsc,CN00001124,Ngọc Tuyền,2612,2,WEILAIYA Sữa Tắm Damask Grand Rose Extracts Whitening Shower Gel 450ml [XT],https://res.bigseller.pro/sku/images/merchantsku/944484/612610_1754365621824.jpg?imageView2/1/w/300/h/300,VIE GROUP HCM,01/10/2026 08:08,,--
ODWTB4051986,,Đã hoàn thành,Manual,VieGroup Jsc,CN00001124,Ngọc Tuyền,3210,2,WEILAIYA Sữa Tắm Trắng Da Hương Hoa Trà Niacinamide Shower Gel - 450ml,https://res.bigseller.pro/sku/images/merchantsku/944484/382785_1789718137179.jpg?imageView2/1/w/300/h/300,VIE GROUP HCM,01/10/2026 08:08,,--
ODWTB4051986,,Đã hoàn thành,Manual,VieGroup Jsc,CN00001124,Ngọc Tuyền,1745,1,GOODNDOC Kem Dưỡng Da Centella Repair Cream 50ml,https://res.bigseller.pro/sku/images/merchantsku/944484/207212_1754366310153.jpg?imageView2/1/w/300/h/300,VIE GROUP HCM,01/10/2026 08:08,,--
ODWTB4051986,,Đã hoàn thành,Manual,VieGroup Jsc,CN00001124,Ngọc Tuyền,2611,1,WEILAIYA SET Dầu Gội + XẢ Zingiber Officinale Juice - TRẮNG 400ml,https://res.bigseller.pro/sku/images/merchantsku/944484/474085_1789051715906.jpg?imageView2/1/w/300/h/300,VIE GROUP HCM,01/10/2026 08:08,,--
ODWTB4051986,,Đã hoàn thành,Manual,VieGroup Jsc,CN00001124,Ngọc Tuyền,2703,2,CARYOPHY Sữa Rửa Mặt Portulaca Cleansing Foam 150ml,https://res.bigseller.pro/sku/images/merchantsku/944484/169456_1754365626373.jpg?imageView2/1/w/300/h/300,VIE GROUP HCM,01/10/2026 08:08,,--
ODWTB4051986,,Đã hoàn thành,Manual,VieGroup Jsc,CN00001124,Ngọc Tuyền,2005,1,LRP Kem Dưỡng Cicaplast Baume B5+ Soothing Repairing Balm - 40ML,https://res.bigseller.pro/sku/images/merchantsku/944484/497540_1754365720522.jpg?imageView2/1/w/300/h/300,VIE GROUP HCM,01/10/2026 08:08,,--
ODWTB4051986,,Đã hoàn thành,Manual,VieGroup Jsc,CN00001124,Ngọc Tuyền,2390,1,SMAS Tinh Chất Cấp Ẩm HA Plus Hyaluronic Acid 100ml,https://res.bigseller.pro/sku/images/merchantsku/944484/193704_1789625935638.jpg?imageView2/1/w/300/h/300,VIE GROUP HCM,01/10/2026 08:08,,--
ODWTB4051986,,Đã hoàn thành,Manual,VieGroup Jsc,CN00001124,Ngọc Tuyền,2389,1,SMAS Tinh Chất B5 Phục Hồi Da SMAS Pro Vitamin B5 Hydra Serum - 120ml,https://res.bigseller.pro/sku/images/merchantsku/944484/945303_1782467075583.jpg?imageView2/1/w/300/h/300,VIE GROUP HCM,01/10/2026 08:08,,--
ODWTB4051986,,Đã hoàn thành,Manual,VieGroup Jsc,CN00001124,Ngọc Tuyền,2231,1,OLAY Sữa Tắm Dưỡng Trắng Olay Nội Địa Trung Vitamin C + B3 (Mẫu Mới) - 500g,https://res.bigseller.pro/sku/images/merchantsku/944484/407182_1785214648295.jpg?imageView2/1/w/300/h/300,VIE GROUP HCM,01/10/2026 08:08,,--
ODWTB4051986,,Đã hoàn thành,Manual,VieGroup Jsc,CN00001124,Ngọc Tuyền,2059,1,MARVIS Kem Đánh Răng Ý 85ml – Whitening Mint (Màu bạc),https://res.bigseller.pro/sku/images/merchantsku/944484/966197_1754365905990.jpg?imageView2/1/w/300/h/300,VIE GROUP HCM,01/10/2026 08:08,,--
ODWTB4051986,,Đã hoàn thành,Manual,VieGroup Jsc,CN00001124,Ngọc Tuyền,2767,1,MARVIS Kem đánh răng phiên bản Garden Collection 75ml - Kissing Rose ( Hoa Hồng ),https://res.bigseller.pro/sku/images/merchantsku/944484/356676_1778125732788.jpg?imageView2/1/w/300/h/300,VIE GROUP HCM,01/10/2026 08:08,,--
ODWTB4051986,,Đã hoàn thành,Manual,VieGroup Jsc,CN00001124,Ngọc Tuyền,1213,5,BEFOU  MẪU MỚI -  Bông Tẩy Trang 252Pad,https://res.bigseller.pro/sku/images/merchantsku/944484/206744_1757513310997.jpg?imageView2/1/w/300/h/300,VIE GROUP HCM,01/10/2026 08:08,,--
ODWTB4051986,,Đã hoàn thành,Manual,VieGroup Jsc,CN00001124,Ngọc Tuyền,2443,1,SVR Sữa Rửa Mặt SEBIACLEAR Gel Moussant - 55ml,https://res.bigseller.pro/sku/images/merchantsku/944484/498427_1754365621719.jpg?imageView2/1/w/300/h/300,VIE GROUP HCM,01/10/2026 08:08,,--
ODWTB4051986,,Đã hoàn thành,Manual,VieGroup Jsc,CN00001124,Ngọc Tuyền,2606,3,VOUDIOTY Tinh dầu dưỡng tóc 60ml,https://res.bigseller.pro/sku/images/merchantsku/944484/748299_1785306992707.jpg?imageView2/1/w/300/h/300,VIE GROUP HCM,01/10/2026 08:08,,--
ODWTB4051986,,Đã hoàn thành,Manual,VieGroup Jsc,CN00001124,Ngọc Tuyền,1092,1,ANESSA Sữa Chống Nắng Perfect UV Sunscreen Skincare Milk N SPF50+ PA++++ - 60ml (MÀU VÀNG),https://res.bigseller.pro/sku/images/merchantsku/944484/075403_1754365813701.jpg?imageView2/1/w/300/h/300,VIE GROUP HCM,01/10/2026 08:08,,--
ODWTB4051986,,Đã hoàn thành,Manual,VieGroup Jsc,CN00001124,Ngọc Tuyền,2672,1,Goodal Kem Ốc Sên Premium Toner Up Cream - 30ml,https://res.bigseller.pro/sku/images/merchantsku/944484/358603_1779349220713.jpg?imageView2/1/w/300/h/300,VIE GROUP HCM,01/10/2026 08:08,,--
ODWTB4051986,,Đã hoàn thành,Manual,VieGroup Jsc,CN00001124,Ngọc Tuyền,3106,2,EIRLYS Kem Dưỡng Mờ Thâm Nám Tàn Nhang Glutathione Mini - 10ml,https://res.bigseller.pro/sku/images/merchantsku/944484/714728_1785919706594.jpg?imageView2/1/w/300/h/300,VIE GROUP HCM,01/10/2026 08:08,,--
ODWTB4051986,,Đã hoàn thành,Manual,VieGroup Jsc,CN00001124,Ngọc Tuyền,2393,2,SO.NATURAL Xịt Dưỡng Nền Water Glow Make Up Setting Fixx - HỒNG NHẠT ALL DAY 35ML,https://res.bigseller.pro/sku/images/merchantsku/944484/383364_1754097264171.jpg?imageView2/1/w/300/h/300,VIE GROUP HCM,01/10/2026 08:08,,--
ODWTB4051986,,Đã hoàn thành,Manual,VieGroup Jsc,CN00001124,Ngọc Tuyền,1886,10,KEYSHU mặt nạ dưỡng da - 1 Miếng ( Rau Má ),https://res.bigseller.pro/sku/images/merchantsku/944484/255761_1765875426376.jpg?imageView2/1/w/300/h/300,VIE GROUP HCM,01/10/2026 08:08,,--
ODWTB4051986,,Đã hoàn thành,Manual,VieGroup Jsc,CN00001124,Ngọc Tuyền,2378,1,SKIN1004 Kem chống nắng Madagascar Centella Air-Fit SunCream Plus 50ml (IP04),https://res.bigseller.pro/sku/images/merchantsku/944484/448697_1754998314175.jpg?imageView2/1/w/300/h/300,VIE GROUP HCM,01/10/2026 08:08,,--
ODWTB4051986,,Đã hoàn thành,Manual,VieGroup Jsc,CN00001124,Ngọc Tuyền,2052,1,MARTIDERM Kem Chống Nắng The Originals Proteos Screen SPF50+ Color Fluid Cream 40ml,https://res.bigseller.pro/sku/images/merchantsku/944484/206879_1749719651554.jpg?imageView2/1/w/300/h/300,VIE GROUP HCM,01/10/2026 08:08,,--
ODWTB4051986,,Đã hoàn thành,Manual,VieGroup Jsc,CN00001124,Ngọc Tuyền,2791,2,Vaseline Sữa Dưỡng Thể Trắng Da Vaseline -  300ml Tuýp Hồng MẪU MỚI,https://res.bigseller.pro/sku/images/merchantsku/944484/565021_1787503245368.jpg?imageView2/1/w/300/h/300,VIE GROUP HCM,01/10/2026 08:08,,--
ODWTB4051986,,Đã hoàn thành,Manual,VieGroup Jsc,CN00001124,Ngọc Tuyền,2554,2,VASELINE Serum chống nắng 50X SPF50+ 300ml,https://res.bigseller.pro/sku/images/merchantsku/944484/922246_1754365909848.jpg?imageView2/1/w/300/h/300,VIE GROUP HCM,01/10/2026 08:08,,--
ODWTB4051986,,Đã hoàn thành,Manual,VieGroup Jsc,CN00001124,Ngọc Tuyền,2570,2,VASELINE Sữa Dưỡng Thể Gluta-Hya Serum Burst UV Lotion 330ml - XANH DƯƠNG,https://res.bigseller.pro/sku/images/merchantsku/944484/922064_1783327255871.jpg?imageView2/1/w/300/h/300,VIE GROUP HCM,01/10/2026 08:08,,--
ODWTB4051986,,Đã hoàn thành,Manual,VieGroup Jsc,CN00001124,Ngọc Tuyền,3239,5,DOVE Tinh chất Serum Ngăn Mùi 3% Niacinamide + 10x Vitamin C & E - 40ml,https://res.bigseller.pro/sku/images/merchantsku/944484/926938_1790137034966.jpg?imageView2/1/w/300/h/300,VIE GROUP HCM,01/10/2026 08:08,,--
ODWTB4051986,,Đã hoàn thành,Manual,VieGroup Jsc,CN00001124,Ngọc Tuyền,3181,5,DOVE Tinh chất Serum Ngăn Mùi 3% Niacinamide + 10x Vegan Collagen - 40ml,https://res.bigseller.pro/sku/images/merchantsku/944484/418640_1789113485690.jpg?imageView2/1/w/300/h/300,VIE GROUP HCM,01/10/2026 08:08,,--
ODWTB4051986,,Đã hoàn thành,Manual,VieGroup Jsc,CN00001124,Ngọc Tuyền,1642,2,ETIAXIL Lăn khử mùi 15ml - Xanh,https://res.bigseller.pro/sku/images/merchantsku/944484/314733_1754365814835.jpg?imageView2/1/w/300/h/300,VIE GROUP HCM,01/10/2026 08:08,,--
ODWTB4051986,,Đã hoàn thành,Manual,VieGroup Jsc,CN00001124,Ngọc Tuyền,3261,2,VASELINE Sữa Dưỡng Thể Gluta-Hya Glow Defense UV Serum SPF50+ 70X - 260ml,https://res.bigseller.pro/sku/images/merchantsku/944484/561792_1790836164090.jpg?imageView2/1/w/300/h/300,VIE GROUP HCM,01/10/2026 08:08,,--
586345294178780971,,Đang giao hàng,TikTok,TTEPharma-MALL-HCM,--,--,1853,1,JOHNSON'S Sữa tắm Adult pH 5.5 750ml - 2in1,https://p16-oec-va.ibyteimg.com/tos-maliva-i-o3syd03w52-us/e534d978437c44379c6e1021e0abbdfa~tplv-o3syd03w52-origin-jpeg.jpeg?dr=15568&t=555f072d&ps=933b5bde&shp=54477afb&shcp=3c3d9ffb&idc=my&from=1413970683,VIE GROUP HCM,01/10/2026 08:03,,--
261001F08GWFW1,Đơn hàng trùng lặp,Đã hủy,Shopee,SHVIEPro-HANOI,--,--,,1,,https://cf.shopee.vn/file/vn-11134207-81ztc-mlyfrpszt69t76_tn,VIE GROUP HCM,01/10/2026 08:01,,Chờ xử lý
586345232534046443,,Đang giao hàng,TikTok,TTEPRIME-MALL-HCM,--,--,2026,1,LRP Sữa Rửa Mặt Effaclar Purifying Foaming Gel - 50ml,https://p16-oec-sg.ibyteimg.com/tos-alisg-i-aphluv4xwc-sg/e34ab459d15b4717b53d8bd8fe469991~tplv-aphluv4xwc-origin-jpeg.jpeg?dr=15568&t=555f072d&ps=933b5bde&shp=54477afb&shcp=3c3d9ffb&idc=my&from=1413970683,VIE GROUP HCM,01/10/2026 08:00,,--
261001F04QSBM7,,Đã hủy,Shopee,SHEPRIME2-MALL - HCM,--,--,2026,1,LRP Sữa Rửa Mặt Effaclar Purifying Foaming Gel - 50ml,https://cf.shopee.vn/file/vn-11134207-81ztc-ms4g1nr09wck4c_tn,VIE GROUP HCM,01/10/2026 07:59,,Chưa thanh toán
586345227192600137,,Đang giao hàng,TikTok,TTEPRIME-MALL-HCM,--,--,2026,1,LRP Sữa Rửa Mặt Effaclar Purifying Foaming Gel - 50ml,https://p16-oec-sg.ibyteimg.com/tos-alisg-i-aphluv4xwc-sg/e34ab459d15b4717b53d8bd8fe469991~tplv-aphluv4xwc-origin-jpeg.jpeg?dr=15568&t=555f072d&ps=933b5bde&shp=54477afb&shcp=3c3d9ffb&idc=my&from=1413970683,VIE GROUP HCM,01/10/2026 07:57,,--
261001F01HPUUP,,Đã hoàn thành,Shopee,SHVIECosme HCM,--,--,1127,1,Aspasia - Xịt Khoáng Aspasia Moist Up Face Mist Aloe Làm Dịu Mát Bổ Sung Độ Ẩm Cho Làn Da Rạng Rỡ 150ml,https://cf.shopee.vn/file/vn-11134207-81ztc-mpsziotao3ya56_tn,VIE GROUP HCM,01/10/2026 07:57,02/10/2026 10:29,--
586345184762693297,,Đang giao hàng,TikTok,TTVIEPRIME-HANOI,--,--,2781,1,"CARSLAN PHẤN NÉN BLACK  MAGNET SOFT FOCUS  POWDER 04 PHẤN NÉN 1,5G",https://p16-oec-sg.ibyteimg.com/tos-alisg-i-aphluv4xwc-sg/454e5cbf89a142769586018f72b638c3~tplv-aphluv4xwc-origin-jpeg.jpeg?dr=15568&t=555f072d&ps=933b5bde&shp=54477afb&shcp=3c3d9ffb&idc=my&from=1413970683,COSMEE HA NOI,01/10/2026 07:56,,--
261001EYWUF946,,Đang giao hàng,Shopee,SHVIECosme HCM,--,--,2014,1,LRP SERUM B5 HYALU CONCENTRE - 10ml,https://cf.shopee.vn/file/vn-11134207-81ztc-mq7eog15lde329_tn,VIE GROUP HCM,01/10/2026 07:55,,--
261001EYW2NU3U,,Đã hoàn thành,Shopee,SHEP - HCM,--,--,CB1915.10,1,"[COMBO 10 MIẾNG] KYUNG LAB Mặt Nạ Dưỡng Ẩm, Phục Hồi Da Kyung Lab PDRN Therapy Mask 23ml",https://cf.shopee.vn/file/vn-11134207-81ztc-msxh5g9p4kxs55_tn,VIE GROUP HCM,01/10/2026 07:54,05/10/2026 06:57,--
586345172833633675,,Đang giao hàng,TikTok,TTEPRIME-MALL-HCM,--,--,1350,1,CERAVE Sữa Rửa Mặt Foaming Cleanser - 30ml FRANCE,https://p16-oec-sg.ibyteimg.com/tos-alisg-i-aphluv4xwc-sg/50806a02e3104a3bb34e537bc386ab64~tplv-aphluv4xwc-origin-jpeg.jpeg?dr=15568&t=555f072d&ps=933b5bde&shp=54477afb&shcp=3c3d9ffb&idc=my3&from=1413970683,VIE GROUP HCM,01/10/2026 07:54,,--
261001EYUSN2YF,,Đang giao hàng,Shopee,SHVIEPro-HANOI,--,--,,1,NEOGEN Serm Real Vitamin C 22% Serum 32g - Xanh,https://cf.shopee.vn/file/vn-11134207-7ra0g-m78ufgiyskxo38_tn,COSMEE HA NOI,01/10/2026 07:54,,--
261001EYJ6MYY3,,Đang giao hàng,Shopee,SHEP - HCM,--,--,2100,1,MINISO Bông tẩy trang Nhật Bản 100% 180 Miếng,https://cf.shopee.vn/file/vn-11134207-81ztc-mtmgtix9883o2d_tn,VIE GROUP HCM,01/10/2026 07:48,,--
261001EYFQF7SG,,Đã hoàn thành,Shopee,SHEPRIME2-MALL - HCM,--,--,2026,1,LRP Sữa Rửa Mặt Effaclar Purifying Foaming Gel - 50ml,https://cf.shopee.vn/file/vn-11134207-81ztc-ms4g1nr09wck4c_tn,VIE GROUP HCM,01/10/2026 07:52,04/10/2026 12:38,--
261001EY45EKRQ,,Đang giao hàng,Shopee,SHEPRIME2-MALL - HCM,--,--,2026,1,LRP Sữa Rửa Mặt Effaclar Purifying Foaming Gel - 50ml,https://cf.shopee.vn/file/vn-11134207-81ztc-ms4g1nr09wck4c_tn,VIE GROUP HCM,01/10/2026 07:41,,--
261001EY22PP15,,Đang giao hàng,Shopee,SHEP - HCM,--,--,1650,1,ETIAXIL Xịt khử mùi Déodorant Anti-Transpirant 48h Anti-Traces Blanches & Jaunes - Xịt thường 100ml,https://cf.shopee.vn/file/vn-11134207-820l4-mj9pbuonx3ph0b_tn,VIE GROUP HCM,01/10/2026 07:39,,--
586344944840967801,,Đang giao hàng,TikTok,TTVIESGN-HCM,--,--,2361,1,SILCOT Bông tẩy trang Unicharm - 82 miếng Xanh dương,https://p16-oec-va.ibyteimg.com/tos-maliva-i-o3syd03w52-us/2a9509330f384dfd95bb3e3c7f2d5bf5~tplv-o3syd03w52-origin-jpeg.jpeg?dr=15568&t=555f072d&ps=933b5bde&shp=54477afb&shcp=3c3d9ffb&idc=my&from=1413970683,VIE GROUP HCM,01/10/2026 07:35,,--
261001EXKWNVXY,,Đang giao hàng,Shopee,SHEP - HCM,--,--,1611,2,DR.SERA Bông Tẩy Trang Cotton Tiệt Trùng UV - PURE SNOW COTTON PAD - 150 Miếng,https://cf.shopee.vn/file/vn-11134207-81ztc-moqk9f6bbcpb8b_tn,VIE GROUP HCM,01/10/2026 07:31,,--
586344902873023973,,Đang giao hàng,TikTok,TTEPRIME-MALL-HCM,--,--,1350,1,CERAVE Sữa Rửa Mặt Foaming Cleanser - 30ml FRANCE,https://p16-oec-sg.ibyteimg.com/tos-alisg-i-aphluv4xwc-sg/50806a02e3104a3bb34e537bc386ab64~tplv-aphluv4xwc-origin-jpeg.jpeg?dr=15568&t=555f072d&ps=933b5bde&shp=54477afb&shcp=3c3d9ffb&idc=my&from=1413970683,VIE GROUP HCM,01/10/2026 07:29,,--
586344810767680793,,Đang giao hàng,TikTok,TTEPRIME-MALL-HCM,--,--,2026,1,LRP Sữa Rửa Mặt Effaclar Purifying Foaming Gel - 50ml,https://p16-oec-sg.ibyteimg.com/tos-alisg-i-aphluv4xwc-sg/e34ab459d15b4717b53d8bd8fe469991~tplv-aphluv4xwc-origin-jpeg.jpeg?dr=15568&t=555f072d&ps=933b5bde&shp=54477afb&shcp=3c3d9ffb&idc=my2&from=1413970683,VIE GROUP HCM,01/10/2026 07:23,,--
261001EX17QDMT,,Đang giao hàng,Shopee,SHEP - HCM,--,--,2030,1,LRP Tẩy Trang Effaclar Micellar Water For Oily Skin - 400ml (Xanh),https://cf.shopee.vn/file/vn-11134207-7ras8-maxt6zqsbd2042_tn,VIE GROUP HCM,01/10/2026 07:21,,--
586344781161727140,,Đang giao hàng,TikTok,TTEPRIME-MALL-HCM,--,--,1845,1,JOHNSON'S Nước hoa Baby hương ban mai - 50ml (tím),https://p16-oec-va.ibyteimg.com/tos-maliva-i-o3syd03w52-us/7f684b0b694d4bdaabfcb2ddab3ad6d4~tplv-o3syd03w52-origin-jpeg.jpeg?dr=15568&t=555f072d&ps=933b5bde&shp=54477afb&shcp=3c3d9ffb&idc=my3&from=1413970683,VIE GROUP HCM,01/10/2026 07:18,,--
261001EWRSV63W,,Đang giao hàng,Shopee,SHVIECosme HCM,--,--,2930,1,DR.SERA Mặt nạ nén tiệt trùng mềm mịn RELAXING TRAVEL COMPRESSED - Túi 10 mask,https://cf.shopee.vn/file/vn-11134207-81ztc-mot6lw2ybegy4c_tn,VIE GROUP HCM,01/10/2026 07:16,,--
261001EWN3JQS4,,Đang giao hàng,Shopee,SHEPRIME2-MALL - HCM,--,--,2026,1,LRP Sữa Rửa Mặt Effaclar Purifying Foaming Gel - 50ml,https://cf.shopee.vn/file/vn-11134207-81ztc-ms4g1nr09wck4c_tn,VIE GROUP HCM,01/10/2026 07:14,,--
261001EWD21QQY,,Đã hoàn thành,Shopee,SHEP - HCM,--,--,2060,1,"MARVIS Nước Súc Miệng Collutorio Hương Bạc Hà Thơm Mát, Hỗ Trợ Làm Sạch Khoang Miệng Jasmin Mint - 400ml",https://cf.shopee.vn/file/vn-11134207-81ztc-mlrglszukphgaf_tn,VIE GROUP HCM,01/10/2026 07:10,03/10/2026 00:02,--
586344674184365374,,Đã hủy,TikTok,TTEPRIME-MALL-HCM,--,--,CB2026.3,1,COMBO 3 TUÝP LRP Sữa Rửa Mặt Effaclar Purifying Foaming Gel - 50ml,https://p16-oec-sg.ibyteimg.com/tos-alisg-i-aphluv4xwc-sg/4fdb1010396942c6bcbbb4ff16ba3159~tplv-aphluv4xwc-origin-jpeg.jpeg?dr=15568&t=555f072d&ps=933b5bde&shp=54477afb&shcp=3c3d9ffb&idc=my3&from=1413970683,VIE GROUP HCM,01/10/2026 07:08,,Chờ lấy hàng
261001EW89GPPV,,Đã hoàn thành,Shopee,SHEPRIME2-MALL - HCM,--,--,2026,1,LRP Sữa Rửa Mặt Effaclar Purifying Foaming Gel - 50ml,https://cf.shopee.vn/file/vn-11134207-81ztc-ms4g1nr09wck4c_tn,VIE GROUP HCM,01/10/2026 07:07,03/10/2026 08:49,--
261001EVXBW772,,Đang giao hàng,Shopee,SHEP - HCM,--,--,1922,1,LA SOIRÉE Bông Tẩy Trang 100% Cotton Siêu Mềm Siêu Mịn - 225 Miếng Tròn,https://cf.shopee.vn/file/vn-11134207-7r98o-lzce2ic901n118_tn,VIE GROUP HCM,01/10/2026 07:02,04/10/2026 18:15,--
261001EVVX4899,,Đã hoàn thành,Shopee,SHEPRIME2-MALL - HCM,--,--,2026,1,LRP Sữa Rửa Mặt Effaclar Purifying Foaming Gel - 50ml,https://cf.shopee.vn/file/vn-11134207-81ztc-ms4g1nr09wck4c_tn,VIE GROUP HCM,01/10/2026 07:01,04/10/2026 11:22,--
586344580787439436,,Đang giao hàng,TikTok,TTEPRIME-MALL-HCM,--,--,2026,1,LRP Sữa Rửa Mặt Effaclar Purifying Foaming Gel - 50ml,https://p16-oec-sg.ibyteimg.com/tos-alisg-i-aphluv4xwc-sg/e34ab459d15b4717b53d8bd8fe469991~tplv-aphluv4xwc-origin-jpeg.jpeg?dr=15568&t=555f072d&ps=933b5bde&shp=54477afb&shcp=3c3d9ffb&idc=my2&from=1413970683,VIE GROUP HCM,01/10/2026 06:59,,--
261001EVSGEP8T,,Đã hủy,Shopee,SHEPRIME2-MALL - HCM,--,--,2026,1,LRP Sữa Rửa Mặt Effaclar Purifying Foaming Gel - 50ml,https://cf.shopee.vn/file/vn-11134207-81ztc-ms4g1nr09wck4c_tn,VIE GROUP HCM,01/10/2026 06:59,,Chờ xử lý
586344508994389128,,Đang giao hàng,TikTok,TTEPRIME-MALL-HCM,--,--,1350,1,CERAVE Sữa Rửa Mặt Foaming Cleanser - 30ml FRANCE,https://p16-oec-sg.ibyteimg.com/tos-alisg-i-aphluv4xwc-sg/b203882fafcc4a5dbc6ce5bef84bd40b~tplv-aphluv4xwc-origin-jpeg.jpeg?dr=15568&t=555f072d&ps=933b5bde&shp=54477afb&shcp=3c3d9ffb&idc=my2&from=1413970683,VIE GROUP HCM,01/10/2026 06:55,,--
586344537268782317,,Đang giao hàng,TikTok,TTEPRIME-MALL-HCM,--,--,2026,1,LRP Sữa Rửa Mặt Effaclar Purifying Foaming Gel - 50ml,https://p16-oec-sg.ibyteimg.com/tos-alisg-i-aphluv4xwc-sg/e34ab459d15b4717b53d8bd8fe469991~tplv-aphluv4xwc-origin-jpeg.jpeg?dr=15568&t=555f072d&ps=933b5bde&shp=54477afb&shcp=3c3d9ffb&idc=my&from=1413970683,VIE GROUP HCM,01/10/2026 06:53,,--
261001EVBBFPCT,,Đã hủy,Shopee,SHEP - HCM,--,--,2361,1,SILCOT Bông tẩy trang Unicharm - 82 miếng Xanh dương,https://cf.shopee.vn/file/vn-11134207-7ras8-mcke8s4l7qqq55_tn,VIE GROUP HCM,01/10/2026 06:51,,Đang giao hàng
261001EV0M6P8Q,,Đang giao hàng,Shopee,SHEP - HCM,--,--,2361,1,SILCOT Bông tẩy trang Unicharm - 82 miếng Xanh dương,https://cf.shopee.vn/file/vn-11134207-7ras8-mcke8s4l7qqq55_tn,VIE GROUP HCM,01/10/2026 06:45,,--
586344438104229492,,Đang giao hàng,TikTok,TTVIEPRIME-HANOI,--,--,2024,1,LRP Sữa Rửa Mặt Effaclar Purifying Foaming Gel - 15ml,https://p16-oec-sg.ibyteimg.com/tos-alisg-i-aphluv4xwc-sg/db88b950e6274f3cb02fd159d93a3fdd~tplv-aphluv4xwc-origin-jpeg.jpeg?dr=15568&t=555f072d&ps=933b5bde&shp=54477afb&shcp=3c3d9ffb&idc=my3&from=1413970683,COSMEE HA NOI,01/10/2026 06:43,,--
586344255735629498,,Đang giao hàng,TikTok,TTEPRIME-MALL-HCM,--,--,2026,1,LRP Sữa Rửa Mặt Effaclar Purifying Foaming Gel - 50ml,https://p16-oec-sg.ibyteimg.com/tos-alisg-i-aphluv4xwc-sg/e34ab459d15b4717b53d8bd8fe469991~tplv-aphluv4xwc-origin-jpeg.jpeg?dr=15568&t=555f072d&ps=933b5bde&shp=54477afb&shcp=3c3d9ffb&idc=my&from=1413970683,VIE GROUP HCM,01/10/2026 06:28,,--
261001ETTSW6U4,,Đang giao hàng,Shopee,SHEP - HCM,--,--,1472,2,COMPLIMENT Sữa rửa mặt No Problem 200ml - Hồng,https://cf.shopee.vn/file/vn-11134207-7ras8-m12a0k10v2mz20_tn,VIE GROUP HCM,01/10/2026 06:24,,--
586344173313229907,,Đang giao hàng,TikTok,TTVIESGN-HCM,--,--,1350,1,CERAVE Sữa Rửa Mặt Foaming Cleanser - 30ml FRANCE,https://p16-oec-sg.ibyteimg.com/tos-alisg-i-aphluv4xwc-sg/cc9742efae154cb89c3e62363dff00b1~tplv-aphluv4xwc-origin-jpeg.jpeg?dr=15568&t=555f072d&ps=933b5bde&shp=54477afb&shcp=3c3d9ffb&idc=my3&from=1413970683,VIE GROUP HCM,01/10/2026 06:17,,--
586344181985281524,,Đang giao hàng,TikTok,TTEPRIME-MALL-HCM,--,--,2026,1,LRP Sữa Rửa Mặt Effaclar Purifying Foaming Gel - 50ml,https://p16-oec-sg.ibyteimg.com/tos-alisg-i-aphluv4xwc-sg/e34ab459d15b4717b53d8bd8fe469991~tplv-aphluv4xwc-origin-jpeg.jpeg?dr=15568&t=555f072d&ps=933b5bde&shp=54477afb&shcp=3c3d9ffb&idc=my&from=1413970683,VIE GROUP HCM,01/10/2026 06:15,,--
586344126924031786,,Đang giao hàng,TikTok,TTEPRIME-MALL-HCM,--,--,2026,1,LRP Sữa Rửa Mặt Effaclar Purifying Foaming Gel - 50ml,https://p16-oec-sg.ibyteimg.com/tos-alisg-i-aphluv4xwc-sg/e34ab459d15b4717b53d8bd8fe469991~tplv-aphluv4xwc-origin-jpeg.jpeg?dr=15568&t=555f072d&ps=933b5bde&shp=54477afb&shcp=3c3d9ffb&idc=my&from=1413970683,VIE GROUP HCM,01/10/2026 06:12,,--
586344100695672692,,Đang giao hàng,TikTok,TTASCosme - HANOI,--,--,2782,1,CARSLAN PHẤN PHỦ  BLACK  MAGNET SOFT FOCUS  MAKE-UP POWDER 05 Blue  Purple PHẤN PHỦ 1G,https://p16-oec-sg.ibyteimg.com/tos-alisg-i-aphluv4xwc-sg/b8382b5e7b254538ac23c8db9fd85ffb~tplv-aphluv4xwc-origin-jpeg.jpeg?dr=15568&t=555f072d&ps=933b5bde&shp=54477afb&shcp=3c3d9ffb&idc=my2&from=1413970683,COSMEE HA NOI,01/10/2026 06:10,,--
261001ESTADFQ3,,Đang giao hàng,Shopee,SHVIECosme HCM,--,--,2930,1,DR.SERA Mặt nạ nén tiệt trùng mềm mịn RELAXING TRAVEL COMPRESSED - Túi 10 mask,https://cf.shopee.vn/file/vn-11134207-81ztc-mot6lw2ybegy4c_tn,VIE GROUP HCM,01/10/2026 06:06,04/10/2026 17:18,--
586344034854733328,,Đang giao hàng,TikTok,TTEPRIME-MALL-HCM,--,--,CB1350.3,2,COMBO 3 Chai 30ml CERAVE Sữa Rửa Mặt Foaming Cleanser,https://p16-oec-sg.ibyteimg.com/tos-alisg-i-aphluv4xwc-sg/a2376db661934510bc5ab6e7f01657b3~tplv-aphluv4xwc-origin-jpeg.jpeg?dr=15568&t=555f072d&ps=933b5bde&shp=54477afb&shcp=3c3d9ffb&idc=my2&from=1413970683,VIE GROUP HCM,01/10/2026 05:59,,--
261001ES3QKA6P,,Đang giao hàng,Shopee,SHEP - HCM,--,--,2028,1,LRP Sữa Rửa Mặt Sữa Tắm Lipikar Syndet AP+ Cream Wash - 200ml,https://cf.shopee.vn/file/vn-11134207-7ras8-maxucerydbrs26_tn,VIE GROUP HCM,01/10/2026 05:53,03/10/2026 17:56,--
261001ERXPB0X1,,Đã hủy,Shopee,SHVIECosme HCM,--,--,2586,1,VICHY Dầu gội Dercos Technique Anti-Dandruff Ds Advanced To Oily Hair - 50ml (Xanh da dầu),https://cf.shopee.vn/file/vn-11134207-81ztc-mnpt21gm0hs4ee_tn,VIE GROUP HCM,01/10/2026 05:50,,Chưa thanh toán
586343929269224573,,Đang giao hàng,TikTok,TTVIESGN-HCM,--,--,1350,1,CERAVE Sữa Rửa Mặt Foaming Cleanser - 30ml FRANCE,https://p16-oec-sg.ibyteimg.com/tos-alisg-i-aphluv4xwc-sg/e6a9105da8614796ac0e8db7403f7c49~tplv-aphluv4xwc-origin-jpeg.jpeg?dr=15568&t=555f072d&ps=933b5bde&shp=54477afb&shcp=3c3d9ffb&idc=my2&from=1413970683,VIE GROUP HCM,01/10/2026 05:48,,--
586343859635914383,,Đang giao hàng,TikTok,TTEPRIME-MALL-HCM,--,--,2026,1,LRP Sữa Rửa Mặt Effaclar Purifying Foaming Gel - 50ml,https://p16-oec-sg.ibyteimg.com/tos-alisg-i-aphluv4xwc-sg/e34ab459d15b4717b53d8bd8fe469991~tplv-aphluv4xwc-origin-jpeg.jpeg?dr=15568&t=555f072d&ps=933b5bde&shp=54477afb&shcp=3c3d9ffb&idc=my&from=1413970683,VIE GROUP HCM,01/10/2026 05:43,,--
586343836432828153,,Đang giao hàng,TikTok,TTEPharma-MALL-HCM,--,--,1480,1,COMPLIMENT Toner 10% Glycolic Acid & Aloe Lô hội - 200ML,https://p16-oec-sg.ibyteimg.com/tos-alisg-i-aphluv4xwc-sg/cf13e1c94455461cb4344593a1731f05~tplv-aphluv4xwc-origin-jpeg.jpeg?dr=15568&t=555f072d&ps=933b5bde&shp=54477afb&shcp=3c3d9ffb&idc=my2&from=1413970683,VIE GROUP HCM,01/10/2026 05:33,,--
261001EQ00SF3F,,Đã hoàn thành,Shopee,SHEP - HCM,--,--,2100,2,MINISO Bông tẩy trang Nhật Bản 100% 180 Miếng,https://cf.shopee.vn/file/vn-11134207-81ztc-mtmgtix9883o2d_tn,VIE GROUP HCM,01/10/2026 05:15,02/10/2026 11:45,--
261001EPS0P145,,Đang giao hàng,Shopee,SHEP - HCM,--,--,2361,1,SILCOT Bông tẩy trang Unicharm - 82 miếng Xanh dương,https://cf.shopee.vn/file/vn-11134207-7ras8-mcke8s4l7qqq55_tn,VIE GROUP HCM,01/10/2026 05:11,,--
261001EP9D0HRN,,Đã hoàn thành,Shopee,SHEPRIME2-MALL - HCM,--,--,2026,1,LRP Sữa Rửa Mặt Effaclar Purifying Foaming Gel - 50ml,https://cf.shopee.vn/file/vn-11134207-81ztc-ms4g1nr09wck4c_tn,VIE GROUP HCM,01/10/2026 05:03,04/10/2026 11:56,--
261001ENWEH49P,,Đã hủy,Shopee,SHEP - HCM,--,--,1472,1,COMPLIMENT Sữa rửa mặt No Problem 200ml - Hồng,https://cf.shopee.vn/file/vn-11134207-7ras8-m12a0k10v2mz20_tn,VIE GROUP HCM,01/10/2026 04:56,,Chờ xử lý
261001EMSWSTQX,,Đang giao hàng,Shopee,SHEPRIME2-MALL - HCM,--,--,2026,1,LRP Sữa Rửa Mặt Effaclar Purifying Foaming Gel - 50ml,https://cf.shopee.vn/file/vn-11134207-81ztc-ms4g1nr09wck4c_tn,VIE GROUP HCM,01/10/2026 04:36,,--
586343475062408852,,Đã hủy,TikTok,TTEPRIME-MALL-HCM,--,--,1350,1,CERAVE Sữa Rửa Mặt Foaming Cleanser - 30ml FRANCE,https://p16-oec-sg.ibyteimg.com/tos-alisg-i-aphluv4xwc-sg/50806a02e3104a3bb34e537bc386ab64~tplv-aphluv4xwc-origin-jpeg.jpeg?dr=15568&t=555f072d&ps=933b5bde&shp=54477afb&shcp=3c3d9ffb&idc=my&from=1413970683,VIE GROUP HCM,01/10/2026 04:31,,Chờ xử lý
586343419003963069,,Đang giao hàng,TikTok,TTVIESGN-HCM,--,--,1350,1,CERAVE Sữa Rửa Mặt Foaming Cleanser - 30ml FRANCE,https://p16-oec-sg.ibyteimg.com/tos-alisg-i-aphluv4xwc-sg/e6a9105da8614796ac0e8db7403f7c49~tplv-aphluv4xwc-origin-jpeg.jpeg?dr=15568&t=555f072d&ps=933b5bde&shp=54477afb&shcp=3c3d9ffb&idc=my&from=1413970683,VIE GROUP HCM,01/10/2026 04:16,,--
261001EJUD088U,,Đã hoàn thành,Shopee,SHEP - HCM,--,--,2945,1,DR.SERA Giấy giặt hút màu Color Catcher Laundry Sheet Gói 40 miếng - Hương Lavender,https://cf.shopee.vn/file/vn-11134207-81ztc-mos1vsd620az07_tn,VIE GROUP HCM,01/10/2026 04:01,02/10/2026 12:05,--
586343139535652254,,Đang giao hàng,TikTok,TTVIESGN-HCM,--,--,2026,1,LRP Sữa Rửa Mặt Effaclar Purifying Foaming Gel - 50ml,https://p16-oec-va.ibyteimg.com/tos-maliva-i-o3syd03w52-us/307dde19befb426e9d4f98983a79189c~tplv-o3syd03w52-origin-jpeg.jpeg?dr=15568&t=555f072d&ps=933b5bde&shp=54477afb&shcp=3c3d9ffb&idc=my&from=1413970683,VIE GROUP HCM,01/10/2026 03:11,,--
586343146723837079,,Đang giao hàng,TikTok,TTEPRIME-MALL-HCM,--,--,1857,1,JOHNSON'S Sữa tắm gội Baby Top-To-Toe Hair & Body (Vàng) - 100ml,https://p16-oec-va.ibyteimg.com/tos-maliva-i-o3syd03w52-us/b9fc1654e104431ca29dcffc5d7253a0~tplv-o3syd03w52-origin-jpeg.jpeg?dr=15568&t=555f072d&ps=933b5bde&shp=54477afb&shcp=3c3d9ffb&idc=my&from=1413970683,VIE GROUP HCM,01/10/2026 03:07,,--
586343090866325058,,Đang giao hàng,TikTok,TTEPRIME-MALL-HCM,--,--,1670,1,FEMFRESH Dung Dịch Vệ Sinh Phụ Nữ Soothing Wash Hồng 250ml,https://p16-oec-va.ibyteimg.com/tos-maliva-i-o3syd03w52-us/b7345fa944204812a8a76bea487c8401~tplv-o3syd03w52-origin-jpeg.jpeg?dr=15568&t=555f072d&ps=933b5bde&shp=54477afb&shcp=3c3d9ffb&idc=my&from=1413970683,VIE GROUP HCM,01/10/2026 02:53,,--
586342959301231787,,Đang giao hàng,TikTok,TTVIEMart-MALL-HCM,--,--,CB2739.5,1,COMBO 5 QUICKSTICK Que thử thai One-step Pregnancy Test,https://p16-oec-va.ibyteimg.com/tos-maliva-i-o3syd03w52-us/a35e59e41cc14dd6b6288d9c0cffa552~tplv-o3syd03w52-origin-jpeg.jpeg?dr=15568&t=555f072d&ps=933b5bde&shp=54477afb&shcp=3c3d9ffb&idc=my&from=1413970683,VIE GROUP HCM,01/10/2026 02:23,,--
586342900966065899,Đơn hàng trùng lặp,Đã hủy,TikTok,TTEPRIME-MALL-HCM,--,--,2026,1,LRP Sữa Rửa Mặt Effaclar Purifying Foaming Gel - 50ml,https://p16-oec-sg.ibyteimg.com/tos-alisg-i-aphluv4xwc-sg/e34ab459d15b4717b53d8bd8fe469991~tplv-aphluv4xwc-origin-jpeg.jpeg?dr=15568&t=555f072d&ps=933b5bde&shp=54477afb&shcp=3c3d9ffb&idc=my2&from=1413970683,VIE GROUP HCM,01/10/2026 02:08,,Chờ xử lý
586342899036161771,,Đã hủy,TikTok,TTEPRIME-MALL-HCM,--,--,2026,1,LRP Sữa Rửa Mặt Effaclar Purifying Foaming Gel - 50ml,https://p16-oec-sg.ibyteimg.com/tos-alisg-i-aphluv4xwc-sg/e34ab459d15b4717b53d8bd8fe469991~tplv-aphluv4xwc-origin-jpeg.jpeg?dr=15568&t=555f072d&ps=933b5bde&shp=54477afb&shcp=3c3d9ffb&idc=my3&from=1413970683,VIE GROUP HCM,01/10/2026 02:05,,Chờ xử lý
261001EBXYHCSP,,Đang giao hàng,Shopee,SHEP - HCM,--,--,CB1887.10,1,COMBO 10 Miếng KEYSHU mặt nạ dưỡng da - ( Vitamin C ),https://cf.shopee.vn/file/vn-11134207-820l4-mivefr1gkvev1c_tn,VIE GROUP HCM,01/10/2026 01:58,,--
261001EBH08SRT,,Đang giao hàng,Shopee,SHVIEPro-HANOI,--,--,1925,1,LA SOIRÉE Bông Tẩy Trang 100% Cotton Siêu Mềm Siêu Mịn - 85 Miếng Vuông,https://cf.shopee.vn/file/vn-11134207-81ztc-ms2f0jhfrf2g22_tn,COSMEE HA NOI,01/10/2026 01:50,,--
261001EATVPBHE,Đơn hàng trùng lặp,Đã hủy,Shopee,SHEP - HCM,--,--,2012,1,LRP Kem Dưỡng Lipikar Baume AP+M - 75ml,https://cf.shopee.vn/file/vn-11134207-81ztc-mlcuybmclb7z13_tn,VIE GROUP HCM,01/10/2026 01:40,,Chờ xử lý
261001EATVPBHE,Đơn hàng trùng lặp,Đã hủy,Shopee,SHEP - HCM,--,--,QT40,1,MEDIANSWER Tinh chất hỗ trợ sáng da Vita Collagen Logic Ampoule - 2 ml,https://cf.shopee.vn/file/vn-11134207-81ztc-mtqcnbkc7coya1_tn,VIE GROUP HCM,01/10/2026 01:40,,Chờ xử lý
586342741168063634,,Đang giao hàng,TikTok,TTEPRIME-MALL-HCM,--,--,2026,1,LRP Sữa Rửa Mặt Effaclar Purifying Foaming Gel - 50ml,https://p16-oec-sg.ibyteimg.com/tos-alisg-i-aphluv4xwc-sg/e34ab459d15b4717b53d8bd8fe469991~tplv-aphluv4xwc-origin-jpeg.jpeg?dr=15568&t=555f072d&ps=933b5bde&shp=54477afb&shcp=3c3d9ffb&idc=my&from=1413970683,VIE GROUP HCM,01/10/2026 01:37,,--
261001EAQ4FYV8,,Đang giao hàng,Shopee,SHEPRIME2-MALL - HCM,--,--,2026,1,LRP Sữa Rửa Mặt Effaclar Purifying Foaming Gel - 50ml,https://cf.shopee.vn/file/vn-11134207-81ztc-ms4g1nr09wck4c_tn,VIE GROUP HCM,01/10/2026 01:35,,--
261001EAKRQB4T,,Đang giao hàng,Shopee,SHEPRIME2-MALL - HCM,--,--,2026,1,LRP Sữa Rửa Mặt Effaclar Purifying Foaming Gel - 50ml,https://cf.shopee.vn/file/vn-11134207-81ztc-ms4g1nr09wck4c_tn,VIE GROUP HCM,01/10/2026 01:34,,--
586342715512489524,,Đã hủy,TikTok,TTEPRIME-MALL-HCM,--,--,2244,1,OLD SPICE Lăn khử mùi Mỹ 85g - PURE SPORT,https://p16-oec-sg.ibyteimg.com/tos-alisg-i-aphluv4xwc-sg/91570c5b6cb1430a8a1304836f604491~tplv-aphluv4xwc-origin-jpeg.jpeg?dr=15568&t=555f072d&ps=933b5bde&shp=54477afb&shcp=3c3d9ffb&idc=my3&from=1413970683,VIE GROUP HCM,01/10/2026 01:32,,Chờ xử lý
586342690538424140,,Đang giao hàng,TikTok,TTASCosme - HANOI,--,--,1711,1,GARNIER Nước Tẩy Trang Micellar Cleansing Water 50ml - Trắng make up,https://p16-oec-sg.ibyteimg.com/tos-alisg-i-aphluv4xwc-sg/e0e2fc565c354f63bd1471733f37f342~tplv-aphluv4xwc-origin-jpeg.jpeg?dr=15568&t=555f072d&ps=933b5bde&shp=54477afb&shcp=3c3d9ffb&idc=my2&from=1413970683,COSMEE HA NOI,01/10/2026 01:26,,--
586342633153594639,,Đã hủy,TikTok,TTEPRIME-MALL-HCM,--,--,1857,1,JOHNSON'S Sữa tắm gội Baby Top-To-Toe Hair & Body (Vàng) - 100ml,https://p16-oec-va.ibyteimg.com/tos-maliva-i-o3syd03w52-us/b9fc1654e104431ca29dcffc5d7253a0~tplv-o3syd03w52-origin-jpeg.jpeg?dr=15568&t=555f072d&ps=933b5bde&shp=54477afb&shcp=3c3d9ffb&idc=my&from=1413970683,VIE GROUP HCM,01/10/2026 01:25,,Chờ xử lý
586342662333826904,,Đang giao hàng,TikTok,TTEPRIME-MALL-HCM,--,--,2026,1,LRP Sữa Rửa Mặt Effaclar Purifying Foaming Gel - 50ml,https://p16-oec-sg.ibyteimg.com/tos-alisg-i-aphluv4xwc-sg/e34ab459d15b4717b53d8bd8fe469991~tplv-aphluv4xwc-origin-jpeg.jpeg?dr=15568&t=555f072d&ps=933b5bde&shp=54477afb&shcp=3c3d9ffb&idc=my&from=1413970683,VIE GROUP HCM,01/10/2026 01:20,,--
261001E9RXCWRN,Đơn hàng trùng lặp,Đang giao hàng,Shopee,SHEP - HCM,--,--,2012,1,LRP Kem Dưỡng Lipikar Baume AP+M - 75ml,https://cf.shopee.vn/file/vn-11134207-81ztc-mlcuybmclb7z13_tn,VIE GROUP HCM,01/10/2026 01:19,,--
261001E9RXCWRN,Đơn hàng trùng lặp,Đang giao hàng,Shopee,SHEP - HCM,--,--,QT40,1,MEDIANSWER Tinh chất hỗ trợ sáng da Vita Collagen Logic Ampoule - 2 ml,https://cf.shopee.vn/file/vn-11134207-81ztc-mtqcnbkc7coya1_tn,VIE GROUP HCM,01/10/2026 01:19,,--
586342596429644982,,Đã hủy,TikTok,TTVIESGN-HCM,--,--,2443,1,SVR Sữa Rửa Mặt SEBIACLEAR Gel Moussant - 55ml,https://p16-oec-sg.ibyteimg.com/tos-alisg-i-aphluv4xwc-sg/9e565adce868406d8281232b467df59b~tplv-aphluv4xwc-origin-jpeg.jpeg?dr=15568&t=555f072d&ps=933b5bde&shp=54477afb&shcp=3c3d9ffb&idc=my&from=1413970683,VIE GROUP HCM,01/10/2026 01:18,,--
586342619355579544,,Đang giao hàng,TikTok,TTEPRIME-MALL-HCM,--,--,1350,1,CERAVE Sữa Rửa Mặt Foaming Cleanser - 30ml FRANCE,https://p16-oec-sg.ibyteimg.com/tos-alisg-i-aphluv4xwc-sg/50806a02e3104a3bb34e537bc386ab64~tplv-aphluv4xwc-origin-jpeg.jpeg?dr=15568&t=555f072d&ps=933b5bde&shp=54477afb&shcp=3c3d9ffb&idc=my2&from=1413970683,VIE GROUP HCM,01/10/2026 01:14,,--
261001E9ES91EX,,Đã hủy,Shopee,SHEP - HCM,--,--,CB2361.2,1,"SILCOT Bông tẩy trang Unicharm - 82 miếng Xanh dương, COMBO 2 HỘP",https://cf.shopee.vn/file/vn-11134207-7ras8-mcke8u9q2v4yd7_tn,VIE GROUP HCM,01/10/2026 01:13,,Đang giao hàng
261001E96C9ENA,,Đã hoàn thành,Shopee,SHEP - HCM,--,--,1472,1,COMPLIMENT Sữa rửa mặt No Problem 200ml - Hồng,https://cf.shopee.vn/file/vn-11134207-7ras8-m12a0k10v2mz20_tn,VIE GROUP HCM,01/10/2026 01:08,02/10/2026 21:50,--
261001E91QH4KT,,Đang giao hàng,Shopee,SHEP - HCM,--,--,2500,1,TOPICREM Serum Mela Anti Drark spot Radiance 30ml,https://cf.shopee.vn/file/vn-11134207-7r98o-lxwcvt4vn0m3bf_tn,VIE GROUP HCM,01/10/2026 01:05,,--
261001E91QH4KT,,Đang giao hàng,Shopee,SHEP - HCM,--,--,,1,WONJIN Mặt nạ Ampoule Edition Fill Air Mask 27g - 1 Miếng Hồng,https://cf.shopee.vn/file/vn-11134207-81ztc-mtkicyc8pi4oa6_tn,VIE GROUP HCM,01/10/2026 01:05,,--
261001E8N8VKQR,,Đã hủy,Shopee,SHEP - HCM,--,--,2012,1,LRP Kem Dưỡng Lipikar Baume AP+M - 75ml,https://cf.shopee.vn/file/vn-11134207-81ztc-mlcuybmclb7z13_tn,VIE GROUP HCM,01/10/2026 00:59,,Chờ xử lý
261001E8N8VKQR,,Đã hủy,Shopee,SHEP - HCM,--,--,QT40,1,MEDIANSWER Tinh chất hỗ trợ sáng da Vita Collagen Logic Ampoule - 2 ml,https://cf.shopee.vn/file/vn-11134207-81ztc-mtqcnbkc7coya1_tn,VIE GROUP HCM,01/10/2026 00:59,,Chờ xử lý
586342408900936920,,Đang giao hàng,TikTok,TTEPRIME-MALL-HCM,--,--,2026,1,LRP Sữa Rửa Mặt Effaclar Purifying Foaming Gel - 50ml,https://p16-oec-sg.ibyteimg.com/tos-alisg-i-aphluv4xwc-sg/e34ab459d15b4717b53d8bd8fe469991~tplv-aphluv4xwc-origin-jpeg.jpeg?dr=15568&t=555f072d&ps=933b5bde&shp=54477afb&shcp=3c3d9ffb&idc=my&from=1413970683,VIE GROUP HCM,01/10/2026 00:45,,--
261001E7V14R66,,Đang giao hàng,Shopee,SHEP - HCM,--,--,CB2026.3,1,COMBO 3 TUÝP LRP Sữa Rửa Mặt Effaclar Purifying Foaming Gel - 50ml,https://cf.shopee.vn/file/vn-11134207-820l4-mgj75f9t3zm706_tn,VIE GROUP HCM,01/10/2026 00:44,,--
261001E7UY860G,,Đang giao hàng,Shopee,SHEPRIME2-MALL - HCM,--,--,1857,1,JOHNSON'S Sữa tắm gội Baby Top-To-Toe Hair & Body (Vàng) - 100ml,https://cf.shopee.vn/file/sg-11134201-825b0-msk1gjui1sec8a_tn,VIE GROUP HCM,01/10/2026 00:44,,--
586342391077177147,,Đang giao hàng,TikTok,TTVIESGN-HCM,--,--,1350,1,CERAVE Sữa Rửa Mặt Foaming Cleanser - 30ml FRANCE,https://p16-oec-va.ibyteimg.com/tos-maliva-i-o3syd03w52-us/e3e9667ce3494a6c8150fb489cb2491d~tplv-o3syd03w52-origin-jpeg.jpeg?dr=15568&t=555f072d&ps=933b5bde&shp=54477afb&shcp=3c3d9ffb&idc=my2&from=1413970683,VIE GROUP HCM,01/10/2026 00:44,,--
586342408651638413,,Đang giao hàng,TikTok,TTEPRIME-MALL-HCM,--,--,CB2026.3,1,COMBO 3 TUÝP LRP Sữa Rửa Mặt Effaclar Purifying Foaming Gel - 50ml,https://p16-oec-sg.ibyteimg.com/tos-alisg-i-aphluv4xwc-sg/4fdb1010396942c6bcbbb4ff16ba3159~tplv-aphluv4xwc-origin-jpeg.jpeg?dr=15568&t=555f072d&ps=933b5bde&shp=54477afb&shcp=3c3d9ffb&idc=my3&from=1413970683,VIE GROUP HCM,01/10/2026 00:43,,--
261001E7SUH908,,Đã hoàn thành,Shopee,SHVIECosme HCM,--,--,2895,1,EUCERIN Sữa rửa mặt Eucerin Pro ACNE Solution Cleansing Gel - 200ML,https://cf.shopee.vn/file/vn-11134207-81ztc-mpugeo4fs558b2_tn,VIE GROUP HCM,01/10/2026 00:44,03/10/2026 11:22,--
586342354382783916,,Đã hủy,TikTok,TTEPRIME-MALL-HCM,--,--,1350,1,CERAVE Sữa Rửa Mặt Foaming Cleanser - 30ml FRANCE,https://p16-oec-sg.ibyteimg.com/tos-alisg-i-aphluv4xwc-sg/50806a02e3104a3bb34e537bc386ab64~tplv-aphluv4xwc-origin-jpeg.jpeg?dr=15568&t=555f072d&ps=933b5bde&shp=54477afb&shcp=3c3d9ffb&idc=my&from=1413970683,VIE GROUP HCM,01/10/2026 00:37,,Chờ xử lý
586342337294926953,,Đang giao hàng,TikTok,TTEPRIME-MALL-HCM,--,--,CB2026.3,1,COMBO 3 TUÝP LRP Sữa Rửa Mặt Effaclar Purifying Foaming Gel - 50ml,https://p16-oec-sg.ibyteimg.com/tos-alisg-i-aphluv4xwc-sg/4fdb1010396942c6bcbbb4ff16ba3159~tplv-aphluv4xwc-origin-jpeg.jpeg?dr=15568&t=555f072d&ps=933b5bde&shp=54477afb&shcp=3c3d9ffb&idc=my&from=1413970683,VIE GROUP HCM,01/10/2026 00:36,,--
261001E77JVC8C,,Đang giao hàng,Shopee,SHEPRIME2-MALL - HCM,--,--,1857,1,JOHNSON'S Sữa tắm gội Baby Top-To-Toe Hair & Body (Vàng) - 100ml,https://cf.shopee.vn/file/sg-11134201-825b0-msk1gjui1sec8a_tn,VIE GROUP HCM,01/10/2026 00:33,,--
261001E774JPRQ,,Đang giao hàng,Shopee,SHEPRIME2-MALL - HCM,--,--,2026,1,LRP Sữa Rửa Mặt Effaclar Purifying Foaming Gel - 50ml,https://cf.shopee.vn/file/vn-11134207-81ztc-ms4g1nr09wck4c_tn,VIE GROUP HCM,01/10/2026 00:33,,--
261001E6YN6PVB,,Đang giao hàng,Shopee,SHVIEPro-HANOI,--,--,1472,1,COMPLIMENT Sữa rửa mặt No Problem 200ml - Hồng,https://cf.shopee.vn/file/vn-11134207-81ztc-moj5dongdbm67d_tn,COSMEE HA NOI,01/10/2026 00:29,02/10/2026 19:33,--
261001E6XH1134,,Đã hoàn thành,Shopee,SHEP - HCM,--,--,2444,1,SVR Sữa Rửa Mặt SEBIACLEAR Gel Moussant - Dạng túi 400ml,https://cf.shopee.vn/file/vn-11134207-81ztc-moq9lofk8ikub5_tn,VIE GROUP HCM,01/10/2026 00:28,02/10/2026 11:43,--
261001E6XH1134,,Đã hoàn thành,Shopee,SHEP - HCM,--,--,,1,COTTON NATURAL FLEXIBL Khăn Lau Mặt Đa Năng Hồng - 50 tờ,https://cf.shopee.vn/file/vn-11134207-81ztc-msoxvtoc268095_tn,VIE GROUP HCM,01/10/2026 00:28,02/10/2026 11:43,--
586342231715120145,,Đã hủy,TikTok,TTEPRIME-MALL-HCM,--,--,1350,1,CERAVE Sữa Rửa Mặt Foaming Cleanser - 30ml FRANCE,https://p16-oec-sg.ibyteimg.com/tos-alisg-i-aphluv4xwc-sg/b203882fafcc4a5dbc6ce5bef84bd40b~tplv-aphluv4xwc-origin-jpeg.jpeg?dr=15568&t=555f072d&ps=933b5bde&shp=54477afb&shcp=3c3d9ffb&idc=my&from=1413970683,VIE GROUP HCM,01/10/2026 00:26,,Chờ xử lý
261001E6TDD2XY,,Đang giao hàng,Shopee,SHEP - HCM,--,--,1547,1,DERMA FORTE Gel giảm mụn 15g - Bản thường,https://cf.shopee.vn/file/vn-11134207-7qukw-lhtxrcv19uv93b_tn,VIE GROUP HCM,01/10/2026 00:26,,--
586342288170255775,,Đang giao hàng,TikTok,TTVIEPRIME-HANOI,--,--,CB2026.3,1,COMBO 3 TUÝP LRP Sữa Rửa Mặt Effaclar Purifying Foaming Gel - 50ml,https://p16-oec-sg.ibyteimg.com/tos-alisg-i-aphluv4xwc-sg/d63283936c3d4598af8c0a676d67dd41~tplv-aphluv4xwc-origin-jpeg.jpeg?dr=15568&t=555f072d&ps=933b5bde&shp=54477afb&shcp=3c3d9ffb&idc=my&from=1413970683,VIE GROUP HCM,01/10/2026 00:24,,--
261001E6P249PR,,Đã hoàn thành,Shopee,SHEP - HCM,--,--,1475,1,COMPLIMENT Sữa rửa mặt No Problem 200ml - Xanh ngọc,https://cf.shopee.vn/file/vn-11134207-7ras8-mdl80z5flbxt21_tn,VIE GROUP HCM,01/10/2026 00:23,02/10/2026 23:46,--
261001E6MVWS4E,,Đã hoàn thành,Shopee,SHEP - HCM,--,--,CB2026.3,1,COMBO 3 TUÝP LRP Sữa Rửa Mặt Effaclar Purifying Foaming Gel - 50ml,https://cf.shopee.vn/file/vn-11134207-820l4-mgj75f9t3zm706_tn,VIE GROUP HCM,01/10/2026 00:23,02/10/2026 15:53,--
261001E6MHFB1U,,Đã hoàn thành,Shopee,SHEP - HCM,--,--,1650,1,ETIAXIL Xịt khử mùi Déodorant Anti-Transpirant 48h Anti-Traces Blanches & Jaunes - Xịt thường 100ml,https://cf.shopee.vn/file/vn-11134207-820l4-mj9pbuonx3ph0b_tn,VIE GROUP HCM,01/10/2026 00:22,04/10/2026 16:38,--
261001E6KJ0QC8,,Đã hoàn thành,Shopee,SHEP - HCM,--,--,1472,1,COMPLIMENT Sữa rửa mặt No Problem 200ml - Hồng,https://cf.shopee.vn/file/vn-11134207-7ras8-m12a0k10v2mz20_tn,VIE GROUP HCM,01/10/2026 00:22,03/10/2026 15:28,--
261001E6JFR4RJ,,Đã hoàn thành,Shopee,SHVIECosme HCM,--,--,1127,1,Aspasia - Xịt Khoáng Aspasia Moist Up Face Mist Aloe Làm Dịu Mát Bổ Sung Độ Ẩm Cho Làn Da Rạng Rỡ 150ml,https://cf.shopee.vn/file/vn-11134207-81ztc-ms6u2zn5g3rb25_tn,VIE GROUP HCM,01/10/2026 00:21,05/10/2026 00:31,--
261001E62N9MDD,,Đã hủy,Shopee,SHVIEPro-HANOI,--,--,2782,1,CARSLAN PHẤN PHỦ  BLACK  MAGNET SOFT FOCUS  MAKE-UP POWDER 05 Blue  Purple PHẤN PHỦ 1G,https://cf.shopee.vn/file/vn-11134207-81ztc-mt7xa2zogpaaf3_tn,COSMEE HA NOI,01/10/2026 00:12,,Chờ xử lý
532880526540775,,Đang giao hàng,Lazada,LZDEPRIME-MALL - HCM,--,--,2026,1,LRP Sữa Rửa Mặt Effaclar Purifying Foaming Gel - 50ml,https://vn-live.slatic.net/p/b17c43ce7a2b8f641b2da2023b2e6b7c.jpg,VIE GROUP HCM,01/10/2026 00:12,,--
532880526540775,,Đang giao hàng,Lazada,LZDEPRIME-MALL - HCM,--,--,2026,1,LRP Sữa Rửa Mặt Effaclar Purifying Foaming Gel - 50ml,https://vn-live.slatic.net/p/b17c43ce7a2b8f641b2da2023b2e6b7c.jpg,VIE GROUP HCM,01/10/2026 00:12,,--
261001E5WGBPU6,,Đã hủy,Shopee,SHVIEPro-HANOI,--,--,2782,1,CARSLAN PHẤN PHỦ  BLACK  MAGNET SOFT FOCUS  MAKE-UP POWDER 05 Blue  Purple PHẤN PHỦ 1G,https://cf.shopee.vn/file/vn-11134207-81ztc-mt7xa2zogpaaf3_tn,COSMEE HA NOI,01/10/2026 00:09,,Chờ xử lý
261001E5TJUCBC,,Đang giao hàng,Shopee,SHEP - HCM,--,--,1474,1,COMPLIMENT Sữa rửa mặt No Problem 200ml - Xanh lá,https://cf.shopee.vn/file/vn-11134207-7ras8-mdl81412gapbe6_tn,VIE GROUP HCM,01/10/2026 00:08,,--
261001E5RJ12E9,,Đã hoàn thành,Shopee,SHEP - HCM,--,--,2039,1,LRP Kem Chống Nắng Nâng Tông Kiềm Dầu Anthelios XL SPF 50+ PA++++ 50ml ( Mẫu mới XL),https://cf.shopee.vn/file/vn-11134207-7ras8-maxseclx98t36f_tn,VIE GROUP HCM,01/10/2026 00:07,02/10/2026 21:54,--
261001E5RJ12E9,,Đã hoàn thành,Shopee,SHEP - HCM,--,--,QT40,1,MEDIANSWER Tinh chất hỗ trợ sáng da Vita Collagen Logic Ampoule - 2 ml,https://cf.shopee.vn/file/vn-11134207-81ztc-mtqcnbkc7coya1_tn,VIE GROUP HCM,01/10/2026 00:07,02/10/2026 21:54,--
586342084099737228,,Đang giao hàng,TikTok,TTEPRIME-MALL-HCM,--,--,2026,1,LRP Sữa Rửa Mặt Effaclar Purifying Foaming Gel - 50ml,https://p16-oec-sg.ibyteimg.com/tos-alisg-i-aphluv4xwc-sg/e34ab459d15b4717b53d8bd8fe469991~tplv-aphluv4xwc-origin-jpeg.jpeg?dr=15568&t=555f072d&ps=933b5bde&shp=54477afb&shcp=3c3d9ffb&idc=my&from=1413970683,VIE GROUP HCM,01/10/2026 00:07,,--
261001E5Q562S7,,Đã hủy,Shopee,SHEPRIME2-MALL - HCM,--,--,2026,1,LRP Sữa Rửa Mặt Effaclar Purifying Foaming Gel - 50ml,https://cf.shopee.vn/file/vn-11134207-81ztc-ms4g1nr09wck4c_tn,VIE GROUP HCM,01/10/2026 00:06,,Chờ xử lý
261001E5NT8QQ6,,Đã hủy,Shopee,SHEP - HCM,--,--,1922,2,LA SOIRÉE Bông Tẩy Trang 100% Cotton Siêu Mềm Siêu Mịn - 225 Miếng Tròn,https://cf.shopee.vn/file/vn-11134207-7r98o-lzce2ic901n118_tn,VIE GROUP HCM,01/10/2026 00:05,,Đang giao hàng
261001E5MK56CF,,Đang giao hàng,Shopee,SHEP - HCM,--,--,1016,1,OEM Găng tay tắm tẩy da chết vải nylon,https://cf.shopee.vn/file/vn-11134207-81ztc-mrqtatpn4i6gb1_tn,VIE GROUP HCM,01/10/2026 00:05,,--
261001E5MK56CF,,Đang giao hàng,Shopee,SHEP - HCM,--,--,2100,1,MINISO Bông tẩy trang Nhật Bản 100% 180 Miếng,https://cf.shopee.vn/file/vn-11134207-81ztc-mtmgtix9883o2d_tn,VIE GROUP HCM,01/10/2026 00:05,,--
586342103226025027,Đơn hàng trùng lặp,Đang giao hàng,TikTok,TTEPRIME-MALL-HCM,--,--,2026,1,LRP Sữa Rửa Mặt Effaclar Purifying Foaming Gel - 50ml,https://p16-oec-sg.ibyteimg.com/tos-alisg-i-aphluv4xwc-sg/e34ab459d15b4717b53d8bd8fe469991~tplv-aphluv4xwc-origin-jpeg.jpeg?dr=15568&t=555f072d&ps=933b5bde&shp=54477afb&shcp=3c3d9ffb&idc=my2&from=1413970683,VIE GROUP HCM,01/10/2026 00:04,,--
586342047021958211,,Đã hủy,TikTok,TTVIEPRIME-HANOI,--,--,2024,1,LRP Sữa Rửa Mặt Effaclar Purifying Foaming Gel - 15ml,https://p16-oec-sg.ibyteimg.com/tos-alisg-i-aphluv4xwc-sg/ffed6604b7e34e4cb07ce27267743d15~tplv-aphluv4xwc-origin-jpeg.jpeg?dr=15568&t=555f072d&ps=933b5bde&shp=54477afb&shcp=3c3d9ffb&idc=my&from=1413970683,COSMEE HA NOI,01/10/2026 00:04,,Chờ xử lý
261001E5HKTCVH,,Đang giao hàng,Shopee,SHEP - HCM,--,--,2060,1,"MARVIS Nước Súc Miệng Collutorio Hương Bạc Hà Thơm Mát, Hỗ Trợ Làm Sạch Khoang Miệng Jasmin Mint - 400ml",https://cf.shopee.vn/file/vn-11134207-81ztc-mlrglszukphgaf_tn,VIE GROUP HCM,01/10/2026 00:03,,--
586342068768769199,,Đang giao hàng,TikTok,TTEPRIME-MALL-HCM,--,--,2026,1,LRP Sữa Rửa Mặt Effaclar Purifying Foaming Gel - 50ml,https://p16-oec-sg.ibyteimg.com/tos-alisg-i-aphluv4xwc-sg/e34ab459d15b4717b53d8bd8fe469991~tplv-aphluv4xwc-origin-jpeg.jpeg?dr=15568&t=555f072d&ps=933b5bde&shp=54477afb&shcp=3c3d9ffb&idc=my&from=1413970683,VIE GROUP HCM,01/10/2026 00:01,,--
261001E5EEQUT5,,Đang giao hàng,Shopee,SHVIECosme HCM,--,--,1127,1,Aspasia - Xịt Khoáng Aspasia Moist Up Face Mist Aloe Làm Dịu Mát Bổ Sung Độ Ẩm Cho Làn Da Rạng Rỡ 150ml,https://cf.shopee.vn/file/vn-11134207-81ztc-mpsziotao3ya56_tn,VIE GROUP HCM,01/10/2026 00:01,03/10/2026 12:54,--
261001E5DVJQ6V,,Đang giao hàng,Shopee,SHVIECosme HCM,--,--,1127,1,Aspasia - Xịt Khoáng Aspasia Moist Up Face Mist Aloe Làm Dịu Mát Bổ Sung Độ Ẩm Cho Làn Da Rạng Rỡ 150ml,https://cf.shopee.vn/file/vn-11134207-81ztc-mpsziotao3ya56_tn,VIE GROUP HCM,01/10/2026 00:01,04/10/2026 22:28,--
261001E5DPUY1V,,Đang giao hàng,Shopee,SHEP - HCM,--,--,1472,1,COMPLIMENT Sữa rửa mặt No Problem 200ml - Hồng,https://cf.shopee.vn/file/vn-11134207-7ras8-m12a0k10v2mz20_tn,VIE GROUP HCM,01/10/2026 00:01,,--
261001E5DCD060,,Đã hoàn thành,Shopee,SHEP - HCM,--,--,2031,1,LRP Tẩy trang Micellar Water Ultra Sensitive Skin - 400ml (Trắng),https://cf.shopee.vn/file/vn-11134207-7ras8-maxt71xl5gbc95_tn,VIE GROUP HCM,01/10/2026 00:00,03/10/2026 23:27,--
260930D65BTNCA,,Đã hoàn thành,Shopee,SHVIEMart - HCM,--,--,1004,1,Dũa móng 6 mặt [XT],https://cf.shopee.vn/file/vn-11134207-7ras8-mch930lruncdfb_tn,VIE GROUP HCM,01/10/2026 02:32,04/10/2026 11:27,--
260930D0G2NVKE,,Đã hoàn thành,Shopee,SHEP - HCM,--,--,CB1869.3,1,JOONA BABY Miếng dán chống muỗi MOZZIE GUARD+ bảo vệ bé hiệu quả - Hộp 54 miếng,https://cf.shopee.vn/file/vn-11134207-7r98o-lzh3wmscxx9d6a_tn,VIE GROUP HCM,01/10/2026 09:46,02/10/2026 09:54,--
260930CWAWUKKY,,Đã hoàn thành,Shopee,SHEP - HCM,--,--,2099,2,MINISO Bông tẩy trang Miniso Cao Cấp  100% cotton TRÒN 180 miếng,https://cf.shopee.vn/file/vn-11134207-81ztc-mrtx7fmb4ohzcc_tn,VIE GROUP HCM,01/10/2026 08:38,03/10/2026 06:00,--
260930CUFPXNXF,,Đã hoàn thành,Shopee,SHEP - HCM,--,--,2100,1,MINISO Bông tẩy trang Nhật Bản 100% 180 Miếng,https://cf.shopee.vn/file/vn-11134207-81ztc-mtmgtix9883o2d_tn,VIE GROUP HCM,01/10/2026 09:21,04/10/2026 16:37,--