Mã SKU;Tên;Thuộc tính phân loại;Danh mục;Xuất kho / Bán hàng;Lợi nhuận gộp hàng hóa đã giao;Tỷ suất Lợi nhuận gộp hàng hóa đã giao;Lượng bán xuất kho trung bình hàng ngày;Tồn kho khả dụng;Số ngày có thể bán;Đang vận tải;Cảnh báo tồn kho;Thời gian tạo;Link hình ảnh
Tất cả;--;--;--;66402;843481875.16;0.1997;1.58;--;--;5678;--;--;--
1000;Băng đô turban nơ tai thỏ [XT];;Chưa chọn danh mục;0;0;0;0;0;--;0;0;13/04/2026 21:52;https://res.bigseller.pro/sku/images/merchantsku/944484/766655_1754366312088.jpg?imageView2/1/w/300/h/300
1001;Cây nặn mụn đầu đen 2 đầu - Lẻ 1 cây [XT];;Chưa chọn danh mục;16;158000;0.8045;0.52;0;0;0;0;13/04/2026 21:52;https://res.bigseller.pro/sku/images/merchantsku/944484/120743_1754366312875.jpg?imageView2/1/w/300/h/300
1002;Cọ tán son môi [XT];;Chưa chọn danh mục;0;0;0;0;1338;--;0;0;13/04/2026 21:52;https://res.bigseller.pro/sku/images/merchantsku/944484/937335_1754361503301.jpg?imageView2/1/w/300/h/300
1004;Dũa móng 6 mặt [XT];;Chưa chọn danh mục;3;20694;0.6969;0.1;2241;22410;0;0;13/04/2026 21:52;https://res.bigseller.pro/sku/images/merchantsku/944484/530764_1754365814058.jpg?imageView2/1/w/300/h/300
1007;Kẹp nâng mũi Nose Nhật Bản [XT];;Chưa chọn danh mục;0;0;0;0;5;--;0;0;13/04/2026 21:52;https://res.bigseller.pro/sku/images/merchantsku/944484/208077_1754366310142.jpg?imageView2/1/w/300/h/300
1008;OEM - Cọ môi Silicon [XT];;Chưa chọn danh mục;0;0;0;0;15;--;0;0;13/04/2026 21:52;https://res.bigseller.pro/sku/images/merchantsku/944484/561846_1754365814002.jpg?imageView2/1/w/300/h/300
1010;OEM Bông Mút Tắm bọt biển [XT];;Chưa chọn danh mục;14;216956.5;0.6931999999999999;0.45;0;0;0;0;13/04/2026 21:52;https://res.bigseller.pro/sku/images/merchantsku/944484/203556_1754366217797.jpg?imageView2/1/w/300/h/300
1012;OEM Cây massage đầu thư giãn bằng tay [XT];;Chưa chọn danh mục;1;8000;0.5333;0.03;93;3100;0;0;13/04/2026 21:52;https://res.bigseller.pro/sku/images/merchantsku/944484/675789_1754365721479.jpg?imageView2/1/w/300/h/300
1013;OEM Cuộn giấy lau tay lau bếp đa năng có thể tái sử dụng 25cm;;Chưa chọn danh mục;0;0;0;0;40;--;0;0;13/04/2026 21:52;https://res.bigseller.pro/sku/images/merchantsku/944484/542353_1754366315294.jpg?imageView2/1/w/300/h/300
1014;OEM Dao nạo củ quả lưỡi xoay Nhật Bản;;Chưa chọn danh mục;0;0;0;0;3;--;0;0;13/04/2026 21:52;https://res.bigseller.pro/sku/images/merchantsku/944484/372925_1754365723355.jpg?imageView2/1/w/300/h/300
1016;OEM Găng tay tắm tẩy da chết vải nylon;;Chưa chọn danh mục;30;349249;0.8206;0.97;722;744;0;0;13/04/2026 21:52;https://res.bigseller.pro/sku/images/merchantsku/944484/595969_1754366313660.jpg?imageView2/1/w/300/h/300
1018;OEM Gương mini cầm tay Hàn Quốc 7cm [XT];;Chưa chọn danh mục;87;-110200;-3.8;2.81;95;33;0;0;13/04/2026 21:52;https://res.bigseller.pro/sku/images/merchantsku/944484/157384_1754365911166.jpg?imageView2/1/w/300/h/300
1020;OEM Khăn tắm nén cotton 70x140cm - XANH [XT];;Chưa chọn danh mục;1;11900;0.5694;0.03;9;300;0;0;13/04/2026 21:52;https://res.bigseller.pro/sku/images/merchantsku/944484/763308_1755687689446.jpg?imageView2/1/w/300/h/300
1023;OEM Kì Gót 2 Đầu [XT];;Chưa chọn danh mục;0;0;0;0;30;--;0;0;13/04/2026 21:52;https://res.bigseller.pro/sku/images/merchantsku/944484/045740_1754365904074.jpg?imageView2/1/w/300/h/300
1024;OEM Lược Gội Đầu Silicone (KHÔNG HỘP) [XT];;Chưa chọn danh mục;2;23000;0.5897;0.06;239;3983;0;0;13/04/2026 21:52;https://res.bigseller.pro/sku/images/merchantsku/944484/933285_1754365716286.jpg?imageView2/1/w/300/h/300
1027;OEM Miếng Dán Tóc Mái màu ngẫu nhiên - COMBO 2 MIẾNG [XT];;Chưa chọn danh mục;0;0;0;0;112;--;0;0;13/04/2026 21:52;https://res.bigseller.pro/sku/images/merchantsku/944484/402484_1754365906435.jpg?imageView2/1/w/300/h/300
1028;OEM Túi lưới đựng xà phòng tắm [XT];;Chưa chọn danh mục;2;25420;0.9079;0.06;119;1983;0;0;13/04/2026 21:52;https://res.bigseller.pro/sku/images/merchantsku/944484/702950_1754365814923.jpg?imageView2/1/w/300/h/300
1029;OEM Xà Phòng Cám Gạo Jam Rice Milk Soap 60g;;Chưa chọn danh mục;57;111231.2;0.2009;1.84;0;0;0;0;13/04/2026 21:52;https://res.bigseller.pro/sku/images/merchantsku/944484/949619_1754919949805.jpg?imageView2/1/w/300/h/300
1030;9WISHES Serum Dưỡng Sáng Miracle White Ampule Serum 25ml;;Chưa chọn danh mục;1;13900;0.0713;0.03;0;0;0;0;13/04/2026 21:52;https://res.bigseller.pro/sku/images/merchantsku/944484/854784_1754366213630.jpg?imageView2/1/w/300/h/300
1031;ABONNE Muối Tắm Tẩy Tế Bào Chết Spa 350gr - SỮA BÒ;;Chưa chọn danh mục;93;497420.46;0.2;3;43;14;0;0;13/04/2026 21:52;https://res.bigseller.pro/sku/images/merchantsku/944484/893167_1754998314249.jpg?imageView2/1/w/300/h/300
1032;ABONNE Muối Tắm Tẩy Tế Bào Chết Spa 350gr - VITAMIN C;;Chưa chọn danh mục;17;43923.84;0.1073;0.55;11;20;0;0;13/04/2026 21:52;https://res.bigseller.pro/sku/images/merchantsku/944484/443877_1754365816832.jpg?imageView2/1/w/300/h/300
1033;ABONNE Muối Tắm Tẩy Tế Bào Chết Spa 350gr - YOGURT;;Chưa chọn danh mục;17;161736.18;0.3081;0.55;31;56;0;0;13/04/2026 21:52;https://res.bigseller.pro/sku/images/merchantsku/944484/570974_1754365623594.jpg?imageView2/1/w/300/h/300
1034;ABONNE Muối Tắm Tẩy Tế Bào Chết Spa dạng tuýp 350gr - SỮA BÒ;;Chưa chọn danh mục;0;0;0;0;0;--;0;0;13/04/2026 21:52;https://res.bigseller.pro/sku/images/merchantsku/944484/906725_1754365717682.jpg?imageView2/1/w/300/h/300
1035;ACNE AID SOAP BAR OIL CONTROL XÀ PHÒNG - ĐỎ;;Chưa chọn danh mục;6;251424.84;0.39909999999999995;0.19;14;73;0;0;13/04/2026 21:52;https://res.bigseller.pro/sku/images/merchantsku/944484/876839_1756125276020.jpg?imageView2/1/w/300/h/300
1036;ACNECLEAN Gel Bôi Ngoài Da Extra Gel Giúp Làm Dịu, Hạn Chế Thâm Mụn, Thông Thoáng Lỗ Chân Lông 15g;;Chưa chọn danh mục;0;0;0;0;2;--;0;0;13/04/2026 21:52;https://res.bigseller.pro/sku/images/merchantsku/944484/211870_1755488228381.jpg?imageView2/1/w/300/h/300
1038;ACNEDUO PLUS Gel Bôi Ngoài da RETINAL 1.0% AHA - 15g;;Chưa chọn danh mục;10;45000;0.057699999999999994;0.32;0;0;0;0;13/04/2026 21:52;https://res.bigseller.pro/sku/images/merchantsku/944484/852280_1757512757194.jpg?imageView2/1/w/300/h/300
1040;ACTIDEM Gel giảm mụn Actidem Derma GeL - 18g;;Chưa chọn danh mục;6;31598.28;0.0554;0.19;0;0;0;0;13/04/2026 21:52;https://res.bigseller.pro/sku/images/merchantsku/944484/679805_1755015212666.jpg?imageView2/1/w/300/h/300
1043;ADERMA Gel Rửa Mặt & Tắm Gội Douche Hydra-Protective Shower Gel Essentials 3in1 200ml;;ADERMA;9;1138144;0.3333;0.29;16;55;0;0;13/04/2026 21:52;https://res.bigseller.pro/sku/images/merchantsku/944484/094914_1788877828546.jpg?imageView2/1/w/300/h/300
1044;ADERMA Kem Chống Nắng Protect Invisible Fluid SPF50+ 40ml;;ADERMA;0;0;0;0;4;--;0;0;13/04/2026 21:52;https://res.bigseller.pro/sku/images/merchantsku/944484/613580_1787500384826.jpg?imageView2/1/w/300/h/300
1045;ADERMA Kem Dưỡng A-derma Biology AC Perfect Anti-Blemish Fluid Giảm Mụn 40ml;;ADERMA;0;0;0;0;3;--;0;0;13/04/2026 21:52;https://res.bigseller.pro/sku/images/merchantsku/944484/780896_1787500630000.jpg?imageView2/1/w/300/h/300
1046;ADERMA Kem Dưỡng Ẩm Dermalibour+ Repairing Cream - 50ml;;ADERMA;6;806921.42;0.34130000000000005;0.19;4;21;0;0;13/04/2026 21:52;https://res.bigseller.pro/sku/images/merchantsku/944484/531619_1754366311760.jpg?imageView2/1/w/300/h/300
1047;ADERMA Kem Dưỡng Ẩm Exomega Allergo Emollient Balm - 200ml;;ADERMA;2;407256.16;0.3042;0.06;1;16;0;0;13/04/2026 21:52;https://res.bigseller.pro/sku/images/merchantsku/944484/536167_1754365818075.jpg?imageView2/1/w/300/h/300
1048;ADERMA Kem Dưỡng Ẩm Exomega Allergo Emollient Balm - 40ml;;ADERMA;1;66790;0.2288;0.03;10;333;0;0;13/04/2026 21:52;https://res.bigseller.pro/sku/images/merchantsku/944484/774406_1754365627392.jpg?imageView2/1/w/300/h/300
1049;ADERMA Kem Dưỡng Ẩm Hydrating Universal Cream 50ml;;ADERMA;0;0;0;0;1;--;0;0;13/04/2026 21:52;https://res.bigseller.pro/sku/images/merchantsku/944484/462025_1755015213267.jpg?imageView2/1/w/300/h/300
1050;ADERMA Kem Dưỡng Epitheliale A.H Ultra Soothing Repairing Cream - 40ml;;ADERMA;4;368480;0.3737;0.13;4;30;0;0;13/04/2026 21:52;https://res.bigseller.pro/sku/images/merchantsku/944484/531475_1788484991514.jpg?imageView2/1/w/300/h/300
1051;ADERMA Kem Dưỡng Epitheliale A.H Ultra SPF50+ Làm Dịu Da, Bảo Vệ Vùng Da Nhạy Cảm 40ml;;ADERMA;1;177080;0.3563;0.03;0;0;0;0;13/04/2026 21:52;https://res.bigseller.pro/sku/images/merchantsku/944484/386098_1787500462556.jpg?imageView2/1/w/300/h/300
1056;"AGAFIA ĐẤT SÉT XANH ,Mặt Nạ Đất Sét Sữa Non ""Thảo Mộc"" Bà Già Nga Agafia 100mL";;Chưa chọn danh mục;52;784942;0.3502;1.68;31;18;0;0;13/04/2026 21:52;https://res.bigseller.pro/sku/images/merchantsku/944484/792439_1754365726638.jpg?imageView2/1/w/300/h/300
1060;AILIN Dao cạo lông mày 2 lưỡi;;Chưa chọn danh mục;4;29099;0.715;0.13;406;3123;0;0;13/04/2026 21:52;https://res.bigseller.pro/sku/images/merchantsku/944484/699977_1754366215966.jpg?imageView2/1/w/300/h/300
1061;AJONA Kem đánh răng giúp giảm cao răng và chống viêm lợi 25ml;;Chưa chọn danh mục;0;0;0;0;0;--;0;0;13/04/2026 21:52;https://res.bigseller.pro/sku/images/merchantsku/944484/887446_1755687785070.jpg?imageView2/1/w/300/h/300
1062;ALPHA ARBUTIN Kem giảm thâm nách 3 Plus Organic Underarm Night Cream 50g;;Chưa chọn danh mục;0;0;0;0;0;--;0;0;13/04/2026 21:52;https://res.bigseller.pro/sku/images/merchantsku/944484/298168_1754365717667.jpg?imageView2/1/w/300/h/300
1063;ALPHA ARBUTIN Sữa Dưỡng Thể Trắng Da Collagen Lotion 500ML [XT];;Chưa chọn danh mục;38;199339.7;0.050499999999999996;1.23;0;0;0;0;13/04/2026 21:52;https://res.bigseller.pro/sku/images/merchantsku/944484/250436_1754365903150.jpg?imageView2/1/w/300/h/300
1064;ALPHA ARBUTIN Vỉ 10 Viên Dưỡng Trắng Da Kyra Alpha Arbutin 3 Plus+ - Viên ban ngày;;Chưa chọn danh mục;0;0;0;0;0;--;0;0;13/04/2026 21:52;https://res.bigseller.pro/sku/images/merchantsku/944484/333021_1754364216703.jpg?imageView2/1/w/300/h/300
1066;Alucos bông tẩy trang 222 miếng 100% Cotton Tự Nhiên - Siêu Dày, Siêu Mềm Mịn;;Chưa chọn danh mục;0;0;0;0;0;--;0;0;13/04/2026 21:52;https://res.bigseller.pro/sku/images/merchantsku/944484/207444_1754365631594.jpg?imageView2/1/w/300/h/300
1074;AMORTALS  Mút Rửa Mặt AMORTALS Dạng Giọt Nước ( CÓ HỘP KÈM);;Chưa chọn danh mục;113;385945.15;0.16829999999999998;3.65;0;0;0;0;13/04/2026 21:52;https://res.bigseller.pro/sku/images/merchantsku/944484/242814_1784782365080.jpg?imageView2/1/w/300/h/300
1076;AMORTALS Bông Mút Rửa Mặt Bọt Biển Hình Giọt Nước  - Lẻ 1 KHÔNG HỘP;;Chưa chọn danh mục;7;125698.7;0.5259;0.23;1;4;0;0;13/04/2026 21:52;https://res.bigseller.pro/sku/images/merchantsku/944484/636710_1754291500158.jpg?imageView2/1/w/300/h/300
1077;AMORTALS Mút Rửa Mặt Hộp 3 Mút NGUYÊN TEAM [CTY];;Chưa chọn danh mục;0;0;0;0;14;--;0;0;13/04/2026 21:52;https://res.bigseller.pro/sku/images/merchantsku/944484/276774_1756958194500.jpg?imageView2/1/w/300/h/300
1078;ACNE ACID LIQUID CLEANSER 100ml;;Chưa chọn danh mục;3;560000;1;0.1;0;0;0;0;13/04/2026 21:52;https://res.bigseller.pro/sku/images/merchantsku/944484/168707_1754365904540.jpg?imageView2/1/w/300/h/300
1079;ANESSA Gel Chống Nắng Anessa Brightening Uv Sunscreen Gel N SPF50+ PA++++ 90g  TÍM;;Chưa chọn danh mục;12;346500;0.0917;0.39;0;0;0;0;13/04/2026 21:52;https://res.bigseller.pro/sku/images/merchantsku/944484/491681_1787363678858.jpg?imageView2/1/w/300/h/300
1080;ANESSA Gel Chống Nắng Anessa Perfect UV Sunscreen Skincare Gel N SPF50+/PA++++ 90g (VÀNG);;Chưa chọn danh mục;84;3440000;0.1253;2.71;4;1;0;0;13/04/2026 21:52;https://res.bigseller.pro/sku/images/merchantsku/944484/793517_1787365240129.jpg?imageView2/1/w/300/h/300
1082;ANESSA Gel Chống Nắng Dịu Nhẹ Cho Da Nhạy Cảm & Trẻ Em Moisture UV Sunscreen Mild SPF35 PA+++ 90g - Xanh dương;;Chưa chọn danh mục;0;0;0;0;15;--;0;0;13/04/2026 21:52;https://res.bigseller.pro/sku/images/merchantsku/944484/213951_1754365814131.jpg?imageView2/1/w/300/h/300
1083;Anessa Gel Chống Nắng Perfect UV Sunscreen - 15ml (VÀNG);;Chưa chọn danh mục;0;0;0;0;1;--;0;0;13/04/2026 21:52;https://res.bigseller.pro/sku/images/merchantsku/944484/160878_1754366212062.jpg?imageView2/1/w/300/h/300
1085;ANESSA Serum Dưỡng Da Night Sun Care Serum 12ml ( Nắp xanh );;Chưa chọn danh mục;0;0;0;0;0;--;0;0;13/04/2026 21:52;
1086;ANESSA Serum Dưỡng Da Và Phục Hồi Sau Nắng Anessa Night Sun Care 180ml;;Chưa chọn danh mục;0;0;0;0;2;--;0;0;13/04/2026 21:52;https://res.bigseller.pro/sku/images/merchantsku/944484/147173_1754365810753.jpg?imageView2/1/w/300/h/300
1087;ANESSA Sữa Chống Nắng Perfect UV Sunscreen Mild Milk (For Sensitive Skin) SPF50+/PA++++ - 12ml (MÀU HỒNG);;Chưa chọn danh mục;115;2046675.35;0.2863;3.71;263;70;0;0;13/04/2026 21:52;https://res.bigseller.pro/sku/images/merchantsku/944484/626389_1754366308303.jpg?imageView2/1/w/300/h/300
1088;ANESSA Sữa Chống Nắng Perfect UV Sunscreen Mild Milk (For Sensitive Skin) SPF50+/PA++++ 60ml (MÀU HỒNG);;Chưa chọn danh mục;29;962178.96;0.08990000000000001;0.94;126;134;0;0;13/04/2026 21:52;https://res.bigseller.pro/sku/images/merchantsku/944484/774806_1754365624049.jpg?imageView2/1/w/300/h/300
1089;ANESSA Sữa Chống Nắng Perfect UV Sunscreen Skincare Milk N SPF50+ PA++++ - 12ml (MÀU TRĂNG);;Chưa chọn danh mục;0;0;0;0;10;--;0;0;13/04/2026 21:52;
1090;ANESSA Sữa Chống Nắng Perfect UV Sunscreen Skincare Milk N SPF50+ PA++++ - 12ml (MÀU VÀNG);;Chưa chọn danh mục;0;0;0;0;0;--;0;0;13/04/2026 21:52;https://res.bigseller.pro/sku/images/merchantsku/944484/471495_1754365904391.jpg?imageView2/1/w/300/h/300
1092;ANESSA Sữa Chống Nắng Perfect UV Sunscreen Skincare Milk N SPF50+ PA++++ - 60ml (MÀU VÀNG);;Chưa chọn danh mục;41;1180808.83;0.0782;1.32;14;10;0;0;13/04/2026 21:52;https://res.bigseller.pro/sku/images/merchantsku/944484/075403_1754365813701.jpg?imageView2/1/w/300/h/300
1094;ANESSA Xịt Chống Nắng Anessa Perfect UV Sunscreen Skincare Spray N SPF50+ PA++++ 60g;;Chưa chọn danh mục;15;365000;0.09140000000000001;0.48;0;0;0;0;13/04/2026 21:52;https://res.bigseller.pro/sku/images/merchantsku/944484/028944_1787362893642.jpg?imageView2/1/w/300/h/300
1096;ANGEL’S LIQUID  Xịt Cơ Thể Glutathione+ Spot Care Body Mist - 150ml;;Chưa chọn danh mục;2;387291.24;0.42840000000000006;0.06;0;0;0;0;13/04/2026 21:52;https://res.bigseller.pro/sku/images/merchantsku/944484/061891_1754365710689.jpg?imageView2/1/w/300/h/300
1102;ANGEL'S LIQUID Lăn Nách Angel's Liquid Glutathione + Niacinamide Arbutin Fresh Deodorant 60ml;;Chưa chọn danh mục;2;172400;0.2724;0.06;12;200;0;0;13/04/2026 21:52;https://res.bigseller.pro/sku/images/merchantsku/944484/946675_1754366311844.jpg?imageView2/1/w/300/h/300
1105;ANGEL'S LIQUID Siêu tinh chất Tranexamic Mela Ampoule xoá thâm đỏ mờ sạm nám 30ml;;Chưa chọn danh mục;0;0;0;0;1;--;0;0;13/04/2026 21:52;https://res.bigseller.pro/sku/images/merchantsku/944484/498187_1754365908357.jpg?imageView2/1/w/300/h/300
1106;ANGEL'S LIQUID Sữa Tắm Glutathione + BHA Exfoliating Body Wash - 500g;;Chưa chọn danh mục;22;3075115.99;0.4;0.71;0;0;0;0;13/04/2026 21:52;https://res.bigseller.pro/sku/images/merchantsku/944484/968745_1754366210508.jpg?imageView2/1/w/300/h/300
1108;ANGEL'S LIQUID Tinh chất Glutathione + Niacinamide 700 V-ampoule 30ml;;Chưa chọn danh mục;0;0;0;0;2;--;0;0;13/04/2026 21:52;
1109;APERIRE CUSHION Day Dream Cover SPF50+ PA++++ 13g - 01 Rose Petal;;Chưa chọn danh mục;7;94806.65;0.049400000000000006;0.23;0;0;0;0;13/04/2026 21:52;https://res.bigseller.pro/sku/images/merchantsku/944484/339868_1754361508408.jpg?imageView2/1/w/300/h/300
1110;APERIRE CUSHION Day Dream Cover SPF50+ PA++++ 13g - 02 Warm vanilla;;Chưa chọn danh mục;3;54600;0.065;0.1;0;0;0;0;13/04/2026 21:52;https://res.bigseller.pro/sku/images/merchantsku/944484/364745_1754365821766.jpg?imageView2/1/w/300/h/300
1111;APERIRE Mặt Nạ Đất Sét Aperire Be Frozen Pore Mask 120g (XANH);;Chưa chọn danh mục;6;743584.62;0.3481;0.19;0;0;0;0;13/04/2026 21:52;https://res.bigseller.pro/sku/images/merchantsku/944484/285414_1754366318124.jpg?imageView2/1/w/300/h/300
1112;APERIRE Mặt Nạ Đất Sét Aperire VERRY PRETTY Pore Mask 120g (HỒNG);;Chưa chọn danh mục;2;1401;0.003;0.06;4;66;0;0;13/04/2026 21:52;https://res.bigseller.pro/sku/images/merchantsku/944484/256664_1754366223353.jpg?imageView2/1/w/300/h/300
1113;APTEKA Gel Vệ Sinh Phụ Nữ Apteka Zelenaya 370ml - Cây trà xanh;;Chưa chọn danh mục;1;39490.42;0.3319;0.03;0;0;0;0;13/04/2026 21:52;https://res.bigseller.pro/sku/images/merchantsku/944484/665219_1754366216113.jpg?imageView2/1/w/300/h/300
1114;APTEKA Gel Vệ Sinh Phụ Nữ Apteka Zelenaya 370ml - Cây xô thơm;;Chưa chọn danh mục;2;79017.64;0.332;0.06;0;0;0;0;13/04/2026 21:52;https://res.bigseller.pro/sku/images/merchantsku/944484/158484_1754365718488.jpg?imageView2/1/w/300/h/300
1115;APTEKA Gel Vệ Sinh Phụ Nữ Apteka Zelenaya 370ml - Cúc La Mã;;Chưa chọn danh mục;6;329016.74;0.4082;0.19;30;157;0;0;13/04/2026 21:52;https://res.bigseller.pro/sku/images/merchantsku/944484/259631_1754366311985.jpg?imageView2/1/w/300/h/300
1116;AQUAFRESH Kem đánh răng Extreme Clean 158.7g – Whitening;;Chưa chọn danh mục;6;362444.74;0.3972;0.19;0;0;0;0;13/04/2026 21:52;https://res.bigseller.pro/sku/images/merchantsku/944484/760916_1754365715943.jpg?imageView2/1/w/300/h/300
1117;AQUAFRESH Kem đánh răng Fresh & Minty 100g;;Chưa chọn danh mục;11;332910;0.4097;0.35;0;0;0;0;13/04/2026 21:53;https://res.bigseller.pro/sku/images/merchantsku/944484/849631_1754365621719.jpg?imageView2/1/w/300/h/300
1118;AQUAFRESH Kem đánh răng trẻ em 50g – 6+tuổi;;Chưa chọn danh mục;3;78368.85;0.4379;0.1;9;90;0;0;13/04/2026 21:53;https://res.bigseller.pro/sku/images/merchantsku/944484/567210_1754365813632.jpg?imageView2/1/w/300/h/300
1119;ARGANICARE Collagen Reconstructuring Masque mặt nạ ủ tóc 500ml;;Chưa chọn danh mục;0;0;0;0;0;--;0;0;13/04/2026 21:53;https://res.bigseller.pro/sku/images/merchantsku/944484/471231_1767705306042.jpg?imageView2/1/w/300/h/300
1120;ARMAF Body Mist Xịt Thơm Toàn Thân Armaf  Club de Nuit Cho Nữ 200ML - Hồng [XT];;Chưa chọn danh mục;18;110250;0.061900000000000004;0.58;2;3;0;0;13/04/2026 21:53;https://res.bigseller.pro/sku/images/merchantsku/944484/066499_1787115182176.jpg?imageView2/1/w/300/h/300
1121;ARMAF Body Mist Xịt Thơm Toàn Thân Armaf Club de Nuit Cho Nam 200ML - Đen [XT];;Chưa chọn danh mục;19;107070.15;0.0571;0.61;7;11;0;0;13/04/2026 21:53;https://res.bigseller.pro/sku/images/merchantsku/944484/657387_1787115141245.jpg?imageView2/1/w/300/h/300
1122;ARMAF Lăn Khử Mùi Nước Hoa Nam Club De Nuit Woman 75G - ĐEN;;Chưa chọn danh mục;0;0;0;0;5;--;0;0;13/04/2026 21:53;https://res.bigseller.pro/sku/images/merchantsku/944484/355634_1787115089629.jpg?imageView2/1/w/300/h/300
1123;ARMAF Lăn Khử Mùi Nước Hoa Nữ Club De Nuit Woman 75G -  Hồng;;Chưa chọn danh mục;140;1487272.8;0.0401;4.52;45;9;0;0;13/04/2026 21:53;https://res.bigseller.pro/sku/images/merchantsku/944484/567840_1787114963126.jpg?imageView2/1/w/300/h/300
1127;Aspasia - Xịt Khoáng Aspasia Moist Up Face Mist Aloe Làm Dịu Mát Bổ Sung Độ Ẩm Cho Làn Da Rạng Rỡ 150ml;;Chưa chọn danh mục;1994;34450421.8;0.3006;64.32;3604;56;0;0;13/04/2026 21:53;https://res.bigseller.pro/sku/images/merchantsku/944484/898863_1765802675558.jpg?imageView2/1/w/300/h/300
1128;Aspasia - Xịt Khoáng Aspasia vàng GOLD;;Chưa chọn danh mục;1;29362.92;0.3729;0.03;12;400;0;0;13/04/2026 21:53;https://res.bigseller.pro/sku/images/merchantsku/944484/053403_1776091980324.jpg?imageView2/1/w/300/h/300
1129;Aspasia Xịt Khoáng Tinh Chất Collagen;;Chưa chọn danh mục;8;330609;0.4525;0.26;208;800;0;0;13/04/2026 21:53;https://res.bigseller.pro/sku/images/merchantsku/944484/019091_1772088529232.jpg?imageView2/1/w/300/h/300
1130;Aspasia Xịt Khoáng Tinh Chất Ốc Sên;;Chưa chọn danh mục;0;0;0;0;88;--;0;0;13/04/2026 21:53;https://res.bigseller.pro/sku/images/merchantsku/944484/581968_1772088641033.jpg?imageView2/1/w/300/h/300
1133;ASTRID Son dưỡng môi mỡ huơu 4.7gr – Thỏi trắng;;Chưa chọn danh mục;0;0;0;0;0;--;0;0;13/04/2026 21:53;https://res.bigseller.pro/sku/images/merchantsku/944484/681733_1754365621805.jpg?imageView2/1/w/300/h/300
1135;AURA Bông Tẩy Trang Aura Beauty 150 Miếng Cotton Pads;;Chưa chọn danh mục;5;55500;0.3265;0.16;0;0;0;0;13/04/2026 21:53;https://res.bigseller.pro/sku/images/merchantsku/944484/973969_1768913400504.jpg?imageView2/1/w/300/h/300
1136;AVA Serum Ava Youth Activator Retinol 30ml;;Chưa chọn danh mục;0;0;0;0;0;--;0;0;13/04/2026 21:53;https://res.bigseller.pro/sku/images/merchantsku/944484/993017_1754365621794.jpg?imageView2/1/w/300/h/300
1137;AVA Serum cấp ẩm Hydranov AVA 30ml;;Chưa chọn danh mục;0;0;0;0;0;--;0;0;13/04/2026 21:53;https://res.bigseller.pro/sku/images/merchantsku/944484/398197_1755552875125.jpg?imageView2/1/w/300/h/300
1138;AVEENO Kem dưỡng ẩm Aveeno Baby Dermexa Moisturising Cream - 100g;;Chưa chọn danh mục;0;0;0;0;5;--;0;0;13/04/2026 21:53;https://res.bigseller.pro/sku/images/merchantsku/944484/350277_1760088265706.jpg?imageView2/1/w/300/h/300
1139;AVEENO Kem dưỡng ẩm Baby Soothing Relief Moisture 227g;;Chưa chọn danh mục;0;0;0;0;3;--;0;0;13/04/2026 21:53;https://res.bigseller.pro/sku/images/merchantsku/944484/785950_1754366312738.jpg?imageView2/1/w/300/h/300
1140;AVEENO kem dưỡng ẩm Baby Soothing Relief Moisture cream 14g;;Chưa chọn danh mục;6;134994;1;0.19;0;0;0;0;13/04/2026 21:53;https://res.bigseller.pro/sku/images/merchantsku/944484/100251_1754366305506.jpg?imageView2/1/w/300/h/300
1141;AVEENO Sữa dưỡng thể Baby Daily Moisture Lotion 227ml;;Chưa chọn danh mục;0;0;0;0;2;--;0;0;13/04/2026 21:53;https://res.bigseller.pro/sku/images/merchantsku/944484/748092_1754998314799.jpg?imageView2/1/w/300/h/300
1146;AVEENO Sữa tắm dưỡng ẩm Daily Moisturizing Body Wash 354ml;;Chưa chọn danh mục;0;0;0;0;0;--;0;0;13/04/2026 21:53;https://res.bigseller.pro/sku/images/merchantsku/944484/046315_1755553184631.jpg?imageView2/1/w/300/h/300
1147;AVEENO Sữa tắm gội baby daily moisture wash&shampoo 236ml;;Chưa chọn danh mục;8;166434.12;0.1426;0.26;0;0;0;0;13/04/2026 21:53;https://res.bigseller.pro/sku/images/merchantsku/944484/868592_1754366312432.jpg?imageView2/1/w/300/h/300
1149;AVENE Kem Dưỡng Ẩm Cold Cream 100ml;;Chưa chọn danh mục;1;178980;0.3616;0.03;0;0;0;0;13/04/2026 21:53;https://res.bigseller.pro/sku/images/merchantsku/944484/138125_1754365720341.jpg?imageView2/1/w/300/h/300
1150;AVENE Kem dưỡng Cicalfate Repair Cream - 100ml;;Chưa chọn danh mục;18;931633.95;0.12390000000000001;0.58;15;25;0;0;13/04/2026 21:53;https://res.bigseller.pro/sku/images/merchantsku/944484/142265_1754366315747.jpg?imageView2/1/w/300/h/300
1151;AVENE Kem dưỡng Cicalfate Repair Cream - 15ml;;Chưa chọn danh mục;12;722345.32;0.2854;0.39;92;235;0;0;13/04/2026 21:53;https://res.bigseller.pro/sku/images/merchantsku/944484/370536_1754998488442.jpg?imageView2/1/w/300/h/300
1152;AVENE Kem dưỡng Cicalfate Repair Cream - 40ml;;Chưa chọn danh mục;19;738932.19;0.1286;0.61;29;47;0;0;13/04/2026 21:53;https://res.bigseller.pro/sku/images/merchantsku/944484/221956_1754361502642.jpg?imageView2/1/w/300/h/300
1154;AVENE Kem Dưỡng Khôi Phục Da Control Soothing Skin Recovery 40ml;;Chưa chọn danh mục;0;0;0;0;0;--;0;0;13/04/2026 21:53;https://res.bigseller.pro/sku/images/merchantsku/944484/269778_1787500555206.jpg?imageView2/1/w/300/h/300
1159;AVENE Tinh Chất Cicalfate+ Intense Serum Phục Hồi, Cấp Ẩm 30ml;;Chưa chọn danh mục;2;931992;0.5057;0.06;1;16;0;0;13/04/2026 21:53;https://res.bigseller.pro/sku/images/merchantsku/944484/467738_1754366317769.jpg?imageView2/1/w/300/h/300
1164;AVENE Xịt Khoáng Thermal Spring Water - 150ml;;Chưa chọn danh mục;27;149146.63;0.0316;0.87;8;9;0;0;13/04/2026 21:53;https://res.bigseller.pro/sku/images/merchantsku/944484/593738_1755552876802.jpg?imageView2/1/w/300/h/300
1165;AVENE Xịt Khoáng Thermal Spring Water - 300ml;;Chưa chọn danh mục;6;72298;0.0458;0.19;7;36;0;0;13/04/2026 21:53;https://res.bigseller.pro/sku/images/merchantsku/944484/253324_1754364221041.jpg?imageView2/1/w/300/h/300
1167;AVENE Xịt Khoáng Thermal Spring Water - 50ml;;Chưa chọn danh mục;34;459824.18;0.1115;1.1;18;16;0;0;13/04/2026 21:53;https://res.bigseller.pro/sku/images/merchantsku/944484/209743_1756124845694.jpg?imageView2/1/w/300/h/300
1170;AZELAIC Gel giảm mụn, mờ thâm Azelaic Acid Gel 20% - 15g;;Chưa chọn danh mục;15;225000;0.1429;0.48;0;0;0;0;13/04/2026 21:53;
1171;B&BW Xịt Thơm Body Bath & Body Works 236ml -  Cherry Blossom;;Chưa chọn danh mục;0;0;0;0;0;--;0;0;13/04/2026 21:53;https://res.bigseller.pro/sku/images/merchantsku/944484/650443_1787364993739.jpg?imageView2/1/w/300/h/300
1174;BABE Kem dưỡng Stop AKN Mattifying Moisturiser 50ml;;Chưa chọn danh mục;2;354014.68;0.3978;0.06;5;83;0;0;13/04/2026 21:53;https://res.bigseller.pro/sku/images/merchantsku/944484/273868_1754919949482.jpg?imageView2/1/w/300/h/300
1175;BABE Kem dưỡng Stop AKN Repairing Moisturiser 50ml (Vỏ Xanh);;Chưa chọn danh mục;0;0;0;0;0;--;0;0;13/04/2026 21:53;https://res.bigseller.pro/sku/images/merchantsku/944484/673640_1754365619375.jpg?imageView2/1/w/300/h/300
1176;BABE Lotion Dưỡng Sáng Babe Depigment+ Lotion Glow 150ml;;Chưa chọn danh mục;0;0;0;0;1;--;0;0;13/04/2026 21:53;https://res.bigseller.pro/sku/images/merchantsku/944484/996574_1754366306761.jpg?imageView2/1/w/300/h/300
1177;BABE Serum Trắng da Depigment Intensive Serum 30ml;;Chưa chọn danh mục;2;62541.46;0.0554;0.06;2;33;0;0;13/04/2026 21:53;https://res.bigseller.pro/sku/images/merchantsku/944484/764997_1754366210521.jpg?imageView2/1/w/300/h/300
1178;BABE Sữa Rửa Mặt Stop Akn Purifying Cleansing Gel - 200ml;;Chưa chọn danh mục;35;1098921.85;0.10800000000000001;1.13;180;159;0;0;13/04/2026 21:53;https://res.bigseller.pro/sku/images/merchantsku/944484/978816_1754365624406.jpg?imageView2/1/w/300/h/300
1180;BALANCE Serum Active Formula Hyaluronic Deep Moisture 30ml;;Chưa chọn danh mục;20;127783.96;0.058499999999999996;0.65;10;15;0;0;13/04/2026 21:53;https://res.bigseller.pro/sku/images/merchantsku/944484/100931_1787502924604.jpg?imageView2/1/w/300/h/300
1181;BALANCE Serum Active Formula Niacinamide 15% 30ml;;Chưa chọn danh mục;13;112354.3;0.0779;0.42;16;38;0;0;13/04/2026 21:53;https://res.bigseller.pro/sku/images/merchantsku/944484/762821_1787502898969.jpg?imageView2/1/w/300/h/300
1182;BALANCE Serum Active Formula Vitamin C Brightening Serum Glow & Radiance - 30ml;;Chưa chọn danh mục;29;398428.81;0.1226;0.94;2;2;0;0;13/04/2026 21:53;https://res.bigseller.pro/sku/images/merchantsku/944484/460511_1787502872542.jpg?imageView2/1/w/300/h/300
1183;BANOBAGI Mặt Nạ Stem Cell Vitamin Mask Whitening 30g - AC Care, HỒNG NHẠT;;Chưa chọn danh mục;10;3179.3;0.0241;0.32;5;15;0;0;13/04/2026 21:53;https://res.bigseller.pro/sku/images/merchantsku/944484/360882_1754365816582.jpg?imageView2/1/w/300/h/300
1184;BANOBAGI Mặt Nạ Stem Cell Vitamin Mask Whitening 30g - Aqua Hydrating, XANH DƯƠNG;;Chưa chọn danh mục;30;29216.3;0.0729;0.97;12;12;0;0;13/04/2026 21:53;https://res.bigseller.pro/sku/images/merchantsku/944484/675159_1754365625988.jpg?imageView2/1/w/300/h/300
1185;BANOBAGI Mặt Nạ Stem Cell Vitamin Mask Whitening 30g - BHA-AHA, XÁM;;Chưa chọn danh mục;31;125199.7;0.25239999999999996;1;87;87;0;0;13/04/2026 21:53;https://res.bigseller.pro/sku/images/merchantsku/944484/007258_1754366215610.jpg?imageView2/1/w/300/h/300
1186;BANOBAGI Mặt Nạ Stem Cell Vitamin Mask Whitening 30g - Dark Spot Care, CAM;;Chưa chọn danh mục;10;11592.4;0.08460000000000001;0.32;0;0;0;0;13/04/2026 21:53;https://res.bigseller.pro/sku/images/merchantsku/944484/515183_1754365718176.jpg?imageView2/1/w/300/h/300
1187;BANOBAGI Mặt Nạ Stem Cell Vitamin Mask Whitening 30g - Lifting, TÍM;;Chưa chọn danh mục;20;9928.6;0.0369;0.65;0;0;0;0;13/04/2026 21:53;https://res.bigseller.pro/sku/images/merchantsku/944484/645734_1754366311839.jpg?imageView2/1/w/300/h/300
1188;BANOBAGI Mặt Nạ Stem Cell Vitamin Mask Whitening 30g - Moisture, XANH DƯƠNG;;Chưa chọn danh mục;10;4092.2;0.031;0.32;0;0;0;0;13/04/2026 21:53;https://res.bigseller.pro/sku/images/merchantsku/944484/499639_1754365908173.jpg?imageView2/1/w/300/h/300
1189;BANOBAGI Mặt Nạ Stem Cell Vitamin Mask Whitening 30g - Relaxing Revital, XANH LÁ;;Chưa chọn danh mục;20;12974.8;0.049100000000000005;0.65;0;0;0;0;13/04/2026 21:53;https://res.bigseller.pro/sku/images/merchantsku/944484/440770_1755553184599.jpg?imageView2/1/w/300/h/300
1190;BANOBAGI Mặt Nạ Stem Cell Vitamin Mask Whitening 30g - Tone Up, VÀNG;;Chưa chọn danh mục;0;0;0;0;5;--;0;0;13/04/2026 21:53;https://res.bigseller.pro/sku/images/merchantsku/944484/025970_1754365626068.jpg?imageView2/1/w/300/h/300
1191;BANOBAGI Mặt nạ Super Collagen Mask 30g - Acne Red Blemish30g, TÍM ĐẬM;;Chưa chọn danh mục;0;0;0;0;1;--;0;0;13/04/2026 21:53;https://res.bigseller.pro/sku/images/merchantsku/944484/840281_1754365717732.jpg?imageView2/1/w/300/h/300
1192;BANOBAGI Mặt nạ Super Collagen Mask 30g - Aqua Moisturizing, XANH DƯƠNG;;Chưa chọn danh mục;0;0;0;0;0;--;0;0;13/04/2026 21:53;https://res.bigseller.pro/sku/images/merchantsku/944484/812204_1754366312782.jpg?imageView2/1/w/300/h/300
1194;BANOBAGI Mặt nạ Super Collagen Mask 30g - Retinol Anti-Aging30g, HỒNG;;Chưa chọn danh mục;0;0;0;0;0;--;0;0;13/04/2026 21:53;https://res.bigseller.pro/sku/images/merchantsku/944484/674162_1755553510614.jpg?imageView2/1/w/300/h/300
1195;BANOBAGI Mặt nạ Super Collagen Mask 30g - Tea Tree Blackhead, XANH;;Chưa chọn danh mục;0;0;0;0;26;--;0;0;13/04/2026 21:53;https://res.bigseller.pro/sku/images/merchantsku/944484/487272_1755552877211.jpg?imageView2/1/w/300/h/300
1197;BANOBAGI Mặt Nạ Vita Genic Jelly Mask Vitalizing 30ml - Màu Đỏ;;Chưa chọn danh mục;50;42194.7;0.0639;1.61;41;25;0;0;13/04/2026 21:53;https://res.bigseller.pro/sku/images/merchantsku/944484/953750_1754919949377.jpg?imageView2/1/w/300/h/300
1198;BANOBAGI Mặt Nạ Vita Genic Jelly Mask Vitalizing 30ml - Màu Hồng;;Chưa chọn danh mục;130;124510.2;0.0724;4.19;1;0;0;0;13/04/2026 21:53;https://res.bigseller.pro/sku/images/merchantsku/944484/164200_1754361506493.jpg?imageView2/1/w/300/h/300
1200;BANOBAGI Mặt Nạ Vita Genic Jelly Mask Vitalizing 30ml - Màu Vàng;;Chưa chọn danh mục;180;159284.8;0.0677;5.81;0;0;0;0;13/04/2026 21:53;https://res.bigseller.pro/sku/images/merchantsku/944484/780005_1754365819951.jpg?imageView2/1/w/300/h/300
1201;BANOBAGI Mặt Nạ Vita Genic Jelly Mask Vitalizing 30ml - Màu Xanh Dương;;Chưa chọn danh mục;160;144434.3;0.0683;5.16;0;0;0;0;13/04/2026 21:53;https://res.bigseller.pro/sku/images/merchantsku/944484/417993_1754365722881.jpg?imageView2/1/w/300/h/300
1202;BANOBAGI Mặt Nạ Vita Genic Jelly Mask Vitalizing 30ml - Màu Xanh Lá;;Chưa chọn danh mục;130;139356.9;0.0812;4.19;40;9;0;0;13/04/2026 21:53;https://res.bigseller.pro/sku/images/merchantsku/944484/608983_1754366315657.jpg?imageView2/1/w/300/h/300
1203;BANOBAGI Mặt Nạ Vita Genic Jelly Mask Vitalizing 30ml - Màu Xanh Ngọc;;Chưa chọn danh mục;120;124823.2;0.0786;3.87;30;7;0;0;13/04/2026 21:53;https://res.bigseller.pro/sku/images/merchantsku/944484/137530_1754365911963.jpg?imageView2/1/w/300/h/300
1205;BATISTE Dầu Gội Khô 200ml - Blush Hoa Hồng;;Chưa chọn danh mục;0;0;0;0;0;--;0;0;13/04/2026 21:53;https://res.bigseller.pro/sku/images/merchantsku/944484/822976_1755015056415.jpg?imageView2/1/w/300/h/300
1206;BATISTE Dầu Gội Khô 200ml - Cherry;;Chưa chọn danh mục;0;0;0;0;0;--;0;0;13/04/2026 21:53;https://res.bigseller.pro/sku/images/merchantsku/944484/980383_1754361502692.jpg?imageView2/1/w/300/h/300
1207;BATISTE Dầu Gội Khô 200ml - Fresh;;Chưa chọn danh mục;0;0;0;0;1;--;0;0;13/04/2026 21:53;https://res.bigseller.pro/sku/images/merchantsku/944484/317686_1754365617475.jpg?imageView2/1/w/300/h/300
1208;BATISTE Dầu Gội Khô 200ml - Original;;Chưa chọn danh mục;0;0;0;0;0;--;0;0;13/04/2026 21:53;https://res.bigseller.pro/sku/images/merchantsku/944484/535236_1754365816445.jpg?imageView2/1/w/300/h/300
1210;Be'Balance Mặt Nạ Vải Vi Sợi Be'Balance PRO B5 MICRO FIBER MASK 3in1 Làm Đẹp Da 1 hộp 10 miếng ( Xanh Dương );;Chưa chọn danh mục;0;0;0;0;4;--;0;0;13/04/2026 21:53;https://res.bigseller.pro/sku/images/merchantsku/944484/419808_1749005707942.jpg?imageView2/1/w/300/h/300
1211;BEFOU  MẪU MỚI -  Bông Tẩy Trang 120Pad;;Chưa chọn danh mục;7;52864.82;0.1744;0.23;0;0;0;0;13/04/2026 21:53;https://res.bigseller.pro/sku/images/merchantsku/944484/308644_1757513098704.jpg?imageView2/1/w/300/h/300
1212;BEFOU  MẪU MỚI -  Bông Tẩy Trang 150Pad;;Chưa chọn danh mục;2;147822;0.7391;0.06;0;0;0;0;13/04/2026 21:53;https://res.bigseller.pro/sku/images/merchantsku/944484/610094_1757512757143.jpg?imageView2/1/w/300/h/300
1213;BEFOU  MẪU MỚI -  Bông Tẩy Trang 252Pad;;Chưa chọn danh mục;2;4500;0.045899999999999996;0.06;0;0;0;0;13/04/2026 21:53;https://res.bigseller.pro/sku/images/merchantsku/944484/206744_1757513310997.jpg?imageView2/1/w/300/h/300
1216;BEFOU Bông Tẩy Trang Best For You Pure Snow Cotton Pad Mềm Mịn Cao Cấp 234Pad;;Chưa chọn danh mục;2;40521.66;0.5065;0.06;0;0;0;0;13/04/2026 21:53;https://res.bigseller.pro/sku/images/merchantsku/944484/832900_1754365710752.jpg?imageView2/1/w/300/h/300
1217;BEFOU  Khăn Lau Mặt Best For You Disposable Face Towel Đa Năng 100% Bông Tự Nhiên Siêu Dai - 200 Miếng;;Chưa chọn danh mục;0;0;0;0;0;--;0;0;13/04/2026 21:53;https://res.bigseller.pro/sku/images/merchantsku/944484/213961_1750390111111.jpg?imageView2/1/w/300/h/300
1218;BEFOU  Khăn Lau Mặt Best For You Disposable Face Towel Đa Năng 100% Bông Tự Nhiên Siêu Dai - 80 Miếng;;Chưa chọn danh mục;0;0;0;0;7;--;0;0;13/04/2026 21:53;https://res.bigseller.pro/sku/images/merchantsku/944484/650422_1750390148601.jpg?imageView2/1/w/300/h/300
1219;BELIF Mặt nạ ngủ Belif Multi Vitamin Mask -  Fullbox 75ml;;Chưa chọn danh mục;43;462360.36;0.0329;1.39;0;0;0;0;13/04/2026 21:53;https://res.bigseller.pro/sku/images/merchantsku/944484/439400_1754365903109.jpg?imageView2/1/w/300/h/300
1220;BELIF Mặt nạ ngủ SUPER KNIGHTS MULTI VITAMIN MASK dưỡng ẩm và phục hồi -  25ml;;Chưa chọn danh mục;0;0;0;0;0;--;0;0;13/04/2026 21:53;https://res.bigseller.pro/album/944484/2026042907022251870b7928b3ce9fadd353ee3af9841d.jpg?imageView2/1/w/300/h/300
1222;BENZAC Sữa Rửa Mặt Blackhead Control Scrub Tẩy Tế Bào Chết, Làm Sạch Mụn Đầu Đen - 60g;;Chưa chọn danh mục;10;48000;0.050499999999999996;0.32;0;0;0;0;13/04/2026 21:53;https://res.bigseller.pro/sku/images/merchantsku/944484/731576_1754366306841.jpg?imageView2/1/w/300/h/300
1223;BENZAC Sữa Rửa Mặt PH Control Antibacterial Face Wash Cân Bằng Độ PH 150ml;;Chưa chọn danh mục;3;409485.72;0.42;0.1;0;0;0;0;13/04/2026 21:53;https://res.bigseller.pro/sku/images/merchantsku/944484/106496_1754365712868.jpg?imageView2/1/w/300/h/300
1224;BENZAC Sữa Rửa Mặt Tạo Bọt Purifying Foam Cleanser - 130ml;;Chưa chọn danh mục;2;229156;0.41659999999999997;0.06;1;16;0;0;13/04/2026 21:53;https://res.bigseller.pro/sku/images/merchantsku/944484/801981_1755015211265.jpg?imageView2/1/w/300/h/300
1225;BENZAC Miếng Dán Mụn Power Patch 3-in-1 Spot Control Làm Dịu Mụn 12 Miếng;;Chưa chọn danh mục;0;0;0;0;0;--;0;0;13/04/2026 21:53;https://res.bigseller.pro/sku/images/merchantsku/944484/722439_1754365710687.jpg?imageView2/1/w/300/h/300
1226;BEPLAIN Kem chống nắng kiềm dầu Sunmuse Mineral Sunscreen SPF50+ - Xanh lá;;Chưa chọn danh mục;0;0;0;0;11;--;0;0;13/04/2026 21:53;https://res.bigseller.pro/sku/images/merchantsku/944484/862968_1754364216591.jpg?imageView2/1/w/300/h/300
1227;BEPLAIN Kem chống nắng kiềm dầu Sunmuse Mineral Sunscreen SPF50+ 50ml - Xanh dương;;Chưa chọn danh mục;0;0;0;0;2;--;0;0;13/04/2026 21:53;https://res.bigseller.pro/sku/images/merchantsku/944484/426972_1754366308239.jpg?imageView2/1/w/300/h/300
1228;Beplain Kem Chống Nắng Nâng Tone  Sunmuse Tone Up & Correcting Sunscreen SPF 50+ PA++++ Hồng - 50ml;;Chưa chọn danh mục;17;118350.99;0.028399999999999998;0.55;7;12;0;0;13/04/2026 21:53;https://res.bigseller.pro/sku/images/merchantsku/944484/257108_1766027998065.jpg?imageView2/1/w/300/h/300
1229;BEPLAIN Kem chống nắng Sunmuse Mineral Sunscreen SPF50+ - Tím nhạt;;Chưa chọn danh mục;11;101099.07;0.0385;0.35;0;0;0;0;13/04/2026 21:53;https://res.bigseller.pro/sku/images/merchantsku/944484/000680_1754365820291.jpg?imageView2/1/w/300/h/300
1230;BEPLAIN Kem Chống Nắng Sunmuse Tone Up & Correcting Sunscreen Spf50+ Pa++++ 50ml - Tím;;Chưa chọn danh mục;10;238445.88;0.0934;0.32;34;106;0;0;13/04/2026 21:53;https://res.bigseller.pro/sku/images/merchantsku/944484/146599_1754366212534.jpg?imageView2/1/w/300/h/300
1234;BETADINE Dung Dịch Vệ Sinh Nữ Feminine Wash Daily Use Foam 100ml - Hồng;;Chưa chọn danh mục;1;59136.38;0.4446;0.03;16;533;0;0;13/04/2026 21:53;https://res.bigseller.pro/sku/images/merchantsku/944484/368261_1754365725442.jpg?imageView2/1/w/300/h/300
1236;BETADINE Dung Dịch Vệ Sinh Nữ Feminine Wash Daily Use Foam 100ml - Xanh;;Chưa chọn danh mục;1;49137.58;0.3995;0.03;7;233;0;0;13/04/2026 21:53;https://res.bigseller.pro/sku/images/merchantsku/944484/741257_1754366317842.jpg?imageView2/1/w/300/h/300
1237;BETADINE Dung Dịch Vệ Sinh Nữ Feminine Wash Daily Use Gentle Protection - 100ml;;Chưa chọn danh mục;7;180442.97;0.4363;0.23;1;4;0;0;13/04/2026 21:53;https://res.bigseller.pro/sku/images/merchantsku/944484/390177_1754919949041.jpg?imageView2/1/w/300/h/300
1238;BETADINE Dung Dịch Vệ Sinh Nữ Feminine Wash Daily Use Gentle Protection - 250ml;;Chưa chọn danh mục;7;275358;0.3829;0.23;0;0;0;0;13/04/2026 21:53;https://res.bigseller.pro/sku/images/merchantsku/944484/889282_1754365821342.jpg?imageView2/1/w/300/h/300
1247;BIODERMA Dầu Tắm Atoderm Huile De Douche - 1L;;Chưa chọn danh mục;21;2304527.57;0.20739999999999997;0.68;7;10;0;0;13/04/2026 21:53;https://res.bigseller.pro/sku/images/merchantsku/944484/307645_1755553283684.jpg?imageView2/1/w/300/h/300
1250;BIODERMA Gel Rửa Mặt Sensibio Moussant - 45ml;;Chưa chọn danh mục;3;84379.64;0.23120000000000002;0.1;1;10;0;0;13/04/2026 21:53;https://res.bigseller.pro/sku/images/merchantsku/944484/262341_1787501285013.jpg?imageView2/1/w/300/h/300
1252;BIODERMA Gel Tẩy Tế Bào Chết Sebium Gel Gommant 100ml;;Chưa chọn danh mục;2;241450;0.2746;0.06;0;0;0;0;13/04/2026 21:53;https://res.bigseller.pro/sku/images/merchantsku/944484/897607_1754365717660.jpg?imageView2/1/w/300/h/300
1253;BIODERMA Kem Chống Nắng PHOTODERM Aquafluide SPF50+ 40ml - Claire (Có Màu);;Chưa chọn danh mục;0;0;0;0;1;--;0;0;13/04/2026 21:53;https://res.bigseller.pro/sku/images/merchantsku/944484/559011_1787501665644.jpg?imageView2/1/w/300/h/300
1254;BIODERMA Kem Chống Nắng PHOTODERM Aquafluide SPF50+ 40ml - Không Màu;;Chưa chọn danh mục;0;0;0;0;1;--;0;0;13/04/2026 21:53;https://res.bigseller.pro/sku/images/merchantsku/944484/620058_1787501646138.jpg?imageView2/1/w/300/h/300
1255;BIODERMA Kem dưỡng ẩm chuyên sâu Atoderm Crème Ultra 200ml;;Chưa chọn danh mục;1;123347.83;0.3289;0.03;1;33;0;0;13/04/2026 21:53;https://res.bigseller.pro/sku/images/merchantsku/944484/641431_1787501422646.jpg?imageView2/1/w/300/h/300
1256;BIODERMA Kem Dưỡng Ẩm Cicabio SPF50+ Soothing Repairing Care 40ml;;Chưa chọn danh mục;1;175800;0.33490000000000003;0.03;0;0;0;0;13/04/2026 21:53;https://res.bigseller.pro/sku/images/merchantsku/944484/993182_1761794893480.jpg?imageView2/1/w/300/h/300
1257;BIODERMA Kem Dưỡng Ẩm Sensibio Defensive Active Soothing Cream 40ml;;Chưa chọn danh mục;2;133500;0.16670000000000001;0.06;0;0;0;0;13/04/2026 21:53;https://res.bigseller.pro/sku/images/merchantsku/944484/617766_1755687785372.jpg?imageView2/1/w/300/h/300
1258;BIODERMA Kem Dưỡng Atoderm Intensive Baume - Chai 500ml;;Chưa chọn danh mục;1;205255;0.27149999999999996;0.03;2;66;0;0;13/04/2026 21:53;https://res.bigseller.pro/sku/images/merchantsku/944484/332389_1787501230482.jpg?imageView2/1/w/300/h/300
1259;BIODERMA Kem Dưỡng Atoderm Intensive Baume - Tuýp 75ml;;Chưa chọn danh mục;0;0;0;0;0;--;0;0;13/04/2026 21:53;https://res.bigseller.pro/sku/images/merchantsku/944484/107671_1754365625533.jpg?imageView2/1/w/300/h/300
1260;BIODERMA Kem dưỡng Atoderm Intensive Gel-Creme - 500ML;;Chưa chọn danh mục;1;114791.67;0.1906;0.03;2;66;0;0;13/04/2026 21:53;https://res.bigseller.pro/sku/images/merchantsku/944484/388378_1787501212267.jpg?imageView2/1/w/300/h/300
1261;BIODERMA Kem dưỡng Atoderm Intensive Gel-Creme - 75ML;;Chưa chọn danh mục;0;0;0;0;2;--;0;0;13/04/2026 21:53;https://res.bigseller.pro/sku/images/merchantsku/944484/163186_1754365718302.jpg?imageView2/1/w/300/h/300
1262;BIODERMA Kem Dưỡng Cicabio Crème Soothing Repairing Cream 40ml;;Chưa chọn danh mục;7;460599.22;0.2072;0.23;0;0;0;0;13/04/2026 21:53;https://res.bigseller.pro/sku/images/merchantsku/944484/377147_1754365908254.jpg?imageView2/1/w/300/h/300
1264;BIODERMA Kem dưỡng Sebium Hydra 40ml;;Chưa chọn danh mục;5;555500;0.2559;0.16;0;0;0;0;13/04/2026 21:53;https://res.bigseller.pro/sku/images/merchantsku/944484/429437_1754361502610.jpg?imageView2/1/w/300/h/300
1265;BIODERMA Kem dưỡng Sebium Kerato+ 30ml;;Chưa chọn danh mục;8;982996.8;0.2884;0.26;0;0;0;0;13/04/2026 21:53;https://res.bigseller.pro/sku/images/merchantsku/944484/427965_1754365816255.jpg?imageView2/1/w/300/h/300
1266;BIODERMA Kem dưỡng Sebium Pore Refiner - 30ml;;Chưa chọn danh mục;0;0;0;0;0;--;0;0;13/04/2026 21:53;https://res.bigseller.pro/sku/images/merchantsku/944484/996498_1787501803069.jpg?imageView2/1/w/300/h/300
1267;BIODERMA Kem dưỡng Sebium Sensitive 30ml;;Chưa chọn danh mục;1;487200;0.6128;0.03;3;100;0;0;13/04/2026 21:53;https://res.bigseller.pro/sku/images/merchantsku/944484/912491_1787501774750.jpg?imageView2/1/w/300/h/300
1268;BIODERMA Kem mắt Sensibio Soothing Moisturising Eye 15ML;;Chưa chọn danh mục;1;47950;0.1383;0.03;0;0;0;0;13/04/2026 21:53;https://res.bigseller.pro/sku/images/merchantsku/944484/628992_1754365908147.jpg?imageView2/1/w/300/h/300
1270;BIODERMA Nước tẩy trang Sebium H2O - 100ml;;Chưa chọn danh mục;6;59599.98;0.0558;0.19;5;26;0;0;13/04/2026 21:53;https://res.bigseller.pro/sku/images/merchantsku/944484/483869_1754998314713.jpg?imageView2/1/w/300/h/300
1271;BIODERMA Nước tẩy trang Sebium H2O - 250ml;;Chưa chọn danh mục;0;0;0;0;4;--;0;0;13/04/2026 21:53;https://res.bigseller.pro/sku/images/merchantsku/944484/931089_1787500962274.jpg?imageView2/1/w/300/h/300
1273;BIODERMA Nước tẩy trang Sebium H2O - 500ml XANH;;Chưa chọn danh mục;12;138499.96;0.0313;0.39;10;25;0;0;13/04/2026 21:53;https://res.bigseller.pro/sku/images/merchantsku/944484/443555_1785489110182.jpg?imageView2/1/w/300/h/300
1274;BIODERMA Nước tẩy trang Sensibio H2O - 100ml;;Chưa chọn danh mục;6;72220.02;0.0676;0.19;0;0;0;0;13/04/2026 21:53;https://res.bigseller.pro/sku/images/merchantsku/944484/523387_1754366216142.jpg?imageView2/1/w/300/h/300
1277;BIODERMA Nước tẩy trang Sensibio H2O - 500ml HỒNG;;Chưa chọn danh mục;19;253880.71;0.036699999999999997;0.61;7;11;0;0;13/04/2026 21:53;https://res.bigseller.pro/sku/images/merchantsku/944484/710875_1754366311821.jpg?imageView2/1/w/300/h/300
1279;BIODERMA Nước Tẩy Trang Sensibio H2O Eye Biphasic Micellar Makeup Remover 125ml;;Chưa chọn danh mục;0;0;0;0;1;--;0;0;13/04/2026 21:53;https://res.bigseller.pro/sku/images/merchantsku/944484/905793_1787501494692.jpg?imageView2/1/w/300/h/300
1280;BIODERMA Serum Sensibio Defensive 30ML;;Chưa chọn danh mục;0;0;0;0;1;--;0;0;13/04/2026 21:53;https://res.bigseller.pro/sku/images/merchantsku/944484/689563_1787501856709.jpg?imageView2/1/w/300/h/300
1281;BIODERMA Son Dưỡng Môi Atoderm Stick Lèvres 4g;;Chưa chọn danh mục;2;362000;1;0.06;0;0;0;0;13/04/2026 21:53;https://res.bigseller.pro/sku/images/merchantsku/944484/320957_1754364221447.jpg?imageView2/1/w/300/h/300
1282;BIODERMA Sữa rửa mặt Atoderm Intensive Gel Moussant 200ml;;Chưa chọn danh mục;0;0;0;0;2;--;0;0;13/04/2026 21:53;https://res.bigseller.pro/sku/images/merchantsku/944484/456725_1754365816522.jpg?imageView2/1/w/300/h/300
1283;BIODERMA Sữa rửa mặt Sebium Gel Moussant - 45ml;;Chưa chọn danh mục;2;193581.82;0.4976;0.06;2;33;0;0;13/04/2026 21:53;https://res.bigseller.pro/sku/images/merchantsku/944484/921351_1787501349389.jpg?imageView2/1/w/300/h/300
1284;BIODERMA Sữa rửa mặt Sebium Gel Moussant - DẠNG TUÝP 100ml;;Chưa chọn danh mục;4;215617.64;0.24559999999999998;0.13;0;0;0;0;13/04/2026 21:53;https://res.bigseller.pro/sku/images/merchantsku/944484/232005_1754366216246.jpg?imageView2/1/w/300/h/300
1285;BIODERMA Sữa rửa mặt Sebium Gel Moussant - DẠNG TUÝP 200ml;;Chưa chọn danh mục;4;26337.6;0.0271;0.13;0;0;0;0;13/04/2026 21:53;https://res.bigseller.pro/sku/images/merchantsku/944484/530683_1787501084755.jpg?imageView2/1/w/300/h/300
1289;BIODERMA Toner Sebium Lotion - Full size 200ml;;Chưa chọn danh mục;0;0;0;0;3;--;0;0;13/04/2026 21:53;https://res.bigseller.pro/sku/images/merchantsku/944484/542238_1754364221110.jpg?imageView2/1/w/300/h/300
1291;BIO-OIL Dầu SKINCARE OIL Chăm sóc da - 25ML;;Chưa chọn danh mục;0;0;0;0;0;--;0;0;13/04/2026 21:53;https://res.bigseller.pro/sku/images/merchantsku/944484/942768_1754365714037.jpg?imageView2/1/w/300/h/300
1292;BIO-OIL SKINCARE OIL Dầu chăm sóc da mờ sẹo, đều màu - 60ml;;Chưa chọn danh mục;0;0;0;0;11;--;0;0;13/04/2026 21:53;https://res.bigseller.pro/sku/images/merchantsku/944484/192009_1754366308598.jpg?imageView2/1/w/300/h/300
1294;BIORÉ Serum Chống Nắng Bioré UV Body Care Serum SPF50+ PA++++ 150ml -  XANH DƯƠNG MÁT LẠNH;;Chưa chọn danh mục;2;66218;0.1959;0.06;1;16;0;0;13/04/2026 21:53;https://res.bigseller.pro/sku/images/merchantsku/944484/041191_1768418509274.jpg?imageView2/1/w/300/h/300
1295;BIORÉ Serum Chống Nắng Bioré UV Body Care Serum SPF50+ PA++++ 150ml - SÁNG SA QUẢ MỌNG;;Chưa chọn danh mục;1;2109;0.015300000000000001;0.03;2;66;0;0;13/04/2026 21:53;https://res.bigseller.pro/sku/images/merchantsku/944484/077774_1768418425503.jpg?imageView2/1/w/300/h/300
1296;BIOTRADE Kem chấm mụn giảm mụn viêm, mụn nội tiết 5ml;;Chưa chọn danh mục;5;34764.7;0.029500000000000002;0.16;4;25;0;0;13/04/2026 21:53;https://res.bigseller.pro/sku/images/merchantsku/944484/126376_1762335319166.jpg?imageView2/1/w/300/h/300
1297;Biotrade Dung dịch chấm mụn Biotrade Acnaut Active Lotion 15ml - Kem chấm mụn BioTrade;;Chưa chọn danh mục;0;0;0;0;7;--;0;0;13/04/2026 21:53;https://res.bigseller.pro/sku/images/merchantsku/944484/581935_1762349478177.jpg?imageView2/1/w/300/h/300
1298;BNBG Mặt Nạ Dưỡng Da Vita Tea Tree Healing Face Mask Pack 30ml - Xanh lá đậm;;Chưa chọn danh mục;550;746216.5;0.076;17.74;0;0;0;0;13/04/2026 21:53;https://res.bigseller.pro/sku/images/merchantsku/944484/227533_1754366305609.jpg?imageView2/1/w/300/h/300
1299;BNBG Mặt Nạ Vita Genic 30ml - Hydrating Jelly Mask VITAMIN E;;Chưa chọn danh mục;72;1041599.2;0.4989;2.32;18;7;0;0;13/04/2026 21:53;https://res.bigseller.pro/sku/images/merchantsku/944484/064052_1754365626394.jpg?imageView2/1/w/300/h/300
1300;BNBG Mặt Nạ Vita Genic 30ml - Lifting Jelly Mask VITAMIN A;;Chưa chọn danh mục;49;1827792.71;0.7582;1.58;93;58;0;0;13/04/2026 21:53;https://res.bigseller.pro/sku/images/merchantsku/944484/667354_1754366215648.jpg?imageView2/1/w/300/h/300
1301;BNBG Mặt Nạ Vita Genic 30ml - Relaxing Jelly Mask VITAMIN B;;Chưa chọn danh mục;124;637183.08;0.22649999999999998;4;1;0;0;0;13/04/2026 21:53;https://res.bigseller.pro/sku/images/merchantsku/944484/971739_1754365717972.jpg?imageView2/1/w/300/h/300
1302;BNBG Mặt Nạ Vita Genic 30ml - Whitening Jelly Mask VITAMIN C;;Chưa chọn danh mục;52;1208539.68;0.6605;1.68;8;4;0;0;13/04/2026 21:53;https://res.bigseller.pro/sku/images/merchantsku/944484/789014_1754365718284.jpg?imageView2/1/w/300/h/300
1303;BOBBY Khăn Giấy Ướt Antimos Xua Đuổi Muỗi Cho Bé Từ 6 Tháng Tuổi (20 Miếng) - Lẻ 1 gói;;Chưa chọn danh mục;0;0;0;0;45;--;0;0;13/04/2026 21:53;https://res.bigseller.pro/sku/images/merchantsku/944484/490473_1754361506377.jpg?imageView2/1/w/300/h/300
1304;BOBBY Khăn ướt Hương nhẹ nhàng an toàn dịu êm cho bé 100 miếng/gói - Hồng;;Chưa chọn danh mục;2;3160;0.0564;0.06;10;166;0;0;13/04/2026 21:53;https://res.bigseller.pro/sku/images/merchantsku/944484/887146_1754365619386.jpg?imageView2/1/w/300/h/300
1305;BOUNCIA Sữa Tắm COW Body Soap Trắng Da Dưỡng Ẩm 480ml - HOA CỎ NẮP XANH;;Chưa chọn danh mục;0;0;0;0;3;--;0;0;13/04/2026 21:53;https://res.bigseller.pro/sku/images/merchantsku/944484/612450_1754365629090.jpg?imageView2/1/w/300/h/300
1306;BOUNCIA Sữa Tắm COW Body Soap Trắng Da Dưỡng Ẩm 480ml - HOA HỒNG NẮP HỒNG;;Chưa chọn danh mục;0;0;0;0;0;--;0;0;13/04/2026 21:53;https://res.bigseller.pro/sku/images/merchantsku/944484/833582_1754366221442.jpg?imageView2/1/w/300/h/300
1308;CAMAY Xà bông tắm 125g – Chic (Đen);;Chưa chọn danh mục;0;0;0;0;1;--;0;0;13/04/2026 21:53;https://res.bigseller.pro/sku/images/merchantsku/944484/196329_1754365714075.jpg?imageView2/1/w/300/h/300
1309;CAMAY Xà bông tắm 125g – Classic (Đỏ);;Chưa chọn danh mục;0;0;0;0;2;--;0;0;13/04/2026 21:53;https://res.bigseller.pro/sku/images/merchantsku/944484/614293_1754365622245.jpg?imageView2/1/w/300/h/300
1310;CAMAY Xà bông tắm 125g – Natural (Trắng);;Chưa chọn danh mục;0;0;0;0;4;--;0;0;13/04/2026 21:53;https://res.bigseller.pro/sku/images/merchantsku/944484/208197_1754366212096.jpg?imageView2/1/w/300/h/300
1312;CANDID Kem Dưỡng Ẩm B5 CICA - Candid B5 CICA Repair & Soothing Cream - 50ml;;CANDID;1;19680.37;0.0378;0.03;0;0;0;0;13/04/2026 21:53;https://res.bigseller.pro/sku/images/merchantsku/944484/524974_1761736516106.jpg?imageView2/1/w/300/h/300
1313;CANDID RETINOL 0.5 Hoạt Chất Chống Lão Hoá Retinol 0.5;;CANDID;1;22437.5;0.032799999999999996;0.03;0;0;0;0;13/04/2026 21:53;https://res.bigseller.pro/sku/images/merchantsku/944484/281284_1762349477893.jpg?imageView2/1/w/300/h/300
1314;CARE4U Dụng Cụ Cạo Lưỡi Giảm Hôi Miệng Vệ Sinh Lưỡi;;Chưa chọn danh mục;9;163305.53;0.4507;0.29;0;0;0;0;13/04/2026 21:53;https://res.bigseller.pro/sku/images/merchantsku/944484/953734_1754365823524.jpg?imageView2/1/w/300/h/300
1315;CARE4U Tăm Vệ Sinh Kẽ Răng Loại Bỏ Mảnh Vụn Thức Ăn Giữa Các Kẽ Răng 160 Chiếc;;Chưa chọn danh mục;1;21979;0.47509999999999997;0.03;8;266;0;0;13/04/2026 21:53;https://res.bigseller.pro/sku/images/merchantsku/944484/215379_1754364214253.jpg?imageView2/1/w/300/h/300
1317;CARSLAN Phấn phủ kiềm dầu Carslan chống nước chống mồ hôi ngăn bóng dầu 1g  - Tím;;Chưa chọn danh mục;1;39000;0.5652;0.03;0;0;0;0;13/04/2026 21:53;https://res.bigseller.pro/sku/images/merchantsku/944484/384335_1762329315627.jpg?imageView2/1/w/300/h/300
1319;CARYOPHY Gel Tẩy Tế Bào Chết Ngăn Ngừa Mụn 250ml Smart Peeling Gel;;Chưa chọn danh mục;6;487154.6;0.2888;0.19;5;26;0;0;13/04/2026 21:53;https://res.bigseller.pro/sku/images/merchantsku/944484/375747_1754365819911.jpg?imageView2/1/w/300/h/300
1320;CARYOPHY Kem Chống Nắng Smart Tone-up Sunscreen SPF50+ PA+++ 50ml;;Chưa chọn danh mục;5;50000;0.04650000000000001;0.16;6;37;0;0;13/04/2026 21:53;https://res.bigseller.pro/sku/images/merchantsku/944484/409962_1754365908211.jpg?imageView2/1/w/300/h/300
1321;CARYOPHY Mặt nạ Portulaca Mask Sheet 3IN1 22g - 01 miếng;;Chưa chọn danh mục;435;266429.45;0.036699999999999997;14.03;209;14;0;0;13/04/2026 21:53;https://res.bigseller.pro/sku/images/merchantsku/944484/449102_1754366311773.jpg?imageView2/1/w/300/h/300
1322;CARYOPHY Mặt nạ Skin Repair Mask Sheet 3IN1 22g - 01 miếng - XANH DƯƠNG;;Chưa chọn danh mục;225;191168.05;0.049699999999999994;7.26;30;4;0;0;13/04/2026 21:53;https://res.bigseller.pro/sku/images/merchantsku/944484/860050_1772596263833.jpg?imageView2/1/w/300/h/300
1323;CARYOPHY Nước Tẩy Trang Smart Cleansing Water 5in1 - 500ml;;Chưa chọn danh mục;4;43000;0.057;0.13;8;61;0;0;13/04/2026 21:53;https://res.bigseller.pro/sku/images/merchantsku/944484/788346_1756125069561.jpg?imageView2/1/w/300/h/300
1324;CARYOPHY Toner Portulaca 300ml;;Chưa chọn danh mục;12;728948.7;0.2267;0.39;6;15;0;0;13/04/2026 21:53;https://res.bigseller.pro/sku/images/merchantsku/944484/538989_1754366215673.jpg?imageView2/1/w/300/h/300
1325;CATRICE Kem nền HD Liquid Coverage Last Upto 24h 30ml - 008;;Chưa chọn danh mục;0;0;0;0;0;--;0;0;13/04/2026 21:53;https://res.bigseller.pro/sku/images/merchantsku/944484/504693_1754364213578.jpg?imageView2/1/w/300/h/300
1327;CELL FUSION C Kem chống nắng Toning Sunscreen 100 SPF50+/PA++++  - ĐỎ 35ml MẪU MỚI;;Chưa chọn danh mục;2;173200;0.3396;0.06;0;0;0;0;13/04/2026 21:53;https://res.bigseller.pro/sku/images/merchantsku/944484/447396_1760770429646.jpg?imageView2/1/w/300/h/300
1328;CELL FUSION C Kem chống nắng Toning Sunscreen 100 SPF50+/PA++++  - XANH 35ml MẪU MỚI;;Chưa chọn danh mục;0;0;0;0;0;--;0;0;13/04/2026 21:53;https://res.bigseller.pro/sku/images/merchantsku/944484/472209_1760770392884.jpg?imageView2/1/w/300/h/300
1329;CELL FUSION C Kem chống nắng Toning Sunscreen 100 SPF50+/PA++++ 35ml - HỒNG Aqua Tone Up;;Chưa chọn danh mục;2;218000;0.3772;0.06;9;150;0;0;13/04/2026 21:53;https://res.bigseller.pro/sku/images/merchantsku/944484/961835_1764213914124.jpg?imageView2/1/w/300/h/300
1330;CELL FUSION C Kem chống nắng Toning Sunscreen 100 SPF50+/PA++++ 35ml - VÀNG Derma Relief;;Chưa chọn danh mục;3;425000;0.5556;0.1;2;20;0;0;13/04/2026 21:53;https://res.bigseller.pro/sku/images/merchantsku/944484/777310_1764213452088.jpg?imageView2/1/w/300/h/300
1331;CELL FUSION Kem chống nắng Dark Spot Toning 50ml - HỒNG;;Chưa chọn danh mục;191;1519694.86;0.037599999999999995;6.16;5;0;0;0;13/04/2026 21:53;https://res.bigseller.pro/sku/images/merchantsku/944484/236572_1774242106491.jpg?imageView2/1/w/300/h/300
1332;CELL FUSION Kem chống nắng Toning Sunscreen 100 SPF50+/PA++++ 50ml - Hồng AQUA Tone up;;Chưa chọn danh mục;1;120000;0.2963;0.03;10;333;0;0;13/04/2026 21:53;https://res.bigseller.pro/sku/images/merchantsku/944484/243648_1754366306015.jpg?imageView2/1/w/300/h/300
1333;CELL FUSION Kem chống nắng Toning Sunscreen 100 SPF50+/PA++++ 50ml - Hồng Brightening  Tone up Care;;Chưa chọn danh mục;0;0;0;0;0;--;0;0;13/04/2026 21:53;https://res.bigseller.pro/sku/images/merchantsku/944484/198768_1762143866407.jpg?imageView2/1/w/300/h/300
1336;CERAVE Gel Giảm Mụn Cerave  Blemish Control Gel - 40ml;;Chưa chọn danh mục;0;0;0;0;1;--;0;0;13/04/2026 21:53;https://res.bigseller.pro/sku/images/merchantsku/944484/759216_1767406725765.jpg?imageView2/1/w/300/h/300
1337;CERAVE Kem Dưỡng Ẩm Facial Moisturising Lotion 52ML - AM (Ban Ngày), SPF25+, FRANCE;;Chưa chọn danh mục;4;329800;0.2932;0.13;5;38;0;0;13/04/2026 21:53;https://res.bigseller.pro/sku/images/merchantsku/944484/408384_1754365816617.jpg?imageView2/1/w/300/h/300
1339;CERAVE Kem Dưỡng Da Moisturising Cream Baume Hydratant - 340g FRANCE;;Chưa chọn danh mục;12;554862.88;0.1318;0.39;2;5;0;0;13/04/2026 21:53;https://res.bigseller.pro/sku/images/merchantsku/944484/693265_1754366215944.jpg?imageView2/1/w/300/h/300
1341;CERAVE Kem Dưỡng Da Moisturising Cream Baume Hydratant - 50ml FRANCE;;Chưa chọn danh mục;7;495900.08;0.36469999999999997;0.23;23;100;0;0;13/04/2026 21:53;https://res.bigseller.pro/sku/images/merchantsku/944484/980782_1754366311826.jpg?imageView2/1/w/300/h/300
1345;CERAVE Sữa Dưỡng Moisturising Lotion Lait Hydratant - 236ml FRANCE;;Chưa chọn danh mục;9;700657.63;0.24850000000000003;0.29;0;0;0;0;13/04/2026 21:53;https://res.bigseller.pro/sku/images/merchantsku/944484/566701_1755015056858.jpg?imageView2/1/w/300/h/300
1346;CERAVE Sữa Dưỡng Moisturising Lotion Lait Hydratant - 30ml;;Chưa chọn danh mục;11;10000;0.0571;0.35;30;85;0;0;13/04/2026 21:53;https://res.bigseller.pro/sku/images/merchantsku/944484/980249_1754365914084.jpg?imageView2/1/w/300/h/300
1347;CERAVE Sữa Dưỡng Moisturising Lotion Lait Hydratant - 473ml FRANCE;;Chưa chọn danh mục;3;462448.02;0.3114;0.1;15;150;0;0;13/04/2026 21:53;https://res.bigseller.pro/sku/images/merchantsku/944484/199805_1754365816848.jpg?imageView2/1/w/300/h/300
1349;CERAVE Sữa Rửa Mặt Foaming Cleanser - 236ml FRANCE;;Chưa chọn danh mục;221;5192401.82;0.0932;7.13;376;52;0;0;13/04/2026 21:53;https://res.bigseller.pro/sku/images/merchantsku/944484/862346_1754365717686.jpg?imageView2/1/w/300/h/300
1350;CERAVE Sữa Rửa Mặt Foaming Cleanser - 30ml FRANCE;;Chưa chọn danh mục;9598;87406344.42;0.39149999999999996;309.61;4260;13;0;0;13/04/2026 21:53;https://res.bigseller.pro/sku/images/merchantsku/944484/634847_1785651928354.jpg?imageView2/1/w/300/h/300
1351;CERAVE Sữa Rửa Mặt Foaming Cleanser - 473ml FRANCE;;Chưa chọn danh mục;35;2275373.44;0.1705;1.13;52;46;0;0;13/04/2026 21:53;https://res.bigseller.pro/sku/images/merchantsku/944484/302232_1754366311743.jpg?imageView2/1/w/300/h/300
1352;CERAVE Sữa Rửa Mặt Hydrating Cleanser - 20ml [DATE 07.2026];;Chưa chọn danh mục;1;11000;0.44;0.03;0;0;0;0;13/04/2026 21:53;https://res.bigseller.pro/sku/images/merchantsku/944484/577272_1768363051054.jpg?imageView2/1/w/300/h/300
1353;CERAVE Sữa Rửa Mặt HYDRATING Cleanser - 236ml FRANCE;;Chưa chọn danh mục;120;1844464;0.0655;3.87;10;2;0;0;13/04/2026 21:53;https://res.bigseller.pro/sku/images/merchantsku/944484/013712_1754366216280.jpg?imageView2/1/w/300/h/300
1354;CERAVE Sữa Rửa Mặt HYDRATING Cleanser - 30ml;;Chưa chọn danh mục;65;1854756.36;0.8461;2.1;0;0;0;0;13/04/2026 21:53;https://res.bigseller.pro/sku/images/merchantsku/944484/254482_1754366308304.jpg?imageView2/1/w/300/h/300
1355;CERAVE Sữa Rửa Mặt HYDRATING Cleanser - 473ml FRANCE;;Chưa chọn danh mục;16;633887.88;0.1151;0.52;3;5;0;0;13/04/2026 21:53;https://res.bigseller.pro/sku/images/merchantsku/944484/446683_1754365718067.jpg?imageView2/1/w/300/h/300
1356;CERAVE Sữa Rửa Mặt HYDRATING Cleanser - 88ml FRANCE;;Chưa chọn danh mục;29;677000;0.1833;0.94;19;20;0;0;13/04/2026 21:53;https://res.bigseller.pro/sku/images/merchantsku/944484/799128_1754366311827.jpg?imageView2/1/w/300/h/300
1357;CERAVE Sữa Rửa Mặt SA Smoothing Cleanser - 236ml FRANCE;;Chưa chọn danh mục;81;2399602.31;0.10869999999999999;2.61;31;11;0;0;13/04/2026 21:53;https://res.bigseller.pro/sku/images/merchantsku/944484/840743_1754365623720.jpg?imageView2/1/w/300/h/300
1359;CERAVE Sữa Rửa Mặt Cerave Cho Da Dầu Mụn Blemish Control Cleanser - 236ml;;Chưa chọn danh mục;71;922052.67;0.052000000000000005;2.29;4;1;0;0;13/04/2026 21:53;https://res.bigseller.pro/sku/images/merchantsku/944484/278672_1749546410503.jpg?imageView2/1/w/300/h/300
1361;CERAVE Sữa Rửa Mặt Cerave Cho Da Dầu Mụn Blemish Control Cleanser - 88ml;;Chưa chọn danh mục;0;0;0;0;1;--;0;0;13/04/2026 21:53;https://res.bigseller.pro/sku/images/merchantsku/944484/902080_1749546862234.jpg?imageView2/1/w/300/h/300
1362;CETAPHIL Gel Rửa Mặt CETAPHIL Gentle Exfolioating SA Cleanser Làm Sạch Sâu Cho Da Dầu Mụn Nhạy Cảm 236ml;;CETAPHIL;2;218980;0.3041;0.06;2;33;0;0;13/04/2026 21:53;https://res.bigseller.pro/sku/images/merchantsku/944484/565425_1753066116048.jpg?imageView2/1/w/300/h/300
1363;CETAPHIL Gel Rửa Mặt Gentle Exfolioating SA Cleanser Làm Sạch Sâu Cho Da Dầu Mụn Nhạy Cảm 473ml;;CETAPHIL;0;0;0;0;3;--;0;0;13/04/2026 21:53;https://res.bigseller.pro/sku/images/merchantsku/944484/104751_1753066149857.jpg?imageView2/1/w/300/h/300
1364;CETAPHIL  Tinh Chất Bright Healthy Radiance Perfecting Serum 30ml;;CETAPHIL;4;1224872;0.43810000000000004;0.13;0;0;0;0;13/04/2026 21:53;https://res.bigseller.pro/sku/images/merchantsku/944484/816970_1759111146621.jpg?imageView2/1/w/300/h/300
1365;CETAPHIL Baby Moisturising Baby Oil Dưỡng Ẩm Mềm Mại,Cung Cấp Dưỡng Chất Cho Da Bé 200ml;;CETAPHIL;0;0;0;0;10;--;0;0;13/04/2026 21:53;https://res.bigseller.pro/sku/images/merchantsku/944484/440626_1759216549459.jpg?imageView2/1/w/300/h/300
1366;CETAPHIL Dầu gội Baby Shampoo 200ml;;CETAPHIL;1;5517;0.0414;0.03;0;0;0;0;13/04/2026 21:53;https://res.bigseller.pro/sku/images/merchantsku/944484/099237_1754366216147.jpg?imageView2/1/w/300/h/300
1367;CETAPHIL Gel Chống Nắng Sun SPF 50+ Light 50ml;;CETAPHIL;5;712902;0.4211;0.16;0;0;0;0;13/04/2026 21:53;https://res.bigseller.pro/sku/images/merchantsku/944484/749363_1754365714105.jpg?imageView2/1/w/300/h/300
1369;CETAPHIL Kem Baby Diaper Cream Calendula 70g;;CETAPHIL;0;0;0;0;1;--;0;0;13/04/2026 21:53;https://res.bigseller.pro/sku/images/merchantsku/944484/837811_1754365912068.jpg?imageView2/1/w/300/h/300
1370;CETAPHIL Kem dưỡng ẩm Bright Healthy Radiance - Day Cream SPF15 50g;;CETAPHIL;1;287800;0.3948;0.03;0;0;0;0;13/04/2026 21:53;https://res.bigseller.pro/sku/images/merchantsku/944484/486308_1754365816347.jpg?imageView2/1/w/300/h/300
1371;CETAPHIL Kem dưỡng ẩm Bright Healthy Radiance - Night Cream 50g;;CETAPHIL;2;624766.5;0.42969999999999997;0.06;1;16;0;0;13/04/2026 21:53;https://res.bigseller.pro/sku/images/merchantsku/944484/676696_1754365626141.jpg?imageView2/1/w/300/h/300
1372;CETAPHIL Kem dưỡng ẩm Face and Body Moisturizing Cream 100gr;;CETAPHIL;1;128048;0.39399999999999996;0.03;2;66;0;0;13/04/2026 21:53;https://res.bigseller.pro/sku/images/merchantsku/944484/177817_1754365712396.jpg?imageView2/1/w/300/h/300
1373;CETAPHIL Kem dưỡng ẩm Face and Body Moisturizing Cream 453gr;;CETAPHIL;3;423800;0.33899999999999997;0.1;0;0;0;0;13/04/2026 21:53;https://res.bigseller.pro/sku/images/merchantsku/944484/331152_1754366306209.jpg?imageView2/1/w/300/h/300
1374;CETAPHIL Kem dưỡng ẩm Face and Body Moisturizing Cream 50gr;;CETAPHIL;2;151334;0.3982;0.06;1;16;0;0;13/04/2026 21:53;https://res.bigseller.pro/sku/images/merchantsku/944484/678841_1754366215808.jpg?imageView2/1/w/300/h/300
1375;CETAPHIL Kem dưỡng ẩm Pro Acne Prone Moist Lotion SPF25 118ml;;CETAPHIL;0;0;0;0;1;--;0;0;13/04/2026 21:53;https://res.bigseller.pro/sku/images/merchantsku/944484/839698_1787499553627.jpg?imageView2/1/w/300/h/300
1376;CETAPHIL Kem dưỡng ẩm PRO AD Derma Skin Restoring Moisturizer 295ml;;CETAPHIL;2;779559.84;0.4457;0.06;5;83;0;0;13/04/2026 21:53;https://res.bigseller.pro/sku/images/merchantsku/944484/914194_1787306471275.jpg?imageView2/1/w/300/h/300
1377;CETAPHIL Kem Dưỡng Ẩm Soothing And Comforting Cica Calming Face Cream 45ml;;CETAPHIL;1;229484.17;0.3857;0.03;0;0;0;0;13/04/2026 21:53;https://res.bigseller.pro/sku/images/merchantsku/944484/191774_1754998486120.jpg?imageView2/1/w/300/h/300
1379;CETAPHIL Mặt Nạ Bright Healthy Radiance Instant Mask 6 Miếngx23ml;;CETAPHIL;5;834169.5;0.3686;0.16;10;62;0;0;13/04/2026 21:53;https://res.bigseller.pro/sku/images/merchantsku/944484/486244_1758881529380.jpg?imageView2/1/w/300/h/300
1380;CETAPHIL Nước hoa hồng dưỡng ẩm Bright Healthy Radiance Toner 150ml;;CETAPHIL;1;148826.8;0.4264;0.03;2;66;0;0;13/04/2026 21:53;https://res.bigseller.pro/sku/images/merchantsku/944484/766681_1787499671827.jpg?imageView2/1/w/300/h/300
1381;CETAPHIL Pro Ad Derma Repair Cream Giảm Ngứa Và Làm Dịu Lành Dành Cho Da Khô, Ngứa 227g;;CETAPHIL;2;167340;0.1281;0.06;2;33;0;0;13/04/2026 21:53;https://res.bigseller.pro/sku/images/merchantsku/944484/357937_1759214635591.jpg?imageView2/1/w/300/h/300
1382;CETAPHIL Sữa Chống Nắng Baby Sun Kids SPF 50+ - 150ml;;CETAPHIL;1;-15546.17;-0.0572;0.03;2;66;0;0;13/04/2026 21:53;https://res.bigseller.pro/sku/images/merchantsku/944484/913763_1787499865211.jpg?imageView2/1/w/300/h/300
1384;CETAPHIL Sữa dưỡng da Baby Daily Lotion - 400ml;;CETAPHIL;1;144788.98;0.4322;0.03;5;166;0;0;13/04/2026 21:53;https://res.bigseller.pro/sku/images/merchantsku/944484/322758_1787498596233.jpg?imageView2/1/w/300/h/300
1385;CETAPHIL Sữa dưỡng da Baby Daily Lotion - with Calendula 400ml;;CETAPHIL;2;18836.92;0.037200000000000004;0.06;4;66;0;0;13/04/2026 21:53;https://res.bigseller.pro/sku/images/merchantsku/944484/857742_1787498634104.jpg?imageView2/1/w/300/h/300
1386;CETAPHIL Sữa dưỡng da Baby Daily Lotion - with Calendula 50ml;;CETAPHIL;0;0;0;0;4;--;0;0;13/04/2026 21:53;https://res.bigseller.pro/sku/images/merchantsku/944484/465834_1769698958217.jpg?imageView2/1/w/300/h/300
1387;CETAPHIL Sữa rửa mặt Bright Healthy Radiance Cleanser 100g;;CETAPHIL;0;0;0;0;2;--;0;0;13/04/2026 21:53;https://res.bigseller.pro/sku/images/merchantsku/944484/003284_1787499735925.jpg?imageView2/1/w/300/h/300
1388;CETAPHIL Sữa Rửa Mặt Foaming Cream Cleanser - 473ml;;CETAPHIL;0;0;0;0;0;--;0;0;13/04/2026 21:53;https://res.bigseller.pro/sku/images/merchantsku/944484/847614_1754365816475.jpg?imageView2/1/w/300/h/300
1389;CETAPHIL Sữa rửa mặt Gentle Skin Cleanser - 125ml;;CETAPHIL;14;108953.38;0.0664;0.45;56;124;0;0;13/04/2026 21:53;https://res.bigseller.pro/sku/images/merchantsku/944484/723320_1787498768814.jpg?imageView2/1/w/300/h/300
1391;CETAPHIL Sữa rửa mặt Gentle Skin Cleanser - 59ml;;CETAPHIL;349;1362254.35;0.17489999999999997;11.26;0;0;0;0;13/04/2026 21:53;https://res.bigseller.pro/sku/images/merchantsku/944484/500194_1755552875025.jpg?imageView2/1/w/300/h/300
1392;CETAPHIL Sữa Rửa Mặt Hydrating Foaming Cream Cleanser - 236ml;;CETAPHIL;2;229264;0.35600000000000004;0.06;0;0;0;0;13/04/2026 21:53;https://res.bigseller.pro/sku/images/merchantsku/944484/479055_1755687689326.jpg?imageView2/1/w/300/h/300
1393;CETAPHIL Sữa Rửa Mặt Oily Skin Cleanser Cho Da Dầu - 118ml;;CETAPHIL;34;333454.93;0.0746;1.1;7;6;0;0;13/04/2026 21:53;https://res.bigseller.pro/sku/images/merchantsku/944484/276859_1787499086233.jpg?imageView2/1/w/300/h/300
1395;CETAPHIL Sữa Rửa Mặt Oily Skin Cleanser Cho Da Dầu - 473ml MẪU MỚI;;CETAPHIL;2;231257.78;0.2646;0.06;3;50;0;0;13/04/2026 21:53;https://res.bigseller.pro/sku/images/merchantsku/944484/302281_1754366317792.jpg?imageView2/1/w/300/h/300
1396;CETAPHIL Sữa Rửa Mặt Oily Skin Cleanser Cho Da Dầu - 5ml;;CETAPHIL;0;0;0;0;0;--;0;0;13/04/2026 21:53;https://res.bigseller.pro/sku/images/merchantsku/944484/049634_1768442605089.jpg?imageView2/1/w/300/h/300
1397;CETAPHIL Sữa rửa mặt Pro Acne Prone Oil Control Foam Wash 236ml;;CETAPHIL;13;2506958.65;0.3666;0.42;0;0;0;0;13/04/2026 21:53;https://res.bigseller.pro/sku/images/merchantsku/944484/885556_1754365626168.jpg?imageView2/1/w/300/h/300
1398;CETAPHIL Sữa Rửa Mặt Soothing Foam Wash Dạng 200ml;;CETAPHIL;0;0;0;0;3;--;0;0;13/04/2026 21:53;https://res.bigseller.pro/sku/images/merchantsku/944484/638671_1754366308285.jpg?imageView2/1/w/300/h/300
1399;CETAPHIL Sữa tắm dưỡng ẩm Baby Ultra Moisturizing Bath & Wash 230ml;;CETAPHIL;1;94776;0.4269;0.03;0;0;0;0;13/04/2026 21:53;https://res.bigseller.pro/sku/images/merchantsku/944484/066508_1787498543189.jpg?imageView2/1/w/300/h/300
1400;CETAPHIL Sữa tắm gội 2 in 1 Baby Gentle Wash & Shampoo - 230ml;;CETAPHIL;4;221151.48;0.3309;0.13;1;7;0;0;13/04/2026 21:53;https://res.bigseller.pro/sku/images/merchantsku/944484/656351_1754365718072.jpg?imageView2/1/w/300/h/300
1401;CETAPHIL Sữa tắm gội 2 in 1 Baby Gentle Wash & Shampoo - 400ml;;CETAPHIL;0;0;0;0;0;--;0;0;13/04/2026 21:53;https://res.bigseller.pro/sku/images/merchantsku/944484/286600_1754365718206.jpg?imageView2/1/w/300/h/300
1402;CETAPHIL Sữa tắm gội hữu cơ Baby Wash & Shampoo with Calendula - 230ml;;CETAPHIL;5;228000;0.3132;0.16;0;0;0;0;13/04/2026 21:53;https://res.bigseller.pro/sku/images/merchantsku/944484/736568_1787498501896.jpg?imageView2/1/w/300/h/300
1403;CETAPHIL Sữa tắm gội hữu cơ Baby Wash & Shampoo with Calendula - 400ml;;CETAPHIL;3;117320;0.1503;0.1;0;0;0;0;13/04/2026 21:53;https://res.bigseller.pro/sku/images/merchantsku/944484/034549_1754365908208.jpg?imageView2/1/w/300/h/300
1405;CETAPHIL Sữa tắm PRO AD Derma Skin Restoring Wash 295ml;;CETAPHIL;10;2143640;0.39880000000000004;0.32;0;0;0;0;13/04/2026 21:53;https://res.bigseller.pro/sku/images/merchantsku/944484/159516_1786950882055.jpg?imageView2/1/w/300/h/300
1406;CETAPHIL Tinh Chất Soothing And Comforting Cica Restoring Serum 30ml;;CETAPHIL;2;646132;0.38689999999999997;0.06;0;0;0;0;13/04/2026 21:53;https://res.bigseller.pro/sku/images/merchantsku/944484/214263_1754365821350.jpg?imageView2/1/w/300/h/300
1407;CETAPHIL Toner Soothing & Comforting Cica Balancing 150ml;;CETAPHIL;2;528638.66;0.39159999999999995;0.06;1;16;0;0;13/04/2026 21:53;https://res.bigseller.pro/sku/images/merchantsku/944484/712834_1754361505919.jpg?imageView2/1/w/300/h/300
1409;Sữa Dưỡng Ẩm CETAPHIL Gentle Exfolioating SA Lotion Kết Hợp Tẩy Tế Bào Chết Dịu Nhẹ Cho Da Dầu Mụn Nhạy Cảm 236ml;;CETAPHIL;0;0;0;0;4;--;0;0;13/04/2026 21:53;https://res.bigseller.pro/sku/images/merchantsku/944484/617681_1787498263172.jpg?imageView2/1/w/300/h/300
1410;CETAPHIL Kem Chống Nắng Daily Defense Cream SPF50 Sensitive Skin SPF50 - 50g;;CETAPHIL;0;0;0;0;10;--;0;0;13/04/2026 21:53;https://res.bigseller.pro/sku/images/merchantsku/944484/758881_1752046627271.jpg?imageView2/1/w/300/h/300
1411;CHACOTT Nước Tẩy Trang Professionals Cleansing Water 500ml;;Chưa chọn danh mục;84;855200.28;0.0462;2.71;12;4;0;0;13/04/2026 21:53;https://res.bigseller.pro/sku/images/merchantsku/944484/283604_1755687785027.jpg?imageView2/1/w/300/h/300
1415;CHINOSHIO Toner Dokudami Natural Skin Lotion 500ml diếp cá;;Chưa chọn danh mục;4;51161.28;0.1705;0.13;0;0;0;0;13/04/2026 21:53;https://res.bigseller.pro/sku/images/merchantsku/944484/761744_1754365816711.jpg?imageView2/1/w/300/h/300
1416;CHINOSHIO Toner Dokudami Perilla Natural Skin Lotion 500ml tía tô;;Chưa chọn danh mục;2;108000;0.4426;0.06;4;66;0;0;13/04/2026 21:53;https://res.bigseller.pro/sku/images/merchantsku/944484/097314_1754365624267.jpg?imageView2/1/w/300/h/300
1417;CHIVEY Bông nở rửa mặt bịch 12 miếng [XT];;Chưa chọn danh mục;11;199130;0.6638;0.35;80;228;0;0;13/04/2026 21:53;https://res.bigseller.pro/sku/images/merchantsku/944484/530549_1754366311779.jpg?imageView2/1/w/300/h/300
1422;CNP Kem Chống Nắng Laboratory Tone-Up Protection Sun SPF42 PA+++ 31ml;;Chưa chọn danh mục;3;32142.87;0.0857;0.1;0;0;0;0;13/04/2026 21:53;https://res.bigseller.pro/sku/images/merchantsku/944484/579112_1754364216642.jpg?imageView2/1/w/300/h/300
1424;CNP Nước hoa hồng Laboratory Propolis Treatment Ampule Essence – 150ml;;Chưa chọn danh mục;0;0;0;0;1;--;0;0;13/04/2026 21:53;https://res.bigseller.pro/sku/images/merchantsku/944484/732300_1754998314467.jpg?imageView2/1/w/300/h/300
1426;CNP Tinh chất keo ong Laboratory Propolis Energy Ampule - 15ml;;Chưa chọn danh mục;0;0;0;0;1;--;0;0;13/04/2026 21:53;https://res.bigseller.pro/sku/images/merchantsku/944484/843682_1754365819968.jpg?imageView2/1/w/300/h/300
1433;COAST Sữa tắm gội 2 in 1 Classic Scent - 532ml;;Chưa chọn danh mục;0;0;0;0;0;--;0;0;13/04/2026 21:53;https://res.bigseller.pro/sku/images/merchantsku/944484/145414_1754365817042.jpg?imageView2/1/w/300/h/300
1434;COCOON Dầu Gội Bưởi Không Sulfate 500ml;;Chưa chọn danh mục;3;190799.99;0.22940000000000002;0.1;0;0;0;0;13/04/2026 21:53;https://res.bigseller.pro/sku/images/merchantsku/944484/133795_1754365813279.jpg?imageView2/1/w/300/h/300
1436;COCOON Mặt Nạ nghệ Hưng Yên Turmeric Face Mask - 30ml;;Chưa chọn danh mục;10;43000;0.0506;0.32;0;0;0;0;13/04/2026 21:53;https://res.bigseller.pro/sku/images/merchantsku/944484/241674_1754365816182.jpg?imageView2/1/w/300/h/300
1437;COCOON Nước dưỡng tóc tinh dầu bưởi Pomelo Hair Tonic 140ml;;Chưa chọn danh mục;22;234941.65;0.1202;0.71;22;30;0;0;13/04/2026 21:53;https://res.bigseller.pro/sku/images/merchantsku/944484/332028_1754365908147.jpg?imageView2/1/w/300/h/300
1438;COCOON Nước Tẩy Trang Winter Melon Micellar Water - 500ML;;Chưa chọn danh mục;8;47257.44;0.0438;0.26;2;7;0;0;13/04/2026 21:53;https://res.bigseller.pro/sku/images/merchantsku/944484/721790_1754365624192.jpg?imageView2/1/w/300/h/300
1439;COCOON Pomelo Dầu Gội Bưởi Shampoo 310ml;;Chưa chọn danh mục;3;25993.47;0.0559;0.1;62;620;0;0;13/04/2026 21:53;https://res.bigseller.pro/sku/images/merchantsku/944484/603015_1754366215283.jpg?imageView2/1/w/300/h/300
1440;COCOON Pomelo Dầu Xả Bưởi Hair Conditioner 310ml;;Chưa chọn danh mục;1;173765.2;0.6377;0.03;0;0;0;0;13/04/2026 21:53;https://res.bigseller.pro/sku/images/merchantsku/944484/572811_1787888367575.jpg?imageView2/1/w/300/h/300
1441;COCOON Son Dưỡng Bến Tre Coconut Lip Balm 5g;;Chưa chọn danh mục;0;0;0;0;0;--;0;0;13/04/2026 21:53;https://res.bigseller.pro/sku/images/merchantsku/944484/795465_1754365908217.jpg?imageView2/1/w/300/h/300
1442;COCOON Tẩy Tế Bào Chết Dak Lak Coffee Body Polish - 200ml;;Chưa chọn danh mục;7;278763.89;0.3821;0.23;3;13;0;0;13/04/2026 21:53;https://res.bigseller.pro/sku/images/merchantsku/944484/076963_1754365816209.jpg?imageView2/1/w/300/h/300
1444;COCOON Tẩy Tế Bào Chết Mặt Dak Lak Coffee Face Polish 150ml;;Chưa chọn danh mục;41;588859.87;0.1494;1.32;2;1;0;0;13/04/2026 21:53;https://res.bigseller.pro/sku/images/merchantsku/944484/103039_1754366215955.jpg?imageView2/1/w/300/h/300
1445;COCOON Tẩy Tế Bào Chết Môi Dak Lak Coffee Lip Scrub 5g;;Chưa chọn danh mục;23;204967.96;0.19920000000000002;0.74;15;20;0;0;13/04/2026 21:53;https://res.bigseller.pro/sku/images/merchantsku/944484/409254_1754365816224.jpg?imageView2/1/w/300/h/300
1448;COMPLIMENT Gel bôi mụn No Problem 25ml - GEL AHA;;Chưa chọn danh mục;6;120382.5;0.36729999999999996;0.19;0;0;0;0;13/04/2026 21:53;https://res.bigseller.pro/sku/images/merchantsku/944484/245667_1754366210660.jpg?imageView2/1/w/300/h/300
1449;COMPLIMENT Gel bôi mụn No Problem 25ml - GEL SOS;;Chưa chọn danh mục;10;109101.3;0.2401;0.32;14;43;0;0;13/04/2026 21:53;https://res.bigseller.pro/sku/images/merchantsku/944484/506484_1754365712237.jpg?imageView2/1/w/300/h/300
1450;COMPLIMENT Gel rửa mặt AHA BHA  150ml - XANH NHẠT;;Chưa chọn danh mục;6;204114.88;0.3608;0.19;5;26;0;0;13/04/2026 21:53;https://res.bigseller.pro/sku/images/merchantsku/944484/239895_1754365823166.jpg?imageView2/1/w/300/h/300
1451;COMPLIMENT Kem dưỡng No problem AHA-BHA-PHA phục hồi, tái tạo da dầu mụn 50ml;;Chưa chọn danh mục;2;86245.78;0.47;0.06;2;33;0;0;13/04/2026 21:53;https://res.bigseller.pro/sku/images/merchantsku/944484/840239_1754365902769.jpg?imageView2/1/w/300/h/300
1452;COMPLIMENT Kem dưỡng phục hồi da 75ml - D-Panthenol 7%;;Chưa chọn danh mục;11;94504.44;0.14880000000000002;0.35;1;2;0;0;13/04/2026 21:53;https://res.bigseller.pro/sku/images/merchantsku/944484/697115_1754366306060.jpg?imageView2/1/w/300/h/300
1453;COMPLIMENT Mặt nạ đất sét No Problem Steaming Face Mask 80ml - Cam;;Chưa chọn danh mục;2;11106.46;0.0941;0.06;2;33;0;0;13/04/2026 21:53;https://res.bigseller.pro/sku/images/merchantsku/944484/326296_1754365904146.jpg?imageView2/1/w/300/h/300
1454;COMPLIMENT Mặt nạ đất sét No Problem Steaming Face Mask 80ml - Tím;;Chưa chọn danh mục;10;1063545.2;0.6781999999999999;0.32;0;0;0;0;13/04/2026 21:53;https://res.bigseller.pro/sku/images/merchantsku/944484/940248_1754366308893.jpg?imageView2/1/w/300/h/300
1455;COMPLIMENT Mặt nạ đất sét No Problem Steaming Face Mask 80ml - Xanh;;Chưa chọn danh mục;10;219348.2;0.28190000000000004;0.32;8;25;0;0;13/04/2026 21:53;https://res.bigseller.pro/sku/images/merchantsku/944484/654300_1754365714030.jpg?imageView2/1/w/300/h/300
1457;COMPLIMENT Nước Tẩy Trang Micellar Water  3 IN 1 & 5%  400ml;;Chưa chọn danh mục;3;10687.26;0.0548;0.1;0;0;0;0;13/04/2026 21:53;https://res.bigseller.pro/sku/images/merchantsku/944484/958445_1754998485960.jpg?imageView2/1/w/300/h/300
1458;COMPLIMENT Nước Tẩy Trang Micellar Water 400ml - Da Nhạy Cảm (Hồng);;Chưa chọn danh mục;2;6191.4;0.047599999999999996;0.06;0;0;0;0;13/04/2026 21:53;https://res.bigseller.pro/sku/images/merchantsku/944484/757797_1786344591099.jpg?imageView2/1/w/300/h/300
1459;COMPLIMENT Nước Tẩy Trang Micellar Water 400ml - XANH LÁ;;Chưa chọn danh mục;9;15242.4;0.026099999999999998;0.29;0;0;0;0;13/04/2026 21:53;https://res.bigseller.pro/sku/images/merchantsku/944484/633792_1754365810598.jpg?imageView2/1/w/300/h/300
1460;COMPLIMENT Nước Tẩy Trang Soothing Micellar Water ACTIVE Màu Xanh 400ml;;Chưa chọn danh mục;2;7263.66;0.0559;0.06;27;450;0;0;13/04/2026 21:53;https://res.bigseller.pro/sku/images/merchantsku/944484/357078_1754365903192.jpg?imageView2/1/w/300/h/300
1461;COMPLIMENT Serum 27ml - BHA AHA PHA;;Chưa chọn danh mục;18;474845.68;0.3126;0.58;0;0;0;0;13/04/2026 21:53;https://res.bigseller.pro/sku/images/merchantsku/944484/283958_1754365908273.jpg?imageView2/1/w/300/h/300
1462;COMPLIMENT Serum 27ml - Hyaluronic 5%;;Chưa chọn danh mục;26;740780.4;0.336;0.84;0;0;0;0;13/04/2026 21:53;https://res.bigseller.pro/sku/images/merchantsku/944484/195513_1755015056346.jpg?imageView2/1/w/300/h/300
1463;COMPLIMENT Serum 27ml - Niacinamide & Zin C;;Chưa chọn danh mục;33;977952.63;0.3433;1.06;0;0;0;0;13/04/2026 21:53;https://res.bigseller.pro/sku/images/merchantsku/944484/077192_1754365904058.jpg?imageView2/1/w/300/h/300
1464;COMPLIMENT Serum 27ml - Niacinamide 10%;;Chưa chọn danh mục;33;929861.67;0.3331;1.06;0;0;0;0;13/04/2026 21:53;https://res.bigseller.pro/sku/images/merchantsku/944484/301687_1754365713996.jpg?imageView2/1/w/300/h/300
1465;COMPLIMENT Serum 27ml - Salycylic BHA 2%;;Chưa chọn danh mục;23;790423.85;0.38789999999999997;0.74;0;0;0;0;13/04/2026 21:53;https://res.bigseller.pro/sku/images/merchantsku/944484/446660_1755015213695.jpg?imageView2/1/w/300/h/300
1466;COMPLIMENT Serum 27ml - Vitamin C 20%;;Chưa chọn danh mục;41;1313610.14;0.3506;1.32;0;0;0;0;13/04/2026 21:53;https://res.bigseller.pro/sku/images/merchantsku/944484/400709_1754365817054.jpg?imageView2/1/w/300/h/300
1467;COMPLIMENT Serum AHA BHA Anti-Acne giảm mụn 27ml - XANH NHẠT;;Chưa chọn danh mục;5;125421;0.30519999999999997;0.16;5;31;0;0;13/04/2026 21:53;https://res.bigseller.pro/sku/images/merchantsku/944484/716166_1754365631639.jpg?imageView2/1/w/300/h/300
1468;COMPLIMENT Serum Capsules Ampoule - Vàng 27ml;;Chưa chọn danh mục;0;0;0;0;1;--;0;0;13/04/2026 21:53;https://res.bigseller.pro/sku/images/merchantsku/944484/513037_1760426134371.jpg?imageView2/1/w/300/h/300
1469;COMPLIMENT Serum Capsules Ampoule - Xanh Dương 27ml;;Chưa chọn danh mục;1;56065.66;0.4854;0.03;4;133;0;0;13/04/2026 21:53;https://res.bigseller.pro/sku/images/merchantsku/944484/176693_1760426100238.jpg?imageView2/1/w/300/h/300
1470;COMPLIMENT Serum Capsules Ampoule - Xanh Lá 27ml;;Chưa chọn danh mục;2;109880.72;0.4757;0.06;0;0;0;0;13/04/2026 21:53;https://res.bigseller.pro/sku/images/merchantsku/944484/668038_1760425986069.jpg?imageView2/1/w/300/h/300
1471;COMPLIMENT Sữa rửa mặt No Problem 200ml - Cam;;Chưa chọn danh mục;31;847387.02;0.36479999999999996;1;561;561;0;0;13/04/2026 21:53;https://res.bigseller.pro/sku/images/merchantsku/944484/663436_1754365626082.jpg?imageView2/1/w/300/h/300
1472;COMPLIMENT Sữa rửa mặt No Problem 200ml - Hồng;;Chưa chọn danh mục;357;9898826.73;0.3517;11.52;1;0;0;0;13/04/2026 21:53;https://res.bigseller.pro/sku/images/merchantsku/944484/220412_1754366215630.jpg?imageView2/1/w/300/h/300
1473;COMPLIMENT Sữa rửa mặt No Problem 200ml - Vàng;;Chưa chọn danh mục;53;816864.47;0.2047;1.71;730;426;0;0;13/04/2026 21:53;https://res.bigseller.pro/sku/images/merchantsku/944484/482240_1754365718575.jpg?imageView2/1/w/300/h/300
1474;COMPLIMENT Sữa rửa mặt No Problem 200ml - Xanh lá;;Chưa chọn danh mục;62;1139035.53;0.23620000000000002;2;654;327;0;0;13/04/2026 21:53;https://res.bigseller.pro/sku/images/merchantsku/944484/724916_1754365717784.jpg?imageView2/1/w/300/h/300
1475;COMPLIMENT Sữa rửa mặt No Problem 200ml - Xanh ngọc;;Chưa chọn danh mục;22;269559.4;0.1681;0.71;402;566;0;0;13/04/2026 21:53;https://res.bigseller.pro/sku/images/merchantsku/944484/213848_1754366311741.jpg?imageView2/1/w/300/h/300
1476;COMPLIMENT sữa rửa mặt Succinic Acid NEW Lẻ 1 Tuýp 200ml - CAM MỚI;;Chưa chọn danh mục;6;91013.02;0.2029;0.19;50;263;0;0;13/04/2026 21:53;https://res.bigseller.pro/sku/images/merchantsku/944484/668270_1757513310964.jpg?imageView2/1/w/300/h/300
1477;COMPLIMENT Tẩy Tế Bào Chết  Scalp Expert  Kiểm Soát Dầu - 300ml;;Chưa chọn danh mục;11;45660.91;0.048799999999999996;0.35;0;0;0;0;13/04/2026 21:53;https://res.bigseller.pro/sku/images/merchantsku/944484/755305_1774269471498.jpg?imageView2/1/w/300/h/300
1478;COMPLIMENT TDC mặt Peeling Roll Salycylic Acid -  80ml;;Chưa chọn danh mục;22;222285.72;0.16920000000000002;0.71;0;0;0;0;13/04/2026 21:53;https://res.bigseller.pro/sku/images/merchantsku/944484/021163_1769697815420.jpg?imageView2/1/w/300/h/300
1480;COMPLIMENT Toner 10% Glycolic Acid & Aloe Lô hội - 200ML;;Chưa chọn danh mục;706;8190863;0.15130000000000002;22.77;444;19;0;0;13/04/2026 21:53;https://res.bigseller.pro/sku/images/merchantsku/944484/274732_1755687785897.jpg?imageView2/1/w/300/h/300
1481;COMPLIMENT Toner No Problem chứa BHA giúp làm sạch và cấp ẩm 200 - Cam + Nắp xanh;;Chưa chọn danh mục;0;0;0;0;0;--;0;0;13/04/2026 21:53;https://res.bigseller.pro/sku/images/merchantsku/944484/025120_1754365813249.jpg?imageView2/1/w/300/h/300
1483;COMPLIMENT Toner No Problem chứa BHA giúp làm sạch và cấp ẩm 200 - Hồng + Nắp xanh;;Chưa chọn danh mục;0;0;0;0;0;--;0;0;13/04/2026 21:53;https://res.bigseller.pro/sku/images/merchantsku/944484/777817_1755015213567.jpg?imageView2/1/w/300/h/300
1484;COMPLIMENT Toner No Problem chứa BHA giúp làm sạch và cấp ẩm 200 - Xanh + Nắp trắng;;Chưa chọn danh mục;2;71136.68;0.4314;0.06;0;0;0;0;13/04/2026 21:53;https://res.bigseller.pro/sku/images/merchantsku/944484/889871_1754366212541.jpg?imageView2/1/w/300/h/300
1485;COMPLIMENT Xịt khoáng 200ml - Màu Tím;;Chưa chọn danh mục;1;38909.09;0.4578;0.03;1;33;0;0;13/04/2026 21:53;https://res.bigseller.pro/sku/images/merchantsku/944484/729089_1765853338834.jpg?imageView2/1/w/300/h/300
1486;COMPLIMENT Xịt khoáng 200ml - Màu Xanh Mint;;Chưa chọn danh mục;2;75252.74;0.4533;0.06;1;16;0;0;13/04/2026 21:53;https://res.bigseller.pro/sku/images/merchantsku/944484/538502_1754366317795.jpg?imageView2/1/w/300/h/300
1487;COMPLIMENT  Lotion chấm mụn 30ml;;Chưa chọn danh mục;6;125791.24;0.40840000000000004;0.19;0;0;0;0;13/04/2026 21:53;https://res.bigseller.pro/sku/images/merchantsku/944484/765839_1754365915009.jpg?imageView2/1/w/300/h/300
1488;COMPLIMENT Dưỡng Mi Chuốt Mi Dày Và Dài Chắc Khỏe, Mọc Siêu Nhanh 12ml;;Chưa chọn danh mục;0;0;0;0;0;--;0;0;13/04/2026 21:53;https://res.bigseller.pro/sku/images/merchantsku/944484/148899_1754366209039.jpg?imageView2/1/w/300/h/300
1490;COMPLIMENT Serum  10% Niacinamide 27ml - HỒNG NHẠT B3;;Chưa chọn danh mục;0;0;0;0;4;--;0;0;13/04/2026 21:53;https://res.bigseller.pro/sku/images/merchantsku/944484/600651_1754366319770.jpg?imageView2/1/w/300/h/300
1492;COMPLIMENT Serum dưỡng tóc - VÀNG Serum 200ml;;Chưa chọn danh mục;0;0;0;0;3;--;0;0;13/04/2026 21:53;https://res.bigseller.pro/sku/images/merchantsku/944484/344000_1757389439693.jpg?imageView2/1/w/300/h/300
1493;COMPLIMENT Serum Red Peel Compliment AHA 30% + BHA 2%  27ml ( ĐỎ);;Chưa chọn danh mục;57;1571917.91;0.2843;1.84;0;0;0;0;13/04/2026 21:53;https://res.bigseller.pro/sku/images/merchantsku/944484/037178_1754365914881.jpg?imageView2/1/w/300/h/300
1494;Compliment Sữa rửa mặt 5% Glycolic Acid làm sạch và dưỡng sáng da 150ml;;Chưa chọn danh mục;2;73117.7;0.3848;0.06;0;0;0;0;13/04/2026 21:53;https://res.bigseller.pro/sku/images/merchantsku/944484/681416_1754365726540.jpg?imageView2/1/w/300/h/300
1495;Compliment TDC No Problem Cleansing Gel Scrub cabon  - 150ml;;Chưa chọn danh mục;3;113477.07;0.384;0.1;0;0;0;0;13/04/2026 21:53;https://res.bigseller.pro/sku/images/merchantsku/944484/550754_1754365915071.jpg?imageView2/1/w/300/h/300
1497;COOL PHARMAACT Sữa tắm bạc hà Nhật Bản 550ml;;Chưa chọn danh mục;0;0;0;0;0;--;0;0;13/04/2026 21:53;https://res.bigseller.pro/sku/images/merchantsku/944484/360919_1754365908296.jpg?imageView2/1/w/300/h/300
1498;CORINE DE FARME BABY LOTION - 250ml;;CORINE DE FARME;17;1003149.09;0.2893;0.55;0;0;0;0;13/04/2026 21:53;https://res.bigseller.pro/sku/images/merchantsku/944484/814532_1754364220764.jpg?imageView2/1/w/300/h/300
1499;CORINE DE FARME BABY LOTION - 500ml;;CORINE DE FARME;6;248567.94;0.16899999999999998;0.19;11;57;0;0;13/04/2026 21:53;https://res.bigseller.pro/sku/images/merchantsku/944484/349058_1754998488750.jpg?imageView2/1/w/300/h/300
1500;CORINE DE FARME DDVS Intimate Gel 250ml - Fresh;;CORINE DE FARME;5;888752.75;0.5558;0.16;13;81;0;0;13/04/2026 21:53;https://res.bigseller.pro/sku/images/merchantsku/944484/208085_1754365816636.jpg?imageView2/1/w/300/h/300
1501;CORINE DE FARME DDVS Intimate Gel 250ml - Protect;;CORINE DE FARME;1;109029.95;0.445;0.03;19;633;0;0;13/04/2026 21:53;https://res.bigseller.pro/sku/images/merchantsku/944484/994634_1754365623874.jpg?imageView2/1/w/300/h/300
1502;CORINE DE FARME Gel Tắm Essential Shower Gel Làm Sạch Da, Gữ Ẩm 750ml - Aloe vera;;CORINE DE FARME;0;0;0;0;3;--;0;0;13/04/2026 21:53;https://res.bigseller.pro/sku/images/merchantsku/944484/831644_1754365821744.jpg?imageView2/1/w/300/h/300
1503;CORINE DE FARME Gel Tắm Gội cho bé Hair & Body Wash Gel Corps & Cheveux (Ultra-Rich) - 250ml;;CORINE DE FARME;0;0;0;0;17;--;0;0;13/04/2026 21:53;https://res.bigseller.pro/sku/images/merchantsku/944484/994175_1754366216309.jpg?imageView2/1/w/300/h/300
1504;CORINE DE FARME Gel Tắm Gội cho bé Hair & Body Wash Gel Corps & Cheveux (Ultra-Rich) - 500ml;;CORINE DE FARME;18;1115908.22;0.2293;0.58;0;0;0;0;13/04/2026 21:53;https://res.bigseller.pro/sku/images/merchantsku/944484/627749_1754365717704.jpg?imageView2/1/w/300/h/300
1505;CORINE DE FARME Gel vệ sinh phụ nữ BIO Organic Intimate Gel Sensitive - 250ml;;CORINE DE FARME;3;197060.27;0.2917;0.1;7;70;0;0;13/04/2026 21:53;https://res.bigseller.pro/sku/images/merchantsku/944484/143827_1754366311729.jpg?imageView2/1/w/300/h/300
1506;CORINE DE FARME Kids Shower Gel Tắm Gội 2 in 1 Làm Sạch Dịu Nhẹ Làn Da Nhạy Cảm 300ml - Princess;;CORINE DE FARME;2;130851;0.3849;0.06;15;250;0;0;13/04/2026 21:53;https://res.bigseller.pro/sku/images/merchantsku/944484/851650_1765532790113.jpg?imageView2/1/w/300/h/300
1507;CORINE DE FARME Kids Shower Gel Tắm Gội 2 in 1 Làm Sạch Dịu Nhẹ Làn Da Nhạy Cảm 300ml - STRAWBERRY;;CORINE DE FARME;1;46090;0.3179;0.03;5;166;0;0;13/04/2026 21:53;https://res.bigseller.pro/sku/images/merchantsku/944484/022051_1765532536608.jpg?imageView2/1/w/300/h/300
1508;CORINE DE FARME Kids Shower Gel Tắm Gội 2 in 1 Pear Làm Sạch Dịu Nhẹ Làn Da Nhạy Cảm 300ml;;CORINE DE FARME;0;0;0;0;7;--;0;0;13/04/2026 21:53;https://res.bigseller.pro/sku/images/merchantsku/944484/158994_1763534511532.jpg?imageView2/1/w/300/h/300
1509;CORINE DE FARME Sữa Tắm Gội Cho Bé Gel Douche 2in1 Phiên Bản Batman 300ml;;CORINE DE FARME;3;130635.9;0.30670000000000003;0.1;8;80;0;0;13/04/2026 21:53;https://res.bigseller.pro/sku/images/merchantsku/944484/102821_1754366315286.jpg?imageView2/1/w/300/h/300
1510;CORINE DE FARME Sữa Tắm Gội Cho Bé Gel Douche 2in1 Phiên Bản Superman 300ml;;CORINE DE FARME;0;0;0;0;11;--;0;0;13/04/2026 21:53;https://res.bigseller.pro/sku/images/merchantsku/944484/087058_1754365915101.jpg?imageView2/1/w/300/h/300
1511;CORINE DE FARME Sữa tắm Intimate Gel Douche Shower Gel 2in1 250ml;;CORINE DE FARME;6;462348.02;0.4321;0.19;0;0;0;0;13/04/2026 21:53;https://res.bigseller.pro/sku/images/merchantsku/944484/046311_1754364220758.jpg?imageView2/1/w/300/h/300
1512;QUÀ TẶNG - BĂNG ĐÔ CDF XANH;;CORINE DE FARME;0;0;0;0;26;--;0;0;13/04/2026 21:53;https://res.bigseller.pro/sku/images/merchantsku/944484/410495_1767409320027.jpg?imageView2/1/w/300/h/300
1513;COSRX Kem Dưỡng Ẩm Advanced Snail 92 All In One Cream (Tube) - 50g;;Chưa chọn danh mục;0;0;0;0;1;--;0;0;13/04/2026 21:53;https://res.bigseller.pro/sku/images/merchantsku/944484/982190_1754365630269.jpg?imageView2/1/w/300/h/300
1514;COSRX Sữa Rửa Mặt Low pH Good Morning Gel Cleanser - 150ml;;Chưa chọn danh mục;24;253000;0.0761;0.77;33;42;0;0;13/04/2026 21:53;https://res.bigseller.pro/sku/images/merchantsku/944484/955812_1754365623530.jpg?imageView2/1/w/300/h/300
1522;COW Sữa tắm Milky Body Soap 550ml - HƯƠNG HOA CỎ;;Chưa chọn danh mục;0;0;0;0;0;--;0;0;13/04/2026 21:53;https://res.bigseller.pro/sku/images/merchantsku/944484/199249_1754366312759.jpg?imageView2/1/w/300/h/300
1523;COW Sữa tắm Milky Body Soap 550ml - HƯƠNG HOA HỒNG;;Chưa chọn danh mục;2;99037.08;0.3709;0.06;1;16;0;0;13/04/2026 21:53;https://res.bigseller.pro/sku/images/merchantsku/944484/727141_1754365909710.jpg?imageView2/1/w/300/h/300
1524;CREST Kem đánh răng 3D White 147g - Bản Advanced;;Chưa chọn danh mục;0;0;0;0;2;--;0;0;13/04/2026 21:53;https://res.bigseller.pro/sku/images/merchantsku/944484/647902_1755553283092.jpg?imageView2/1/w/300/h/300
1525;CREST Kem Đánh Răng Crest 3D White Brilliance Vibrant Peppermint 130g;;Chưa chọn danh mục;1;7072;0.044199999999999996;0.03;0;0;0;0;13/04/2026 21:53;https://res.bigseller.pro/sku/images/merchantsku/944484/827847_1769699061201.jpg?imageView2/1/w/300/h/300
1526;CREST Kem Đánh Trắng Răng 3D Scope 153g;;Chưa chọn danh mục;3;173720;0.4268;0.1;0;0;0;0;13/04/2026 21:53;https://res.bigseller.pro/sku/images/merchantsku/944484/773137_1754365722848.jpg?imageView2/1/w/300/h/300
1527;CREST Kem Đánh Trắng Răng 3D White Radiant Mint 93g;;Chưa chọn danh mục;0;0;0;0;1;--;0;0;13/04/2026 21:53;https://res.bigseller.pro/sku/images/merchantsku/944484/031625_1754366219928.jpg?imageView2/1/w/300/h/300
1530;DẠ HƯƠNG DDVS Lavender - 120ml;;Chưa chọn danh mục;3;102000;0.425;0.1;0;0;0;0;13/04/2026 21:53;https://res.bigseller.pro/sku/images/merchantsku/944484/565871_1754364216619.jpg?imageView2/1/w/300/h/300
1534;DẠ HƯƠNG Dung dịch vệ sinh Daily Fresh Moisture - 120ML Vàng;;Chưa chọn danh mục;0;0;0;0;0;--;0;0;13/04/2026 21:53;https://res.bigseller.pro/sku/images/merchantsku/944484/808928_1754365819973.jpg?imageView2/1/w/300/h/300
1537;DALBA  Serum d'Alba White Truffle - First Spray 100ml;;Chưa chọn danh mục;10;90000;0.0288;0.32;0;0;0;0;13/04/2026 21:53;https://res.bigseller.pro/sku/images/merchantsku/944484/057541_1754364216708.jpg?imageView2/1/w/300/h/300
1543;DENTAL FLOSSERS Tăm chỉ nha khoa hộp 50 chiếc;;Chưa chọn danh mục;61;381724.94;0.6103999999999999;1.97;303;153;0;0;13/04/2026 21:53;https://res.bigseller.pro/sku/images/merchantsku/944484/967193_1754919949287.jpg?imageView2/1/w/300/h/300
1544;DERM ALL MATRIX Mặt nạ Derm All Matrix - Lẻ 1 Miếng;;Chưa chọn danh mục;177;810479.99;0.0707;5.71;8;1;0;0;13/04/2026 21:53;https://res.bigseller.pro/sku/images/merchantsku/944484/750736_1754361503118.jpg?imageView2/1/w/300/h/300
1545;DERMA Kem giảm mụn Anti Acne Cream Gamma Chemicals 10g;;Chưa chọn danh mục;62;954731;0.4974;2;0;0;0;0;13/04/2026 21:53;https://res.bigseller.pro/sku/images/merchantsku/944484/605102_1754366215388.jpg?imageView2/1/w/300/h/300
1546;DERMA FORTE Gel giảm mụn 15g - Bản ADVANCED;;Chưa chọn danh mục;20;848182.8;0.3299;0.65;37;56;0;0;13/04/2026 21:53;https://res.bigseller.pro/sku/images/merchantsku/944484/365374_1754365817106.jpg?imageView2/1/w/300/h/300
1547;DERMA FORTE Gel giảm mụn 15g - Bản thường;;Chưa chọn danh mục;316;4251265.4;0.141;10.19;100;9;0;0;13/04/2026 21:53;https://res.bigseller.pro/sku/images/merchantsku/944484/830774_1754365626073.jpg?imageView2/1/w/300/h/300
1548;DERMABLOCK Kem Chống Nắng Sun Cream SPF50+ PA++++ - #BB;;Chưa chọn danh mục;1;7499.79;0.056799999999999996;0.03;15;500;0;0;13/04/2026 21:53;https://res.bigseller.pro/sku/images/merchantsku/944484/781292_1754365631700.jpg?imageView2/1/w/300/h/300
1549;DERMABLOCK Kem Chống Nắng  Sun Cream SPF50+ PA++++ - #Daily;;Chưa chọn danh mục;0;0;0;0;5;--;0;0;13/04/2026 21:53;https://res.bigseller.pro/sku/images/merchantsku/944484/485673_1754366209344.jpg?imageView2/1/w/300/h/300
1550;DERMABLOCK Kem Chống Nắng  Sun Cream SPF50+ PA++++ - #Tone Up;;Chưa chọn danh mục;5;188095.24;0.23079999999999998;0.16;12;75;0;0;13/04/2026 21:53;https://res.bigseller.pro/sku/images/merchantsku/944484/054162_1754365617405.jpg?imageView2/1/w/300/h/300
1552;DERMAXILIC Kem ngày Dermaxilic B5 Tone up cream  - 50ml;;Chưa chọn danh mục;654;4218971.85;0.051399999999999994;21.1;2;0;0;0;13/04/2026 21:53;https://res.bigseller.pro/sku/images/merchantsku/944484/039048_1778121897307.jpg?imageView2/1/w/300/h/300
1553;DIANA - Băng Vệ Sinh Le Parfum Hằng Ngày Hương Mộc Hồng - Hồng 20 miếng;;Chưa chọn danh mục;0;0;0;0;0;--;0;0;13/04/2026 21:53;https://res.bigseller.pro/sku/images/merchantsku/944484/511135_1763036626376.jpg?imageView2/1/w/300/h/300
1554;DIANA - Băng Vệ Sinh Le Parfum Hằng Ngày Hương Mộc Hồng - HỒNG 40 miếng;;Chưa chọn danh mục;0;0;0;0;0;--;0;0;13/04/2026 21:53;
1555;DIANA - Băng Vệ Sinh Le Parfum Hằng Ngày Hương Nhài - XANH LÁ 20 miếng;;Chưa chọn danh mục;0;0;0;0;0;--;0;0;13/04/2026 21:53;https://res.bigseller.pro/sku/images/merchantsku/944484/381631_1761124830756.jpg?imageView2/1/w/300/h/300
1557;DIANA Băng Quần Comfy Night 18 chiếc/gói - size M-L;;Chưa chọn danh mục;2;79000;0.266;0.06;0;0;0;0;13/04/2026 21:53;https://res.bigseller.pro/sku/images/merchantsku/944484/795458_1768552553729.jpg?imageView2/1/w/300/h/300
1558;DIANA Băng Quần Comfy Night 2 chiếc/gói - size M-L;;Chưa chọn danh mục;95;213954.67;0.115;3.06;0;0;0;0;13/04/2026 21:53;https://res.bigseller.pro/sku/images/merchantsku/944484/155034_1761812061122.jpg?imageView2/1/w/300/h/300
1560;DIANA Băng vệ sinh MAMA dành cho mẹ sau sinh 12 miếng/gói;;Chưa chọn danh mục;0;0;0;0;3;--;0;0;13/04/2026 21:53;https://res.bigseller.pro/sku/images/merchantsku/944484/454173_1754366212295.jpg?imageView2/1/w/300/h/300
1561;DIANA băng vệ sinh ngày & đêm kháng khuẩn 20 miếng;;Chưa chọn danh mục;0;0;0;0;9;--;0;0;13/04/2026 21:53;https://res.bigseller.pro/sku/images/merchantsku/944484/689007_1754366306031.jpg?imageView2/1/w/300/h/300
1588;DOVE Tẩy tế bào chết bluberry & Lime scent 280g;;Chưa chọn danh mục;11;86000;0.0559;0.35;0;0;0;0;13/04/2026 21:53;https://res.bigseller.pro/sku/images/merchantsku/944484/047821_1784172108304.jpg?imageView2/1/w/300/h/300
1589;DOVE Tẩy Tế Bào Chết Dove Body Scrub 50g - ĐƯỜNG NÂU;;Chưa chọn danh mục;0;0;0;0;0;--;0;0;13/04/2026 21:53;https://res.bigseller.pro/sku/images/merchantsku/944484/243476_1750237274987.jpg?imageView2/1/w/300/h/300
1590;DOVE Tẩy Tế Bào Chết Dove Body Scrub 50g - HOA ANH ĐÀO;;Chưa chọn danh mục;0;0;0;0;0;--;0;0;13/04/2026 21:53;https://res.bigseller.pro/sku/images/merchantsku/944484/699496_1750482187241.jpg?imageView2/1/w/300/h/300
1591;DOVE Tẩy Tế Bào Chết Dove Body Scrub 50g - LỰU;;Chưa chọn danh mục;0;0;0;0;2;--;0;0;13/04/2026 21:53;https://res.bigseller.pro/sku/images/merchantsku/944484/256081_1750237225332.jpg?imageView2/1/w/300/h/300
1592;DOVE Tẩy tế bào chết  SAKURA 280g;;Chưa chọn danh mục;1;27.78;0.0002;0.03;0;0;0;0;13/04/2026 21:53;https://res.bigseller.pro/sku/images/merchantsku/944484/504436_1754366320316.jpg?imageView2/1/w/300/h/300
1593;DOVE Tẩy tế bào chết bản Mỹ 280g - Lựu Đỏ;;Chưa chọn danh mục;35;235604.83;0.0484;1.13;1;0;0;0;13/04/2026 21:53;https://res.bigseller.pro/sku/images/merchantsku/944484/883939_1754366223830.jpg?imageView2/1/w/300/h/300
1594;DR.ALTHEA Kem dưỡng ẩm Dr.Althea 345 Relief Cream - 50ml;;Chưa chọn danh mục;56;1358000;0.0794;1.81;0;0;20;0;13/04/2026 21:53;https://res.bigseller.pro/sku/images/merchantsku/944484/973719_1758618401202.jpg?imageView2/1/w/300/h/300
1595;Drceutics Nước tẩy trang Ultra-mild Olive Cleansing Water - 500ML;;Chưa chọn danh mục;0;0;0;0;2;--;0;0;13/04/2026 21:53;https://res.bigseller.pro/sku/images/merchantsku/944484/978749_1771989191329.jpg?imageView2/1/w/300/h/300
1597;Dr.G Kem chống nắng Brightening Up Sun+ SPF50+ PA+++ (vạch cam) - 20ml;;DR.G;12;459612.64;0.4058;0.39;0;0;0;0;13/04/2026 21:53;https://res.bigseller.pro/sku/images/merchantsku/944484/335591_1754365818115.jpg?imageView2/1/w/300/h/300
1598;Dr.G Kem chống nắng Brightening Up Sun+ SPF50+ PA+++ (vạch cam) - 50ml;;DR.G;0;0;0;0;0;--;0;0;13/04/2026 21:53;https://res.bigseller.pro/sku/images/merchantsku/944484/180942_1754366217738.jpg?imageView2/1/w/300/h/300
1600;DR.G Kem Chống Nắng Phổ Rộng R.E.D Blemish Soothing Up Sun SPF 50+ PA++++ - 10ml;;DR.G;15;288000;0.43439999999999995;0.48;0;0;0;0;13/04/2026 21:53;https://res.bigseller.pro/sku/images/merchantsku/944484/116232_1754365712850.jpg?imageView2/1/w/300/h/300
1601;Dr.G Kem dưỡng R.E.D Blemish Clear Soothing Cream - 10ml;;DR.G;9;160000;0.4156;0.29;20;68;0;0;13/04/2026 21:53;https://res.bigseller.pro/sku/images/merchantsku/944484/356185_1754366210676.jpg?imageView2/1/w/300/h/300
1602;Dr.G Kem dưỡng R.E.D Blemish Clear Soothing Cream - 70ml;;DR.G;2;156913.04;0.2418;0.06;0;0;0;0;13/04/2026 21:53;https://res.bigseller.pro/sku/images/merchantsku/944484/505678_1754366308428.jpg?imageView2/1/w/300/h/300
1603;Dr.G Kem dưỡng R.E.D Blemish Clear Soothing Cream - tuýp 30ml;;DR.G;9;354062.49;0.3821;0.29;0;0;0;0;13/04/2026 21:53;https://res.bigseller.pro/sku/images/merchantsku/944484/360120_1754366313721.jpg?imageView2/1/w/300/h/300
1606;DR.JART Kem Dưỡng Trắng Da V7 Toning Light Dr.Jart+ 50ml;;Chưa chọn danh mục;0;0;0;0;3;--;0;0;13/04/2026 21:53;https://res.bigseller.pro/sku/images/merchantsku/944484/234238_1754365813712.jpg?imageView2/1/w/300/h/300
1607;Dr.Pepti Kem Dưỡng Centella Moist Soothing Gel Cream 70ml;;DR.PEPTI;3;31565.22;0.0319;0.1;0;0;0;0;13/04/2026 21:53;https://res.bigseller.pro/sku/images/merchantsku/944484/971843_1754364213670.jpg?imageView2/1/w/300/h/300
1608;DR.PEPTI Nước Hoa Hồng Centella Toner 180ml;;DR.PEPTI;25;456683.73;0.07629999999999999;0.81;0;0;0;0;13/04/2026 21:53;https://res.bigseller.pro/sku/images/merchantsku/944484/040043_1785301472197.jpg?imageView2/1/w/300/h/300
1610;DR.PEPTI Tẩy Da Chết Herb Natural Peeling Gel 130ml;;DR.PEPTI;10;69000;0.047599999999999996;0.32;0;0;0;0;13/04/2026 21:53;https://res.bigseller.pro/sku/images/merchantsku/944484/817147_1755015056776.jpg?imageView2/1/w/300/h/300
1611;DR.SERA Bông Tẩy Trang Cotton Tiệt Trùng UV - PURE SNOW COTTON PAD - 150 Miếng;;Chưa chọn danh mục;112;979459.68;0.3003;3.61;534;147;0;0;13/04/2026 21:53;https://res.bigseller.pro/sku/images/merchantsku/944484/762912_1756125358464.jpg?imageView2/1/w/300/h/300
1612;DR.SERA Bông Tẩy Trang Cotton Tiệt Trùng UV - PURE SNOW COTTON PAD - 234 Miếng;;Chưa chọn danh mục;180;2173671.26;0.3481;5.81;953;164;0;0;13/04/2026 21:53;https://res.bigseller.pro/sku/images/merchantsku/944484/407282_1754361506518.jpg?imageView2/1/w/300/h/300
1613;DR.SERA Khăn Mặt Nén Cotton Tiệt Trùng UV Mềm Mịn An Toàn Làn Da - Túi (30 cái);;Chưa chọn danh mục;1300;1505709;0.46409999999999996;41.94;110;2;0;0;13/04/2026 21:53;https://res.bigseller.pro/sku/images/merchantsku/944484/058282_1754365904596.jpg?imageView2/1/w/300/h/300
1615;DR.SERA Khăn Tắm Nén Cotton Tiệt Trùng UV Mềm Mịn An Toàn Với Mọi Làn Da - 1 Khăn;;Chưa chọn danh mục;188;6248126.08;0.6709999999999999;6.06;1;0;0;0;13/04/2026 21:53;https://res.bigseller.pro/sku/images/merchantsku/944484/143497_1781534797520.jpg?imageView2/1/w/300/h/300
1616;DUCRAY Dầu gội Kelual DS shampoo 100ml;;DUCRAY;1;146843.11;0.3371;0.03;1;33;0;0;13/04/2026 21:53;https://res.bigseller.pro/sku/images/merchantsku/944484/100232_1754361502892.jpg?imageView2/1/w/300/h/300
1617;DUCRAY Dầu Gội KERTYOL PSO Shampoo 125ml;;DUCRAY;0;0;0;0;8;--;0;0;13/04/2026 21:53;https://res.bigseller.pro/sku/images/merchantsku/944484/993634_1754365816239.jpg?imageView2/1/w/300/h/300
1618;DUCRAY Kem Chống Nắng Keracnyl UV Anti-Blemish Fluid SPF50+ 50ml;;DUCRAY;1;248758.8;0.4985;0.03;0;0;0;0;13/04/2026 21:53;https://res.bigseller.pro/sku/images/merchantsku/944484/541245_1789007232022.jpg?imageView2/1/w/300/h/300
1619;DUCRAY Kem Dưỡng Da KERACNYL MAT Oily Skin 30ml;;DUCRAY;1;167987.76;0.3784;0.03;7;233;0;0;13/04/2026 21:53;https://res.bigseller.pro/sku/images/merchantsku/944484/515151_1754365718495.jpg?imageView2/1/w/300/h/300
1620;DUCRAY Kem dưỡng Keracnyl PP Anti-blemish soothing cream 30ml;;DUCRAY;108;-1293172.69;-0.042699999999999995;3.48;0;0;0;0;13/04/2026 21:53;https://res.bigseller.pro/sku/images/merchantsku/944484/792145_1754366312651.jpg?imageView2/1/w/300/h/300
1622;EKSEPTION Serum Dưỡng Ẩm Hyaluronic B5 Giảm Mẩn Đỏ, Phục Hồi Da 75ml;;EKSEPTION;1;143182.67;0.1822;0.03;0;0;0;0;13/04/2026 21:53;https://res.bigseller.pro/sku/images/merchantsku/944484/955580_1754366219780.jpg?imageView2/1/w/300/h/300
1623;EKSEPTION Serum Kẽm ZnPCA Hỗ Trợ Kiềm Dầu, Giảm Mụn Cho Da Dầu Mụn 75ml;;EKSEPTION;2;415883.34;0.2687;0.06;0;0;0;0;13/04/2026 21:53;https://res.bigseller.pro/sku/images/merchantsku/944484/932135_1754365619371.jpg?imageView2/1/w/300/h/300
1625;EKSEPTION Tinh chất RETIN-OIL PEEL 5ml/ống;;EKSEPTION;1;70976.92;0.1654;0.03;0;0;0;0;13/04/2026 21:53;https://res.bigseller.pro/sku/images/merchantsku/944484/699180_1754366315189.jpg?imageView2/1/w/300/h/300
1626;EKSEPTION Tinh Chất Dưỡng Ẩm Hyaluronic PHA Mixlab Serum - 75ml;;EKSEPTION;0;0;0;0;1;--;0;0;13/04/2026 21:53;https://res.bigseller.pro/sku/images/merchantsku/944484/045504_1787496926859.jpg?imageView2/1/w/300/h/300
1629;ELASTEN Collagen dạng nước chính hãng Đức ống 25ml – Full hộp 28 ống;;Chưa chọn danh mục;0;0;0;0;0;--;0;0;13/04/2026 21:53;https://res.bigseller.pro/sku/images/merchantsku/944484/618688_1754365714106.jpg?imageView2/1/w/300/h/300
1630;Elasten Nước Uống Collagen Elasten Thủy Phân 28 Ống x 25ml (1 hộp );;Chưa chọn danh mục;5;351000;0.0401;0.16;0;0;0;0;13/04/2026 21:53;https://res.bigseller.pro/sku/images/merchantsku/944484/826740_1755552877352.jpg?imageView2/1/w/300/h/300
1633;EMBRYOLISSE Kem Chống Nắng Crème Solaire SPF 50 PA++++ 100ml;;EMBRYOLISSE;1;161945.32;0.381;0.03;4;133;0;0;13/04/2026 21:53;https://res.bigseller.pro/sku/images/merchantsku/944484/551598_1754365629789.jpg?imageView2/1/w/300/h/300
1634;EMBRYOLISSE Kem dưỡng Lait CONCENTRE - 30ml;;EMBRYOLISSE;43;628306.94;0.0786;1.39;1;0;0;0;13/04/2026 21:53;https://res.bigseller.pro/sku/images/merchantsku/944484/723171_1754364220704.jpg?imageView2/1/w/300/h/300
1636;EMBRYOLISSE Kem dưỡng Lait CONCENTRE - 75ml;;EMBRYOLISSE;29;683279.81;0.07490000000000001;0.94;0;0;0;0;13/04/2026 21:53;https://res.bigseller.pro/sku/images/merchantsku/944484/929715_1754998314390.jpg?imageView2/1/w/300/h/300
1637;EMBRYOLISSE Kem Dưỡng Lait Crème Retinol Like 75ml;;EMBRYOLISSE;0;0;0;0;0;--;0;0;13/04/2026 21:53;https://res.bigseller.pro/sku/images/merchantsku/944484/671540_1770175369695.jpg?imageView2/1/w/300/h/300
1639;ESSENCE Phấn Tươi Soft Touch Mousse 16g - 04 COOL IVORY;;Chưa chọn danh mục;0;0;0;0;18;--;0;0;13/04/2026 21:53;https://res.bigseller.pro/sku/images/merchantsku/944484/513649_1755553184617.jpg?imageView2/1/w/300/h/300
1640;ETIAXIL Lăn khử mùi 15ml - Đỏ;;Chưa chọn danh mục;11;373820.58;0.1789;0.35;1;2;0;0;13/04/2026 21:53;https://res.bigseller.pro/sku/images/merchantsku/944484/538449_1754364220703.jpg?imageView2/1/w/300/h/300
1641;ETIAXIL Lăn khử mùi 15ml - Nâu;;Chưa chọn danh mục;11;530854.2;0.2369;0.35;0;0;0;0;13/04/2026 21:53;https://res.bigseller.pro/sku/images/merchantsku/944484/401135_1755015213650.jpg?imageView2/1/w/300/h/300
1642;ETIAXIL Lăn khử mùi 15ml - Xanh;;Chưa chọn danh mục;67;3033162.06;0.22579999999999997;2.16;0;0;0;0;13/04/2026 21:53;https://res.bigseller.pro/sku/images/merchantsku/944484/314733_1754365814835.jpg?imageView2/1/w/300/h/300
1643;ETIAXIL Lăn Khử Mùi Déodorant Anti-Transpirant 48h Roll-On Peaux Sensibles 50ml;;Chưa chọn danh mục;8;460056.13;0.2641;0.26;0;0;0;0;13/04/2026 21:53;https://res.bigseller.pro/sku/images/merchantsku/944484/107431_1754365623874.jpg?imageView2/1/w/300/h/300
1644;ETIAXIL Lăn khử mùi Deodorant Roll-On 50ml - Hương cam quýt;;Chưa chọn danh mục;10;1065500;0.359;0.32;0;0;0;0;13/04/2026 21:53;https://res.bigseller.pro/sku/images/merchantsku/944484/615798_1754366215386.jpg?imageView2/1/w/300/h/300
1645;ETIAXIL Lăn khử mùi For Men Antiperspirant Control 48h 50ml;;Chưa chọn danh mục;5;810600.28;0.4982;0.16;0;0;0;0;13/04/2026 21:53;https://res.bigseller.pro/sku/images/merchantsku/944484/267257_1754365625544.jpg?imageView2/1/w/300/h/300
1646;ETIAXIL Lăn Khử Mùi Nam Antisperspirant Deodorant Roll-On 15ml;;Chưa chọn danh mục;4;477644.84;0.4163;0.13;0;0;0;0;13/04/2026 21:53;https://res.bigseller.pro/sku/images/merchantsku/944484/631291_1754365813862.jpg?imageView2/1/w/300/h/300
1648;ETIAXIL Xịt khử mùi chân Déodorant Anti-Transpirant 48h Pieds 100ml;;Chưa chọn danh mục;16;1213949.46;0.33390000000000003;0.52;21;40;0;0;13/04/2026 21:53;https://res.bigseller.pro/sku/images/merchantsku/944484/608999_1754365717939.jpg?imageView2/1/w/300/h/300
1649;ETIAXIL Xịt khử mùi Déodorant Anti-Transpirant 48h Anti-Traces Blanches & Jaunes - Phun sương 150ml;;Chưa chọn danh mục;10;671487.4;0.3074;0.32;10;31;0;0;13/04/2026 21:53;https://res.bigseller.pro/sku/images/merchantsku/944484/260214_1754366312312.jpg?imageView2/1/w/300/h/300
1650;ETIAXIL Xịt khử mùi Déodorant Anti-Transpirant 48h Anti-Traces Blanches & Jaunes - Xịt thường 100ml;;Chưa chọn danh mục;7;680762.14;0.39149999999999996;0.23;27;117;0;0;13/04/2026 21:53;https://res.bigseller.pro/sku/images/merchantsku/944484/983099_1754365909795.jpg?imageView2/1/w/300/h/300
1651;ETIAXIL Xịt khử mùi Deodorant Douceur 48h Aérosol 150ml;;Chưa chọn danh mục;11;1018629.78;0.3795;0.35;0;0;0;0;13/04/2026 21:53;https://res.bigseller.pro/sku/images/merchantsku/944484/993596_1754998488356.jpg?imageView2/1/w/300/h/300
1653;EUCERIN Kem chống nắng Sun Dry Touch Oil Control Spf50+ 50ml;;EUCERIN;15;126897.48;0.027999999999999997;0.48;1;2;0;0;13/04/2026 21:53;https://res.bigseller.pro/sku/images/merchantsku/944484/991456_1756125277372.jpg?imageView2/1/w/300/h/300
1654;EUCERIN Kem Dưỡng Spotless Brightening Spotless - Night 50ml;;EUCERIN;0;0;0;0;0;--;0;0;13/04/2026 21:53;https://res.bigseller.pro/sku/images/merchantsku/944484/425519_1754366310145.jpg?imageView2/1/w/300/h/300
1655;EUCERIN Sữa Dưỡng Thể Spotless Brightening Body Lotion 250ML;;EUCERIN;0;0;0;0;2;--;0;0;13/04/2026 21:53;https://res.bigseller.pro/sku/images/merchantsku/944484/423895_1787499212074.jpg?imageView2/1/w/300/h/300
1657;EUCRYL Bột Tẩy Trắng Răng Powerful Stain Removal Toothpowder 50g - Lẻ 1 Hộp Bột Tẩy;;EUCRYL;25;242015.4;0.19760000000000003;0.81;0;0;0;0;13/04/2026 21:53;https://res.bigseller.pro/sku/images/merchantsku/944484/149145_1754366215335.jpg?imageView2/1/w/300/h/300
1658;EUCRYL Kem Đánh Răng Toothpaste 62g;;EUCRYL;91;572735.48;0.1355;2.94;8;2;0;0;13/04/2026 21:53;https://res.bigseller.pro/sku/images/merchantsku/944484/767288_1754365717694.jpg?imageView2/1/w/300/h/300
1659;EUNDAN Viên Uống Vitamin C 1000mg (Hộp 120 Viên);;Chưa chọn danh mục;6;608224.8;0.3093;0.19;0;0;0;0;13/04/2026 21:53;https://res.bigseller.pro/sku/images/merchantsku/944484/912756_1754366220016.jpg?imageView2/1/w/300/h/300
1661;EVELINE Nước Tẩy Trang Hyaluron Clinic B5 Ultra Moisturising Micellar Water - 500ml;;Chưa chọn danh mục;0;0;0;0;0;--;0;0;13/04/2026 21:53;https://res.bigseller.pro/sku/images/merchantsku/944484/612206_1754365907719.jpg?imageView2/1/w/300/h/300
1662;EVELINE Tinh chất dưỡng mi 8in1 10ml;;Chưa chọn danh mục;4;61600;0.154;0.13;0;0;0;0;13/04/2026 21:53;https://res.bigseller.pro/sku/images/merchantsku/944484/879036_1754364221040.jpg?imageView2/1/w/300/h/300
1663;EVOLUDERM Xịt Khoáng Atomiseur Eau Pur - 150ml;;Chưa chọn danh mục;42;189666.52;0.050199999999999995;1.35;11;8;0;0;13/04/2026 21:53;https://res.bigseller.pro/sku/images/merchantsku/944484/510264_1754366214174.jpg?imageView2/1/w/300/h/300
1664;EVOLUDERM Xịt Khoáng Atomiseur Eau Pur - 400ml;;Chưa chọn danh mục;13;75020.58;0.045899999999999996;0.42;12;28;0;0;13/04/2026 21:53;https://res.bigseller.pro/sku/images/merchantsku/944484/290580_1754365720749.jpg?imageView2/1/w/300/h/300
1665;EXCLUSIVE COSMETIC Tẩy Da Chết Toàn Thân Quế Hồi Và Café 380g;;Chưa chọn danh mục;15;73181.8;0.08560000000000001;0.48;0;0;0;0;13/04/2026 21:53;https://res.bigseller.pro/sku/images/merchantsku/944484/832045_1754365625126.jpg?imageView2/1/w/300/h/300
1666;FEMFRESH Dung Dịch Vệ Sinh Active Fresh Wash Xanh Dương 250ml;;Chưa chọn danh mục;34;940647.78;0.2107;1.1;26;23;0;0;13/04/2026 21:53;https://res.bigseller.pro/sku/images/merchantsku/944484/004555_1754366311075.jpg?imageView2/1/w/300/h/300
1667;FEMFRESH Dung Dịch Vệ Sinh Phụ Nữ 0% sensitive wash 250ml;;Chưa chọn danh mục;31;657977.41;0.16899999999999998;1;15;15;0;0;13/04/2026 21:53;https://res.bigseller.pro/sku/images/merchantsku/944484/922675_1754365907830.jpg?imageView2/1/w/300/h/300
1668;FEMFRESH Dung Dịch Vệ Sinh Phụ Nữ Daily Intimate Wash Cam 150ml;;Chưa chọn danh mục;48;669135.02;0.1648;1.55;14;9;0;0;13/04/2026 21:53;https://res.bigseller.pro/sku/images/merchantsku/944484/573130_1779867727140.jpg?imageView2/1/w/300/h/300
1669;FEMFRESH Dung Dịch Vệ Sinh Phụ Nữ Daily Intimate Wash Cam 250ml;;Chưa chọn danh mục;109;2821388.6;0.2113;3.52;30;8;0;24;13/04/2026 21:53;https://res.bigseller.pro/sku/images/merchantsku/944484/571086_1754364220887.jpg?imageView2/1/w/300/h/300
1670;FEMFRESH Dung Dịch Vệ Sinh Phụ Nữ Soothing Wash Hồng 250ml;;Chưa chọn danh mục;138;3002820.89;0.1515;4.45;143;32;0;24;13/04/2026 21:53;https://res.bigseller.pro/sku/images/merchantsku/944484/047773_1754365814723.jpg?imageView2/1/w/300/h/300
1672;FITO  Bột Trắng Răng FITO 75g -  Hương Cam;;Chưa chọn danh mục;0;0;0;0;1;--;0;0;13/04/2026 21:53;https://res.bigseller.pro/sku/images/merchantsku/944484/815568_1757512636818.jpg?imageView2/1/w/300/h/300
1673;FLOSLEK Kem dưỡng Anti Acne Mattifying Cream 50ml;;Chưa chọn danh mục;5;789000;0.3234;0.16;2;12;0;0;13/04/2026 21:53;https://res.bigseller.pro/sku/images/merchantsku/944484/55040023_1728291173735.jpg?imageView2/1/w/300/h/300
1675;FLOSLEK Kem gel chấm mụn FLOSLEK 20ml;;Chưa chọn danh mục;2;170300;0.3038;0.06;0;0;0;0;13/04/2026 21:53;https://res.bigseller.pro/sku/images/merchantsku/944484/099052_1754365811765.jpg?imageView2/1/w/300/h/300
1680;FOELLIE Nước Hoa Vùng Kín Eau De Innerb Beauty Perfume 5ml - Bijou (chai đen);;Chưa chọn danh mục;1;79919.14;0.40159999999999996;0.03;0;0;0;0;13/04/2026 21:53;https://res.bigseller.pro/sku/images/merchantsku/944484/333959_1754919948954.jpg?imageView2/1/w/300/h/300
1681;FOELLIE Sữa Rửa Mặt Miracle Morning Dạng Gel 150ML;;Chưa chọn danh mục;2;99998;1;0.06;4;66;0;0;13/04/2026 21:53;https://res.bigseller.pro/sku/images/merchantsku/944484/617051_1782737632928.jpg?imageView2/1/w/300/h/300
1682;FOODAHOLIC Mặt nạ Giấy Dưỡng Da 23g - Việt Quất;;Chưa chọn danh mục;0;0;0;0;6;--;0;0;13/04/2026 21:53;https://res.bigseller.pro/sku/images/merchantsku/944484/235791_1754365620037.jpg?imageView2/1/w/300/h/300
1683;FOODAHOLIC Mặt nạ giấy Essential Mask 23g - COLLAGEN;;Chưa chọn danh mục;0;0;0;0;10;--;0;0;13/04/2026 21:53;https://res.bigseller.pro/sku/images/merchantsku/944484/760064_1754361503491.jpg?imageView2/1/w/300/h/300
1684;FOODAHOLIC Mặt nạ giấy Essential Mask 23g - VITAMIN A;;Chưa chọn danh mục;0;0;0;0;12;--;0;0;13/04/2026 21:53;https://res.bigseller.pro/sku/images/merchantsku/944484/926173_1754365718333.jpg?imageView2/1/w/300/h/300
1685;FOODAHOLIC Mặt nạ giấy Essential Mask 23g - VITAMIN B;;Chưa chọn danh mục;0;0;0;0;7;--;0;0;13/04/2026 21:53;https://res.bigseller.pro/sku/images/merchantsku/944484/263677_1754366312472.jpg?imageView2/1/w/300/h/300
1686;FOODAHOLIC Mặt nạ giấy Essential Mask 23g - VITAMIN C;;Chưa chọn danh mục;0;0;0;0;24;--;0;0;13/04/2026 21:53;https://res.bigseller.pro/sku/images/merchantsku/944484/277298_1754365909654.jpg?imageView2/1/w/300/h/300
1687;FOODAHOLIC Mặt nạ giấy Essential Mask 23g - VITAMIN E;;Chưa chọn danh mục;0;0;0;0;11;--;0;0;13/04/2026 21:53;https://res.bigseller.pro/sku/images/merchantsku/944484/482654_1754998314263.jpg?imageView2/1/w/300/h/300
1688;FOODAHOLIC Mặt nạ giấy Essential Mask 23g - VITAMIN K;;Chưa chọn danh mục;0;0;0;0;6;--;0;0;13/04/2026 21:53;https://res.bigseller.pro/sku/images/merchantsku/944484/071527_1754365816224.jpg?imageView2/1/w/300/h/300
1689;FORENCOS Kem Dưỡng Da Hàn Quốc 10ml - Trắng;;Chưa chọn danh mục;18;136292.72;0.0814;0.58;1;1;0;0;13/04/2026 21:53;https://res.bigseller.pro/sku/images/merchantsku/944484/198148_1754366313695.jpg?imageView2/1/w/300/h/300
1690;FORENCOS Kem Dưỡng Da Hàn Quốc 50ml - Vàng;;Chưa chọn danh mục;0;0;0;0;3;--;0;0;13/04/2026 21:53;https://res.bigseller.pro/sku/images/merchantsku/944484/641094_1754365912399.jpg?imageView2/1/w/300/h/300
1691;FRESSI CARE ALL Khăn Ướt Face 100 Miếng - XANH DƯƠNG;;Chưa chọn danh mục;1;33390;1;0.03;0;0;0;0;13/04/2026 21:53;https://res.bigseller.pro/sku/images/merchantsku/944484/105883_1754365712402.jpg?imageView2/1/w/300/h/300
1692;FRESSI CARE ALL Khăn Ướt Face 20 Miếng - XANH DƯƠNG;;Chưa chọn danh mục;2;51833.33;1;0.06;3;50;0;0;13/04/2026 21:53;https://res.bigseller.pro/sku/images/merchantsku/944484/657457_1754364214921.jpg?imageView2/1/w/300/h/300
1694;FYSOLINE Nước Muối Sinh Lý - Vệ Sinh Mắt Mũi Miệng Hằng Ngày - Vàng 20 ống;;Chưa chọn danh mục;0;0;0;0;8;--;0;0;13/04/2026 21:53;https://res.bigseller.pro/sku/images/merchantsku/944484/304463_1754366219704.jpg?imageView2/1/w/300/h/300
1695;FYSOLINE Nước Muối Sinh Lý - Vệ Sinh Mắt Mũi Miệng Hằng Ngày - Xanh 20 ống;;Chưa chọn danh mục;0;0;0;0;3;--;0;0;13/04/2026 21:53;https://res.bigseller.pro/sku/images/merchantsku/944484/551195_1754365722717.jpg?imageView2/1/w/300/h/300
1696;FYSOLINE Xịt Nước Muối Isotonic spray 100ml;;Chưa chọn danh mục;2;1100;0.0055000000000000005;0.06;10;166;0;0;13/04/2026 21:53;https://res.bigseller.pro/sku/images/merchantsku/944484/044362_1754366223272.jpg?imageView2/1/w/300/h/300
1699;GARNIER Kem Dưỡng Ẩm Garnier Salicylic Dry Touch Cream 30ml - XANH DƯƠNG;;GARNIER;0;0;0;0;1;--;0;0;13/04/2026 21:53;https://res.bigseller.pro/sku/images/merchantsku/944484/828776_1783673711593.jpg?imageView2/1/w/300/h/300
1700;GARNIER KEM DƯỠNG ẨM NIACINAMIDE DRY TOUCH CREAM 30ML - HỒNG;;GARNIER;0;0;0;0;1;--;0;0;13/04/2026 21:53;https://res.bigseller.pro/sku/images/merchantsku/944484/916890_1783673726494.jpg?imageView2/1/w/300/h/300
1702;GARNIER Nước Tẩy Trang Micellar Cleansing Water 125ml - Trắng make up;;GARNIER;1;28758.62;0.5277000000000001;0.03;0;0;0;0;13/04/2026 21:53;https://res.bigseller.pro/sku/images/merchantsku/944484/460391_1754366209379.jpg?imageView2/1/w/300/h/300
1704;GARNIER Nước Tẩy Trang Micellar Cleansing Water 400ml - Hồng nhạy cảm;;GARNIER;54;353840.52;0.049800000000000004;1.74;68;39;0;0;13/04/2026 21:53;https://res.bigseller.pro/sku/images/merchantsku/944484/240262_1754366310068.jpg?imageView2/1/w/300/h/300
1705;GARNIER Nước Tẩy Trang Micellar Cleansing Water 400ml - Trắng make up;;GARNIER;12;145770.6;0.08539999999999999;0.39;7;17;0;0;13/04/2026 21:53;https://res.bigseller.pro/sku/images/merchantsku/944484/431882_1754365908104.jpg?imageView2/1/w/300/h/300
1706;GARNIER Nước Tẩy Trang Micellar Cleansing Water 400ml - Vàng Vitamin C;;GARNIER;9;89513.73;0.0771;0.29;0;0;0;0;13/04/2026 21:53;https://res.bigseller.pro/sku/images/merchantsku/944484/397325_1755553511333.jpg?imageView2/1/w/300/h/300
1707;GARNIER Nước Tẩy Trang Micellar Cleansing Water 400ml - Xanh da hỗn hợp;;GARNIER;25;196396.76;0.0596;0.81;97;119;0;0;13/04/2026 21:53;https://res.bigseller.pro/sku/images/merchantsku/944484/306709_1754366312333.jpg?imageView2/1/w/300/h/300
1709;GARNIER Nước Tẩy Trang Micellar Cleansing Water 400ml - XANH NHẠT PHA-AHA;;GARNIER;0;0;0;0;1;--;0;0;13/04/2026 21:53;https://res.bigseller.pro/sku/images/merchantsku/944484/326286_1762228950352.jpg?imageView2/1/w/300/h/300
1711;GARNIER Nước Tẩy Trang Micellar Cleansing Water 50ml - Trắng make up;;GARNIER;509;2264160.11;0.23879999999999998;16.42;110;6;0;0;13/04/2026 21:53;https://res.bigseller.pro/sku/images/merchantsku/944484/420783_1787047471388.jpg?imageView2/1/w/300/h/300
1712;GARNIER Nước Tẩy Trang Micellar Cleansing Water 50ml - Xanh da hỗn hợp;;GARNIER;2;56300;0.6866;0.06;0;0;0;0;13/04/2026 21:53;https://res.bigseller.pro/sku/images/merchantsku/944484/747754_1754365817072.jpg?imageView2/1/w/300/h/300
1715;GIANG'S Cao Xoa Bóp Thảo Dược Cổ Vai Gáy 15ml (Xanh);;Chưa chọn danh mục;0;0;0;0;0;--;0;0;13/04/2026 21:53;https://res.bigseller.pro/sku/images/merchantsku/944484/100875_1754365912039.jpg?imageView2/1/w/300/h/300
1716;GILLETTE Dao cạo Blue II Plus Cán xanh gói 5 + 1 cái;;Chưa chọn danh mục;3;82922.29;0.42310000000000003;0.1;13;130;0;0;13/04/2026 21:53;https://res.bigseller.pro/sku/images/merchantsku/944484/302482_1754361502731.jpg?imageView2/1/w/300/h/300
1717;GILLETTE Dao Cạo Cho Nữ Venus Smooth 2UP (1 Cán + 2 Lưỡi);;Chưa chọn danh mục;0;0;0;0;0;--;0;0;13/04/2026 21:53;https://res.bigseller.pro/sku/images/merchantsku/944484/468644_1754365817058.jpg?imageView2/1/w/300/h/300
1718;GILLETTE Dao Cạo Cho Phụ Nữ Venus Comfortglide White Tea ( 1 cán + 2 lưỡi );;Chưa chọn danh mục;0;0;0;0;3;--;0;0;13/04/2026 21:53;https://res.bigseller.pro/sku/images/merchantsku/944484/421356_1754364216725.jpg?imageView2/1/w/300/h/300
1719;GILLETTE Dao Cạo Nữ Simply Venus Basic 3 Lưỡi Dao (Gói 2 Cây);;Chưa chọn danh mục;0;0;0;0;13;--;0;0;13/04/2026 21:53;https://res.bigseller.pro/sku/images/merchantsku/944484/209956_1754919949484.jpg?imageView2/1/w/300/h/300
1720;GILLETTE Dao Cạo Râu Blue 3 -Vỉ 2 Cool;;Chưa chọn danh mục;2;64406;0.4294;0.06;0;0;0;0;13/04/2026 21:53;https://res.bigseller.pro/sku/images/merchantsku/944484/214651_1754365619812.jpg?imageView2/1/w/300/h/300
1721;GILLETTE Dao Cạo Râu Blue 3 -Vỉ 2 Sensitive;;Chưa chọn danh mục;0;0;0;0;2;--;0;0;13/04/2026 21:53;https://res.bigseller.pro/sku/images/merchantsku/944484/683081_1754365819965.jpg?imageView2/1/w/300/h/300
1723;GILLETTE Dao Cạo Râu Blue 3 -Vỉ 4 Cool;;Chưa chọn danh mục;0;0;0;0;0;--;0;0;13/04/2026 21:53;https://res.bigseller.pro/sku/images/merchantsku/944484/762164_1754366212029.jpg?imageView2/1/w/300/h/300
1725;GILLETTE Dao Cạo Râu Fusion Proglide 5 Manual (1 Cán + 1 Đầu + 1 Nắp Bảo Vệ);;Chưa chọn danh mục;0;0;0;0;2;--;0;0;13/04/2026 21:53;https://res.bigseller.pro/sku/images/merchantsku/944484/485714_1754365722718.jpg?imageView2/1/w/300/h/300
1726;GILLETTE Dao cạo râu Vector ( Cán + 1 lưỡi dao đi kèm );;Chưa chọn danh mục;0;0;0;0;11;--;0;0;13/04/2026 21:53;https://res.bigseller.pro/sku/images/merchantsku/944484/970826_1755687689541.jpg?imageView2/1/w/300/h/300
1727;GILLETTE Dao cạo Super Thin II cán vàng túi 5 + 1 cái;;Chưa chọn danh mục;2;26744;0.2907;0.06;4;66;0;0;13/04/2026 21:53;https://res.bigseller.pro/sku/images/merchantsku/944484/168508_1754366217749.jpg?imageView2/1/w/300/h/300
1729;GILLETTE Gel Khử Mùi Arctic Ice Clear Gel cho nam 107g - Cool Wave;;Chưa chọn danh mục;12;689787.72;0.3709;0.39;0;0;0;0;13/04/2026 21:53;https://res.bigseller.pro/sku/images/merchantsku/944484/019890_1754366312616.jpg?imageView2/1/w/300/h/300
1730;GILLETTE Hộp 4 lưỡi Dao Cạo Râu Vector;;Chưa chọn danh mục;0;0;0;0;11;--;0;0;13/04/2026 21:53;https://res.bigseller.pro/sku/images/merchantsku/944484/022409_1754998487813.jpg?imageView2/1/w/300/h/300
1731;GILLETTE Lưỡi Dao Cạo Cho Phụ Nữ Venus Comfortglide White Tea ( Set 4 lưỡi );;Chưa chọn danh mục;0;0;0;0;2;--;0;0;13/04/2026 21:53;https://res.bigseller.pro/sku/images/merchantsku/944484/550157_1754919949442.jpg?imageView2/1/w/300/h/300
1732;GILLETTTE Dao Cạo Nữ Daisy Women Daisy Plus (Gói 2 Cây);;Chưa chọn danh mục;1;40414;0.7217;0.03;0;0;0;0;13/04/2026 21:53;https://res.bigseller.pro/sku/images/merchantsku/944484/758938_1774841929448.jpg?imageView2/1/w/300/h/300
1734;GLAMRR Q  Xịt Khóa Nền Vegan Super Stay Makeup Fixer 01 Natural Bulur - 130ml;;Chưa chọn danh mục;10;130000;0.0444;0.32;2;6;0;0;13/04/2026 21:53;https://res.bigseller.pro/sku/images/merchantsku/944484/772193_1776091990179.jpg?imageView2/1/w/300/h/300
1736;GLAMRR Q  Xịt Khóa Nền Vegan Super Stay Makeup Fixer Dewy Glow - 130ml;;Chưa chọn danh mục;2;358000;0.39;0.06;17;283;0;0;13/04/2026 21:53;https://res.bigseller.pro/sku/images/merchantsku/944484/358917_1775207941320.jpg?imageView2/1/w/300/h/300
1738;GLORIE  Sáp Rửa Cọ Trang Điểm Brush Makeup Cleansing Soap 130g;;Chưa chọn danh mục;6;40433.94;0.0576;0.19;0;0;0;0;13/04/2026 21:53;https://res.bigseller.pro/sku/images/merchantsku/944484/903014_1754365710809.jpg?imageView2/1/w/300/h/300
1741;GOODNDOC - Kem Dưỡng Matcha Milk Exosome Cream 50ml;;GOODNDOC;2;208400;0.3532;0.06;2;33;0;0;13/04/2026 21:53;https://res.bigseller.pro/sku/images/merchantsku/944484/870267_1772770474738.jpg?imageView2/1/w/300/h/300
1742;GOODNDOC Dưỡng Chất Beta Glucan Repair Complex Serum 30ml;;GOODNDOC;2;437310.84;0.379;0.06;0;0;0;0;13/04/2026 21:53;https://res.bigseller.pro/sku/images/merchantsku/944484/291848_1754365621982.jpg?imageView2/1/w/300/h/300
1743;GOODNDOC Kem dưỡng ẩm lô hội Aloe Vera Hydra Soothing Cream - 50g;;GOODNDOC;2;415600;0.4083;0.06;0;0;0;0;13/04/2026 21:53;https://res.bigseller.pro/sku/images/merchantsku/944484/163283_1754366306738.jpg?imageView2/1/w/300/h/300
1744;GOODNDOC Kem dưỡng ẩm ốc sên Snail Ultra Moisture Cream - 50ml;;GOODNDOC;5;807540;0.3554;0.16;0;0;0;0;13/04/2026 21:53;https://res.bigseller.pro/sku/images/merchantsku/944484/825111_1754998317210.jpg?imageView2/1/w/300/h/300
1745;GOODNDOC Kem Dưỡng Da Centella Repair Cream 50ml;;GOODNDOC;31;5054406.74;0.3311;1;0;0;0;0;13/04/2026 21:53;https://res.bigseller.pro/sku/images/merchantsku/944484/207212_1754366310153.jpg?imageView2/1/w/300/h/300
1747;GOODNDOC Serum HYDRA B5 30ml;;GOODNDOC;5;504484.05;0.248;0.16;0;0;0;0;13/04/2026 21:53;https://res.bigseller.pro/sku/images/merchantsku/944484/769260_1754365907724.jpg?imageView2/1/w/300/h/300
1748;GOODNDOC Serum HYDRA B5 50ml (mới);;GOODNDOC;14;2511966.13;0.3568;0.45;0;0;0;0;13/04/2026 21:53;https://res.bigseller.pro/sku/images/merchantsku/944484/198889_1754365630465.jpg?imageView2/1/w/300/h/300
1749;GOODNDOC Serum Vitamin C-16.5 Daily Whitening 30ml;;GOODNDOC;1;206633.33;0.4191;0.03;6;200;0;0;13/04/2026 21:53;https://res.bigseller.pro/sku/images/merchantsku/944484/549417_1754364220875.jpg?imageView2/1/w/300/h/300
1750;GOODNDOC Toner AC Control Blemish 150ml;;GOODNDOC;2;386000;0.4115;0.06;0;0;0;0;13/04/2026 21:53;https://res.bigseller.pro/sku/images/merchantsku/944484/286041_1754998487751.jpg?imageView2/1/w/300/h/300
1751;GOONGBE  Kem Dưỡng Ẩm Primmune Moisture Cream Cấp Ẩm Sâu 72h - 180ml;;GOONGBE;0;0;0;0;0;--;0;0;13/04/2026 21:53;https://res.bigseller.pro/sku/images/merchantsku/944484/440074_1754364214640.jpg?imageView2/1/w/300/h/300
1753;GOONGBE  Sữa Tắm Gội 2in1 Pri-mmune Shampoo & Bath - 350ml;;GOONGBE;0;0;0;0;2;--;0;0;13/04/2026 21:53;https://res.bigseller.pro/sku/images/merchantsku/944484/124434_1754365810814.jpg?imageView2/1/w/300/h/300
1754;GOONGBE Lotion Dưỡng Ẩm Toàn Thân Primmune Moisture - 350ml;;GOONGBE;0;0;0;0;0;--;0;0;13/04/2026 21:53;https://res.bigseller.pro/sku/images/merchantsku/944484/077094_1754365710717.jpg?imageView2/1/w/300/h/300
1755;GRACE AND GLOW Sữa tắm Black Opium Brightening Body Wash 400ml - 05.Miss Moisture;;Chưa chọn danh mục;0;0;0;0;0;--;0;0;13/04/2026 21:53;https://res.bigseller.pro/sku/images/merchantsku/944484/778667_1755553018825.jpg?imageView2/1/w/300/h/300
1756;HALLS Kẹo Ngậm Bạc Hà Thơm Miệng The Mát Sảng Khoái Thái Lan Thanh 9 Viên - GREEN;;HALLS;0;0;0;0;0;--;0;0;13/04/2026 21:53;https://res.bigseller.pro/sku/images/merchantsku/944484/586846_1754365629979.jpg?imageView2/1/w/300/h/300
1759;HALLS XS Kẹo ngậm Không Đường Giúp Thơm Miệng, Giảm Ho, Đau Họng 12.6g - Lime;;HALLS;47;659315.28;0.4337;1.52;10;6;0;0;13/04/2026 21:53;https://res.bigseller.pro/sku/images/merchantsku/944484/742320_1754365904364.jpg?imageView2/1/w/300/h/300
1760;HALLS XS Kẹo ngậm Không Đường Giúp Thơm Miệng, Giảm Ho, Đau Họng 12.6g - Mentholyptus;;HALLS;77;1384647.75;0.49700000000000005;2.48;0;0;0;0;13/04/2026 21:53;https://res.bigseller.pro/sku/images/merchantsku/944484/739749_1754366309025.jpg?imageView2/1/w/300/h/300
1761;HALLS XS Kẹo ngậm Không Đường Giúp Thơm Miệng, Giảm Ho, Đau Họng 12.6g - Mixed Berry;;HALLS;21;293179.04;0.4335;0.68;45;66;0;0;13/04/2026 21:53;https://res.bigseller.pro/sku/images/merchantsku/944484/301563_1754919948881.jpg?imageView2/1/w/300/h/300
1762;HALLS XS Kẹo ngậm Không Đường Giúp Thơm Miệng, Giảm Ho, Đau Họng 12.6g - Watermelon;;HALLS;21;277969.45;0.4201;0.68;23;33;0;0;13/04/2026 21:53;https://res.bigseller.pro/sku/images/merchantsku/944484/861346_1754364216739.jpg?imageView2/1/w/300/h/300
1763;HATOMUGI Kem Chống Nắng Reihaku UV Care & Moisturizing Milky Gel SPF50+ PA++++ 80g;;HATOMUGI;0;0;0;0;4;--;0;0;13/04/2026 21:53;https://res.bigseller.pro/sku/images/merchantsku/944484/698439_1754365720547.jpg?imageView2/1/w/300/h/300
1765;HATOMUGI Sữa Rửa Mặt Cleansing & Facial Washing 130g;;HATOMUGI;12;98539.8;0.19210000000000002;0.39;0;0;0;0;13/04/2026 21:53;https://res.bigseller.pro/sku/images/merchantsku/944484/623374_1754365718406.jpg?imageView2/1/w/300/h/300
1766;HATOMUGI Sữa Rửa Mặt Reihaku Hatomugi Facial Foam 170g;;HATOMUGI;31;151707.13;0.1114;1;3;3;0;0;13/04/2026 21:53;https://res.bigseller.pro/sku/images/merchantsku/944484/960687_1754364218292.jpg?imageView2/1/w/300/h/300
1767;HATOMUGI Sữa Rửa Mặt The Medicated Facial Foam 130g (Xanh dương);;HATOMUGI;30;105412.4;0.0888;0.97;3;3;0;0;13/04/2026 21:53;https://res.bigseller.pro/sku/images/merchantsku/944484/217114_1754366310298.jpg?imageView2/1/w/300/h/300
1770;HATOMUGI  Nước Cân Bằng Naturie Toner Chiết Xuất Hạt Ý Dĩ Cấp Ẩm, Dưỡng Da Mềm Mượt 500ml;;HATOMUGI;0;0;0;0;8;--;0;0;13/04/2026 21:53;https://res.bigseller.pro/sku/images/merchantsku/944484/555372_1754365710711.jpg?imageView2/1/w/300/h/300
1771;HERALAB Nước Giặt Đồ Lót Hương Hoa Cỏ Khử Mùi An Toàn Cho Da 300ml;;Chưa chọn danh mục;0;0;0;0;5;--;0;0;13/04/2026 21:53;https://res.bigseller.pro/sku/images/merchantsku/944484/723597_1754365726120.jpg?imageView2/1/w/300/h/300
1773;HERBAL ESSENCES Dầu Gội Tinh Dầu Argan Morocco 400ml - HỒNG Dâu tây & bạc hà;;Chưa chọn danh mục;0;0;0;0;9;--;0;0;13/04/2026 21:53;https://res.bigseller.pro/sku/images/merchantsku/944484/545191_1758025647908.jpg?imageView2/1/w/300/h/300
1774;HERBAL ESSENCES Dầu Gội Tinh Dầu Argan Morocco 400ml - Phục hồi Xanh dương;;Chưa chọn danh mục;0;0;0;0;0;--;0;0;13/04/2026 21:53;https://res.bigseller.pro/sku/images/merchantsku/944484/800940_1755553018470.jpg?imageView2/1/w/300/h/300
1775;HERBAL ESSENCES Dầu Xả Tinh Dầu Argan Morocco 400ml - Phục hồi Xanh dương;;Chưa chọn danh mục;3;272364;0.4071;0.1;0;0;0;0;13/04/2026 21:53;https://res.bigseller.pro/sku/images/merchantsku/944484/354656_1754365813065.jpg?imageView2/1/w/300/h/300
1776;HETRAS Sữa tắm Hetras Hotel Therapy Body Wash No.07 - Hotel Wood 1013ml;;Chưa chọn danh mục;11;103264.68;0.0378;0.35;100;285;0;0;13/04/2026 21:53;https://res.bigseller.pro/sku/images/merchantsku/944484/068334_1788534019389.jpg?imageView2/1/w/300/h/300
1777;HETRAS Sữa tắm Hetras Hotel Therapy Body Wash No.20 Santal Fresh;;Chưa chọn danh mục;39;430000;0.044800000000000006;1.26;64;50;0;0;13/04/2026 21:53;https://res.bigseller.pro/sku/images/merchantsku/944484/988409_1766131756638.jpg?imageView2/1/w/300/h/300
1779;HUXLEY Mặt nạ tẩy tế bào chết Scrub Mask - 30gr;;Chưa chọn danh mục;16;108400;0.1069;0.52;0;0;0;0;13/04/2026 21:53;https://res.bigseller.pro/sku/images/merchantsku/944484/881191_1754365907857.jpg?imageView2/1/w/300/h/300
1783;ICARE Dầu Gội Pharma Antisol dược liệu pH 6.5 240ml;;Chưa chọn danh mục;36;2133236;0.24420000000000003;1.16;9;7;0;0;13/04/2026 21:53;https://res.bigseller.pro/sku/images/merchantsku/944484/408536_1754366312819.jpg?imageView2/1/w/300/h/300
1784;I'M FROM Gel Dưỡng Vitamin Tree Water Gel 75g;;Chưa chọn danh mục;0;0;0;0;4;--;0;0;13/04/2026 21:53;https://res.bigseller.pro/sku/images/merchantsku/944484/885671_1754998487761.jpg?imageView2/1/w/300/h/300
1785;I'M FROM Mặt Nạ Chiết Xuất Ngải Cứu Làm Dịu Da Mugwort Sheet Mask - 20ml;;Chưa chọn danh mục;1;47820;0.8270000000000001;0.03;1;33;0;0;13/04/2026 21:53;https://res.bigseller.pro/sku/images/merchantsku/944484/690717_1755574305256.jpg?imageView2/1/w/300/h/300
1786;I'm From Mặt nạ giấy Vitamin Tree Sheet Mask 22ml;;Chưa chọn danh mục;0;0;0;0;29;--;0;0;13/04/2026 21:53;https://res.bigseller.pro/sku/images/merchantsku/944484/636110_1767774318005.jpg?imageView2/1/w/300/h/300
1788;INNER Gel inner Wettrust Inner Disposable Multicare Feminine Essence Gel;;Chưa chọn danh mục;0;0;0;0;0;--;0;0;13/04/2026 21:53;https://res.bigseller.pro/sku/images/merchantsku/944484/666042_1754365817658.jpg?imageView2/1/w/300/h/300
1790;INNOSKIN Kem Chống Nắng B3+ Suncream 50g – Tím (da dầu);;Chưa chọn danh mục;0;0;0;0;1;--;0;0;13/04/2026 21:53;https://res.bigseller.pro/sku/images/merchantsku/944484/442066_1754919950061.jpg?imageView2/1/w/300/h/300
1791;INNOSKIN CELL RENEWAL COLLAGEN MASK - lẻ 1 miếng -;;Chưa chọn danh mục;0;0;0;0;10;--;0;0;13/04/2026 21:53;https://res.bigseller.pro/sku/images/merchantsku/944484/879418_1755015211663.jpg?imageView2/1/w/300/h/300
1795;INTIMATE Dung Dịch Vệ Sinh Phụ Nữ Ya Samaya 265ml - COMFORT (Xanh);;Chưa chọn danh mục;1;49802.19;0.5242;0.03;3;100;0;0;13/04/2026 21:53;https://res.bigseller.pro/sku/images/merchantsku/944484/207122_1754365630684.jpg?imageView2/1/w/300/h/300
1796;INTIMATE Dung Dịch Vệ Sinh Phụ Nữ Ya Samaya 265ml - DELICATE (Tím);;Chưa chọn danh mục;0;0;0;0;0;--;0;0;13/04/2026 21:53;https://res.bigseller.pro/sku/images/merchantsku/944484/575329_1754366222186.jpg?imageView2/1/w/300/h/300
1797;INTIMATE Dung Dịch Vệ Sinh Phụ Nữ Ya Samaya 265ml - SENSITIVE (Hồng);;Chưa chọn danh mục;0;0;0;0;0;--;0;0;13/04/2026 21:53;https://res.bigseller.pro/sku/images/merchantsku/944484/559834_1754365724899.jpg?imageView2/1/w/300/h/300
1798;IPEK Bông tẩy trang - 150 miếng;;Chưa chọn danh mục;366;995415.92;0.10289999999999999;11.81;28;2;0;0;13/04/2026 21:53;https://res.bigseller.pro/sku/images/merchantsku/944484/810788_1754366312804.jpg?imageView2/1/w/300/h/300
1801;JMSolution Nước Tẩy Trang Hàn Quốc - 500ml Vàng;;Chưa chọn danh mục;4;24894.02;0.0558;0.13;2;15;0;0;13/04/2026 21:53;https://res.bigseller.pro/sku/images/merchantsku/944484/650845_1757062412936.jpg?imageView2/1/w/300/h/300
1803;JMSolution Nước Tẩy Trang Hyaluronic Cleansing Water - Ceramide 500ml;;Chưa chọn danh mục;0;0;0;0;1;--;0;0;13/04/2026 21:53;https://res.bigseller.pro/sku/images/merchantsku/944484/597458_1754364213718.jpg?imageView2/1/w/300/h/300
1804;JMSolution Nước Tẩy Trang Hyaluronic Cleansing Water - H9 500ml;;Chưa chọn danh mục;3;34604.64;0.10300000000000001;0.1;8;80;0;0;13/04/2026 21:53;https://res.bigseller.pro/sku/images/merchantsku/944484/816065_1754365810727.jpg?imageView2/1/w/300/h/300
1805;JMSolution Nước Tẩy Trang Hyaluronic Cleansing Water - SOS Ginger 500ml;;Chưa chọn danh mục;0;0;0;0;3;--;0;0;13/04/2026 21:53;https://res.bigseller.pro/sku/images/merchantsku/944484/119233_1755015058562.jpg?imageView2/1/w/300/h/300
1808;JMsolution - Mặt Nạ B5 Whitening Dưỡng Sáng & Cấp Ẩm 30ml - B5+ HYDRATING XANH ĐẬM;;Chưa chọn danh mục;0;0;0;0;50;--;0;0;13/04/2026 21:53;https://res.bigseller.pro/sku/images/merchantsku/944484/996117_1772183272648.jpg?imageView2/1/w/300/h/300
1811;JMSOLUTION Hộp 5 miếng Mặt Nạ Cá Hồi JM Solution Water Luminous Salmon Repair Special - CAM;;Chưa chọn danh mục;19;105968.79;0.08449999999999999;0.61;0;0;0;0;13/04/2026 21:53;https://res.bigseller.pro/sku/images/merchantsku/944484/559949_1757062210308.jpg?imageView2/1/w/300/h/300
1812;JMSOLUTION Hộp 10 miếng Mặt Nạ Cá Hồi JM Solution Panthelene Intensive Barrier Mask - XANH DƯƠNG ĐẬM;;Chưa chọn danh mục;1;115226.03;0.9073;0.03;3;100;0;0;13/04/2026 21:53;https://res.bigseller.pro/sku/images/merchantsku/944484/572258_1757062289877.jpg?imageView2/1/w/300/h/300
1826;Jmella Sữa Tắm Hương Nước Hoa Jmella In France Body Wash 500ml - NO.5;;Chưa chọn danh mục;2;8548.38;0.053399999999999996;0.06;0;0;0;0;13/04/2026 21:53;https://res.bigseller.pro/sku/images/merchantsku/944484/293202_1765779394711.jpg?imageView2/1/w/300/h/300
1827;JMSOLUTION Hộp 10 miếng Prime Gold Premium Foil Mask  - VÀNG;;Chưa chọn danh mục;0;0;0;0;6;--;0;0;13/04/2026 21:53;https://res.bigseller.pro/sku/images/merchantsku/944484/708338_1777969581694.jpg?imageView2/1/w/300/h/300
1828;Johnson's Baby Sữa Tắm Gội toàn thân Cho Bé - Dành cho trẻ sơ sinh và trẻ nhỏ Cotton Touch Trắng - 200ml -;;Chưa chọn danh mục;0;0;0;0;0;--;0;0;13/04/2026 21:53;https://res.bigseller.pro/sku/images/merchantsku/944484/909373_1754365810649.jpg?imageView2/1/w/300/h/300
1830;JOHNSON’S Sữa Tắm Baby Cotton Touch Top-to-toe (Trắng) – 200ml;;Chưa chọn danh mục;1;34188;0.3539;0.03;7;233;0;0;13/04/2026 21:53;https://res.bigseller.pro/sku/images/merchantsku/944484/261473_1756124845301.jpg?imageView2/1/w/300/h/300
1831;JOHNSON’S Sữa Tắm Baby Cotton Touch Top-to-toe (Trắng) – 500ml;;Chưa chọn danh mục;5;1515;0.0031;0.16;5;31;0;0;13/04/2026 21:53;https://res.bigseller.pro/sku/images/merchantsku/944484/557645_1754364216635.jpg?imageView2/1/w/300/h/300
1832;JOHNSON'S Dầu gội Baby Shampoo vàng - 200ml;;Chưa chọn danh mục;3;115850;0.3995;0.1;12;120;0;0;13/04/2026 21:53;https://res.bigseller.pro/sku/images/merchantsku/944484/028911_1755553510808.jpg?imageView2/1/w/300/h/300
1833;JOHNSON'S Dầu gội Baby Shampoo vàng - 800ml;;Chưa chọn danh mục;3;258975.99;0.3627;0.1;0;0;0;0;13/04/2026 21:53;https://res.bigseller.pro/sku/images/merchantsku/944484/413407_1754365814982.jpg?imageView2/1/w/300/h/300
1836;JOHNSON'S Dầu gội shiny drops shampoo hồng - 500ml;;Chưa chọn danh mục;3;437285;0.5549000000000001;0.1;11;110;0;0;13/04/2026 21:53;https://res.bigseller.pro/sku/images/merchantsku/944484/770727_1754366310832.jpg?imageView2/1/w/300/h/300
1837;JOHNSON'S Dầu Massage Baby Oil Aloe Vera & Vitamin E - 200ml;;Chưa chọn danh mục;8;138789;0.15439999999999998;0.26;10;38;0;0;13/04/2026 21:53;https://res.bigseller.pro/sku/images/merchantsku/944484/548704_1754365629947.jpg?imageView2/1/w/300/h/300
1838;JOHNSON'S Dầu massage Baby Oil pink - 200ml;;Chưa chọn danh mục;90;1458769.8;0.1458;2.9;149;51;0;0;13/04/2026 21:53;https://res.bigseller.pro/sku/images/merchantsku/944484/024364_1754365907846.jpg?imageView2/1/w/300/h/300
1839;JOHNSON'S Dầu massage Baby Oil pink - 50ml;;Chưa chọn danh mục;152;2431919.23;0.3012;4.9;40;8;0;0;13/04/2026 21:53;https://res.bigseller.pro/sku/images/merchantsku/944484/122341_1754364220857.jpg?imageView2/1/w/300/h/300
1840;JOHNSON'S Kem dưỡng ẩm Baby 100g - Sữa gạo (nắp xanh);;Chưa chọn danh mục;1;71556.43;0.42340000000000005;0.03;12;400;0;0;13/04/2026 21:53;https://res.bigseller.pro/sku/images/merchantsku/944484/677288_1754365724512.jpg?imageView2/1/w/300/h/300
1841;JOHNSON'S Kem dưỡng ẩm Baby 50g - Cúc la mã (nắp hồng);;Chưa chọn danh mục;5;265955;0.4827;0.16;5;31;0;0;13/04/2026 21:53;https://res.bigseller.pro/sku/images/merchantsku/944484/621588_1754919949360.jpg?imageView2/1/w/300/h/300
1843;JOHNSON'S Kem dưỡng ẩm Baby 50g - Sữa gạo (nắp xanh);;Chưa chọn danh mục;1;51759.28;0.4929;0.03;7;233;0;0;13/04/2026 21:53;https://res.bigseller.pro/sku/images/merchantsku/944484/017343_1754365814956.jpg?imageView2/1/w/300/h/300
1844;JOHNSON'S Nước hoa Baby hương ban mai - 125ml (tím);;Chưa chọn danh mục;39;1531750.38;0.3543;1.26;59;46;0;0;13/04/2026 21:53;https://res.bigseller.pro/sku/images/merchantsku/944484/618337_1754365624012.jpg?imageView2/1/w/300/h/300
1845;JOHNSON'S Nước hoa Baby hương ban mai - 50ml (tím);;Chưa chọn danh mục;72;2117583.02;0.4471;2.32;81;34;0;0;13/04/2026 21:53;https://res.bigseller.pro/sku/images/merchantsku/944484/702745_1754366215533.jpg?imageView2/1/w/300/h/300
1846;JOHNSON'S Nước hoa Baby hương ngày hè - 125ml (xanh lá);;Chưa chọn danh mục;17;639475.86;0.3456;0.55;90;163;0;0;13/04/2026 21:53;https://res.bigseller.pro/sku/images/merchantsku/944484/115197_1754365715898.jpg?imageView2/1/w/300/h/300
1847;JOHNSON'S Nước hoa Baby hương ngày hè - 50ml (xanh lá);;Chưa chọn danh mục;46;1281834.92;0.4341;1.48;35;23;0;0;13/04/2026 21:53;https://res.bigseller.pro/sku/images/merchantsku/944484/044519_1754366310139.jpg?imageView2/1/w/300/h/300
1848;JOHNSON'S Nước hoa Baby hương phấn hoa - 125ml (hồng);;Chưa chọn danh mục;46;2401903.88;0.4211;1.48;46;31;0;0;13/04/2026 21:53;https://res.bigseller.pro/sku/images/merchantsku/944484/789553_1754365907863.jpg?imageView2/1/w/300/h/300
1849;JOHNSON'S Nước hoa Baby hương phấn hoa - 50ml (hồng);;Chưa chọn danh mục;186;5862140;0.4643;6;268;44;0;0;13/04/2026 21:53;https://res.bigseller.pro/sku/images/merchantsku/944484/198271_1754364220719.jpg?imageView2/1/w/300/h/300
1850;JOHNSON'S Phấn Rôm Baby Powder Blossom Hương Hoa 100g;;Chưa chọn danh mục;32;502963.91;0.3439;1.03;18;17;0;0;13/04/2026 21:53;https://res.bigseller.pro/sku/images/merchantsku/944484/061947_1755553282958.jpg?imageView2/1/w/300/h/300
1851;JOHNSON'S Phấn Rôm Baby Powder Blossom Hương Hoa 200g;;Chưa chọn danh mục;28;610846.89;0.3286;0.9;31;34;0;0;13/04/2026 21:53;https://res.bigseller.pro/sku/images/merchantsku/944484/286265_1754365810704.jpg?imageView2/1/w/300/h/300
1852;JOHNSON'S Phấn Rôm Baby Powder Blossom Hương Hoa 500g;;Chưa chọn danh mục;11;734994.4;0.44299999999999995;0.35;0;0;0;0;13/04/2026 21:53;https://res.bigseller.pro/sku/images/merchantsku/944484/365311_1754365617605.jpg?imageView2/1/w/300/h/300
1853;JOHNSON'S Sữa tắm Adult pH 5.5 750ml - 2in1;;Chưa chọn danh mục;6;110059.35;0.1503;0.19;7;36;0;0;13/04/2026 21:53;https://res.bigseller.pro/sku/images/merchantsku/944484/281762_1754366311931.jpg?imageView2/1/w/300/h/300
1854;JOHNSON'S Sữa tắm Adult pH 5.5 750ml - HẠNH NHÂN;;Chưa chọn danh mục;2;106694.66;0.3204;0.06;5;83;0;0;13/04/2026 21:53;https://res.bigseller.pro/sku/images/merchantsku/944484/585509_1754998314202.jpg?imageView2/1/w/300/h/300
1855;JOHNSON'S Sữa tắm gội Baby Bedtime Bath Hương Lavender ( Tím ) - 200ml;;Chưa chọn danh mục;0;0;0;0;23;--;0;0;13/04/2026 21:53;https://res.bigseller.pro/sku/images/merchantsku/944484/238747_1754365712391.jpg?imageView2/1/w/300/h/300
1856;JOHNSON'S Sữa tắm gội Baby Bedtime Bath Hương Lavender ( Tím ) - 500ml;;Chưa chọn danh mục;1;29343.41;0.2048;0.03;2;66;0;0;13/04/2026 21:53;https://res.bigseller.pro/sku/images/merchantsku/944484/375704_1754366307005.jpg?imageView2/1/w/300/h/300
1857;JOHNSON'S Sữa tắm gội Baby Top-To-Toe Hair & Body (Vàng) - 100ml;;Chưa chọn danh mục;69;1957904.69;0.445;2.23;78;34;0;0;13/04/2026 21:53;https://res.bigseller.pro/sku/images/merchantsku/944484/030503_1754361503374.jpg?imageView2/1/w/300/h/300
1858;JOHNSON'S Sữa tắm gội Baby Top-To-Toe Hair & Body (Vàng) - 200ml;;Chưa chọn danh mục;37;1285276;0.3728;1.19;42;35;0;0;13/04/2026 21:53;https://res.bigseller.pro/sku/images/merchantsku/944484/941964_1754365817126.jpg?imageView2/1/w/300/h/300
1859;JOHNSON'S Sữa tắm gội Baby Top-To-Toe Hair & Body (Vàng) - 500ml;;Chưa chọn danh mục;11;354129.62;0.21710000000000002;0.35;0;0;0;0;13/04/2026 21:53;https://res.bigseller.pro/sku/images/merchantsku/944484/026727_1754365625688.jpg?imageView2/1/w/300/h/300
1860;JOHNSON'S Sữa tắm Milk Rice Bath - 1000ml;;Chưa chọn danh mục;11;740621.53;0.3383;0.35;0;0;0;0;13/04/2026 21:53;https://res.bigseller.pro/sku/images/merchantsku/944484/380679_1754366217747.jpg?imageView2/1/w/300/h/300
1861;JOHNSON'S Sữa tắm Milk Rice Bath - 200ml;;Chưa chọn danh mục;8;379784.56;0.4411;0.26;6;23;0;0;13/04/2026 21:53;https://res.bigseller.pro/sku/images/merchantsku/944484/466342_1754365720584.jpg?imageView2/1/w/300/h/300
1862;JOHNSON'S Sữa tắm Milk Rice Bath - 500ml;;Chưa chọn danh mục;1;88094.87;0.4097;0.03;1;33;0;0;13/04/2026 21:53;https://res.bigseller.pro/sku/images/merchantsku/944484/209838_1754366312744.jpg?imageView2/1/w/300/h/300
1864;JONZAC Dung Dịch Vệ Sinh Cho Bé Eau Thermale Liniment Oleo-Calcareous - 1L;;Chưa chọn danh mục;0;0;0;0;5;--;0;0;13/04/2026 21:53;https://res.bigseller.pro/sku/images/merchantsku/944484/490765_1754365722838.jpg?imageView2/1/w/300/h/300
1865;JONZAC Dung Dịch Vệ Sinh Cho Bé Eau Thermale Liniment Oleo-Calcareous - 500ML;;Chưa chọn danh mục;0;0;0;0;27;--;0;0;13/04/2026 21:53;https://res.bigseller.pro/sku/images/merchantsku/944484/664137_1754366219825.jpg?imageView2/1/w/300/h/300
1866;JONZAC Kem Dưỡng Eau Thermale Bébé Bio Nutri Gentle Cold Cream - 100ml;;Chưa chọn danh mục;0;0;0;0;1;--;0;0;13/04/2026 21:53;https://res.bigseller.pro/sku/images/merchantsku/944484/671591_1755015212793.jpg?imageView2/1/w/300/h/300
1867;JONZAC Sữa Tắm Eau Thermale Jonzac Bébé Bio Gentle Dermo Cleansing Gel - 250ML;;Chưa chọn danh mục;1;127745.2;0.44049999999999995;0.03;6;200;0;0;13/04/2026 21:53;https://res.bigseller.pro/sku/images/merchantsku/944484/796070_1754361506093.jpg?imageView2/1/w/300/h/300
1868;JONZAC Sữa Tắm Eau Thermale Jonzac Bébé Bio Gentle Dermo Cleansing Gel - 500ML;;Chưa chọn danh mục;1;16350;0.051100000000000007;0.03;6;200;0;0;13/04/2026 21:53;https://res.bigseller.pro/sku/images/merchantsku/944484/703407_1754365820000.jpg?imageView2/1/w/300/h/300
1869;JOONA BABY Miếng dán chống muỗi MOZZIE GUARD+ bảo vệ bé hiệu quả - Lẻ gói 18 miếng;;Chưa chọn danh mục;0;0;0;0;26;--;0;0;13/04/2026 21:53;https://res.bigseller.pro/sku/images/merchantsku/944484/677795_1754365811831.jpg?imageView2/1/w/300/h/300
1870;JOONA BABY Miếng Dán Dreamy Breeze Thư Giãn, Hỗ Trợ Ngủ Ngon - 18 Miếng;;Chưa chọn danh mục;0;0;0;0;39;--;0;0;13/04/2026 21:53;https://res.bigseller.pro/sku/images/merchantsku/944484/730068_1754366221478.jpg?imageView2/1/w/300/h/300
1872;KAI Dao Cạo Lông Can For Women An Toàn Cho Nữ Chính Hãng Nhật Bản Set 3 Cái - BODY;;Chưa chọn danh mục;0;0;0;0;6;--;0;0;13/04/2026 21:53;https://res.bigseller.pro/sku/images/merchantsku/944484/608156_1754365914142.jpg?imageView2/1/w/300/h/300
1873;KAI Dao Cạo Lông Can For Women An Toàn Cho Nữ Chính Hãng Nhật Bản Set 3 Cái - Cạo lông mặt;;Chưa chọn danh mục;1;18500;0.2891;0.03;6;200;0;0;13/04/2026 21:53;https://res.bigseller.pro/sku/images/merchantsku/944484/475033_1754998488122.jpg?imageView2/1/w/300/h/300
1874;KAI Dao cạo lông mặt BTM-5F1 cán hồng - Hộp 5 cái;;Chưa chọn danh mục;0;0;0;0;12;--;0;0;13/04/2026 21:53;https://res.bigseller.pro/sku/images/merchantsku/944484/492552_1754364218351.jpg?imageView2/1/w/300/h/300
1875;KAI Dao cạo lông mày Can dạng lưỡi đơn cao cấp 3 cái/set - Cạo lông Mày;;Chưa chọn danh mục;1;27128;0.47159999999999996;0.03;48;1600;0;0;13/04/2026 21:53;https://res.bigseller.pro/sku/images/merchantsku/944484/809603_1754365720508.jpg?imageView2/1/w/300/h/300
1876;KAI Dao Cạo Lông Mày Groom Eyebrow Razor 1 cái;;Chưa chọn danh mục;1;20909.71;0.5808;0.03;105;3500;0;0;13/04/2026 21:53;https://res.bigseller.pro/sku/images/merchantsku/944484/692127_1754365715858.jpg?imageView2/1/w/300/h/300
1877;KAI Dao cạo lông mày Razor Nhật Bản dạng lưỡi thép không gỉ 5 cái/set;;Chưa chọn danh mục;0;0;0;0;14;--;0;0;13/04/2026 21:53;https://res.bigseller.pro/sku/images/merchantsku/944484/160466_1754366310154.jpg?imageView2/1/w/300/h/300
1878;KAI Dao Cạo Razor For Bikini Line Nhật Bản 2 cái/ set;;Chưa chọn danh mục;8;180839.6;0.371;0.26;64;246;0;0;13/04/2026 21:53;https://res.bigseller.pro/sku/images/merchantsku/944484/781555_1754365907935.jpg?imageView2/1/w/300/h/300
1879;KAI Kẹp bấm mi Compact Curler - Hồng đậm;;Chưa chọn danh mục;0;0;0;0;7;--;0;0;13/04/2026 21:53;https://res.bigseller.pro/sku/images/merchantsku/944484/889515_1754361504979.jpg?imageView2/1/w/300/h/300
1880;KAORI Xịt phòng Công Nghệ Nhật Bản 280ml - CAM;;Chưa chọn danh mục;0;0;0;0;4;--;0;0;13/04/2026 21:53;https://res.bigseller.pro/sku/images/merchantsku/944484/681523_1754365911946.jpg?imageView2/1/w/300/h/300
1881;KAORI Xịt phòng Công Nghệ Nhật Bản 280ml - ĐỎ;;Chưa chọn danh mục;0;0;0;0;1;--;0;0;13/04/2026 21:53;https://res.bigseller.pro/sku/images/merchantsku/944484/910603_1754998487739.jpg?imageView2/1/w/300/h/300
1882;KEYSHU mặt nạ dưỡng da - 1 Miếng ( Hành Tím );;Chưa chọn danh mục;790;3060465.69;0.2577;25.48;527;20;0;0;13/04/2026 21:53;https://res.bigseller.pro/sku/images/merchantsku/944484/176159_1765875373134.jpg?imageView2/1/w/300/h/300
1883;KEYSHU mặt nạ dưỡng da - 1 Miếng ( Hoa Cúc );;Chưa chọn danh mục;110;142079.2;0.1011;3.55;108;30;0;0;13/04/2026 21:53;https://res.bigseller.pro/sku/images/merchantsku/944484/817463_1765875831816.jpg?imageView2/1/w/300/h/300
1884;KEYSHU mặt nạ dưỡng da - 1 Miếng ( madecassoside );;Chưa chọn danh mục;200;209286;0.0747;6.45;715;110;0;0;13/04/2026 21:53;https://res.bigseller.pro/sku/images/merchantsku/944484/952562_1765876547249.jpg?imageView2/1/w/300/h/300
1885;KEYSHU mặt nạ dưỡng da - 1 Miếng ( Nâng Cơ );;Chưa chọn danh mục;160;241660.8;0.1168;5.16;337;65;0;0;13/04/2026 21:53;https://res.bigseller.pro/sku/images/merchantsku/944484/304663_1765875687637.jpg?imageView2/1/w/300/h/300
1886;KEYSHU mặt nạ dưỡng da - 1 Miếng ( Rau Má );;Chưa chọn danh mục;1370;4492387.3;0.2309;44.19;1106;25;0;0;13/04/2026 21:53;https://res.bigseller.pro/sku/images/merchantsku/944484/255761_1765875426376.jpg?imageView2/1/w/300/h/300
1887;KEYSHU mặt nạ dưỡng da - 1 Miếng ( Vitamin C );;Chưa chọn danh mục;400;1140324.7;0.1895;12.9;274;21;0;0;13/04/2026 21:53;https://res.bigseller.pro/sku/images/merchantsku/944484/874816_1765875748632.jpg?imageView2/1/w/300/h/300
1891;KLAIRS Kem dưỡng Midnight Blue Calming Cream - 60ml;;KLAIRS;0;0;0;0;0;--;0;0;13/04/2026 21:53;https://res.bigseller.pro/sku/images/merchantsku/944484/090509_1754998314304.jpg?imageView2/1/w/300/h/300
1892;KLAIRS Kem dưỡng Rich Moist Soothing Cream 80ml;;KLAIRS;0;0;0;0;4;--;0;0;13/04/2026 21:53;https://res.bigseller.pro/sku/images/merchantsku/944484/012882_1754366312168.jpg?imageView2/1/w/300/h/300
1893;KLAIRS Mặt nạ Freshly Juiced Vitamin E Mask 90ml;;KLAIRS;0;0;0;0;1;--;0;0;13/04/2026 21:53;https://res.bigseller.pro/sku/images/merchantsku/944484/449045_1754365910444.jpg?imageView2/1/w/300/h/300
1894;KLAIRS Mặt nạ giấy Midnight Blue Calming Sheet Mask 25ml;;KLAIRS;23;120852.15;0.25989999999999996;0.74;83;112;0;0;13/04/2026 21:53;https://res.bigseller.pro/sku/images/merchantsku/944484/501652_1755015213997.jpg?imageView2/1/w/300/h/300
1895;KLAIRS Nước hoa hồng Supple Preparation Facial Toner 180ml CÓ MÙI;;KLAIRS;1;160866.67;0.41090000000000004;0.03;2;66;0;0;13/04/2026 21:53;https://res.bigseller.pro/sku/images/merchantsku/944484/727057_1754365625505.jpg?imageView2/1/w/300/h/300
1897;KLAIRS Toner Supple Preparation Unscented KHÔNG MÙI - 180ml;;KLAIRS;47;2032701.52;0.24239999999999998;1.52;7;4;0;0;13/04/2026 21:53;https://res.bigseller.pro/sku/images/merchantsku/944484/935165_1754365625494.jpg?imageView2/1/w/300/h/300
1899;KLAIRS Toner Supple Preparation Unscented KHÔNG MÙI - 30ml;;KLAIRS;372;2293558.66;0.1764;12;0;0;0;0;13/04/2026 21:53;https://res.bigseller.pro/sku/images/merchantsku/944484/398219_1754366217746.jpg?imageView2/1/w/300/h/300
1902;KOBAYASHI Nước Giặt Đồ Lót Lingerie Soap 120ml;;Chưa chọn danh mục;0;0;0;0;7;--;0;0;13/04/2026 21:53;https://res.bigseller.pro/sku/images/merchantsku/944484/000000_1754364216755.jpg?imageView2/1/w/300/h/300
1903;KOKUBO Hộp Hút Ẩm 450ml;;Chưa chọn danh mục;0;0;0;0;12;--;0;0;13/04/2026 21:53;https://res.bigseller.pro/sku/images/merchantsku/944484/872089_1754366220024.jpg?imageView2/1/w/300/h/300
1904;KOKUBO Khử mùi tủ bếp 150g - Xanh lá;;Chưa chọn danh mục;0;0;0;0;4;--;0;0;13/04/2026 21:53;https://res.bigseller.pro/sku/images/merchantsku/944484/209539_1754366317827.jpg?imageView2/1/w/300/h/300
1907;KOSE Sữa rửa mặt Softymo Cleansing Foam 220g - Collagen;;Chưa chọn danh mục;0;0;0;0;0;--;0;0;13/04/2026 21:53;https://res.bigseller.pro/sku/images/merchantsku/944484/551418_1754366315282.jpg?imageView2/1/w/300/h/300
1908;KPEM Kem Phục Hồi Nứt Nẻ Gót Chân - Fullsize 50mL;;Chưa chọn danh mục;3;70370.58;0.5103;0.1;0;0;0;0;13/04/2026 21:53;https://res.bigseller.pro/sku/images/merchantsku/944484/986612_1754366307157.jpg?imageView2/1/w/300/h/300
1909;Kr.Lab Mặt Nạ Kr.Lab+ B5 EGF Complex Mask 25ml - lẻ 1 miếng;;Chưa chọn danh mục;833;692406.9;0.0828;26.87;854;31;0;0;13/04/2026 21:53;https://res.bigseller.pro/sku/images/merchantsku/944484/031692_1754365626985.jpg?imageView2/1/w/300/h/300
1913;KUMANO Sữa Rửa Mặt Soy Milk The Facial Foam 200g;;Chưa chọn danh mục;0;0;0;0;12;--;0;0;13/04/2026 21:53;https://res.bigseller.pro/sku/images/merchantsku/944484/555079_1754366215271.jpg?imageView2/1/w/300/h/300
1914;KUMANO Sữa tắm Shikioriori SOY MILK 600ml;;Chưa chọn danh mục;0;0;0;0;3;--;0;0;13/04/2026 21:53;https://res.bigseller.pro/sku/images/merchantsku/944484/591467_1754365715996.jpg?imageView2/1/w/300/h/300
1915;KYUNG LAB Mặt Nạ Dưỡng Ẩm, Phục Hồi Da Kyung Lab PDRN Therapy Mask 23ml;;Chưa chọn danh mục;1430;1675949.95;0.13140000000000002;46.13;6131;132;0;0;13/04/2026 21:53;https://res.bigseller.pro/sku/images/merchantsku/944484/085574_1754365904177.jpg?imageView2/1/w/300/h/300
1916;KYUNG LAB Mặt Nạ Kyunglab Repair Mask Phục Hồi Da Màu Xanh - 25ml;;Chưa chọn danh mục;0;0;0;0;0;--;0;0;13/04/2026 21:53;https://res.bigseller.pro/sku/images/merchantsku/944484/263448_1786524010479.jpg?imageView2/1/w/300/h/300
1919;LA PURA Bông Đa Năng LA PURA Mềm Mịn - Tiện Dụng - An Toàn Cho Mọi Loại Da - 630 MIẾNG;;Chưa chọn danh mục;1;62000;0.3899;0.03;45;1500;0;0;13/04/2026 21:53;https://res.bigseller.pro/sku/images/merchantsku/944484/180405_1768691635399.jpg?imageView2/1/w/300/h/300
1920;LA SOIRÉE Bông Tẩy Trang 100% Cotton Siêu Mềm Siêu Mịn - 120 Miếng Tròn;;Chưa chọn danh mục;157;2607522;0.3389;5.06;0;0;0;0;13/04/2026 21:53;https://res.bigseller.pro/sku/images/merchantsku/944484/365208_1754366221461.jpg?imageView2/1/w/300/h/300
1922;LA SOIRÉE Bông Tẩy Trang 100% Cotton Siêu Mềm Siêu Mịn - 225 Miếng Tròn;;Chưa chọn danh mục;591;10435729;0.2464;19.06;0;0;0;0;13/04/2026 21:53;https://res.bigseller.pro/sku/images/merchantsku/944484/574597_1754365723437.jpg?imageView2/1/w/300/h/300
1923;LA SOIRÉE Bông Tẩy Trang 100% Cotton Siêu Mềm Siêu Mịn - 255 Miếng Vuông;;Chưa chọn danh mục;6;378440;0.44789999999999996;0.19;0;0;0;0;13/04/2026 21:53;https://res.bigseller.pro/sku/images/merchantsku/944484/015074_1761736516089.jpg?imageView2/1/w/300/h/300
1924;LA SOIRÉE Bông Tẩy Trang 100% Cotton Siêu Mềm Siêu Mịn - 500 Miếng Vuông;;Chưa chọn danh mục;13;54346.76;0.0279;0.42;3;7;0;0;13/04/2026 21:53;https://res.bigseller.pro/sku/images/merchantsku/944484/725777_1761736516031.jpg?imageView2/1/w/300/h/300
1925;LA SOIRÉE Bông Tẩy Trang 100% Cotton Siêu Mềm Siêu Mịn - 85 Miếng Vuông;;Chưa chọn danh mục;77;1570738.14;0.4111;2.48;71;28;0;0;13/04/2026 21:53;https://res.bigseller.pro/sku/images/merchantsku/944484/602566_1754365820191.jpg?imageView2/1/w/300/h/300
1926;LACTACYD DDVS Cool Sensation Xanh - 150ml;;LACTACYD;6;280430.95;0.6598;0.19;0;0;0;0;13/04/2026 21:53;https://res.bigseller.pro/sku/images/merchantsku/944484/890380_1754365714010.jpg?imageView2/1/w/300/h/300
1927;LACTACYD DDVS Cool Sensation Xanh - 250ml;;LACTACYD;1;45958.69;0.3404;0.03;2;66;0;0;13/04/2026 21:53;https://res.bigseller.pro/sku/images/merchantsku/944484/259891_1754366308359.jpg?imageView2/1/w/300/h/300
1929;LACTACYD DDVS Odor Fresh Xanh - 150ml;;LACTACYD;6;90897.58;0.2325;0.19;3;15;0;0;13/04/2026 21:53;https://res.bigseller.pro/sku/images/merchantsku/944484/063092_1754366310521.jpg?imageView2/1/w/300/h/300
1930;LACTACYD DDVS Odor Fresh Xanh - 250ml;;LACTACYD;2;70085.88;0.43799999999999994;0.06;2;33;0;0;13/04/2026 21:53;https://res.bigseller.pro/sku/images/merchantsku/944484/946553_1754365907972.jpg?imageView2/1/w/300/h/300
1931;LACTACYD DDVS Odor Fresh Xanh - 60ml;;LACTACYD;2;-23.22;-0.0015;0.06;0;0;0;0;13/04/2026 21:53;https://res.bigseller.pro/sku/images/merchantsku/944484/760047_1754365914942.jpg?imageView2/1/w/300/h/300
1932;LACTACYD DDVS Pro Sensitive Hồng - 150ml;;LACTACYD;1;65229.82;0.6656;0.03;1;33;0;0;13/04/2026 21:53;https://res.bigseller.pro/sku/images/merchantsku/944484/823525_1755687689158.jpg?imageView2/1/w/300/h/300
1933;LACTACYD DDVS Pro Sensitive Hồng - 250ml;;LACTACYD;2;78040.86;0.3122;0.06;0;0;0;0;13/04/2026 21:53;https://res.bigseller.pro/sku/images/merchantsku/944484/680134_1754365815340.jpg?imageView2/1/w/300/h/300
1934;LACTACYD DDVS Soft & Silky Tím - 150ml;;LACTACYD;3;73019;0.3191;0.1;4;40;0;0;13/04/2026 21:53;https://res.bigseller.pro/sku/images/merchantsku/944484/798560_1754365623815.jpg?imageView2/1/w/300/h/300
1935;LACTACYD DDVS Soft & Silky Tím - 250ml;;LACTACYD;5;280840;0.45899999999999996;0.16;0;0;0;0;13/04/2026 21:53;https://res.bigseller.pro/sku/images/merchantsku/944484/177763_1754366215910.jpg?imageView2/1/w/300/h/300
1936;LACTACYD Sữa tắm gội Baby Extra Milky – 250ml;;LACTACYD;0;0;0;0;14;--;0;0;13/04/2026 21:53;https://res.bigseller.pro/sku/images/merchantsku/944484/720608_1754365819855.jpg?imageView2/1/w/300/h/300
1938;LACTACYD Sữa tắm gội Baby Gentle Care – 250ml;;LACTACYD;0;0;0;0;3;--;0;0;13/04/2026 21:53;https://res.bigseller.pro/sku/images/merchantsku/944484/303922_1754366308458.jpg?imageView2/1/w/300/h/300
1939;LACTACYD Sữa tắm gội Baby Gentle Care – 500ml;;LACTACYD;0;0;0;0;8;--;0;0;13/04/2026 21:53;https://res.bigseller.pro/sku/images/merchantsku/944484/320441_1754365904104.jpg?imageView2/1/w/300/h/300
1940;LACTACYD Sữa tắm gội Baby Gentle Care – 60ml;;LACTACYD;5;25000;0.4167;0.16;0;0;0;0;13/04/2026 21:53;https://res.bigseller.pro/sku/images/merchantsku/944484/236145_1754365726184.jpg?imageView2/1/w/300/h/300
1941;LACTACYD Sữa Tắm Gội Cho Bé Baby Active Play - 250ml;;LACTACYD;0;0;0;0;5;--;0;0;13/04/2026 21:53;https://res.bigseller.pro/sku/images/merchantsku/944484/341297_1754365904182.jpg?imageView2/1/w/300/h/300
1942;LACTACYD Sữa Tắm Gội Cho Bé Baby Active Play - 500ml;;LACTACYD;0;0;0;0;4;--;0;0;13/04/2026 21:53;https://res.bigseller.pro/sku/images/merchantsku/944484/827916_1755553018452.jpg?imageView2/1/w/300/h/300
1943;LAMEILA Bông tẩy trang 222 miếng - Vàng FM;;Chưa chọn danh mục;4205;7584923.39;0.1382;135.65;3999;29;4080;0;13/04/2026 21:53;https://res.bigseller.pro/sku/images/merchantsku/944484/321755_1754366310173.jpg?imageView2/1/w/300/h/300
1949;LANEIGE Mặt nạ ngủ Laneihe Bouncy & Firm - 10ml;;Chưa chọn danh mục;0;0;0;0;7;--;0;0;13/04/2026 21:53;
1950;LANEIGE Mặt nạ môi Lip Sleeping Mask EX - BERRY 8g;;Chưa chọn danh mục;1;10000;0.0667;0.03;3;100;0;0;13/04/2026 21:53;https://res.bigseller.pro/sku/images/merchantsku/944484/962508_1754364214086.jpg?imageView2/1/w/300/h/300
1951;LET'S SLIM Găng tay chống nắng - TRẮNG [XT];;Chưa chọn danh mục;0;0;0;0;41;--;0;0;13/04/2026 21:53;https://res.bigseller.pro/sku/images/merchantsku/944484/301035_1754365910397.jpg?imageView2/1/w/300/h/300
1952;LET'S SLIM Găng tay chống nắng AQUA X túi zip loại cao cấp - TRẮNG [XT];;Chưa chọn danh mục;0;0;0;0;57;--;0;0;13/04/2026 21:53;https://res.bigseller.pro/sku/images/merchantsku/944484/392205_1754365720571.jpg?imageView2/1/w/300/h/300
1954;LISTERINE Nước súc miệng Cool Mint - 250ml;;LISTERINE;10;152428.5;0.3111;0.32;28;87;0;0;13/04/2026 21:53;https://res.bigseller.pro/sku/images/merchantsku/944484/842475_1754998314212.jpg?imageView2/1/w/300/h/300
1955;LISTERINE Nước súc miệng Cool Mint - 750ml;;LISTERINE;17;564875;0.30670000000000003;0.55;0;0;0;0;13/04/2026 21:53;https://res.bigseller.pro/sku/images/merchantsku/944484/718995_1755015213298.jpg?imageView2/1/w/300/h/300
1956;LISTERINE Nước súc miệng Cool Mint Zero - 750ml;;LISTERINE;0;0;0;0;19;--;0;0;13/04/2026 21:53;https://res.bigseller.pro/sku/images/merchantsku/944484/491732_1754365816950.jpg?imageView2/1/w/300/h/300
1958;LISTERINE Nước súc miệng Green Tea Zero - 750ml;;LISTERINE;2;133784;0.3737;0.06;39;650;0;0;13/04/2026 21:53;https://res.bigseller.pro/sku/images/merchantsku/944484/662149_1754365912313.jpg?imageView2/1/w/300/h/300
1959;LISTERINE Nước súc miệng Kids Mouthwash 250ml;;LISTERINE;13;265061.22;0.3403;0.42;0;0;0;0;13/04/2026 21:53;https://res.bigseller.pro/sku/images/merchantsku/944484/866662_1754998313942.jpg?imageView2/1/w/300/h/300
1960;LISTERINE Nước súc miệng Tartar Protection - 500ml;;LISTERINE;1;111541;0.507;0.03;7;233;0;0;13/04/2026 21:53;https://res.bigseller.pro/sku/images/merchantsku/944484/362501_1754366222203.jpg?imageView2/1/w/300/h/300
1962;LISTERINE Nước Súc Miệng Total Care Mouthwash - 250ML;;LISTERINE;9;352718.4;0.4454;0.29;5;17;0;0;13/04/2026 21:53;https://res.bigseller.pro/sku/images/merchantsku/944484/839712_1754366220064.jpg?imageView2/1/w/300/h/300
1963;LISTERINE Nước Súc Miệng Total Care Mouthwash - 750ML;;LISTERINE;1;144065;0.4985;0.03;0;0;0;0;13/04/2026 21:53;https://res.bigseller.pro/sku/images/merchantsku/944484/534843_1754365723059.jpg?imageView2/1/w/300/h/300
1964;LISTERINE Nước Súc Miệng Total Care Mouthwash ZERO ALCOHOL - 250ML;;LISTERINE;0;0;0;0;0;--;0;0;13/04/2026 21:53;https://res.bigseller.pro/sku/images/merchantsku/944484/124566_1768418181307.jpg?imageView2/1/w/300/h/300
1965;LISTERINE Nước Súc Miệng Total Care Sensitive - 250ML;;LISTERINE;1;25573;0.3201;0.03;50;1666;0;0;13/04/2026 21:53;https://res.bigseller.pro/sku/images/merchantsku/944484/019844_1754366315318.jpg?imageView2/1/w/300/h/300
1967;LISTERINE Xịt Thơm Miệng Cool Mint Pocketmist Hương Bạc Hà Thơm Mát 7.7ml;;LISTERINE;1;69360;0.4475;0.03;0;0;0;0;13/04/2026 21:53;https://res.bigseller.pro/sku/images/merchantsku/944484/504294_1754365620289.jpg?imageView2/1/w/300/h/300
1968;LOREAL Dầu Dưỡng Tóc L'Oreal Tinh Dầu Hoa Tự Nhiên - 100ml VÀNG;;LOREAL;10;88000;0.05;0.32;0;0;0;0;13/04/2026 21:53;https://res.bigseller.pro/sku/images/merchantsku/944484/206797_1782887385165.jpg?imageView2/1/w/300/h/300
1971;LOREAL Dưỡng chất Peel sáng da làm sạch tế bào  PARIS 15% GLYCOLIC-BRIGHT ANTI- 25ML;;LOREAL;0;0;0;0;0;--;0;0;13/04/2026 21:53;https://res.bigseller.pro/sku/images/merchantsku/944484/510003_1756449657797.jpg?imageView2/1/w/300/h/300
1975;LOREAL Kem Ủ Tóc Hair Spa Deep Nourishing Creambath – 500ml;;LOREAL;5;741968.75;0.3712;0.16;0;0;0;0;13/04/2026 21:53;https://res.bigseller.pro/sku/images/merchantsku/944484/597403_1784777676082.jpg?imageView2/1/w/300/h/300
1976;LOREAL Nước tẩy trang 3-in-1 Micellar Water 400ml - Hồng;;LOREAL;23;-91404.74;-0.0273;0.74;32;43;0;0;13/04/2026 21:53;https://res.bigseller.pro/sku/images/merchantsku/944484/482200_1754365623503.jpg?imageView2/1/w/300/h/300
1977;LOREAL Nước tẩy trang 3-in-1 Micellar Water 400ml - Xanh đậm;;LOREAL;24;383969;0.09119999999999999;0.77;5;6;0;0;13/04/2026 21:53;https://res.bigseller.pro/sku/images/merchantsku/944484/758022_1754366215499.jpg?imageView2/1/w/300/h/300
1978;LOREAL Nước tẩy trang 3-in-1 Micellar Water 400ml - Xanh nhạt;;LOREAL;49;1431461.1;0.1681;1.58;27;17;0;0;13/04/2026 21:53;https://res.bigseller.pro/sku/images/merchantsku/944484/526509_1754365716234.jpg?imageView2/1/w/300/h/300
1979;LOREAL Nước Tẩy Trang Revitalift Crystal Purifying Micellar Water [Xám] - 400ml;;LOREAL;2;263104.34;0.4416;0.06;0;0;0;0;13/04/2026 21:53;https://res.bigseller.pro/sku/images/merchantsku/944484/184781_1755687785931.jpg?imageView2/1/w/300/h/300
1980;LOREAL Nước Tẩy Trang Revitalift Crystal Purifying Micellar Water [Xám] - 95ml;;LOREAL;234;2697512.51;0.4105;7.55;46;6;0;0;13/04/2026 21:53;https://res.bigseller.pro/sku/images/merchantsku/944484/702311_1788144582501.jpg?imageView2/1/w/300/h/300
1981;LOREAL Nước Tẩy Trang Revitalift Hyaluronic Acid Hydrating Micellar Water [Tím] - 400ml;;LOREAL;1;63691.12;0.2777;0.03;7;233;0;0;13/04/2026 21:53;https://res.bigseller.pro/sku/images/merchantsku/944484/329036_1754365623460.jpg?imageView2/1/w/300/h/300
1982;LOREAL Nước Tẩy Trang Revitalift Hyaluronic Acid Hydrating Micellar Water [Tím] - 95ml;;LOREAL;295;3591293.05;0.42560000000000003;9.52;254;26;0;0;13/04/2026 21:53;https://res.bigseller.pro/sku/images/merchantsku/944484/482593_1754366213712.jpg?imageView2/1/w/300/h/300
1983;Loreal Serum Glycolic Bright Melasyl 8% [Melasyl+Glycolic+Niacinamide] 30ml;;LOREAL;1;352.04;0.0013;0.03;0;0;0;0;13/04/2026 21:53;https://res.bigseller.pro/sku/images/merchantsku/944484/358879_1757141731069.jpg?imageView2/1/w/300/h/300
1984;Loreal Serum Hyaluronic Acid Cấp Ẩm Sáng Da 30ml;;LOREAL;0;0;0;0;0;--;0;0;13/04/2026 21:53;https://res.bigseller.pro/sku/images/merchantsku/944484/592170_1757141829926.jpg?imageView2/1/w/300/h/300
1986;LOREAL [Travelsize 5.5ml] Sữa Chống Nắng L’Oréal Paris UV Invisible Resist SPF 50+ PA++++ Phổ Rộng Vô Hình Thoáng Da, Kháng Mọi Tác Động 5.5ml;;LOREAL;0;0;0;0;0;--;0;0;13/04/2026 21:53;https://res.bigseller.pro/sku/images/merchantsku/944484/630035_1754998317291.jpg?imageView2/1/w/300/h/300
1989;LOREAL Dầu Xả Elseve Full Resist Anti Hair Fall - 440ml;;LOREAL;1;240474.22;0.5795;0.03;0;0;0;0;13/04/2026 21:53;https://res.bigseller.pro/sku/images/merchantsku/944484/208033_1755687784968.jpg?imageView2/1/w/300/h/300
1990;LRP  Serum Chống Nắng La Roche-Posay Anthelios UVAir SPF50+ PA++++ - 15ML;;Chưa chọn danh mục;40;377809.6;0.1343;1.29;0;0;0;0;13/04/2026 21:53;https://res.bigseller.pro/sku/images/merchantsku/944484/097181_1775182016901.jpg?imageView2/1/w/300/h/300
1991;LRP  Serum Chống Nắng La Roche-Posay Anthelios UVAir SPF50+ PA++++ - Fullsize 50ml;;Chưa chọn danh mục;4;42921.32;0.0301;0.13;13;100;0;0;13/04/2026 21:53;https://res.bigseller.pro/sku/images/merchantsku/944484/717461_1786956431166.jpg?imageView2/1/w/300/h/300
1996;LRP Kem Chống Nắng Anthelios UVMUNE400 FLUIDE OIL CONTROL SPF50+ - 15ml (VẠCH XANH);;Chưa chọn danh mục;36;1705031.96;0.5516;1.16;0;0;0;0;13/04/2026 21:53;https://res.bigseller.pro/sku/images/merchantsku/944484/966797_1754365909702.jpg?imageView2/1/w/300/h/300
1998;LRP Kem Chống Nắng Anthelios UVMUNE400 Invisible Fluid SPF50+ 50ml - VẠCH VÀNG;;Chưa chọn danh mục;1;41270;0.08109999999999999;0.03;0;0;0;0;13/04/2026 21:53;https://res.bigseller.pro/sku/images/merchantsku/944484/684915_1754919949820.jpg?imageView2/1/w/300/h/300
1999;LRP Kem Chống Nắng Anthelios UVMUNE400 Oil Control Gel-Cream SPF50+ PA++++ - 50ml (MẪU MỚI);;Chưa chọn danh mục;1;400000;0.7143;0.03;0;0;0;0;13/04/2026 21:53;https://res.bigseller.pro/sku/images/merchantsku/944484/767755_1754361503267.jpg?imageView2/1/w/300/h/300
2000;LRP Kem Chống Nắng Uvidea Anthelios Tone-Up Rosy SPF50+ PA++++ UVB + UVA 30ml;;Chưa chọn danh mục;4;408400;0.18170000000000003;0.13;6;46;0;0;13/04/2026 21:53;https://res.bigseller.pro/sku/images/merchantsku/944484/123752_1754365625495.jpg?imageView2/1/w/300/h/300
2002;LRP Kem Dưỡng Cicaplast Baume B5+ Soothing Repairing Balm - 100ML;;Chưa chọn danh mục;24;509800.87;0.0414;0.77;33;42;0;30;13/04/2026 21:53;https://res.bigseller.pro/sku/images/merchantsku/944484/122309_1754366217791.jpg?imageView2/1/w/300/h/300
2005;LRP Kem Dưỡng Cicaplast Baume B5+ Soothing Repairing Balm - 40ML;;Chưa chọn danh mục;816;11614173.37;0.057999999999999996;26.32;245;9;0;50;13/04/2026 21:53;https://res.bigseller.pro/sku/images/merchantsku/944484/497540_1754365720522.jpg?imageView2/1/w/300/h/300
2008;LRP Kem Dưỡng Effaclar Duo+ M - 40ml;;Chưa chọn danh mục;12;461607.32;0.11349999999999999;0.39;13;33;0;0;13/04/2026 21:53;https://res.bigseller.pro/sku/images/merchantsku/944484/835072_1754365912390.jpg?imageView2/1/w/300/h/300
2011;LRP Kem Dưỡng Lipikar Baume AP+M - 200ml;;Chưa chọn danh mục;26;6734194.04;0.3576;0.84;2;2;0;30;13/04/2026 21:53;https://res.bigseller.pro/sku/images/merchantsku/944484/543265_1755015056370.jpg?imageView2/1/w/300/h/300
2012;LRP Kem Dưỡng Lipikar Baume AP+M - 75ml;;Chưa chọn danh mục;40;4086400;0.34259999999999996;1.29;22;17;0;30;13/04/2026 21:53;https://res.bigseller.pro/sku/images/merchantsku/944484/699346_1754364220823.jpg?imageView2/1/w/300/h/300
2014;LRP SERUM B5 HYALU CONCENTRE - 10ml;;Chưa chọn danh mục;458;14690311.8;0.3065;14.77;573;38;153;0;13/04/2026 21:53;https://res.bigseller.pro/sku/images/merchantsku/944484/889245_1782466792795.jpg?imageView2/1/w/300/h/300
2015;LRP SERUM B5 HYALU CONCENTRE - 30ml;;Chưa chọn danh mục;0;0;0;0;5;--;0;0;13/04/2026 21:53;https://res.bigseller.pro/sku/images/merchantsku/944484/118402_1754364221141.jpg?imageView2/1/w/300/h/300
2016;LRP Serum EFFACLAR ULTRA CONCENTRATED 30ML;;Chưa chọn danh mục;0;0;0;0;2;--;0;0;13/04/2026 21:53;https://res.bigseller.pro/sku/images/merchantsku/944484/092339_1754365623759.jpg?imageView2/1/w/300/h/300
2017;LRP Serum Mela B3 Giúp Giảm Thâm Nám Và Dưỡng Sáng Da - 10ml;;Chưa chọn danh mục;104;1494560;0.0823;3.35;0;0;0;0;13/04/2026 21:53;https://res.bigseller.pro/sku/images/merchantsku/944484/618245_1754366223461.jpg?imageView2/1/w/300/h/300
2018;LRP Serum Mela B3 Giúp Giảm Thâm Nám Và Dưỡng Sáng Da 30ml;;Chưa chọn danh mục;1;570000;0.4385;0.03;4;133;0;0;13/04/2026 21:53;https://res.bigseller.pro/sku/images/merchantsku/944484/036229_1755552876763.jpg?imageView2/1/w/300/h/300
2022;LRP Sữa Rửa Mặt Effaclar + M Purifying Foaming Gel - 400ml;;Chưa chọn danh mục;36;2142545.62;0.1419;1.16;0;0;0;20;13/04/2026 21:53;https://res.bigseller.pro/sku/images/merchantsku/944484/518799_1754366212624.jpg?imageView2/1/w/300/h/300
2024;LRP Sữa Rửa Mặt Effaclar Purifying Foaming Gel - 15ml;;Chưa chọn danh mục;721;2120194.11;0.2227;23.26;0;0;195;0;13/04/2026 21:53;https://res.bigseller.pro/sku/images/merchantsku/944484/840394_1754365814941.jpg?imageView2/1/w/300/h/300
2025;LRP Sữa Rửa Mặt Effaclar Purifying Foaming Gel - 200ml;;Chưa chọn danh mục;26;248014.44;0.0352;0.84;34;40;0;0;13/04/2026 21:53;https://res.bigseller.pro/sku/images/merchantsku/944484/937850_1754365623454.jpg?imageView2/1/w/300/h/300
2026;LRP Sữa Rửa Mặt Effaclar Purifying Foaming Gel - 50ml;;Chưa chọn danh mục;12734;165391578.92;0.3458;410.77;1811;4;0;0;13/04/2026 21:53;https://res.bigseller.pro/sku/images/merchantsku/944484/579270_1754366214381.jpg?imageView2/1/w/300/h/300
2027;LRP Sữa rửa mặt Mela B3 Clarifying Micro-Peeling Gel 200ml;;Chưa chọn danh mục;33;6016000;0.3393;1.06;21;19;15;0;13/04/2026 21:53;https://res.bigseller.pro/sku/images/merchantsku/944484/167414_1756125787902.jpg?imageView2/1/w/300/h/300
2028;LRP Sữa Rửa Mặt Sữa Tắm Lipikar Syndet AP+ Cream Wash - 200ml;;Chưa chọn danh mục;56;8486195.41;0.3371;1.81;76;41;0;0;13/04/2026 21:53;https://res.bigseller.pro/sku/images/merchantsku/944484/224749_1754365625508.jpg?imageView2/1/w/300/h/300
2030;LRP Tẩy Trang Effaclar Micellar Water For Oily Skin - 400ml (Xanh);;Chưa chọn danh mục;168;8145661.8;0.1419;5.42;25;4;0;0;13/04/2026 21:53;https://res.bigseller.pro/sku/images/merchantsku/944484/477666_1754365625525.jpg?imageView2/1/w/300/h/300
2031;LRP Tẩy trang Micellar Water Ultra Sensitive Skin - 400ml (Trắng);;Chưa chọn danh mục;212;8225189.4;0.1143;6.84;0;0;0;0;13/04/2026 21:53;https://res.bigseller.pro/sku/images/merchantsku/944484/717157_1754365720535.jpg?imageView2/1/w/300/h/300
2033;LRP Xịt Khoáng Thermal Spring Water - 150ml;;Chưa chọn danh mục;30;683790.72;0.10949999999999999;0.97;40;41;0;0;13/04/2026 21:53;https://res.bigseller.pro/sku/images/merchantsku/944484/310156_1754366217782.jpg?imageView2/1/w/300/h/300
2034;LRP Xịt Khoáng Thermal Spring Water - 300ml;;Chưa chọn danh mục;10;1423159.4;0.3369;0.32;29;90;0;0;13/04/2026 21:53;https://res.bigseller.pro/sku/images/merchantsku/944484/992043_1754365720785.jpg?imageView2/1/w/300/h/300
2039;LRP Kem Chống Nắng Nâng Tông Kiềm Dầu Anthelios XL SPF 50+ PA++++ 50ml ( Mẫu mới XL);;Chưa chọn danh mục;237;14515249.32;0.17190000000000003;7.65;64;8;63;0;13/04/2026 21:53;https://res.bigseller.pro/sku/images/merchantsku/944484/417624_1754364213772.jpg?imageView2/1/w/300/h/300
2040;LUVUM Mặt nạ thạch Collagen Phyto Gel Mask 33g - #Phyto Collagen [XT];;Chưa chọn danh mục;0;0;0;0;3;--;0;0;13/04/2026 21:53;https://res.bigseller.pro/sku/images/merchantsku/944484/226842_1754365726696.jpg?imageView2/1/w/300/h/300
2041;LUVUM Mặt nạ thạch Collagen Phyto Gel Mask 33g - #Pore reset[XT];;Chưa chọn danh mục;0;0;0;0;7;--;0;0;13/04/2026 21:53;https://res.bigseller.pro/sku/images/merchantsku/944484/296662_1755553184634.jpg?imageView2/1/w/300/h/300
2043;MAKE P:REM Kem Chống Nắng Defense Me SPF 50+ PA +++ 50ML - Hồng tone up;;Chưa chọn danh mục;0;0;0;0;5;--;0;0;13/04/2026 21:53;https://res.bigseller.pro/sku/images/merchantsku/944484/642227_1754365820470.jpg?imageView2/1/w/300/h/300
2044;MAKE P:REM Kem Chống Nắng Defense Me SPF 50+ PA +++ 50ML - Xanh dương nắp trong;;Chưa chọn danh mục;0;0;0;0;11;--;0;0;13/04/2026 21:53;https://res.bigseller.pro/sku/images/merchantsku/944484/101198_1754365629003.jpg?imageView2/1/w/300/h/300
2045;MAKE P:REM Kem Chống Nắng Defense Me SPF 50+ PA +++ 50ML - Xanh lá kiềm dầu;;Chưa chọn danh mục;0;0;0;0;0;--;0;0;13/04/2026 21:53;https://res.bigseller.pro/sku/images/merchantsku/944484/932028_1754361506378.jpg?imageView2/1/w/300/h/300
2046;MAKE PREM Kem Chống Nắng Dành Cho Da Khô 50ml - Xanh Dương;;Chưa chọn danh mục;0;0;0;0;11;--;0;0;13/04/2026 21:53;https://res.bigseller.pro/sku/images/merchantsku/944484/286576_1754365913565.jpg?imageView2/1/w/300/h/300
2047;MAKE PREM Kem Chống Nắng Make Prem Nâng Tone 50ml - Hồng;;Chưa chọn danh mục;0;0;0;0;5;--;0;0;13/04/2026 21:53;https://res.bigseller.pro/sku/images/merchantsku/944484/305292_1754361508267.jpg?imageView2/1/w/300/h/300
2050;MARTIDERM Kem Chống Nắng The Originals Proteos Screen SPF50+ Fluid Cream 40ml;;Chưa chọn danh mục;87;14475535.97;0.2703;2.81;45;16;0;0;13/04/2026 21:53;https://res.bigseller.pro/sku/images/merchantsku/944484/176800_1754366213629.jpg?imageView2/1/w/300/h/300
2052;MARTIDERM Kem Chống Nắng The Originals Proteos Screen SPF50+ Color Fluid Cream 40ml;;Chưa chọn danh mục;9;2146571.4;0.318;0.29;10;34;0;0;13/04/2026 21:53;https://res.bigseller.pro/sku/images/merchantsku/944484/206879_1749719651554.jpg?imageView2/1/w/300/h/300
2054;MARVIS Kem Đánh Răng Ý 85ml – Amarelli Licorice (Màu đen);;Chưa chọn danh mục;3;94308.82;0.1961;0.1;0;0;0;0;13/04/2026 21:53;https://res.bigseller.pro/sku/images/merchantsku/944484/759865_1754364218518.jpg?imageView2/1/w/300/h/300
2055;MARVIS Kem Đánh Răng Ý 85ml – Aquatic Mint (Màu xanh dương);;Chưa chọn danh mục;4;221333.32;0.2983;0.13;0;0;0;0;13/04/2026 21:53;https://res.bigseller.pro/sku/images/merchantsku/944484/474545_1754365622111.jpg?imageView2/1/w/300/h/300
2057;MARVIS Kem Đánh Răng Ý 85ml – Ginger Mint (Màu cam);;Chưa chọn danh mục;1;19554;0.13390000000000002;0.03;7;233;0;0;13/04/2026 21:53;https://res.bigseller.pro/sku/images/merchantsku/944484/979534_1754365813276.jpg?imageView2/1/w/300/h/300
2058;MARVIS Kem Đánh Răng Ý 85ml – SmokerWhitening (Màu xám);;Chưa chọn danh mục;21;149005.26;0.046799999999999994;0.68;17;25;0;0;13/04/2026 21:53;https://res.bigseller.pro/sku/images/merchantsku/944484/104801_1754366308295.jpg?imageView2/1/w/300/h/300
2059;MARVIS Kem Đánh Răng Ý 85ml – Whitening Mint (Màu bạc);;Chưa chọn danh mục;195;2859887.73;0.09140000000000001;6.29;0;0;0;0;13/04/2026 21:53;https://res.bigseller.pro/sku/images/merchantsku/944484/966197_1754365905990.jpg?imageView2/1/w/300/h/300
2060;MARVIS Nước Súc Miệng Collutorio Hương Bạc Hà Thơm Mát, Hỗ Trợ Làm Sạch Khoang Miệng Jasmin Mint - 400ml;;Chưa chọn danh mục;23;2215434.1;0.3502;0.74;2;2;0;0;13/04/2026 21:53;https://res.bigseller.pro/sku/images/merchantsku/944484/751327_1773386094691.jpg?imageView2/1/w/300/h/300
2061;MAXCLINIC Kem Dưỡng Time Return Melatonin Cream 50g;;Chưa chọn danh mục;4;35091.88;0.025099999999999997;0.13;0;0;0;0;13/04/2026 21:53;https://res.bigseller.pro/sku/images/merchantsku/944484/868235_1755015054483.jpg?imageView2/1/w/300/h/300
2062;MAXCLINIC Tinh Chất Dưỡng Sáng Da Mờ Thâm Maxclinic Vita-10 Vital Ampoule - 100ml;;Chưa chọn danh mục;0;0;0;0;1;--;0;0;13/04/2026 21:53;https://res.bigseller.pro/sku/images/merchantsku/944484/808255_1785748688758.jpg?imageView2/1/w/300/h/300
2065;MAYBELLINE  Nước tẩy trang mắt môi Make Up Remover Eye & Lip -  LẺ 1 CHAI 40ML;;Chưa chọn danh mục;29;201480.83;0.2346;0.94;0;0;0;0;13/04/2026 21:53;https://res.bigseller.pro/sku/images/merchantsku/944484/226981_1755553184628.jpg?imageView2/1/w/300/h/300
2066;MAYBELLINE Kem lót New York Fit Me Matte + Poreless 30ml;;Chưa chọn danh mục;0;0;0;0;0;--;0;0;13/04/2026 21:53;https://res.bigseller.pro/sku/images/merchantsku/944484/257264_1754365906595.jpg?imageView2/1/w/300/h/300
2067;MAYBELLINE Nước Tẩy Trang New York Eye & Lip Makeup Remover - 150ml;;Chưa chọn danh mục;6;120778.58;0.1441;0.19;2;10;0;0;13/04/2026 21:53;https://res.bigseller.pro/sku/images/merchantsku/944484/158315_1786345489615.jpg?imageView2/1/w/300/h/300
2069;MD CARE Serum NMF Prebiotics Serum 30ml - Xanh Mint;;Chưa chọn danh mục;0;0;0;0;2;--;0;0;13/04/2026 21:53;https://res.bigseller.pro/sku/images/merchantsku/944484/041930_1754366320453.jpg?imageView2/1/w/300/h/300
2072;MEDIAN Kem Đánh Răng Dental IQ Tartar Protection Toothpaste 120g - Blue;;MEDIAN;13;76223.64;0.1441;0.42;2;4;0;0;13/04/2026 21:53;https://res.bigseller.pro/sku/images/merchantsku/944484/043783_1787503121709.jpg?imageView2/1/w/300/h/300
2073;MEDIAN Kem Đánh Răng Dental IQ Tartar Protection Toothpaste 120g - Mint;;MEDIAN;0;0;0;0;15;--;0;0;13/04/2026 21:53;https://res.bigseller.pro/sku/images/merchantsku/944484/949264_1787503094474.jpg?imageView2/1/w/300/h/300
2074;MEDIAN Kem Đánh Răng Dental IQ Tartar Protection Toothpaste 120g - Red;;MEDIAN;21;65401.46;0.081;0.68;1;1;0;0;13/04/2026 21:53;https://res.bigseller.pro/sku/images/merchantsku/944484/956908_1787503066742.jpg?imageView2/1/w/300/h/300
2075;MEDIAN Kem Đánh Răng Dental IQ Tartar Protection Toothpaste 120g - White;;MEDIAN;149;477183.88;0.0823;4.81;1;0;0;0;13/04/2026 21:53;https://res.bigseller.pro/sku/images/merchantsku/944484/573438_1787503040046.jpg?imageView2/1/w/300/h/300
2076;MEDIANSWER Mặt nạ thạch tươi cấp ẩm  - CAM Lẻ 1 mask;;Chưa chọn danh mục;0;0;0;0;19;--;0;0;13/04/2026 21:53;https://res.bigseller.pro/sku/images/merchantsku/944484/949516_1754366212615.jpg?imageView2/1/w/300/h/300
2077;MEDIANSWER Mặt nạ thạch tươi cấp ẩm  - Tím Lẻ 1 mask;;Chưa chọn danh mục;27;120118.97;0.0913;0.87;8;9;0;0;13/04/2026 21:53;https://res.bigseller.pro/sku/images/merchantsku/944484/475114_1754365712483.jpg?imageView2/1/w/300/h/300
2078;MEDIANSWER Mặt nạ thạch tươi cấp ẩm - Xanh Lẻ 1 mask;;Chưa chọn danh mục;19;93358.36;0.09759999999999999;0.61;0;0;0;0;13/04/2026 21:53;https://res.bigseller.pro/sku/images/merchantsku/944484/462372_1754366306763.jpg?imageView2/1/w/300/h/300
2079;MEDIANSWER Mặt Nạ Thạch Vita Collagen Trắng da, Cải Thiện Nếp Nhăn - 1 miếng;;Chưa chọn danh mục;120;904673.49;0.1454;3.87;3;0;0;0;13/04/2026 21:53;https://res.bigseller.pro/sku/images/merchantsku/944484/390785_1754365621722.jpg?imageView2/1/w/300/h/300
2080;MEDICUBE kem viên nang Deep Vita C - 55g Nâu;;Chưa chọn danh mục;5;55000;0.029900000000000003;0.16;0;0;0;0;13/04/2026 21:53;https://res.bigseller.pro/sku/images/merchantsku/944484/602287_1777465259233.jpg?imageView2/1/w/300/h/300
2089;MEDIHEAL Son dưỡng Panteno Lips 10ml - Vàng;;Chưa chọn danh mục;1;54114;0.5411;0.03;0;0;0;0;13/04/2026 21:53;https://res.bigseller.pro/sku/images/merchantsku/944484/076016_1754365823355.jpg?imageView2/1/w/300/h/300
2090;MEDIHEAL Toner pad hỗ trợ cải thiện làn da 180ml ( 100 miếng ) - Trắng;;Chưa chọn danh mục;0;0;0;0;0;--;0;0;13/04/2026 21:53;https://res.bigseller.pro/sku/images/merchantsku/944484/610614_1754364217226.jpg?imageView2/1/w/300/h/300
2091;MEDIPEEL NAITE THREAD Neck Cream Medi Peel 100ml Kem dưỡng da vùng cổ;;Chưa chọn danh mục;25;233775.89;0.0435;0.81;76;93;0;0;13/04/2026 21:53;https://res.bigseller.pro/sku/images/merchantsku/944484/474571_1784700595270.jpg?imageView2/1/w/300/h/300
2093;MEGADUO Gel dưỡng 15g - bản plus;;Chưa chọn danh mục;21;487361;0.1686;0.68;29;42;0;0;13/04/2026 21:53;https://res.bigseller.pro/sku/images/merchantsku/944484/094434_1754365715952.jpg?imageView2/1/w/300/h/300
2094;MEGADUO Gel dưỡng 15g - bản thường;;Chưa chọn danh mục;105;1181599.4;0.0933;3.39;28;8;0;0;13/04/2026 21:53;https://res.bigseller.pro/sku/images/merchantsku/944484/708543_1754366311150.jpg?imageView2/1/w/300/h/300
2096;MINCER PHARMA Kem Body Lotion Dưỡng Trắng & Chống Lão Hoá Vita C Infusion - 250ml;;Chưa chọn danh mục;12;128151.04;0.0464;0.39;5;12;0;0;13/04/2026 21:53;https://res.bigseller.pro/sku/images/merchantsku/944484/486844_1760339706523.jpg?imageView2/1/w/300/h/300
2098;MINHO Bông tẩy trang - 150m;;Chưa chọn danh mục;0;0;0;0;9;--;0;0;13/04/2026 21:53;https://res.bigseller.pro/sku/images/merchantsku/944484/060984_1764252051510.jpg?imageView2/1/w/300/h/300
2099;MINISO Bông tẩy trang Miniso Cao Cấp  100% cotton TRÒN 180 miếng;;Chưa chọn danh mục;197;652424.74;0.16699999999999998;6.35;472;74;0;0;13/04/2026 21:53;https://res.bigseller.pro/sku/images/merchantsku/944484/426204_1765421787076.jpg?imageView2/1/w/300/h/300
2100;MINISO Bông tẩy trang Nhật Bản 100% 180 Miếng;;Chưa chọn danh mục;573;1718483.16;0.198;18.48;478;25;0;0;13/04/2026 21:53;https://res.bigseller.pro/sku/images/merchantsku/944484/287075_1754365818087.jpg?imageView2/1/w/300/h/300
2101;MKL  Sữa Tắm Shower Gel1000ml - Jasmine;;Chưa chọn danh mục;1;85060.25;0.3317;0.03;0;0;0;0;13/04/2026 21:53;https://res.bigseller.pro/sku/images/merchantsku/944484/895215_1754365823165.jpg?imageView2/1/w/300/h/300
2103;MKL Kem Dưỡng Tay Organic Hand Cream 50ml - Bơ Hạt Mỡ;;Chưa chọn danh mục;0;0;0;0;3;--;0;0;13/04/2026 21:53;https://res.bigseller.pro/sku/images/merchantsku/944484/779726_1765334519083.jpg?imageView2/1/w/300/h/300
2104;MKL Kem Dưỡng Tay Organic Hand Cream 50ml - Lô Hội;;Chưa chọn danh mục;0;0;0;0;5;--;0;0;13/04/2026 21:53;https://res.bigseller.pro/sku/images/merchantsku/944484/006397_1765334429016.jpg?imageView2/1/w/300/h/300
2105;MKL Kem Dưỡng Tay Organic Hand Cream 50ml - Quả Mơ;;Chưa chọn danh mục;0;0;0;0;2;--;0;0;13/04/2026 21:53;https://res.bigseller.pro/sku/images/merchantsku/944484/177252_1765334477808.jpg?imageView2/1/w/300/h/300
2106;MKL Kem Dưỡng TayOrganic Hand Cream 50ml - Hương Cam;;Chưa chọn danh mục;0;0;0;0;5;--;0;0;13/04/2026 21:53;https://res.bigseller.pro/sku/images/merchantsku/944484/654674_1767705306087.jpg?imageView2/1/w/300/h/300
2107;MLEN DIARY Mi Giả -  Xanh nhạt: bồ công anh;;Chưa chọn danh mục;0;0;0;0;6;--;0;0;13/04/2026 21:53;https://res.bigseller.pro/sku/images/merchantsku/944484/967568_1754365726182.jpg?imageView2/1/w/300/h/300
2108;MLEN DIARY Mi Giả  - Cam: Diên Vĩ;;Chưa chọn danh mục;0;0;0;0;5;--;0;0;13/04/2026 21:53;https://res.bigseller.pro/sku/images/merchantsku/944484/074412_1754366317750.jpg?imageView2/1/w/300/h/300
2109;MLEN DIARY Mi Giả MLEN DIARY - Hồng: Sơn Trà;;Chưa chọn danh mục;0;0;0;0;5;--;0;0;13/04/2026 21:53;https://res.bigseller.pro/sku/images/merchantsku/944484/465210_1754365914909.jpg?imageView2/1/w/300/h/300
2110;MLEN DIARY Mi Giả  - Hướng Dương: Tím;;Chưa chọn danh mục;0;0;0;0;8;--;0;0;13/04/2026 21:53;https://res.bigseller.pro/sku/images/merchantsku/944484/636015_1755552875046.jpg?imageView2/1/w/300/h/300
2111;MLEN DIARY Keo Dán Mi Giả -  Fullsize 4ml;;Chưa chọn danh mục;0;0;0;0;1;--;0;0;13/04/2026 21:53;https://res.bigseller.pro/sku/images/merchantsku/944484/383432_1754365903109.jpg?imageView2/1/w/300/h/300
2112;MLEN DIARY Keo Dán Mi Giả - Travelsize 1.5ml;;Chưa chọn danh mục;7;136150;0.6078;0.23;5;21;0;0;13/04/2026 21:53;https://res.bigseller.pro/sku/images/merchantsku/944484/179188_1754364214691.jpg?imageView2/1/w/300/h/300
2116;MLEN DIARY Mi Giả Cụm Tự Dính - H.Dương Nhỏ+Keo (Bản Trung);;Chưa chọn danh mục;0;0;0;0;0;--;0;0;13/04/2026 21:53;https://res.bigseller.pro/sku/images/merchantsku/944484/093980_1754364214771.jpg?imageView2/1/w/300/h/300
2117;MLEN DIARY Mi Giả Cụm Tự Dính - Hướng Dương Hộp Nhỏ;;Chưa chọn danh mục;0;0;0;0;0;--;0;0;13/04/2026 21:53;https://res.bigseller.pro/sku/images/merchantsku/944484/807557_1754365810905.jpg?imageView2/1/w/300/h/300
2118;MLEN DIARY Mi Giả Cụm Tự Dính - Hướng Dương Hộp To;;Chưa chọn danh mục;0;0;0;0;2;--;0;0;13/04/2026 21:53;https://res.bigseller.pro/sku/images/merchantsku/944484/303068_1754365617489.jpg?imageView2/1/w/300/h/300
2119;MLEN DIARY Mi Giả Cụm Tự Dính - Tai Thỏ Hộp Lớn;;Chưa chọn danh mục;0;0;0;0;2;--;0;0;13/04/2026 21:53;https://res.bigseller.pro/sku/images/merchantsku/944484/697254_1754365710687.jpg?imageView2/1/w/300/h/300
2120;MLEN DIARY Mi Giả Cụm Tự Dính - Tai Thỏ Hộp Nhỏ+Keo;;Chưa chọn danh mục;0;0;0;0;0;--;0;0;13/04/2026 21:53;https://res.bigseller.pro/sku/images/merchantsku/944484/057924_1754366210507.jpg?imageView2/1/w/300/h/300
2121;Mlen Diary Miếng Dán Kích Mí -  #lưỡi liềm L 120m;;Chưa chọn danh mục;6;123526.26;0.4575;0.19;0;0;0;0;13/04/2026 21:53;https://res.bigseller.pro/sku/images/merchantsku/944484/817089_1754365631683.jpg?imageView2/1/w/300/h/300
2122;Mlen Diary Miếng Dán Kích Mí - #L song song 120m;;Chưa chọn danh mục;3;65867.67;0.563;0.1;0;0;0;0;13/04/2026 21:53;https://res.bigseller.pro/sku/images/merchantsku/944484/139121_1754366317729.jpg?imageView2/1/w/300/h/300
2123;Mlen Diary Miếng Dán Kích Mí - #lưỡi liềm M 120m;;Chưa chọn danh mục;4;75501.16;0.484;0.13;0;0;0;0;13/04/2026 21:53;https://res.bigseller.pro/sku/images/merchantsku/944484/138473_1754365823046.jpg?imageView2/1/w/300/h/300
2125;MLEN DIARY Miếng Dán Kích Mí - #Ô liu96 miếng;;Chưa chọn danh mục;1;21378.64;0.5482;0.03;0;0;0;0;13/04/2026 21:53;https://res.bigseller.pro/sku/images/merchantsku/944484/076379_1754365726681.jpg?imageView2/1/w/300/h/300
2126;MLEN DIARY Nhíp Gắn Mi;;Chưa chọn danh mục;0;0;0;0;12;--;0;0;13/04/2026 21:53;https://res.bigseller.pro/sku/images/merchantsku/944484/676130_1755015054468.jpg?imageView2/1/w/300/h/300
2127;MLEN DIARY Kẹp mi gọng silicone;;Chưa chọn danh mục;0;0;0;0;5;--;0;0;13/04/2026 21:53;https://res.bigseller.pro/sku/images/merchantsku/944484/663729_1754365901675.jpg?imageView2/1/w/300/h/300
2133;NARUKO Sữa Rửa Mặt Naruko Dạng Bùn Tràm Trà - 120ml;;Chưa chọn danh mục;0;0;0;0;4;--;0;0;13/04/2026 21:53;
2135;NAZOREL Dầu Gội Shampoo Giúp Giảm Gàu Ngứa, Dịu Da Đầu, Hỗ Trợ Chăm Sóc Da Đầu Nhạy Cảm - 100ml;;NAZOREL;2;96400;0.45049999999999996;0.06;1;16;0;0;13/04/2026 21:53;https://res.bigseller.pro/sku/images/merchantsku/944484/127422_1755492800575.jpg?imageView2/1/w/300/h/300
2136;NAZOREL Dầu Gội Shampoo Giúp Giảm Gàu Ngứa, Dịu Da Đầu, Hỗ Trợ Chăm Sóc Da Đầu Nhạy Cảm - 150ml;;NAZOREL;0;0;0;0;1;--;0;0;13/04/2026 21:53;https://res.bigseller.pro/sku/images/merchantsku/944484/697382_1755492735600.jpg?imageView2/1/w/300/h/300
2137;Neutrogena - MẪU MỚI  Sữa Rửa Mặt Neutrogena Facial Cleanser Deep Clean 150mL;;NEUTROGENA;3;20511;0.08650000000000001;0.1;58;580;0;0;13/04/2026 21:53;https://res.bigseller.pro/sku/images/merchantsku/944484/914403_1755932529524.jpg?imageView2/1/w/300/h/300
2140;NEUTROGENA Kem Dưỡng Ẩm Hydro boost nourishing gel cream 50g;;NEUTROGENA;0;0;0;0;6;--;0;0;13/04/2026 21:53;https://res.bigseller.pro/sku/images/merchantsku/944484/494433_1754366214670.jpg?imageView2/1/w/300/h/300
2141;NEUTROGENA Kem Dưỡng Ẩm Hydro Boost Water Gel - 15g;;NEUTROGENA;16;564683.68;0.3876;0.52;204;392;0;0;13/04/2026 21:53;https://res.bigseller.pro/sku/images/merchantsku/944484/634999_1754365716406.jpg?imageView2/1/w/300/h/300
2142;NEUTROGENA Kem Dưỡng Ẩm Hydro Boost Water Gel - 50g;;NEUTROGENA;113;1722913.86;0.0827;3.65;0;0;0;0;13/04/2026 21:53;https://res.bigseller.pro/sku/images/merchantsku/944484/488152_1754366310891.jpg?imageView2/1/w/300/h/300
2144;NEUTROGENA Mặt Nạ Ngủ Hydro Boost Hyaluronic Acid Night Cream 50g;;NEUTROGENA;1;36280;0.12300000000000001;0.03;12;400;0;0;13/04/2026 21:53;https://res.bigseller.pro/sku/images/merchantsku/944484/810342_1754366213694.jpg?imageView2/1/w/300/h/300
2145;NEUTROGENA Sữa Rửa Mặt Acne Foaming Cleanser - 100g;;NEUTROGENA;0;0;0;0;7;--;0;0;13/04/2026 21:53;https://res.bigseller.pro/sku/images/merchantsku/944484/493534_1773803286113.jpg?imageView2/1/w/300/h/300
2146;NEUTROGENA Sữa Rửa Mặt Blackhead Eliminating Daily Scrub 100g;;NEUTROGENA;8;356410.24;0.4208;0.26;17;65;0;0;13/04/2026 21:53;https://res.bigseller.pro/sku/images/merchantsku/944484/980152_1754365814994.jpg?imageView2/1/w/300/h/300
2147;NEUTROGENA Sữa Rửa Mặt Deep Clean Foaming Cleanser - 100g;;NEUTROGENA;12;968493.92;0.5608;0.39;68;174;0;0;13/04/2026 21:53;https://res.bigseller.pro/sku/images/merchantsku/944484/470362_1754365623501.jpg?imageView2/1/w/300/h/300
2149;NEUTROGENA Sữa Rửa Mặt Facial Cleanser Deep Clean 150ml;;NEUTROGENA;0;0;0;0;0;--;0;0;13/04/2026 21:53;https://res.bigseller.pro/sku/images/merchantsku/944484/492350_1754365716437.jpg?imageView2/1/w/300/h/300
2152;NEUTROGENA Toner Alcohol Free Toner 150ml;;NEUTROGENA;0;0;0;0;0;--;0;0;13/04/2026 21:53;https://res.bigseller.pro/sku/images/merchantsku/944484/273142_1754998314263.jpg?imageView2/1/w/300/h/300
2154;NGỌC CHÂU Kem Đánh Răng Dược liệu Chuyên gia - 170g;;Chưa chọn danh mục;0;0;0;0;0;--;0;0;13/04/2026 21:53;https://res.bigseller.pro/sku/images/merchantsku/944484/656268_1754366221433.jpg?imageView2/1/w/300/h/300
2155;NGỌC CHÂU Kem Đánh Răng Dược Liệu Ngọc Châu Trẻ Em (2 - 6 tuổi) - Hươu cao cổ 70g;;Chưa chọn danh mục;4;53200;0.2742;0.13;0;0;0;0;13/04/2026 21:53;https://res.bigseller.pro/sku/images/merchantsku/944484/250893_1754366315382.jpg?imageView2/1/w/300/h/300
2156;NGỌC CHÂU Kem Đánh Răng Dược liệu Truyền thống 100g;;Chưa chọn danh mục;0;0;0;0;0;--;0;0;13/04/2026 21:53;https://res.bigseller.pro/sku/images/merchantsku/944484/578420_1754365723586.jpg?imageView2/1/w/300/h/300
2158;NGỌC CHÂU Kem Đánh Răng Dược liệu Truyền thống 170g;;Chưa chọn danh mục;0;0;0;0;0;--;0;0;13/04/2026 21:53;https://res.bigseller.pro/sku/images/merchantsku/944484/521697_1754366307090.jpg?imageView2/1/w/300/h/300
2159;NGỌC CHÂU Nước Súc Miệng Dược Liệu Ngăn nhiệt miệng, giữ hơi thở thơm mát - 350ML;;Chưa chọn danh mục;0;0;0;0;0;--;0;0;13/04/2026 21:53;https://res.bigseller.pro/sku/images/merchantsku/944484/891772_1754365819974.jpg?imageView2/1/w/300/h/300
2163;NGUYÊN XUÂN Dầu gội Dược liệu Cổ Truyền Dành cho Tóc Thường - Tím 450ml;;Chưa chọn danh mục;0;0;0;0;0;--;0;0;13/04/2026 21:53;https://res.bigseller.pro/sku/images/merchantsku/944484/178042_1754365619332.jpg?imageView2/1/w/300/h/300
2164;NGUYÊN XUÂN Dầu gội Dược liệu Cổ Truyền Dành cho Tóc Thường - Tím 600ml;;Chưa chọn danh mục;1;1000;0.0074;0.03;0;0;0;0;13/04/2026 21:53;https://res.bigseller.pro/sku/images/merchantsku/944484/844699_1754366212590.jpg?imageView2/1/w/300/h/300
2174;NGUYÊN XUÂN Dầu gội Dược liệu Cổ Truyền Giúp Tóc Sạch Gàu - Xanh dương 250ml;;Chưa chọn danh mục;2;152563;0.45159999999999995;0.06;4;66;0;0;13/04/2026 21:53;https://res.bigseller.pro/sku/images/merchantsku/944484/112574_1756125438679.jpg?imageView2/1/w/300/h/300
2179;NGUYÊN XUÂN Dầu xả Dược Liệu Cổ Truyền Giúp Dưỡng Tóc Bồng Bềnh 180ml - Hương Hoa;;Chưa chọn danh mục;0;0;0;0;2;--;0;0;13/04/2026 21:53;https://res.bigseller.pro/sku/images/merchantsku/944484/320103_1754998487738.jpg?imageView2/1/w/300/h/300
2182;NIVEA Serum Dưỡng Thể Sáng Da Mờ Thâm Nám Extra Bright 10 Super Vitamins  - HỒNG ĐẬM 170ML;;Chưa chọn danh mục;91;726850;0.0863;2.94;0;0;0;0;13/04/2026 21:53;https://res.bigseller.pro/sku/images/merchantsku/944484/075566_1755553018865.jpg?imageView2/1/w/300/h/300
2183;NIVEA Sữa Dưỡng Thể Nivea Extra White Night Nourish Body Lotion - Tím 350ml;;Chưa chọn danh mục;0;0;0;0;0;--;0;0;13/04/2026 21:53;https://res.bigseller.pro/sku/images/merchantsku/944484/699333_1754365901745.jpg?imageView2/1/w/300/h/300
2184;NIVEA Sữa Dưỡng Thể Nivea Extra White Night Nourish Body Lotion - VÀNG 350ml;;Chưa chọn danh mục;0;0;0;0;7;--;0;0;13/04/2026 21:53;https://res.bigseller.pro/sku/images/merchantsku/944484/849240_1756125438433.jpg?imageView2/1/w/300/h/300
2185;NONGCHAT Mascara Browit My Everyday Endless Night 5.5g;;Chưa chọn danh mục;0;0;0;0;8;--;0;0;13/04/2026 21:53;https://res.bigseller.pro/sku/images/merchantsku/944484/232443_1754365627180.jpg?imageView2/1/w/300/h/300
2187;Tampon Ob - Băng vệ sinh từ 100% cotton siêu nhỏ siêu thấm hút - 3G - 64C Original;;Chưa chọn danh mục;0;0;0;0;8;--;0;0;13/04/2026 21:53;https://res.bigseller.pro/sku/images/merchantsku/944484/396995_1754366212104.jpg?imageView2/1/w/300/h/300
2188;Tampon Ob - Băng vệ sinh từ 100% cotton siêu nhỏ siêu thấm hút - 3G - 64C Pro Comfort;;Chưa chọn danh mục;0;0;0;0;2;--;0;0;13/04/2026 21:53;https://res.bigseller.pro/sku/images/merchantsku/944484/662440_1754365714074.jpg?imageView2/1/w/300/h/300
2190;OBAGI Kem Dưỡng Kinetin+ Hydrating - 50ml;;Chưa chọn danh mục;5;528328;0.11349999999999999;0.16;0;0;0;0;13/04/2026 21:53;https://res.bigseller.pro/sku/images/merchantsku/944484/435479_1779501945444.jpg?imageView2/1/w/300/h/300
2191;OBAGI Retinol Cream 0.5% USA 28g;;Chưa chọn danh mục;14;810489.18;0.0536;0.45;10;22;0;0;13/04/2026 21:53;https://res.bigseller.pro/sku/images/merchantsku/944484/242749_1779501893288.jpg?imageView2/1/w/300/h/300
2192;OBAGI Retinol Cream 1.0% USA - 28g;;Chưa chọn danh mục;18;4028600.18;0.17920000000000003;0.58;4;6;0;0;13/04/2026 21:53;https://res.bigseller.pro/sku/images/merchantsku/944484/580450_1779501879252.jpg?imageView2/1/w/300/h/300
2196;OBAGI Sữa Rửa Mặt Clenziderm MD Daily Lightweight Obagi 2% BHA - 118ml;;Chưa chọn danh mục;0;0;0;0;13;--;0;0;13/04/2026 21:53;https://res.bigseller.pro/sku/images/merchantsku/944484/386898_1784944366891.jpg?imageView2/1/w/300/h/300
2197;OBAGI Tẩy Tế Bào Chết BHA 2% Clenziderm MD Pore Therapy USA - 148ml [DKSH];;Chưa chọn danh mục;30;2621000;0.1226;0.97;5;5;0;12;13/04/2026 21:53;https://res.bigseller.pro/sku/images/merchantsku/944484/316693_1754365616403.jpg?imageView2/1/w/300/h/300
2198;OGX Dầu Gội Đầu Thick & Full + Biotin & Collagen Shampoo 385ml;;Chưa chọn danh mục;22;135338;0.0371;0.71;10;14;0;0;13/04/2026 21:53;https://res.bigseller.pro/sku/images/merchantsku/944484/415073_1754366214454.jpg?imageView2/1/w/300/h/300
2199;OGX Dầu Xả Heavenly Hydration + Cherry Blossom Shampoo 385ml;;Chưa chọn danh mục;3;252972;0.3243;0.1;0;0;0;0;13/04/2026 21:53;https://res.bigseller.pro/sku/images/merchantsku/944484/681617_1754365619912.jpg?imageView2/1/w/300/h/300
2200;OGX Dầu Xả tóc Thick & Full + Biotin & Collagen Shampoo 385ml;;Chưa chọn danh mục;11;60669;0.0333;0.35;0;0;0;0;13/04/2026 21:53;https://res.bigseller.pro/sku/images/merchantsku/944484/703202_1754366217760.jpg?imageView2/1/w/300/h/300
2201;OH!OH! Serum Skin Health with 20% Niacinamide & 2% Acetyl Glucosamine - 10ml;;Chưa chọn danh mục;0;0;0;0;1;--;0;0;13/04/2026 21:53;https://res.bigseller.pro/sku/images/merchantsku/944484/580151_1754366213719.jpg?imageView2/1/w/300/h/300
2202;OH!OH! Serum Skin Health with 20% Niacinamide & 2% Acetyl Glucosamine - 30ml;;Chưa chọn danh mục;2;46909.1;0.0451;0.06;0;0;0;0;13/04/2026 21:53;https://res.bigseller.pro/sku/images/merchantsku/944484/330960_1754365621805.jpg?imageView2/1/w/300/h/300
2203;OH!OH! Serum Tế Bào Gốc, Tái Tạo Da oh!oh! Oatmere Serum 25ml;;Chưa chọn danh mục;0;0;0;0;2;--;0;0;13/04/2026 21:53;https://res.bigseller.pro/sku/images/merchantsku/944484/743428_1785415352191.jpg?imageView2/1/w/300/h/300
2205;OKAMURA Bàn chải kẽ răng Asahi dạng L;;Chưa chọn danh mục;1;22100;0.5023;0.03;17;566;0;0;13/04/2026 21:53;https://res.bigseller.pro/sku/images/merchantsku/944484/799326_1754365721145.jpg?imageView2/1/w/300/h/300
2206;OKAMURA Bàn chải kẽ răng dạng I, gói 08 cây;;Chưa chọn danh mục;0;0;0;0;18;--;0;0;13/04/2026 21:53;https://res.bigseller.pro/sku/images/merchantsku/944484/925442_1754366313639.jpg?imageView2/1/w/300/h/300
2207;OKAMURA Chỉ nha khoa Asahi - Hộp 45 mét [XT];;Chưa chọn danh mục;0;0;0;0;0;--;0;0;13/04/2026 21:53;https://res.bigseller.pro/sku/images/merchantsku/944484/246742_1754365821717.jpg?imageView2/1/w/300/h/300
2208;OKAMURA Dụng Cụ Cạo Lưỡi (4198) - Vĩ 2 cây;;Chưa chọn danh mục;0;0;0;0;0;--;0;0;13/04/2026 21:53;https://res.bigseller.pro/sku/images/merchantsku/944484/014457_1754364214690.jpg?imageView2/1/w/300/h/300
2209;OKAMURA Tăm chỉ hộp - 40P;;Chưa chọn danh mục;0;0;0;0;0;--;0;0;13/04/2026 21:53;https://res.bigseller.pro/sku/images/merchantsku/944484/269142_1755015056408.jpg?imageView2/1/w/300/h/300
2210;OKAMURA Tăm chỉ hộp - 70P;;Chưa chọn danh mục;1;19092;0.444;0.03;57;1900;0;0;13/04/2026 21:53;https://res.bigseller.pro/sku/images/merchantsku/944484/147235_1754361503299.jpg?imageView2/1/w/300/h/300
2211;OKAMURA Tăm chỉ nha khoa - Gói 50 Cây;;Chưa chọn danh mục;14;283673.26;0.5489999999999999;0.45;26;57;0;0;13/04/2026 21:53;https://res.bigseller.pro/sku/images/merchantsku/944484/256300_1754365819064.jpg?imageView2/1/w/300/h/300
2212;OKAMURA Tăm chỉ nha khoa - Gói 90 Cây;;Chưa chọn danh mục;5;125391.05;0.475;0.16;0;0;0;0;13/04/2026 21:53;https://res.bigseller.pro/sku/images/merchantsku/944484/885510_1754365625525.jpg?imageView2/1/w/300/h/300
2213;OLAY  Kem Dưỡng Ẩm BAN ĐÊM LUMINOUS Hỗ Trợ Căng Bóng, Sáng Da Rạng Rỡ 50G;;Chưa chọn danh mục;11;117884.24;0.0661;0.35;0;0;0;0;13/04/2026 21:53;https://res.bigseller.pro/sku/images/merchantsku/944484/784299_1754365617429.jpg?imageView2/1/w/300/h/300
2214;OLAY  Kem Dưỡng BAN ĐÊM 7in1 Total Effects Phục Hồi & Làm Chậm Dấu Hiệu Lão Hóa 50g;;Chưa chọn danh mục;6;319609.18;0.20489999999999997;0.19;0;0;0;0;13/04/2026 21:53;https://res.bigseller.pro/sku/images/merchantsku/944484/695174_1754366305505.jpg?imageView2/1/w/300/h/300
2218;OLAY Kem Dưỡng Ẩm BAN ĐÊM REGENERIST Căng Mướt, Sáng Khỏe & Phục Hồi Dấu Hiệu Lão Hóa 50g - ĐÊM;;Chưa chọn danh mục;7;687819.56;0.29059999999999997;0.23;1;4;0;0;13/04/2026 21:53;https://res.bigseller.pro/sku/images/merchantsku/944484/838016_1754366210460.jpg?imageView2/1/w/300/h/300
2219;OLAY Kem Dưỡng Ẩm BAN NGÀY LUMINOUS Hỗ Trợ Căng Bóng, Sáng Da Rạng Rỡ 50G;;Chưa chọn danh mục;9;255961.98;0.1588;0.29;0;0;0;0;13/04/2026 21:53;https://res.bigseller.pro/sku/images/merchantsku/944484/312203_1755015212776.jpg?imageView2/1/w/300/h/300
2220;OLAY Kem Dưỡng Ẩm Ban NGÀY Regenerist Căng Mướt, Sáng Khỏe & Phục Hồi Dấu Hiệu Lão Hóa 50g - NGÀY;;Chưa chọn danh mục;2;329696.76;0.40700000000000003;0.06;0;0;0;0;13/04/2026 21:53;https://res.bigseller.pro/sku/images/merchantsku/944484/675580_1754365712908.jpg?imageView2/1/w/300/h/300
2221;OLAY Kem Dưỡng Ẩm BAN NGÀY TOTAL EFFECTS Phục Hồi & Làm Chậm 7 Dấu Hiệu Lão Hóa SPF15 50g;;Chưa chọn danh mục;4;295648.52;0.2634;0.13;2;15;0;0;13/04/2026 21:53;https://res.bigseller.pro/sku/images/merchantsku/944484/612966_1754365902759.jpg?imageView2/1/w/300/h/300
2222;OLAY Kem Dưỡng Ẩm RETINOL24 Giúp Mờ Nếp Nhăn, Phục Hồi Bề Mặt Da 50g;;Chưa chọn danh mục;1;177019.23;0.3848;0.03;0;0;0;0;13/04/2026 21:53;https://res.bigseller.pro/sku/images/merchantsku/944484/790307_1754365810776.jpg?imageView2/1/w/300/h/300
2223;OLAY Kem Dưỡng Luminous Niacinamide + AHA Moisturizer 50G;;Chưa chọn danh mục;1;186033.63;0.3967;0.03;0;0;0;0;13/04/2026 21:53;https://res.bigseller.pro/sku/images/merchantsku/944484/022757_1755553018481.jpg?imageView2/1/w/300/h/300
2224;OLAY kem dưỡng Olay Luminous Niacinamide & Vitamin C 50g;;Chưa chọn danh mục;2;15189.5;0.026099999999999998;0.06;0;0;0;0;13/04/2026 21:53;https://res.bigseller.pro/sku/images/merchantsku/944484/910717_1754365915020.jpg?imageView2/1/w/300/h/300
2225;OLAY MẪU MỚI B3 - Dưỡng thể Body Cellscience B3+Vitamin C 260g - NẮP VÀNG;;Chưa chọn danh mục;333;4735263.07;0.0724;10.74;125;11;0;0;13/04/2026 21:53;https://res.bigseller.pro/sku/images/merchantsku/944484/382789_1769587675058.jpg?imageView2/1/w/300/h/300
2226;OLAY MẪU MỚI Hương Dạ Lan Hương - Dưỡng thể Body Cellscience B3+Vitamin C 260g - TRẮNG SỮA;;Chưa chọn danh mục;64;-130685.12;-0.014199999999999999;2.06;7;3;0;0;13/04/2026 21:53;https://res.bigseller.pro/sku/images/merchantsku/944484/508507_1769587685375.jpg?imageView2/1/w/300/h/300
2227;OLAY MẪU MỚI Hương Quả Mọng - Dưỡng thể Body Cellscience B3+Vitamin C 260g - HỒNG;;Chưa chọn danh mục;63;31417.91;0.0034000000000000002;2.03;0;0;0;0;13/04/2026 21:53;https://res.bigseller.pro/sku/images/merchantsku/944484/435378_1769587691147.jpg?imageView2/1/w/300/h/300
2229;OLAY Serum Regenerist Micro-Sculpting Serum - 50ml;;Chưa chọn danh mục;0;0;0;0;5;--;0;0;13/04/2026 21:53;https://res.bigseller.pro/sku/images/merchantsku/944484/315620_1754366317835.jpg?imageView2/1/w/300/h/300
2230;OLAY Sữa Dưỡng B3 Cải Tiến Whitening Body Lotion Vitamin C +Niacinamide - 260ml;;Chưa chọn danh mục;0;0;0;0;0;--;0;0;13/04/2026 21:53;https://res.bigseller.pro/sku/images/merchantsku/944484/614299_1754365901977.jpg?imageView2/1/w/300/h/300
2231;OLAY Sữa Tắm Dưỡng Trắng Olay Nội Địa Trung Vitamin C + B3 (Mẫu Mới) - 500g;;Chưa chọn danh mục;46;330740.89;0.043;1.48;4;2;0;0;13/04/2026 21:53;https://res.bigseller.pro/sku/images/merchantsku/944484/407182_1785214648295.jpg?imageView2/1/w/300/h/300
2233;OLAY Super Collagen Peptides Moisturizer For Firm & Lifted Skin 45G;;Chưa chọn danh mục;4;30142.96;0.0215;0.13;1;7;0;0;13/04/2026 21:53;https://res.bigseller.pro/sku/images/merchantsku/944484/388406_1764744010229.jpg?imageView2/1/w/300/h/300
2234;OLAY Tinh Chất Olay Collagen Ultra Firming Serum 30ml;;Chưa chọn danh mục;2;14992;0.021400000000000002;0.06;0;0;0;0;13/04/2026 21:53;https://res.bigseller.pro/sku/images/merchantsku/944484/941456_1764744106766.jpg?imageView2/1/w/300/h/300
2235;OLAY Tinh Chất Olay Luminous Niacinamide & Vitamin C Super Serum 30ML;;Chưa chọn danh mục;2;186497.9;0.248;0.06;2;33;0;0;13/04/2026 21:53;https://res.bigseller.pro/sku/images/merchantsku/944484/521355_1754366317805.jpg?imageView2/1/w/300/h/300
2236;OLAY Tinh Chất Olay Luminous Niacinamide + AHA Super Serum 30ML;;Chưa chọn danh mục;0;0;0;0;3;--;0;0;13/04/2026 21:53;https://res.bigseller.pro/sku/images/merchantsku/944484/517976_1754919951082.jpg?imageView2/1/w/300/h/300
2238;OLD SPICE Sữa tắm Body Wash Mỹ dạng gel 473ml - NightPanther;;Chưa chọn danh mục;0;0;0;0;1;--;0;0;13/04/2026 21:53;https://res.bigseller.pro/sku/images/merchantsku/944484/581023_1789051733048.jpg?imageView2/1/w/300/h/300
2240;OLD SPICE Dầu Gội & Xả 2in1 Hương Nước Hoa Nam Tính 650ml - Pure Sport;;Chưa chọn danh mục;0;0;0;0;0;--;0;0;13/04/2026 21:53;https://res.bigseller.pro/sku/images/merchantsku/944484/862733_1754366308855.jpg?imageView2/1/w/300/h/300
2241;OLD SPICE Lăn Khử Mùi Anti-Perspirant & Deodorant 73g - TIMBER;;Chưa chọn danh mục;6;187974.72;0.2016;0.19;0;0;0;0;13/04/2026 21:53;https://res.bigseller.pro/sku/images/merchantsku/944484/565006_1754365906694.jpg?imageView2/1/w/300/h/300
2242;OLD SPICE Lăn khử mùi Mỹ 85g - CAPTAIN;;Chưa chọn danh mục;3;97982;0.2079;0.1;0;0;0;0;13/04/2026 21:53;https://res.bigseller.pro/sku/images/merchantsku/944484/752146_1754365915078.jpg?imageView2/1/w/300/h/300
2243;OLD SPICE Lăn khử mùi Mỹ 85g - FRESH;;Chưa chọn danh mục;4;232400;0.3785;0.13;0;0;0;0;13/04/2026 21:53;https://res.bigseller.pro/sku/images/merchantsku/944484/489275_1754998489102.jpg?imageView2/1/w/300/h/300
2244;OLD SPICE Lăn khử mùi Mỹ 85g - PURE SPORT;;Chưa chọn danh mục;8;261801.44;0.2554;0.26;0;0;0;0;13/04/2026 21:53;https://res.bigseller.pro/sku/images/merchantsku/944484/480883_1754365623478.jpg?imageView2/1/w/300/h/300
2245;OLD SPICE Sáp Khử Mùi Anti-Perspirant & Deodorant 73g - BEARGLOVE;;Chưa chọn danh mục;7;110724;0.1131;0.23;0;0;0;0;13/04/2026 21:53;https://res.bigseller.pro/sku/images/merchantsku/944484/601711_1754366214286.jpg?imageView2/1/w/300/h/300
2246;OLD SPICE Sáp Khử Mùi Anti-Perspirant & Deodorant 73g - FIJI;;Chưa chọn danh mục;3;210439.3;0.35969999999999996;0.1;3;30;0;0;13/04/2026 21:53;https://res.bigseller.pro/sku/images/merchantsku/944484/005479_1754365716638.jpg?imageView2/1/w/300/h/300
2247;Old Spice Sáp khử mùi và giảm tiết mồ hôi Old Spice PureSport 85g (Sáp trắng) - Mỹ;;Chưa chọn danh mục;0;0;0;0;0;--;0;0;13/04/2026 21:53;https://res.bigseller.pro/sku/images/merchantsku/944484/737222_1760088265649.jpg?imageView2/1/w/300/h/300
2248;OLD SPICE Sữa tắm Body Wash Mỹ 532ml - PURE SPORT;;Chưa chọn danh mục;1;0;0;0.03;1;33;0;0;13/04/2026 21:53;https://res.bigseller.pro/sku/images/merchantsku/944484/435832_1754365907323.jpg?imageView2/1/w/300/h/300
2250;OLEXRS Kem Ủ Tóc Collagen Complex Repair Mask 500ml;;Chưa chọn danh mục;15;75689.71;0.039599999999999996;0.48;1;2;0;0;13/04/2026 21:53;https://res.bigseller.pro/sku/images/merchantsku/944484/937619_1754366310086.jpg?imageView2/1/w/300/h/300
2251;ORAL-B Bàn Chải Đánh Răng Stages Cho Bé - Dưới 2 tuổi;;Chưa chọn danh mục;3;52939.62;0.4525;0.1;0;0;0;0;13/04/2026 21:53;https://res.bigseller.pro/sku/images/merchantsku/944484/405353_1754366315237.jpg?imageView2/1/w/300/h/300
2252;ORAL-B Chỉ nha khoa cao cấp Essential Floss 50m;;Chưa chọn danh mục;2;5852;0.0582;0.06;6;100;0;0;13/04/2026 21:53;https://res.bigseller.pro/sku/images/merchantsku/944484/848570_1754366217671.jpg?imageView2/1/w/300/h/300
2254;OXICLEAN Bột Tẩy Quần Áo - Tẩy Trắng Vết Bẩn Chai 500g;;Chưa chọn danh mục;5;308584.3;0.46020000000000005;0.16;0;0;0;0;13/04/2026 21:53;https://res.bigseller.pro/sku/images/merchantsku/944484/675793_1768691636450.jpg?imageView2/1/w/300/h/300
2255;PAULA'S CHOICE Kem dưỡng Skin Revealing Body Lotion 10% AHA 5900 210ml;;Chưa chọn danh mục;3;655899.99;0.2733;0.1;1;10;0;0;13/04/2026 21:53;https://res.bigseller.pro/sku/images/merchantsku/944484/529524_1754364218879.jpg?imageView2/1/w/300/h/300
2256;PAULA'S CHOICE Kem dưỡng thể Resist Weightless Body Treatment 2% BHA - 5700 210ml;;Chưa chọn danh mục;5;1379616.68;0.3729;0.16;2;12;0;0;13/04/2026 21:53;https://res.bigseller.pro/sku/images/merchantsku/944484/683436_1755015213591.jpg?imageView2/1/w/300/h/300
2257;PAULA'S CHOICE Tẩy tế bào chết Skin Perfecting Liquid Exfoliant 2% BHA - 2016 30ml;;Chưa chọn danh mục;100;1952876.66;0.07629999999999999;3.23;12;3;0;0;13/04/2026 21:53;https://res.bigseller.pro/sku/images/merchantsku/944484/048304_1754366217801.jpg?imageView2/1/w/300/h/300
2259;PERSPIREX Lăn Khử Mùi Orginal Giảm Lượng Mồ Hôi 20ml - Xanh dương;;PERSPIREX;0;0;0;0;3;--;0;0;13/04/2026 21:53;https://res.bigseller.pro/sku/images/merchantsku/944484/605711_1754364215177.jpg?imageView2/1/w/300/h/300
2260;PERSPIREX Lăn Khử Mùi Strong Giảm Lượng Mồ Hôi 20ml - Xanh dương đậm;;PERSPIREX;5;30570.75;0.04;0.16;5;31;0;0;13/04/2026 21:53;https://res.bigseller.pro/sku/images/merchantsku/944484/364961_1754998317208.jpg?imageView2/1/w/300/h/300
2262;TONIC PHARMAACT dầu gội xả trị gàu 550ml;;Chưa chọn danh mục;1;2947.43;0.0421;0.03;9;300;0;0;13/04/2026 21:53;https://res.bigseller.pro/sku/images/merchantsku/944484/852987_1754365714053.jpg?imageView2/1/w/300/h/300
2263;PHARMATECH Khẩu Trang Pharmatech 4 Lớp Kháng Khuẩn, Bảo Vệ Sức Khoẻ - 10 Chiếc;;Chưa chọn danh mục;0;0;0;0;0;--;0;0;13/04/2026 21:53;https://res.bigseller.pro/sku/images/merchantsku/944484/385148_1754366306842.jpg?imageView2/1/w/300/h/300
2264;PHYSIOGEL Sữa Chống Nắng Daily Moisture Therapy Sun Lotion Cấp Ẩm, Bảo Vệ Da 100ml;;Chưa chọn danh mục;0;0;0;0;1;--;0;0;13/04/2026 21:53;https://res.bigseller.pro/sku/images/merchantsku/944484/856568_1754365821385.jpg?imageView2/1/w/300/h/300
2265;PIERROT Kem Đánh Răng Trẻ Em Hương Dâu 75ml;;Chưa chọn danh mục;1;32585;0.4296;0.03;0;0;0;0;13/04/2026 21:53;https://res.bigseller.pro/sku/images/merchantsku/944484/042436_1754365810774.jpg?imageView2/1/w/300/h/300
2266;PIERROT Kem Đánh Răng Trẻ Em Hương Táo 75ml;;Chưa chọn danh mục;1;17760;0.3179;0.03;0;0;0;0;13/04/2026 21:53;https://res.bigseller.pro/sku/images/merchantsku/944484/133100_1754365617393.jpg?imageView2/1/w/300/h/300
2267;PIERROT Xịt Thơm Miệng Kissing Spray Vị Bạc Hà Thơm Mát Giảm Hôi Miệng 10ml;;Chưa chọn danh mục;0;0;0;0;10;--;0;0;13/04/2026 21:53;https://res.bigseller.pro/sku/images/merchantsku/944484/438118_1754366305987.jpg?imageView2/1/w/300/h/300
2268;PORÊVES Gel Rửa Mặt Thảo Mộc Botanical Face Cleanser Dịu Nhẹ Với Mọi Loại Da 50ml;;POREVES;0;0;0;0;3;--;0;0;13/04/2026 21:53;https://res.bigseller.pro/sku/images/merchantsku/944484/150521_1750401606589.jpg?imageView2/1/w/300/h/300
2270;PRESIDENT Kem đánh răng làm trắng loại bỏ vết ố vàng - Black 50ml;;Chưa chọn danh mục;1;10000;0.0909;0.03;1;33;0;0;13/04/2026 21:53;https://res.bigseller.pro/sku/images/merchantsku/944484/283940_1754365629407.jpg?imageView2/1/w/300/h/300
2272;PRETTYSKIN Kem Dưỡng Hydra B5 Derma Repair Cream 52ml;;Chưa chọn danh mục;11;117493.66;0.0424;0.35;0;0;0;0;13/04/2026 21:53;https://res.bigseller.pro/sku/images/merchantsku/944484/680628_1754364220579.jpg?imageView2/1/w/300/h/300
2273;PRETTYSKIN Mặt Nạ Treatment Collection - GLUTATHION;;Chưa chọn danh mục;0;0;0;0;1;--;0;0;13/04/2026 21:53;https://res.bigseller.pro/sku/images/merchantsku/944484/561538_1754998487797.jpg?imageView2/1/w/300/h/300
2274;PRETTYSKIN Mặt Nạ Treatment Collection - HYDRA B5;;Chưa chọn danh mục;0;0;0;0;10;--;0;0;13/04/2026 21:53;https://res.bigseller.pro/sku/images/merchantsku/944484/100439_1754365818058.jpg?imageView2/1/w/300/h/300
2276;PRETTYSKIN Serum B5 PRETTYSKIN Hydra Max 50ml - Xanh nhạt;;Chưa chọn danh mục;11;129765.75;0.046900000000000004;0.35;0;0;0;0;13/04/2026 21:53;https://res.bigseller.pro/sku/images/merchantsku/944484/865070_1754365716690.jpg?imageView2/1/w/300/h/300
2277;PRETTYSKIN Serum B5 PRETTYSKIN Multi Hydra Max 50ml - Xanh đậm;;Chưa chọn danh mục;8;75593.68;0.0373;0.26;12;46;0;0;13/04/2026 21:53;https://res.bigseller.pro/sku/images/merchantsku/944484/594240_1754998487805.jpg?imageView2/1/w/300/h/300
2278;QUICKSTICK Bút thử thai Midstream [XT];;Chưa chọn danh mục;2;79800;0.40299999999999997;0.06;4;66;0;0;13/04/2026 21:53;https://res.bigseller.pro/sku/images/merchantsku/944484/700777_1754366214360.jpg?imageView2/1/w/300/h/300
2279;RAPID Băng vệ sinh chườm ấm Rapid Relief Warm;;Chưa chọn danh mục;1;35000;0.5385;0.03;152;5066;0;0;13/04/2026 21:53;https://res.bigseller.pro/sku/images/merchantsku/944484/767442_1772851194640.jpg?imageView2/1/w/300/h/300
2280;RAPID Băng vệ sinh lạnh giảm đau Relief Cold – 1 Miếng;;Chưa chọn danh mục;169;4617777.1;0.3677;5.45;0;0;0;0;13/04/2026 21:53;https://res.bigseller.pro/sku/images/merchantsku/944484/496872_1754364216686.jpg?imageView2/1/w/300/h/300
2282;RMON Kem Dưỡng Trắng Da Body Tế Bào Gốc White Label Dia Whitening Cream 200ml;;Chưa chọn danh mục;10;119477.86;0.04019999999999999;0.32;8;25;0;0;13/04/2026 21:53;https://res.bigseller.pro/sku/images/merchantsku/944484/156547_1760088266755.jpg?imageView2/1/w/300/h/300
2283;ROGE CAVAILLES Anti-Bacterien Dung Dịch Vệ Sinh Ngăn Mùi Ngừa Khuẩn 12H - Hồng;;Chưa chọn danh mục;0;0;0;0;37;--;0;0;13/04/2026 21:53;https://res.bigseller.pro/sku/images/merchantsku/944484/164989_1762594074652.jpg?imageView2/1/w/300/h/300
2284;ROGE CAVAILLES Anti-Bacterien Dung Dịch Vệ Sinh Ngăn Mùi Ngừa Khuẩn 12H - Xanh Dương;;Chưa chọn danh mục;0;0;0;0;25;--;0;0;13/04/2026 21:53;https://res.bigseller.pro/sku/images/merchantsku/944484/699627_1762594015194.jpg?imageView2/1/w/300/h/300
2285;ROGE CAVAILLES Anti-Bacterien Dung Dịch Vệ Sinh Ngăn Mùi Ngừa Khuẩn 12H - Xanh Lá;;Chưa chọn danh mục;0;0;0;0;32;--;0;0;13/04/2026 21:53;https://res.bigseller.pro/sku/images/merchantsku/944484/531822_1762593930075.jpg?imageView2/1/w/300/h/300
2286;ROGE CAVAILLES Anti-Bacterien Dung Dịch Vệ Sinh Ngăn Mùi Ngừa Khuẩn 12H - Xanh Mint;;Chưa chọn danh mục;0;0;0;0;0;--;0;0;13/04/2026 21:53;https://res.bigseller.pro/sku/images/merchantsku/944484/772430_1762593876609.jpg?imageView2/1/w/300/h/300
2287;ROGE CAVAILLES DDVS 250ml - XANH LÁ;;Chưa chọn danh mục;0;0;0;0;0;--;0;0;13/04/2026 21:53;https://res.bigseller.pro/sku/images/merchantsku/944484/304938_1762349479058.jpg?imageView2/1/w/300/h/300
2288;ROGE CAVAILLES DDVS 250ml - XANH NGỌC FRAICHEUR;;Chưa chọn danh mục;0;0;0;0;19;--;0;0;13/04/2026 21:53;https://res.bigseller.pro/sku/images/merchantsku/944484/395883_1762349478780.jpg?imageView2/1/w/300/h/300
2289;ROSETTE Tẩy Tế Bào Chết Gommage Peeling Gel 120g - Cam;;Chưa chọn danh mục;6;78758.18;0.1445;0.19;5;26;0;0;13/04/2026 21:53;https://res.bigseller.pro/sku/images/merchantsku/944484/200231_1754365914961.jpg?imageView2/1/w/300/h/300
2290;ROSETTE Tẩy Tế Bào Chết Gommage Peeling Gel 120g - Xanh;;Chưa chọn danh mục;19;82089.35;0.0527;0.61;1;1;0;0;13/04/2026 21:53;https://res.bigseller.pro/sku/images/merchantsku/944484/182096_1754365721301.jpg?imageView2/1/w/300/h/300
2291;SACHI  Kem Đánh Răng Làm SạchCho Trẻ Từ 12 Tháng Tuổi Tuýp 60ml - Cam;;SACHI;0;0;0;0;4;--;0;0;13/04/2026 21:53;https://res.bigseller.pro/sku/images/merchantsku/944484/602652_1754365914979.jpg?imageView2/1/w/300/h/300
2293;SACHI Gạc Rơ Lưỡi Vệ Sinh Răng Miệng An Toàn Cho Bé Từ 0 Tháng Tuổi - Lẻ 10 gói;;SACHI;90;-141000;-0.058600000000000006;2.9;0;0;0;0;13/04/2026 21:53;https://res.bigseller.pro/sku/images/merchantsku/944484/666878_1754365722771.jpg?imageView2/1/w/300/h/300
2294;SACHI Kem Đa Năng Hỗ Trợ Giảm Hăm Da, Khô Da, Làm Dịu Da 20g;;SACHI;1;34600;0.3604;0.03;0;0;0;0;13/04/2026 21:53;https://res.bigseller.pro/sku/images/merchantsku/944484/079440_1754366219747.jpg?imageView2/1/w/300/h/300
2295;SACHI Kem Đánh Răng Làm SạchCho Trẻ Từ 12 Tháng Tuổi Chai 80ml - Cam;;SACHI;1;50556;0.34869999999999995;0.03;0;0;0;0;13/04/2026 21:53;https://res.bigseller.pro/sku/images/merchantsku/944484/432280_1755553184704.jpg?imageView2/1/w/300/h/300
2296;SACHI Kem Đánh Răng Làm SạchCho Trẻ Từ 12 Tháng Tuổi Tuýp 60ml - Đào;;SACHI;0;0;0;0;0;--;0;0;13/04/2026 21:53;https://res.bigseller.pro/sku/images/merchantsku/944484/905247_1755553510927.jpg?imageView2/1/w/300/h/300
2297;SACHI Khăn Lau Hạ Sốt Giúp Hạ Nhiệt, Giảm Sốt ( Hộp 25 cái ) - Trẻ sơ sinh;;SACHI;1;60000;0.3429;0.03;5;166;0;0;13/04/2026 21:53;https://res.bigseller.pro/sku/images/merchantsku/944484/820627_1754365819961.jpg?imageView2/1/w/300/h/300
2298;SACHI Khăn Lau Hạ Sốt Giúp Hạ Nhiệt, Giảm Sốt ( Hộp 25 cái ) - Trẻ trên 3 tuổi;;SACHI;0;0;0;0;3;--;0;0;13/04/2026 21:53;https://res.bigseller.pro/sku/images/merchantsku/944484/445800_1754365629372.jpg?imageView2/1/w/300/h/300
2301;SACHI Nước Tắm Thảo Dược Ngừa Rôm Sảy, Làm Ấm Hỗ Trợ Ngăn Cảm Cúm, Cảm Lạnh Cho Bé Lọ 250ml;;SACHI;4;-9784;-0.025;0.13;0;0;0;0;13/04/2026 21:53;https://res.bigseller.pro/sku/images/merchantsku/944484/160560_1754365629928.jpg?imageView2/1/w/300/h/300
2303;SACHI Tinh Dầu Tràm Giúp Làm Ấm Cơ Thể 30ml - 100% Tràm nguyên chất;;SACHI;1;-6250;-0.0625;0.03;1;33;0;0;13/04/2026 21:53;https://res.bigseller.pro/sku/images/merchantsku/944484/522125_1755553510629.jpg?imageView2/1/w/300/h/300
2304;SAFEGUARD Bánh Xà Phòng Dịu nhẹ 125g - Tím;;SAFEGUARD;15;180755;0.48719999999999997;0.48;8;16;0;0;13/04/2026 21:53;https://res.bigseller.pro/sku/images/merchantsku/944484/560401_1755015057069.jpg?imageView2/1/w/300/h/300
2305;SAFEGUARD Bánh Xà Phòng Nha đam 125g - Hồng;;SAFEGUARD;6;66872;0.46759999999999996;0.19;2;10;0;0;13/04/2026 21:53;https://res.bigseller.pro/sku/images/merchantsku/944484/628421_1754365911739.jpg?imageView2/1/w/300/h/300
2306;SAFEGUARD Bánh Xà Phòng Thảo mộc 125g - Xanh lá;;SAFEGUARD;2;38646;0.6038;0.06;0;0;0;0;13/04/2026 21:53;https://res.bigseller.pro/sku/images/merchantsku/944484/654434_1754366315676.jpg?imageView2/1/w/300/h/300
2308;SAFEGUARD Nước Rửa Tay Sạch Dịu Nhẹ Cho Da 420ml - Chanh Tươi Mát [TÚI REFILL];;SAFEGUARD;0;0;0;0;4;--;0;0;13/04/2026 21:53;https://res.bigseller.pro/sku/images/merchantsku/944484/137136_1754364214766.jpg?imageView2/1/w/300/h/300
2309;SAFEGUARD Nước Rửa Tay Sạch Dịu Nhẹ Cho Da 420ml - Trắng Tinh Khiết [TÚI REFILL];;SAFEGUARD;1;40430;0.4395;0.03;2;66;0;0;13/04/2026 21:53;https://res.bigseller.pro/sku/images/merchantsku/944484/193232_1754365914188.jpg?imageView2/1/w/300/h/300
2310;SAFEGUARD Nước Rửa Tay Sạch Dịu Nhẹ Cho Da 420ml -Hoa Hồng Lô Hộ [TÚI REFILL];;SAFEGUARD;0;0;0;0;1;--;0;0;13/04/2026 21:53;https://res.bigseller.pro/sku/images/merchantsku/944484/526848_1755553284937.jpg?imageView2/1/w/300/h/300
2311;SAFEGUARD Nước Rửa Tay Sạch Dịu Nhẹ Cho Da 450ml - Chanh Tươi Mát;;SAFEGUARD;0;0;0;0;16;--;0;0;13/04/2026 21:53;https://res.bigseller.pro/sku/images/merchantsku/944484/132361_1754366317831.jpg?imageView2/1/w/300/h/300
2312;SAFEGUARD Nước Rửa Tay Sạch Dịu Nhẹ Cho Da 450ml - Hoa Hồng Lô Hộ;;SAFEGUARD;6;32718;0.0866;0.19;0;0;0;0;13/04/2026 21:53;https://res.bigseller.pro/sku/images/merchantsku/944484/711204_1754365725192.jpg?imageView2/1/w/300/h/300
2313;SAFEGUARD Nước Rửa Tay Sạch Dịu Nhẹ Cho Da 450ml - Trắng Tinh Khiết;;SAFEGUARD;1;39427.11;0.4065;0.03;10;333;0;0;13/04/2026 21:53;https://res.bigseller.pro/sku/images/merchantsku/944484/005917_1754366222707.jpg?imageView2/1/w/300/h/300
2314;SAFEGUARD Sữa Tắm Sạch Khuẩn & Dịu Nhẹ Cho Da Chai 650ml - ARCTIC FRESH;;SAFEGUARD;2;160281;0.41100000000000003;0.06;0;0;0;0;13/04/2026 21:53;https://res.bigseller.pro/sku/images/merchantsku/944484/664224_1754365902852.jpg?imageView2/1/w/300/h/300
2315;SAFEGUARD Sữa Tắm Sạch Khuẩn & Dịu Nhẹ Cho Da Chai 720ml - Hoa Hồng Lô Hộ;;SAFEGUARD;1;80045.36;0.4105;0.03;0;0;0;0;13/04/2026 21:53;https://res.bigseller.pro/sku/images/merchantsku/944484/663430_1754365811863.jpg?imageView2/1/w/300/h/300
2316;SAFEGUARD Sữa Tắm Sạch Khuẩn & Dịu Nhẹ Cho Da Chai 720ml - Trắng Tinh Khiết;;SAFEGUARD;6;476440;0.4086;0.19;0;0;0;0;13/04/2026 21:53;https://res.bigseller.pro/sku/images/merchantsku/944484/612880_1755687689252.jpg?imageView2/1/w/300/h/300
2317;SEBAMED  Kem Dưỡng Anti-Redness Regenerating Intensive Care Cấp Ẩm Cho Da Nhạy Cảm 50ml;;Chưa chọn danh mục;2;440900;0.3318;0.06;0;0;0;0;13/04/2026 21:53;https://res.bigseller.pro/sku/images/merchantsku/944484/756497_1754366317711.jpg?imageView2/1/w/300/h/300
2318;SEBAMED  Sữa Dưỡng Thể Extreme Dry Skin Repair Lotion 10% Urea Cấp Ẩm Chuyên Sâu 200ml;;Chưa chọn danh mục;1;275370;0.6907;0.03;0;0;0;0;13/04/2026 21:53;https://res.bigseller.pro/sku/images/merchantsku/944484/979328_1754919950917.jpg?imageView2/1/w/300/h/300
2320;SEBAMED Serum Postbiotics Pro! Vital Serum - 30ml;;Chưa chọn danh mục;3;1065600;0.48979999999999996;0.1;0;0;0;0;13/04/2026 21:53;https://res.bigseller.pro/sku/images/merchantsku/944484/847677_1754365823511.jpg?imageView2/1/w/300/h/300
2321;SECRET KEY Kem Ủ Trắng SNOW WHITE Milky Pack 200g;;Chưa chọn danh mục;14;125166.64;0.033;0.45;3;6;0;0;13/04/2026 21:53;https://res.bigseller.pro/sku/images/merchantsku/944484/913496_1754365818812.jpg?imageView2/1/w/300/h/300
2324;SECRET MỸ Gel khử mùi 73g - PHẤN THƠM;;Chưa chọn danh mục;0;0;0;0;0;--;0;0;13/04/2026 21:53;https://res.bigseller.pro/sku/images/merchantsku/944484/182472_1754998314221.jpg?imageView2/1/w/300/h/300
2326;SECRET MỸ Gel khử mùi 73g - Waterlily;;Chưa chọn danh mục;0;0;0;0;0;--;0;0;13/04/2026 21:53;https://res.bigseller.pro/sku/images/merchantsku/944484/795443_1754998313803.jpg?imageView2/1/w/300/h/300
2327;SEIWA Găng tay rửa bát - Size L (Xanh);;Chưa chọn danh mục;0;0;0;0;7;--;0;0;13/04/2026 21:53;https://res.bigseller.pro/sku/images/merchantsku/944484/643007_1754366212591.jpg?imageView2/1/w/300/h/300
2329;SELSUN Dầu Gội Anti-Dandruff Shampoo Làm Sạch Gàu - 50ml;;Chưa chọn danh mục;3;67300;0.3542;0.1;3;30;0;0;13/04/2026 21:53;https://res.bigseller.pro/sku/images/merchantsku/944484/992017_1754366210520.jpg?imageView2/1/w/300/h/300
2332;SENA DERMA Mặt Nạ Sodium DNA B5 25ml - 1 Miếng;;Chưa chọn danh mục;50;16264;0.0319;1.61;6;3;0;0;13/04/2026 21:53;https://res.bigseller.pro/sku/images/merchantsku/944484/048690_1789051788250.jpg?imageView2/1/w/300/h/300
2333;SENSILIS Gel Rửa Mặt Purify Essential Cleanser  - 200ml;;Chưa chọn danh mục;1;182627;0.473;0.03;11;366;0;0;13/04/2026 21:53;https://res.bigseller.pro/sku/images/merchantsku/944484/000193_1763694302298.jpg?imageView2/1/w/300/h/300
2334;SENSILIS Gel Rửa Mặt Purify Essential Cleanser  - 400ml;;Chưa chọn danh mục;4;487220.16;0.29350000000000004;0.13;0;0;0;0;13/04/2026 21:53;https://res.bigseller.pro/sku/images/merchantsku/944484/204234_1763694430846.jpg?imageView2/1/w/300/h/300
2335;SENSILIS Micellar Water [AR] Nước Tẩy Trang Dành Cho Da Nhạy Cảm 400ml;;Chưa chọn danh mục;0;0;0;0;3;--;0;0;13/04/2026 21:53;https://res.bigseller.pro/sku/images/merchantsku/944484/257155_1763694106469.jpg?imageView2/1/w/300/h/300
2336;SENSODYNE Bàn chải đánh răng Deep Clean Soft - Vỉ 1 cây;;Chưa chọn danh mục;0;0;0;0;4;--;0;0;13/04/2026 21:53;https://res.bigseller.pro/sku/images/merchantsku/944484/278615_1754366309159.jpg?imageView2/1/w/300/h/300
2337;SENSODYNE Bàn chải đánh răng Deep Clean Soft - Vỉ 3 cây;;Chưa chọn danh mục;3;133599.99;0.3872;0.1;0;0;0;0;13/04/2026 21:53;https://res.bigseller.pro/sku/images/merchantsku/944484/304519_1754365904349.jpg?imageView2/1/w/300/h/300
2338;SENSODYNE Bàn chải đánh răng Multicare Soft bảo vệ nướu - 1 cây;;Chưa chọn danh mục;0;0;0;0;0;--;0;0;13/04/2026 21:53;https://res.bigseller.pro/sku/images/merchantsku/944484/816113_1754366219976.jpg?imageView2/1/w/300/h/300
2339;SENSODYNE Bàn chải đánh răng Repair & Protect Extra Soft - Vỉ 1 cây;;Chưa chọn danh mục;0;0;0;0;7;--;0;0;13/04/2026 21:53;https://res.bigseller.pro/sku/images/merchantsku/944484/427721_1754364217000.jpg?imageView2/1/w/300/h/300
2340;SENSODYNE Bàn chải đánh răng Repair & Protect Extra Soft - Vỉ 3 cây;;Chưa chọn danh mục;5;287000;0.42710000000000004;0.16;0;0;0;0;13/04/2026 21:53;https://res.bigseller.pro/sku/images/merchantsku/944484/746522_1755015056335.jpg?imageView2/1/w/300/h/300
2341;SENSODYNE Bàn Chải Đánh Răng Sensitive & Gum Làm Sạch Răng Nhẹ Nhàng - Lẻ 1 cây;;Chưa chọn danh mục;0;0;0;0;8;--;0;0;13/04/2026 21:53;https://res.bigseller.pro/sku/images/merchantsku/944484/948623_1754361508008.jpg?imageView2/1/w/300/h/300
2342;SENSODYNE Bàn chải đánh răng Sensitive Extra Soft - Vỉ 1 cây;;Chưa chọn danh mục;0;0;0;0;54;--;0;0;13/04/2026 21:53;https://res.bigseller.pro/sku/images/merchantsku/944484/197155_1754365629899.jpg?imageView2/1/w/300/h/300
2343;SENSODYNE Bàn chải đánh răng Sensitive Extra Soft - Vỉ 2 cây;;Chưa chọn danh mục;2;-8600;-0.1387;0.06;0;0;0;0;13/04/2026 21:53;https://res.bigseller.pro/sku/images/merchantsku/944484/769612_1754365722972.jpg?imageView2/1/w/300/h/300
2345;SENSODYNE Kem đánh răng 100g - Cool Gel;;Chưa chọn danh mục;0;0;0;0;14;--;0;0;13/04/2026 21:53;https://res.bigseller.pro/sku/images/merchantsku/944484/275435_1755553018434.jpg?imageView2/1/w/300/h/300
2346;SENSODYNE Kem đánh răng 100g - Fresh Mint;;Chưa chọn danh mục;0;0;0;0;3;--;0;0;13/04/2026 21:53;https://res.bigseller.pro/sku/images/merchantsku/944484/047417_1754365627269.jpg?imageView2/1/w/300/h/300
2347;SENSODYNE Kem đánh răng 100g - Gentle Whitening;;Chưa chọn danh mục;62;1621087.49;0.3065;2;9;4;0;0;13/04/2026 21:53;https://res.bigseller.pro/sku/images/merchantsku/944484/873180_1754365818068.jpg?imageView2/1/w/300/h/300
2348;SENSODYNE Kem đánh răng 100g - Multe Care;;Chưa chọn danh mục;2;70000;0.3608;0.06;0;0;0;0;13/04/2026 21:53;https://res.bigseller.pro/sku/images/merchantsku/944484/218000_1754919948895.jpg?imageView2/1/w/300/h/300
2349;SENSODYNE Kem đánh răng 160g - Cool Gel;;Chưa chọn danh mục;1;28760;0.2688;0.03;4;133;0;0;13/04/2026 21:53;https://res.bigseller.pro/sku/images/merchantsku/944484/035527_1754366219613.jpg?imageView2/1/w/300/h/300
2350;SENSODYNE Kem đánh răng 160g - Fresh Mint;;Chưa chọn danh mục;0;0;0;0;8;--;0;0;13/04/2026 21:53;https://res.bigseller.pro/sku/images/merchantsku/944484/461381_1754366308346.jpg?imageView2/1/w/300/h/300
2351;SENSODYNE Kem đánh răng 160g - Gentle Whitening;;Chưa chọn danh mục;37;1905025.5;0.3722;1.19;0;0;0;0;13/04/2026 21:53;https://res.bigseller.pro/sku/images/merchantsku/944484/370668_1754365715935.jpg?imageView2/1/w/300/h/300
2352;SENSODYNE Kem đánh răng 160g - Multe Care;;Chưa chọn danh mục;0;0;0;0;7;--;0;0;13/04/2026 21:53;https://res.bigseller.pro/sku/images/merchantsku/944484/533189_1754365720866.jpg?imageView2/1/w/300/h/300
2353;SENSODYNE Kem đánh răng Deep Clean - 100g;;Chưa chọn danh mục;2;180;0.0015;0.06;20;333;0;0;13/04/2026 21:53;https://res.bigseller.pro/sku/images/merchantsku/944484/934549_1754365906031.jpg?imageView2/1/w/300/h/300
2354;SENSODYNE Kem đánh răng Deep Clean - 160g;;Chưa chọn danh mục;0;0;0;0;27;--;0;0;13/04/2026 21:53;https://res.bigseller.pro/sku/images/merchantsku/944484/846968_1754364218476.jpg?imageView2/1/w/300/h/300
2355;SENSODYNE Kem đánh răng Rapid Action 100g - Thường;;Chưa chọn danh mục;0;0;0;0;9;--;0;0;13/04/2026 21:53;https://res.bigseller.pro/sku/images/merchantsku/944484/609956_1754366313653.jpg?imageView2/1/w/300/h/300
2356;SENSODYNE Kem đánh răng Rapid Action 100g - Whitening;;Chưa chọn danh mục;1;757.2;0.0095;0.03;10;333;0;0;13/04/2026 21:53;https://res.bigseller.pro/sku/images/merchantsku/944484/844777_1754365911791.jpg?imageView2/1/w/300/h/300
2357;SENSODYNE Kem đánh răng Repair & Protect 100g - Deep Repair;;Chưa chọn danh mục;3;172656.25;0.4191;0.1;3;30;0;0;13/04/2026 21:53;https://res.bigseller.pro/sku/images/merchantsku/944484/288842_1754366219574.jpg?imageView2/1/w/300/h/300
2358;SENSODYNE Kem đánh răng Repair & Protect 100g - Deep Repair Whitening;;Chưa chọn danh mục;9;350066.8;0.3084;0.29;0;0;0;0;13/04/2026 21:53;https://res.bigseller.pro/sku/images/merchantsku/944484/870561_1754365720778.jpg?imageView2/1/w/300/h/300
2359;SENSODYNE Kem Đánh Răng Sensodyne Bảo Vệ Nướu - 100g;;Chưa chọn danh mục;0;0;0;0;11;--;0;0;13/04/2026 21:53;https://res.bigseller.pro/sku/images/merchantsku/944484/358631_1766387825258.jpg?imageView2/1/w/300/h/300
2360;SILCOT Bông tẩy trang Unicharm - 66 miếng Xanh lá;;Chưa chọn danh mục;213;1003375.57;0.15810000000000002;6.87;59;8;0;0;13/04/2026 21:53;https://res.bigseller.pro/sku/images/merchantsku/944484/780386_1754365910094.jpg?imageView2/1/w/300/h/300
2361;SILCOT Bông tẩy trang Unicharm - 82 miếng Xanh dương;;Chưa chọn danh mục;553;5212079.73;0.32530000000000003;17.84;944;52;0;0;13/04/2026 21:53;https://res.bigseller.pro/sku/images/merchantsku/944484/941114_1755015056285.jpg?imageView2/1/w/300/h/300
2363;SILCOT Khăn Khô Lau Mặt Silcot Cotton, Thấm Khô Nhẹ Nhàng Cho Da - Gói 40 Miếng;;Chưa chọn danh mục;3;84000;0.37329999999999997;0.1;0;0;0;0;13/04/2026 21:53;https://res.bigseller.pro/sku/images/merchantsku/944484/721868_1754365712277.jpg?imageView2/1/w/300/h/300
2365;SILKY hands Kem dưỡng da tay Silky  Nga - Xanh dưỡng ban đêm;;Chưa chọn danh mục;0;0;0;0;3;--;0;0;13/04/2026 21:53;https://res.bigseller.pro/sku/images/merchantsku/944484/685500_1754366221823.jpg?imageView2/1/w/300/h/300
2366;SIMPLE Nước hoa hồng Toner Kind to Skin Soothing Facial 200ml;;Chưa chọn danh mục;0;0;0;0;0;--;0;20;13/04/2026 21:53;https://res.bigseller.pro/sku/images/merchantsku/944484/627992_1754361504862.jpg?imageView2/1/w/300/h/300
2367;SIMPLE Nước Tẩy Trang Micellar Cleansing Water - 200ml;;Chưa chọn danh mục;417;3940906;0.18469999999999998;13.45;206;15;0;0;13/04/2026 21:53;https://res.bigseller.pro/sku/images/merchantsku/944484/160848_1754365818073.jpg?imageView2/1/w/300/h/300
2369;SIMPLE Sữa rửa mặt Micellar Gel Wash Water boost 150ml [ Xanh dương nhạt];;Chưa chọn danh mục;6;87847.42;0.1689;0.19;0;0;0;20;13/04/2026 21:53;https://res.bigseller.pro/sku/images/merchantsku/944484/816039_1754365724504.jpg?imageView2/1/w/300/h/300
2370;SIMPLE Sữa rửa mặt Moisturising Facial Wash 150ml [Xanh lá trắng];;Chưa chọn danh mục;16;311217.76;0.2075;0.52;7;13;0;0;13/04/2026 21:53;https://res.bigseller.pro/sku/images/merchantsku/944484/909267_1785901378995.jpg?imageView2/1/w/300/h/300
2371;SIMPLE Sữa rửa mặt Purifying Gel Wash 150ml [Xanh dương];;Chưa chọn danh mục;155;1058504.73;0.08410000000000001;5;3;0;0;0;13/04/2026 21:53;https://res.bigseller.pro/sku/images/merchantsku/944484/360736_1754365721435.jpg?imageView2/1/w/300/h/300
2372;SIMPLE Sữa Rửa Mặt Refreshing Facial Wash - 150ml [Xanh lá];;Chưa chọn danh mục;66;195200.81;0.0373;2.13;142;66;0;0;13/04/2026 21:53;https://res.bigseller.pro/sku/images/merchantsku/944484/106789_1787289379447.jpg?imageView2/1/w/300/h/300
2373;SIMPLE Sữa Rửa Mặt Refreshing Facial Wash - 50ml [Xanh lá];;Chưa chọn danh mục;0;0;0;0;0;--;0;0;13/04/2026 21:53;https://res.bigseller.pro/sku/images/merchantsku/944484/919146_1754364216583.jpg?imageView2/1/w/300/h/300
2377;SKIN1004 Kem chống nắng Madagascar Centella Air-Fit SunCream Plus - 20ml (IP04);;Chưa chọn danh mục;20;71720.8;0.064;0.65;0;0;0;0;13/04/2026 21:53;https://res.bigseller.pro/sku/images/merchantsku/944484/576560_1755553282917.jpg?imageView2/1/w/300/h/300
2378;SKIN1004 Kem chống nắng Madagascar Centella Air-Fit SunCream Plus 50ml (IP04);;Chưa chọn danh mục;29;415357.45;0.07200000000000001;0.94;193;205;0;0;13/04/2026 21:53;https://res.bigseller.pro/sku/images/merchantsku/944484/448697_1754998314175.jpg?imageView2/1/w/300/h/300
2379;SKIN1004 Kem dưỡng Madagascar Centella - Cream 75ml;;Chưa chọn danh mục;0;0;0;0;2;--;0;0;13/04/2026 21:53;https://res.bigseller.pro/sku/images/merchantsku/944484/136965_1787500842045.jpg?imageView2/1/w/300/h/300
2381;SKIN1004 Mặt nạ giấy Madagascar Centella Watergel Sheet Ampoule Mask 25ml;;Chưa chọn danh mục;0;0;0;0;2;--;0;0;13/04/2026 21:53;https://res.bigseller.pro/sku/images/merchantsku/944484/312794_1754365625473.jpg?imageView2/1/w/300/h/300
2384;SKIN1004 Sữa rửa mặt Madagascar Centella 125ML - Tone Brightening Cleansing Gel Foam;;Chưa chọn danh mục;0;0;0;0;1;--;0;0;13/04/2026 21:53;https://res.bigseller.pro/sku/images/merchantsku/944484/590238_1754364218702.jpg?imageView2/1/w/300/h/300
2386;SKIN1004 Tinh chất Madagascar Centella Ampoule - 55ml;;Chưa chọn danh mục;0;0;0;0;4;--;0;0;13/04/2026 21:53;https://res.bigseller.pro/sku/images/merchantsku/944484/853746_1754365621707.jpg?imageView2/1/w/300/h/300
2387;SKIN1004 Tinh chất Madagascar Centella Hyalu-cica Blue Serum 50ml;;Chưa chọn danh mục;0;0;0;0;0;--;0;0;13/04/2026 21:53;https://res.bigseller.pro/sku/images/merchantsku/944484/995859_1754366214248.jpg?imageView2/1/w/300/h/300
2388;SMAS Mặt nạ Peptide Silk Mask 25gr;;Chưa chọn danh mục;151;417037.98;0.0438;4.87;41;8;0;0;13/04/2026 21:53;https://res.bigseller.pro/sku/images/merchantsku/944484/640185_1754366310170.jpg?imageView2/1/w/300/h/300
2389;SMAS Tinh Chất B5 Phục Hồi Da SMAS Pro Vitamin B5 Hydra Serum - 120ml;;Chưa chọn danh mục;9;77259.91;0.023;0.29;0;0;0;0;13/04/2026 21:53;https://res.bigseller.pro/sku/images/merchantsku/944484/945303_1782467075583.jpg?imageView2/1/w/300/h/300
2390;SMAS Tinh Chất Cấp Ẩm HA Plus Hyaluronic Acid 100ml;;Chưa chọn danh mục;0;0;0;0;0;--;0;0;13/04/2026 21:53;
2392;SO.NATURAL Xịt Dưỡng Nền Water Glow Make Up Setting Fixx - All Day Tight 120ml;;Chưa chọn danh mục;1;370397.81;0.5655;0.03;1;33;0;0;13/04/2026 21:53;https://res.bigseller.pro/sku/images/merchantsku/944484/624993_1754364213537.jpg?imageView2/1/w/300/h/300
2393;SO.NATURAL Xịt Dưỡng Nền Water Glow Make Up Setting Fixx - HỒNG NHẠT ALL DAY 35ML;;Chưa chọn danh mục;30;196726.48;0.049800000000000004;0.97;0;0;0;0;13/04/2026 21:53;https://res.bigseller.pro/sku/images/merchantsku/944484/383364_1754097264171.jpg?imageView2/1/w/300/h/300
2394;SO.NATURAL Xịt Dưỡng Nền Water Glow Make Up Setting Fixx So'Natural 75ml - Đen;;Chưa chọn danh mục;0;0;0;0;1;--;0;0;13/04/2026 21:53;https://res.bigseller.pro/sku/images/merchantsku/944484/505837_1779681578791.jpg?imageView2/1/w/300/h/300
2395;SOFY Băng Vệ Sinh Soft Tampon Super Gói 10 Miếng - XANH DƯƠNG;;Chưa chọn danh mục;3;65382;0.4628;0.1;12;120;0;0;13/04/2026 21:53;https://res.bigseller.pro/sku/images/merchantsku/944484/675831_1769699061980.jpg?imageView2/1/w/300/h/300
2396;SOFY Băng Vệ Sinh Soft Tampon Super Gói 7 Miếng - TÍM;;Chưa chọn danh mục;5;115737;0.45039999999999997;0.16;0;0;0;0;13/04/2026 21:53;https://res.bigseller.pro/sku/images/merchantsku/944484/869938_1770036264551.jpg?imageView2/1/w/300/h/300
2397;SOFY Băng vệ sinh Soft Tampon Super gói 9 miếng, Lẻ 1 gói;;Chưa chọn danh mục;6;117550.3;0.3471;0.19;87;457;0;0;13/04/2026 21:53;https://res.bigseller.pro/sku/images/merchantsku/944484/350896_1754365907119.jpg?imageView2/1/w/300/h/300
2399;ST.IVES Sữa Rửa Mặt tẩy tế bào chết 170g - BLACKHEAD Trà Xanh;;Chưa chọn danh mục;3;12000;0.0364;0.1;0;0;0;0;13/04/2026 21:53;https://res.bigseller.pro/sku/images/merchantsku/944484/541520_1754919949775.jpg?imageView2/1/w/300/h/300
2400;ST.IVES Sữa Rửa Mặt tẩy tế bào chết 170g - Fresh Skin Trái Mơ;;Chưa chọn danh mục;2;99000;0.31829999999999997;0.06;0;0;0;0;13/04/2026 21:53;https://res.bigseller.pro/sku/images/merchantsku/944484/684030_1754365626069.jpg?imageView2/1/w/300/h/300
2402;ST.IVES Sữa Tắm Tẩy Tế Bào Chết 700ml - Muối Biển;;Chưa chọn danh mục;7;278455.64;0.24109999999999998;0.23;0;0;0;0;13/04/2026 21:53;https://res.bigseller.pro/sku/images/merchantsku/944484/177449_1782723278505.jpg?imageView2/1/w/300/h/300
2404;ST.IVES Sữa Tắm Tẩy Tế Bào Chết 700ml - Yến mạch & Bơ;;Chưa chọn danh mục;4;329117.6;0.39649999999999996;0.13;0;0;0;0;13/04/2026 21:53;https://res.bigseller.pro/sku/images/merchantsku/944484/482611_1754366213829.jpg?imageView2/1/w/300/h/300
2407;SUDOCREM Kem hăm đa năng số 1 UK 60gr;;Chưa chọn danh mục;16;645574.72;0.3343;0.52;0;0;0;0;13/04/2026 21:53;https://res.bigseller.pro/sku/images/merchantsku/944484/382238_1754365907334.jpg?imageView2/1/w/300/h/300
2408;SUNPLAY Sữa Chống Nắng Super Block SPF50 PA++++ - 30g [MẪU MỚI];;Chưa chọn danh mục;13;226954.56;0.2109;0.42;2;4;0;0;13/04/2026 21:53;https://res.bigseller.pro/sku/images/merchantsku/944484/491720_1754365621719.jpg?imageView2/1/w/300/h/300
2409;SUNPLAY Kem Chống Nắng Skin Aqua Tone UP UV SPF50+ Pa++++ 50g – Latte Beige essence;;Chưa chọn danh mục;0;0;0;0;1;--;0;0;13/04/2026 21:53;https://res.bigseller.pro/sku/images/merchantsku/944484/865045_1754365818076.jpg?imageView2/1/w/300/h/300
2410;SUNPLAY Kem chống nắng Skin Aqua Tone Uv Essence SPF50+ PA++++ 80g – Xanh Tím Happiness Aura [XT];;Chưa chọn danh mục;0;0;0;0;0;--;0;0;13/04/2026 21:53;https://res.bigseller.pro/sku/images/merchantsku/944484/149708_1754366212137.jpg?imageView2/1/w/300/h/300
2411;SUNPLAY Kem Chống nắng Sunplay Skin Aqua Clear White SPF50+ PA++++ - 25g;;Chưa chọn danh mục;3;195900;0.4473;0.1;1;10;0;0;13/04/2026 21:53;https://res.bigseller.pro/sku/images/merchantsku/944484/917856_1754364219099.jpg?imageView2/1/w/300/h/300
2412;SUNPLAY Kem Chống nắng Sunplay Skin Aqua Clear White SPF50+ PA++++ - 30g - HỒNG;;Chưa chọn danh mục;0;0;0;0;3;--;0;0;13/04/2026 21:53;https://res.bigseller.pro/sku/images/merchantsku/944484/265433_1789051756512.jpg?imageView2/1/w/300/h/300
2413;SUNPLAY Kem Chống nắng Sunplay Skin Aqua Clear White SPF50+ PA++++ - 55g;;Chưa chọn danh mục;12;1246069.24;0.419;0.39;10;25;0;0;13/04/2026 21:53;https://res.bigseller.pro/sku/images/merchantsku/944484/511473_1755015213634.jpg?imageView2/1/w/300/h/300
2414;SUR-MEDIC+ Mặt nạ Age Control Multi Vita Mask 30g;;Chưa chọn danh mục;130;45162.2;0.0174;4.19;37;8;0;0;13/04/2026 21:53;https://res.bigseller.pro/sku/images/merchantsku/944484/375839_1755687784899.jpg?imageView2/1/w/300/h/300
2415;SUR-MEDIC+ Mặt nạ Super Calm Repairing Mask 30g;;Chưa chọn danh mục;120;62082;0.0258;3.87;17;4;0;0;13/04/2026 21:53;https://res.bigseller.pro/sku/images/merchantsku/944484/966371_1754365813041.jpg?imageView2/1/w/300/h/300
2416;SUR-MEDIC+ Mặt nạ Super Glutathione 100 Bright Mask 30g;;Chưa chọn danh mục;260;88808.1;0.017;8.39;40;4;0;0;13/04/2026 21:53;https://res.bigseller.pro/sku/images/merchantsku/944484/718987_1754365621710.jpg?imageView2/1/w/300/h/300
2417;SUR-MEDIC+ Mặt nạ Super Hyaluronic 100™ Aqua Mask 30g;;Chưa chọn danh mục;110;52755.5;0.024;3.55;40;11;0;0;13/04/2026 21:53;https://res.bigseller.pro/sku/images/merchantsku/944484/296382_1754364216703.jpg?imageView2/1/w/300/h/300
2418;SUR-MEDIC Tinh Chất Truyền Trắng Sur.Medic+ Super Glutathione 100TM Bright Ampoule - 32ML;;Chưa chọn danh mục;0;0;0;0;1;--;0;0;13/04/2026 21:53;https://res.bigseller.pro/sku/images/merchantsku/944484/954810_1755553510207.jpg?imageView2/1/w/300/h/300
2420;SVR Kem Chống Nắng Clairial Creme SPF50+ 40ml;;Chưa chọn danh mục;5;623735.55;0.19219999999999998;0.16;0;0;0;0;13/04/2026 21:53;https://res.bigseller.pro/sku/images/merchantsku/944484/308974_1754364218284.jpg?imageView2/1/w/300/h/300
2421;SVR Kem Chống Nắng Sebiaclear Creme SPF50+ 50ml;;Chưa chọn danh mục;1;234120;0.4029;0.03;1;33;0;0;13/04/2026 21:53;https://res.bigseller.pro/sku/images/merchantsku/944484/793216_1754998488397.jpg?imageView2/1/w/300/h/300
2422;SVR Kem dưỡng Cicavit+ Crème 40ml;;Chưa chọn danh mục;2;224910;0.3357;0.06;0;0;0;0;13/04/2026 21:53;https://res.bigseller.pro/sku/images/merchantsku/944484/599846_1754365911132.jpg?imageView2/1/w/300/h/300
2423;SVR Kem Dưỡng Da Chân Xérial 30 Crème Pieds 50ml;;Chưa chọn danh mục;4;652000;0.419;0.13;9;69;0;0;13/04/2026 21:53;https://res.bigseller.pro/sku/images/merchantsku/944484/764350_1755553510715.jpg?imageView2/1/w/300/h/300
2424;SVR Kem Dưỡng Da Tay Chân Xerial 50 Extreme Crème Pieds 50ml;;Chưa chọn danh mục;2;39384;0.0701;0.06;13;216;0;0;13/04/2026 21:53;https://res.bigseller.pro/sku/images/merchantsku/944484/074360_1754365627018.jpg?imageView2/1/w/300/h/300
2425;SVR Kem Dưỡng Da Xerial 30 Crème 75ml;;Chưa chọn danh mục;5;911660;0.3582;0.16;6;37;0;0;13/04/2026 21:53;https://res.bigseller.pro/sku/images/merchantsku/944484/122789_1754366217777.jpg?imageView2/1/w/300/h/300
2426;SVR Kem Dưỡng Sebiaclear Mat+Pores 40ml;;Chưa chọn danh mục;0;0;0;0;9;--;0;0;13/04/2026 21:53;https://res.bigseller.pro/sku/images/merchantsku/944484/693456_1754366313705.jpg?imageView2/1/w/300/h/300
2427;SVR Kem giảm mụn Sebiaclear Active Gel 40ml;;Chưa chọn danh mục;4;105625.16;0.0799;0.13;3;23;0;0;13/04/2026 21:53;https://res.bigseller.pro/sku/images/merchantsku/944484/023486_1754365910271.jpg?imageView2/1/w/300/h/300
2428;SVR Nước Tẩy Trang Physiopure Eau Micellaire - 200ml (xanh dương);;Chưa chọn danh mục;0;0;0;0;2;--;0;0;13/04/2026 21:53;https://res.bigseller.pro/sku/images/merchantsku/944484/634552_1754365626972.jpg?imageView2/1/w/300/h/300
2429;SVR Nước Tẩy Trang Physiopure Eau Micellaire - 400ml (xanh dương);;Chưa chọn danh mục;0;0;0;0;3;--;0;0;13/04/2026 21:53;https://res.bigseller.pro/sku/images/merchantsku/944484/774816_1754366217787.jpg?imageView2/1/w/300/h/300
2430;SVR Nước Tẩy Trang Physiopure Eau Micellaire - 75ml (xanh dương);;Chưa chọn danh mục;0;0;0;0;5;--;0;0;13/04/2026 21:53;https://res.bigseller.pro/sku/images/merchantsku/944484/197568_1754365721473.jpg?imageView2/1/w/300/h/300
2431;SVR Nước Tẩy Trang Sebiaclear Eau Micellaire - 400ml (xanh lá);;Chưa chọn danh mục;7;363000;0.13720000000000002;0.23;0;0;0;0;13/04/2026 21:53;https://res.bigseller.pro/sku/images/merchantsku/944484/821072_1754365716635.jpg?imageView2/1/w/300/h/300
2432;SVR Nước Tẩy Trang Sebiaclear Eau Micellaire - 400ml dạng túi;;Chưa chọn danh mục;3;413332.47;0.3262;0.1;5;50;0;0;13/04/2026 21:53;https://res.bigseller.pro/sku/images/merchantsku/944484/307043_1754365627665.jpg?imageView2/1/w/300/h/300
2433;SVR Serum Vitamin A Ampoule Lift 0.3% Retinol 30ml;;Chưa chọn danh mục;0;0;0;0;3;--;0;0;13/04/2026 21:53;https://res.bigseller.pro/sku/images/merchantsku/944484/196462_1754364219088.jpg?imageView2/1/w/300/h/300
2434;SVR Son Dưỡng Môi Topialyse Lerves 4g;;Chưa chọn danh mục;0;0;0;0;4;--;0;0;13/04/2026 21:53;https://res.bigseller.pro/sku/images/merchantsku/944484/597088_1754365715824.jpg?imageView2/1/w/300/h/300
2435;SVR Sữa Dưỡng Da Xerial 10 Lait 200ml;;Chưa chọn danh mục;14;1598000;0.22820000000000001;0.45;5;11;0;0;13/04/2026 21:53;https://res.bigseller.pro/sku/images/merchantsku/944484/833173_1754366310166.jpg?imageView2/1/w/300/h/300
2436;SVR Sữa Rửa Mặt Dạng Sữa Sebiaclear Creme Lavante - 55ml;;Chưa chọn danh mục;0;0;0;0;5;--;0;0;13/04/2026 21:53;https://res.bigseller.pro/sku/images/merchantsku/944484/869390_1754365813057.jpg?imageView2/1/w/300/h/300
2437;SVR Sữa Rửa Mặt PHYSIOPURE Gelee Moussante - 200ml;;Chưa chọn danh mục;2;367462.1;0.4092;0.06;7;116;0;0;13/04/2026 21:53;https://res.bigseller.pro/sku/images/merchantsku/944484/551314_1754365907003.jpg?imageView2/1/w/300/h/300
2438;SVR Sữa Rửa Mặt PHYSIOPURE Gelee Moussante - 400ml;;Chưa chọn danh mục;1;-0.52;0;0.03;0;0;0;0;13/04/2026 21:53;https://res.bigseller.pro/sku/images/merchantsku/944484/613065_1754365811902.jpg?imageView2/1/w/300/h/300
2439;SVR Sữa Rửa Mặt PHYSIOPURE Gelee Moussante - 55ml;;Chưa chọn danh mục;15;390072.7;0.2389;0.48;82;170;0;0;13/04/2026 21:53;https://res.bigseller.pro/sku/images/merchantsku/944484/662790_1754364218944.jpg?imageView2/1/w/300/h/300
2440;SVR Sữa Rửa Mặt SEBIACLEAR Gel Moussant - 200ml;;Chưa chọn danh mục;8;368000;0.1456;0.26;12;46;0;0;13/04/2026 21:53;https://res.bigseller.pro/sku/images/merchantsku/944484/260505_1755015056311.jpg?imageView2/1/w/300/h/300
2442;SVR Sữa Rửa Mặt SEBIACLEAR Gel Moussant - 400ml;;Chưa chọn danh mục;66;-1238266.41;-0.051500000000000004;2.13;3;1;0;0;13/04/2026 21:53;https://res.bigseller.pro/sku/images/merchantsku/944484/907061_1754365814818.jpg?imageView2/1/w/300/h/300
2443;SVR Sữa Rửa Mặt SEBIACLEAR Gel Moussant - 55ml;;Chưa chọn danh mục;31;1259694.31;0.3002;1;79;79;0;0;13/04/2026 21:53;https://res.bigseller.pro/sku/images/merchantsku/944484/498427_1754365621719.jpg?imageView2/1/w/300/h/300
2444;SVR Sữa Rửa Mặt SEBIACLEAR Gel Moussant - Dạng túi 400ml;;Chưa chọn danh mục;3;514293.03;0.3358;0.1;54;540;0;0;13/04/2026 21:53;https://res.bigseller.pro/sku/images/merchantsku/944484/441000_1754366214699.jpg?imageView2/1/w/300/h/300
2445;SVR Sữa Tắm & Rửa Mặt TOPIALYSE Gel Lavant - 1000ml;;Chưa chọn danh mục;1;255666;0.39030000000000004;0.03;2;66;0;0;13/04/2026 21:53;https://res.bigseller.pro/sku/images/merchantsku/944484/401373_1754365716729.jpg?imageView2/1/w/300/h/300
2447;SVR Sữa Tắm & Rửa Mặt TOPIALYSE Gel Lavant - 200ml;;Chưa chọn danh mục;4;45696;0.0526;0.13;6;46;0;0;13/04/2026 21:53;https://res.bigseller.pro/sku/images/merchantsku/944484/384673_1754366310584.jpg?imageView2/1/w/300/h/300
2449;SVR Sữa Tắm & Rửa Mặt TOPIALYSE Gel Lavant - 400ml;;Chưa chọn danh mục;11;202070;0.0583;0.35;7;20;0;0;13/04/2026 21:53;https://res.bigseller.pro/sku/images/merchantsku/944484/746296_1754365906737.jpg?imageView2/1/w/300/h/300
2451;SVR Tinh chất dưỡng da Sebiaclear Serum 30ml;;Chưa chọn danh mục;33;4374472.62;0.2676;1.06;41;38;0;0;13/04/2026 21:53;https://res.bigseller.pro/sku/images/merchantsku/944484/897745_1754361504876.jpg?imageView2/1/w/300/h/300
2453;SVR Toner Sebiaclear Micro-Peel 150ml;;Chưa chọn danh mục;3;93069.48;0.0981;0.1;3;30;0;0;13/04/2026 21:53;https://res.bigseller.pro/sku/images/merchantsku/944484/676181_1754365626936.jpg?imageView2/1/w/300/h/300
2460;TESORI D'ORIENTE Sữa tắm nước hoa gói 9ml - #1 Hoa Sen;;Chưa chọn danh mục;531;357708;0.2475;17.13;0;0;0;0;13/04/2026 21:53;https://res.bigseller.pro/sku/images/merchantsku/944484/201704_1754364219109.jpg?imageView2/1/w/300/h/300
2461;TESORI D'ORIENTE Sữa tắm nước hoa gói 9ml - #2 Thanh Long;;Chưa chọn danh mục;363;176473.07;0.1918;11.71;5;0;0;0;13/04/2026 21:53;https://res.bigseller.pro/sku/images/merchantsku/944484/306413_1755687689239.jpg?imageView2/1/w/300/h/300
2462;TETRA Bông Tẩy Trang Pháp LE SOIN A L’ÉTAT PUR - 600 miếng;;Chưa chọn danh mục;2;360000;1;0.06;0;0;0;50;13/04/2026 21:53;https://res.bigseller.pro/sku/images/merchantsku/944484/695931_1783327939023.jpg?imageView2/1/w/300/h/300
2470;THE SAEM D114 - SAEM - CHE KHUYẾT ĐIỂM - 1.25 (L19E07 E);;Chưa chọn danh mục;0;0;0;0;0;--;0;0;13/04/2026 21:53;https://res.bigseller.pro/sku/images/merchantsku/944484/782672_1769698803816.jpg?imageView2/1/w/300/h/300
2471;THE SAEM D114 - SAEM - CHE KHUYẾT ĐIỂM - 1.5 (L17CO2 C);;Chưa chọn danh mục;1;95830.77;0.6431999999999999;0.03;0;0;0;0;13/04/2026 21:53;https://res.bigseller.pro/sku/images/merchantsku/944484/539508_1770217648758.jpg?imageView2/1/w/300/h/300
2473;THE SAEM D114 - SAEM - CHE KHUYẾT ĐIỂM - Brightener;;Chưa chọn danh mục;0;0;0;0;10;--;0;0;13/04/2026 21:53;https://res.bigseller.pro/sku/images/merchantsku/944484/029352_1772251754469.jpg?imageView2/1/w/300/h/300
2474;THE SAEM Kem che khuyết điểm 6.5g - #01 Clear;;Chưa chọn danh mục;0;0;0;0;1;--;0;0;13/04/2026 21:53;https://res.bigseller.pro/sku/images/merchantsku/944484/296168_1754366212117.jpg?imageView2/1/w/300/h/300
2475;TIAM Gel Rửa Mặt Snail & Azulene Low PH Cleanser 200ml;;TIAM;10;871661;0.3521;0.32;0;0;0;0;13/04/2026 21:53;https://res.bigseller.pro/sku/images/merchantsku/944484/215237_1754365903080.jpg?imageView2/1/w/300/h/300
2477;TIAM Serum Vita A Bakuchiol Youth Serum 40ml;;TIAM;2;-25930;-0.055;0.06;15;250;0;0;13/04/2026 21:53;https://res.bigseller.pro/sku/images/merchantsku/944484/665325_1754365912282.jpg?imageView2/1/w/300/h/300
2478;TIAM Tinh Chất Ốc Sên Snail & Azulene Water Essence Làm Dịu, Phục Hồi Da 180mlTinh Chất Ốc Sên Snail & Azulene Water Essence 180ml;;TIAM;1;147750;0.39399999999999996;0.03;0;0;0;0;13/04/2026 21:53;https://res.bigseller.pro/sku/images/merchantsku/944484/535413_1755015056447.jpg?imageView2/1/w/300/h/300
2480;TIMELESS Serum Vitamin B5 Hydration 30ml;;TIMELESS;10;146333.3;0.0475;0.32;0;0;0;0;13/04/2026 21:53;https://res.bigseller.pro/sku/images/merchantsku/944484/134125_1754365621764.jpg?imageView2/1/w/300/h/300
2481;TIPPYS Bông Tẩy Trang Classic Make Up Pads - 120 Miếng;;Chưa chọn danh mục;69;1082872.31;0.4568;2.23;109;48;0;0;13/04/2026 21:53;https://res.bigseller.pro/sku/images/merchantsku/944484/015933_1754366308262.jpg?imageView2/1/w/300/h/300
2482;TIPPYS Bông Tẩy Trang Classic Make Up Pads - 80 Miếng;;Chưa chọn danh mục;5;92858.3;0.5770000000000001;0.16;0;0;0;0;13/04/2026 21:53;https://res.bigseller.pro/sku/images/merchantsku/944484/013169_1754365912053.jpg?imageView2/1/w/300/h/300
2483;QUÀ TẶNG - TÚI TOPICREM HỒNG;;TOPICREM;0;0;0;0;20;--;0;0;13/04/2026 21:53;https://res.bigseller.pro/sku/images/merchantsku/944484/854980_1767409350761.jpg?imageView2/1/w/300/h/300
2484;TOPICREM Gel Rửa Mặt AC CONTROL Purifying Cleansing Gel - 200ml;;TOPICREM;2;243000;0.3306;0.06;4;66;0;0;13/04/2026 21:53;https://res.bigseller.pro/sku/images/merchantsku/944484/841441_1787502174453.jpg?imageView2/1/w/300/h/300
2485;TOPICREM Gel Rửa Mặt AC CONTROL Purifying Cleansing Gel- 400ml;;TOPICREM;5;1042375;0.3703;0.16;0;0;0;0;13/04/2026 21:53;https://res.bigseller.pro/sku/images/merchantsku/944484/213210_1754366220126.jpg?imageView2/1/w/300/h/300
2486;TOPICREM Gel Rửa Mặt Hydra+ Gentle Cleansing Gel 200ml;;TOPICREM;2;150900;0.2643;0.06;0;0;0;0;13/04/2026 21:53;https://res.bigseller.pro/sku/images/merchantsku/944484/948787_1754366212122.jpg?imageView2/1/w/300/h/300
2487;TOPICREM Gel Tắm Dưỡng Ẩm Cho Làn Da Nhạy Cảm Ultra Hydratant Gel Douche - 1000ml;;TOPICREM;1;197900;0.31920000000000004;0.03;0;0;0;0;13/04/2026 21:53;https://res.bigseller.pro/sku/images/merchantsku/944484/453640_1754364217028.jpg?imageView2/1/w/300/h/300
2488;TOPICREM Gel Tắm Dưỡng Ẩm Cho Làn Da Nhạy Cảm Ultra Hydratant Gel Douche - 500ml;;TOPICREM;3;370324;0.3616;0.1;1;10;0;0;13/04/2026 21:53;https://res.bigseller.pro/sku/images/merchantsku/944484/911310_1754365904473.jpg?imageView2/1/w/300/h/300
2491;TOPICREM Kem Dưỡng AC Control Balancing Anti-Blemish Care 40ml;;TOPICREM;4;780000;0.39880000000000004;0.13;3;23;0;0;13/04/2026 21:53;https://res.bigseller.pro/sku/images/merchantsku/944484/180336_1787502252445.jpg?imageView2/1/w/300/h/300
2492;TOPICREM Kem dưỡng ẩm AC CONTROL Mattifying Care 40ml;;TOPICREM;3;410000;0.40590000000000004;0.1;3;30;0;0;13/04/2026 21:53;https://res.bigseller.pro/sku/images/merchantsku/944484/775544_1787502229591.jpg?imageView2/1/w/300/h/300
2493;TOPICREM Kem Dưỡng Ban Đêm Mela Anti-dark Spot 40ml;;TOPICREM;0;0;0;0;1;--;0;0;13/04/2026 21:53;https://res.bigseller.pro/sku/images/merchantsku/944484/734829_1787502348006.jpg?imageView2/1/w/300/h/300
2495;TOPICREM Nước tẩy trang Hydra+ Gentle Micellar Wate - 200ml;;TOPICREM;0;0;0;0;5;--;0;0;13/04/2026 21:53;https://res.bigseller.pro/sku/images/merchantsku/944484/524850_1754365627183.jpg?imageView2/1/w/300/h/300
2496;TOPICREM Nước tẩy trang Hydra+ Gentle Micellar Wate - 400ml;;TOPICREM;2;328666.99;0.3557;0.06;0;0;0;0;13/04/2026 21:53;https://res.bigseller.pro/sku/images/merchantsku/944484/693074_1754366220017.jpg?imageView2/1/w/300/h/300
2497;TOPICREM Nước Tẩy Trang Topicrem AC Purifying Micellar Water - 200ml;;TOPICREM;0;0;0;0;7;--;0;0;13/04/2026 21:53;https://res.bigseller.pro/sku/images/merchantsku/944484/362014_1754366313696.jpg?imageView2/1/w/300/h/300
2498;TOPICREM Nước Tẩy Trang Topicrem AC Purifying Micellar Water - 400ml;;TOPICREM;3;511821.42;0.3701;0.1;6;60;0;0;13/04/2026 21:53;https://res.bigseller.pro/sku/images/merchantsku/944484/033568_1754365622251.jpg?imageView2/1/w/300/h/300
2499;TOPICREM Serum dành cho da mụn AC CONTROL INTENSIVE SERUM 34ml;;TOPICREM;1;83424;0.1565;0.03;0;0;0;0;13/04/2026 21:53;https://res.bigseller.pro/sku/images/merchantsku/944484/434810_1787502495340.jpg?imageView2/1/w/300/h/300
2500;TOPICREM Serum Mela Anti Drark spot Radiance 30ml;;TOPICREM;0;0;0;0;3;--;0;0;13/04/2026 21:53;https://res.bigseller.pro/sku/images/merchantsku/944484/854895_1787502692917.jpg?imageView2/1/w/300/h/300
2501;TOPICREM Son dưỡng môi Ultra Moisturizing Lip Balm 4g;;TOPICREM;2;111803.66;0.43329999999999996;0.06;0;0;0;0;13/04/2026 21:53;https://res.bigseller.pro/sku/images/merchantsku/944484/363339_1754365621751.jpg?imageView2/1/w/300/h/300
2502;TOPICREM Sữa Dưỡng Thể Ultra Hydratant Lait Corps Body milk - 200ML;;TOPICREM;2;241660;0.3176;0.06;0;0;0;0;13/04/2026 21:53;https://res.bigseller.pro/sku/images/merchantsku/944484/729787_1787502623209.jpg?imageView2/1/w/300/h/300
2504;TORRIDEN Kem Dưỡng Cấp Ẩm Dive in Soothing Cream 100ml [XT];;Chưa chọn danh mục;0;0;0;0;0;--;0;0;13/04/2026 21:53;https://res.bigseller.pro/sku/images/merchantsku/944484/572961_1754365626987.jpg?imageView2/1/w/300/h/300
2505;TORRIDEN Serum Balanceful Centella Asiatica Extract - Xanh lá 50ml [XT];;Chưa chọn danh mục;0;0;0;0;7;--;0;0;13/04/2026 21:53;https://res.bigseller.pro/sku/images/merchantsku/944484/366196_1755015058549.jpg?imageView2/1/w/300/h/300
2506;TRIDENT Kẹo Gum Trident Không Đường Sugarfree Thơm Mát 21.6g - SPEARMINT;;TRIDENT;71;1227749.84;0.5438000000000001;2.29;0;0;0;0;13/04/2026 21:53;https://res.bigseller.pro/sku/images/merchantsku/944484/347373_1754365629693.jpg?imageView2/1/w/300/h/300
2507;TRIDENT Kẹo Gum Trident Không Đường Sugarfree Thơm Mát 21.6g - TROPICAL;;TRIDENT;1;20359.88;0.6901999999999999;0.03;0;0;0;0;13/04/2026 21:53;https://res.bigseller.pro/sku/images/merchantsku/944484/904797_1754361508073.jpg?imageView2/1/w/300/h/300
2508;TRIDENT Kẹo Gum Trident Không Đường Sugarfree Thơm Mát 21.6g - WATERMELON;;TRIDENT;67;1294427.14;0.5722999999999999;2.16;0;0;0;0;13/04/2026 21:53;https://res.bigseller.pro/sku/images/merchantsku/944484/402084_1754365821417.jpg?imageView2/1/w/300/h/300
2509;TRIDENT Kẹo Gum Trident Không Đường Sugarfree Thơm Mát 28 STICKS  - ORGINAL;;TRIDENT;27;704260;0.452;0.87;25;28;0;0;13/04/2026 21:53;https://res.bigseller.pro/sku/images/merchantsku/944484/824582_1754366317756.jpg?imageView2/1/w/300/h/300
2510;TRIDENT Kẹo Gum Trident Không Đường Sugarfree Thơm Mát 28 STICKS  - SPEARMINT;;TRIDENT;103;2717049.86;0.4539;3.32;0;0;0;0;13/04/2026 21:53;https://res.bigseller.pro/sku/images/merchantsku/944484/302646_1754365725137.jpg?imageView2/1/w/300/h/300
2511;TRIDENT Kẹo Gum Trident Không Đường Sugarfree Thơm Mát 28 STICKS  - TROPICAL;;TRIDENT;28;680792;0.4347;0.9;0;0;0;0;13/04/2026 21:53;https://res.bigseller.pro/sku/images/merchantsku/944484/822513_1754366221615.jpg?imageView2/1/w/300/h/300
2512;TRIDENT Kẹo Gum Trident Không Đường Sugarfree Thơm Mát 28 STICKS - CINNAMON;;TRIDENT;50;1003858.26;0.38780000000000003;1.61;17;10;0;0;13/04/2026 21:53;https://res.bigseller.pro/sku/images/merchantsku/944484/465445_1754365914042.jpg?imageView2/1/w/300/h/300
2513;TRUMA Bông tẩy trang Pháp 600 miếng;;Chưa chọn danh mục;0;0;0;0;19;--;0;0;13/04/2026 21:53;https://res.bigseller.pro/sku/images/merchantsku/944484/378521_1754365622283.jpg?imageView2/1/w/300/h/300
2515;ULTRA MILD Dung Dịch Vệ Sinh Phụ Nữ - Hương aqua fresh 150ml;;Chưa chọn danh mục;7;76381;0.2402;0.23;0;0;0;0;13/04/2026 21:53;https://res.bigseller.pro/sku/images/merchantsku/944484/215219_1754365726794.jpg?imageView2/1/w/300/h/300
2516;ULTRA MILD Dung Dịch Vệ Sinh Phụ Nữ - Hương organic 150ml;;Chưa chọn danh mục;6;101898;0.3298;0.19;0;0;0;0;13/04/2026 21:53;https://res.bigseller.pro/sku/images/merchantsku/944484/648540_1754365914994.jpg?imageView2/1/w/300/h/300
2517;ULTRA MILD Dung Dịch Vệ Sinh Phụ Nữ - Hương Tender Touch 150ml;;Chưa chọn danh mục;3;79449;0.4341;0.1;0;0;0;0;13/04/2026 21:53;https://res.bigseller.pro/sku/images/merchantsku/944484/885593_1754366319774.jpg?imageView2/1/w/300/h/300
2518;ULTRA MILD Dung Dịch Vệ Sinh Phụ Nữ - Hương Tender Touch 280ml;;Chưa chọn danh mục;1;40592;0.4412;0.03;0;0;0;0;13/04/2026 21:53;https://res.bigseller.pro/sku/images/merchantsku/944484/467351_1756125277158.jpg?imageView2/1/w/300/h/300
2519;UNICHARM Khẩu trang 3D Mask Virus Block size M;;Chưa chọn danh mục;0;0;0;0;0;--;0;0;13/04/2026 21:53;https://res.bigseller.pro/sku/images/merchantsku/944484/782598_1754365818971.jpg?imageView2/1/w/300/h/300
2520;URIAGE Gel Rửa Mặt Bariederm Cica Gel Nettoyant Au Cuivre-ZinC 200ml;;Chưa chọn danh mục;0;0;0;0;1;--;0;0;13/04/2026 21:53;https://res.bigseller.pro/sku/images/merchantsku/944484/079736_1754365628375.jpg?imageView2/1/w/300/h/300
2521;URIAGE Gel Rửa Mặt Hyséac Gel Nettoyant 150ml;;Chưa chọn danh mục;4;425780;0.2949;0.13;0;0;0;0;13/04/2026 21:53;https://res.bigseller.pro/sku/images/merchantsku/944484/734655_1754366313716.jpg?imageView2/1/w/300/h/300
2523;URIAGE Kem Dưỡng Môi Bariéderm Cica-Lèvres Baume Protecteur 15ml;;Chưa chọn danh mục;3;332400;0.3834;0.1;16;160;0;0;13/04/2026 21:53;https://res.bigseller.pro/sku/images/merchantsku/944484/691816_1754365818395.jpg?imageView2/1/w/300/h/300
2524;URIAGE Kem làm dịu da Uriage Bariederm Cica Daily Gel Creme 40ml;;Chưa chọn danh mục;2;297254;0.2943;0.06;0;0;0;0;13/04/2026 21:53;https://res.bigseller.pro/sku/images/merchantsku/944484/976652_1754365721303.jpg?imageView2/1/w/300/h/300
2525;VACOSI Bông tắm;;Chưa chọn danh mục;0;0;0;0;2;--;0;0;13/04/2026 21:53;https://res.bigseller.pro/sku/images/merchantsku/944484/642119_1754366214133.jpg?imageView2/1/w/300/h/300
2528;VAGISIL Dung Dịch Vệ Sinh Phụ Nữ Dạng Gel Ngăn Mùi 24h - HỒNG 240ml;;Chưa chọn danh mục;7;217250;0.17329999999999998;0.23;0;0;0;0;13/04/2026 21:53;https://res.bigseller.pro/sku/images/merchantsku/944484/224772_1773634507275.jpg?imageView2/1/w/300/h/300
2530;VAGISIL Dung Dịch Vệ Sinh Phụ Nữ Dạng Gel Ngăn Mùi 24h - TRĂNG 240ml;;Chưa chọn danh mục;0;0;0;0;0;--;0;0;13/04/2026 21:53;https://res.bigseller.pro/sku/images/merchantsku/944484/367400_1778290633985.jpg?imageView2/1/w/300/h/300
2531;VAGISIL Dung Dịch Vệ Sinh Phụ Nữ Dạng Gel pH Balance - TÍM 240ml;;Chưa chọn danh mục;11;149500;0.08410000000000001;0.35;33;94;0;0;13/04/2026 21:53;https://res.bigseller.pro/sku/images/merchantsku/944484/211537_1773634801593.jpg?imageView2/1/w/300/h/300
2532;VAGISIL Dung Dịch Vệ Sinh Phụ Nữ Dạng Gel pH Balance - TÍM 354ml;;Chưa chọn danh mục;0;0;0;0;11;--;0;0;13/04/2026 21:53;https://res.bigseller.pro/sku/images/merchantsku/944484/211537_1773634801593.jpg?imageView2/1/w/300/h/300
2533; VASELINE Son Dưỡng Có Màu Emily In Paris 3g - Nude Nouveau (Nude);;Chưa chọn danh mục;1;99047.5;0.4127;0.03;3;100;0;0;13/04/2026 21:53;https://res.bigseller.pro/sku/images/merchantsku/944484/400773_1754366224256.jpg?imageView2/1/w/300/h/300
2534; VASELINE Son Dưỡng Có Màu Emily In Paris 3g - Parisian Pink (Hồng);;Chưa chọn danh mục;0;0;0;0;7;--;0;0;13/04/2026 21:53;https://res.bigseller.pro/sku/images/merchantsku/944484/252679_1754365726370.jpg?imageView2/1/w/300/h/300
2535; VASELINE Son Dưỡng Có Màu Emily In Paris 3g - Rouge Romance (Đỏ);;Chưa chọn danh mục;0;0;0;0;6;--;0;0;13/04/2026 21:53;https://res.bigseller.pro/sku/images/merchantsku/944484/938399_1754365710667.jpg?imageView2/1/w/300/h/300
2536;VASELINE Son Dưỡng Môi  Therapy Lip Balm Dạng Tuýt 10g - ORIGINAL XANH;;Chưa chọn danh mục;0;0;0;0;1;--;0;0;13/04/2026 21:53;https://res.bigseller.pro/sku/images/merchantsku/944484/704015_1768913244064.jpg?imageView2/1/w/300/h/300
2541;VASELINE Dưỡng môi Lip Therapy UK 20g [XT] - ROSE;;Chưa chọn danh mục;210;621325.18;0.0817;6.77;0;0;0;0;13/04/2026 21:53;https://res.bigseller.pro/sku/images/merchantsku/944484/199261_1754365912382.jpg?imageView2/1/w/300/h/300
2542;VASELINE Kem dưỡng chân và móngDeep Moisture Foot Cream - Xanh 60ml;;Chưa chọn danh mục;42;204876.94;0.1407;1.35;100;74;0;0;13/04/2026 21:53;https://res.bigseller.pro/sku/images/merchantsku/944484/919109_1784701580383.jpg?imageView2/1/w/300/h/300
2543;VASELINE Kem dưỡng tay và móng Deep Moisture Hand & Nail Cream 60ml;;Chưa chọn danh mục;92;484057.31;0.16390000000000002;2.97;104;35;0;0;13/04/2026 21:53;https://res.bigseller.pro/sku/images/merchantsku/944484/153601_1754365714065.jpg?imageView2/1/w/300/h/300
2548;VASELINE Sáp Dưỡng Ẩm Pure Petroleum Jelly - 50ml;;Chưa chọn danh mục;360;884462;0.0968;11.61;0;0;0;0;13/04/2026 21:53;https://res.bigseller.pro/sku/images/merchantsku/944484/282520_1785911611805.jpg?imageView2/1/w/300/h/300
2549;VASELINE Sáp Dưỡng ẨmPure Petroleum Jelly Original 5.5g;;Chưa chọn danh mục;0;0;0;0;25;--;0;0;13/04/2026 21:53;https://res.bigseller.pro/sku/images/merchantsku/944484/308855_1764252053289.jpg?imageView2/1/w/300/h/300
2550;VASELINE Sáp Dưỡng Môi Lip Care KOREA 7g - Cocoa butter;;Chưa chọn danh mục;0;0;0;0;75;--;0;0;13/04/2026 21:53;https://res.bigseller.pro/sku/images/merchantsku/944484/802720_1788446664882.jpg?imageView2/1/w/300/h/300
2551;VASELINE Sáp Dưỡng Môi Lip Care KOREA 7g - Creme Brulle Vani;;Chưa chọn danh mục;0;0;0;0;11;--;0;0;13/04/2026 21:53;https://res.bigseller.pro/sku/images/merchantsku/944484/445288_1754365906365.jpg?imageView2/1/w/300/h/300
2552;VASELINE Sáp Dưỡng Môi Lip Care KOREA 7g - Original Không Mùi;;Chưa chọn danh mục;0;0;0;0;26;--;350;0;13/04/2026 21:53;https://res.bigseller.pro/sku/images/merchantsku/944484/824371_1755553283439.jpg?imageView2/1/w/300/h/300
2553;VASELINE Sáp Dưỡng Môi Lip Care KOREA 7g - Rosy Lips Hoa Hồng;;Chưa chọn danh mục;0;0;0;0;10;--;270;0;13/04/2026 21:53;https://res.bigseller.pro/sku/images/merchantsku/944484/028871_1754366313737.jpg?imageView2/1/w/300/h/300
2554;VASELINE Serum chống nắng 50X SPF50+ 300ml;;Chưa chọn danh mục;40;357370.2;0.07730000000000001;1.29;0;0;0;0;13/04/2026 21:53;https://res.bigseller.pro/sku/images/merchantsku/944484/922246_1754365909848.jpg?imageView2/1/w/300/h/300
2556;VASELINE Son Dưỡng Có Màu Colour + Care 3g - Blooming Pink;;Chưa chọn danh mục;0;0;0;0;0;--;0;0;13/04/2026 21:53;https://res.bigseller.pro/sku/images/merchantsku/944484/543125_1754361504748.jpg?imageView2/1/w/300/h/300
2557;VASELINE Son Dưỡng Có Màu Colour + Care 3g - Kissing Red;;Chưa chọn danh mục;2;10102;0.060899999999999996;0.06;0;0;0;0;13/04/2026 21:53;https://res.bigseller.pro/sku/images/merchantsku/944484/209576_1754365818543.jpg?imageView2/1/w/300/h/300
2558;VASELINE Son Dưỡng Có Màu Colour + Care 3g - Mellow Rose;;Chưa chọn danh mục;5;74255.55;0.16519999999999999;0.16;0;0;0;0;13/04/2026 21:53;https://res.bigseller.pro/sku/images/merchantsku/944484/489779_1754365626931.jpg?imageView2/1/w/300/h/300
2560;VASELINE Son Dưỡng Lip Therapy Thỏi 4.8g - Cocoa Butter;;Chưa chọn danh mục;0;0;0;0;10;--;0;0;13/04/2026 21:53;https://res.bigseller.pro/sku/images/merchantsku/944484/410382_1754365721676.jpg?imageView2/1/w/300/h/300
2561;VASELINE Son Dưỡng Lip Therapy Thỏi 4.8g - Original;;Chưa chọn danh mục;1;34627;0.405;0.03;4;133;260;0;13/04/2026 21:53;https://res.bigseller.pro/sku/images/merchantsku/944484/330610_1754366313693.jpg?imageView2/1/w/300/h/300
2562;VASELINE Son Dưỡng Lip Therapy Thỏi 4.8g - Rosy Lips;;Chưa chọn danh mục;2;8000;0.0645;0.06;6;100;240;0;13/04/2026 21:53;https://res.bigseller.pro/sku/images/merchantsku/944484/338320_1754365909762.jpg?imageView2/1/w/300/h/300
2563;VASELINE Sữa Dưỡng Thể Chống Nắng Healthy Bright Gluta-Hyal 70X - CAM 70ML;;Chưa chọn danh mục;2;50000;0.6409999999999999;0.06;0;0;0;0;13/04/2026 21:53;https://res.bigseller.pro/sku/images/merchantsku/944484/567351_1767018149563.jpg?imageView2/1/w/300/h/300
2564;VASELINE Sữa Dưỡng Thể Gluta-Hya Serum Burst UV Lotion 300ml - Flawless Bright [BAN NGÀY] [XT];;Chưa chọn danh mục;0;0;0;0;2;--;0;0;13/04/2026 21:53;https://res.bigseller.pro/sku/images/merchantsku/944484/942651_1754361504875.jpg?imageView2/1/w/300/h/300
2565;VASELINE Sữa Dưỡng Thể Gluta-Hya Serum Burst UV Lotion 330ml - Dewy Radiance [BAN ĐÊM];;Chưa chọn danh mục;1;84658.02;0.5009;0.03;0;0;0;0;13/04/2026 21:53;https://res.bigseller.pro/sku/images/merchantsku/944484/710556_1754366219610.jpg?imageView2/1/w/300/h/300
2566;VASELINE Sữa Dưỡng Thể Gluta-Hya Serum Burst UV Lotion 330ml - Flawless Bright [BAN NGÀY];;Chưa chọn danh mục;15;93500;0.0691;0.48;0;0;0;0;13/04/2026 21:53;https://res.bigseller.pro/sku/images/merchantsku/944484/175316_1754365720866.jpg?imageView2/1/w/300/h/300
2567;VASELINE Sữa Dưỡng Thể Healthy Bright Gluta-Hya Body Tone-Up UV Lotion 300ml;;Chưa chọn danh mục;55;338143.04;0.0525;1.77;19;10;0;0;13/04/2026 21:53;https://res.bigseller.pro/sku/images/merchantsku/944484/318533_1754365818082.jpg?imageView2/1/w/300/h/300
2568;VASELINE Sữa Dưỡng Thể Healthy Bright Insta Radiance UV Tone-Up Lotion 350ml [Sáng Da Tức Thì];;Chưa chọn danh mục;0;0;0;0;0;--;0;0;13/04/2026 21:53;https://res.bigseller.pro/sku/images/merchantsku/944484/155669_1754366313748.jpg?imageView2/1/w/300/h/300
2570;VASELINE Sữa Dưỡng Thể Gluta-Hya Serum Burst UV Lotion 330ml - XANH DƯƠNG;;Chưa chọn danh mục;30;203544.34;0.076;0.97;0;0;0;0;13/04/2026 21:53;https://res.bigseller.pro/sku/images/merchantsku/944484/922064_1783327255871.jpg?imageView2/1/w/300/h/300
2571;VEET Kem Tẩy Lông Silk & Fresh Hair Removal Cream 50G - Normal Skin;;Chưa chọn danh mục;3;22766.19;0.1308;0.1;0;0;0;0;13/04/2026 21:53;https://res.bigseller.pro/sku/images/merchantsku/944484/028929_1755015214947.jpg?imageView2/1/w/300/h/300
2574;VELLA Kem Dưỡng Da Caviar Cream Vital A. VELLA 50ml Trứng Cá Tầm - 50ML;;Chưa chọn danh mục;0;0;0;0;5;--;0;0;13/04/2026 21:53;https://res.bigseller.pro/sku/images/merchantsku/944484/910095_1779196327844.jpg?imageView2/1/w/300/h/300
2575;Vella Kem Dưỡng Da Vùng Cổ Vella Concentrate Neck Cream 50ml;;Chưa chọn danh mục;217;2772997.75;0.0583;7;211;30;0;0;13/04/2026 21:53;https://res.bigseller.pro/sku/images/merchantsku/944484/331107_1767103228600.jpg?imageView2/1/w/300/h/300
2576;VELLA Mặt Nạ Ngủ Ban Đêm Vitathione Core One Capsule Mask - 50ml;;Chưa chọn danh mục;0;0;0;0;3;--;0;0;13/04/2026 21:53;https://res.bigseller.pro/sku/images/merchantsku/944484/909691_1779195713024.jpg?imageView2/1/w/300/h/300
2584;VELVET SON KEM BÙN MOOEKISS VELVET LIP MUD 3G - V15;;Chưa chọn danh mục;0;0;0;0;4;--;0;0;13/04/2026 21:53;https://res.bigseller.pro/sku/images/merchantsku/944484/383651_1787497650813.jpg?imageView2/1/w/300/h/300
2585;VICHY Dầu Gội Dercos Energy+ Aminexil Niacinamide Stimulating Shampoo Hairloss 200Ml (Đỏ);;Chưa chọn danh mục;22;615558.8;0.1166;0.71;25;35;0;0;13/04/2026 21:53;https://res.bigseller.pro/sku/images/merchantsku/944484/011874_1754365906486.jpg?imageView2/1/w/300/h/300
2586;VICHY Dầu gội Dercos Technique Anti-Dandruff Ds Advanced To Oily Hair - 50ml (Xanh da dầu);;Chưa chọn danh mục;295;12661814.4;0.578;9.52;2;0;0;0;13/04/2026 21:53;https://res.bigseller.pro/sku/images/merchantsku/944484/214530_1754365912583.jpg?imageView2/1/w/300/h/300
2587;VICHY Dầu gội Dercos Technique Anti-Dandruff Ds Normal To Oily Hair - 200ml (Xanh da dầu);;Chưa chọn danh mục;57;4454846.98;0.2696;1.84;33;17;0;0;13/04/2026 21:53;https://res.bigseller.pro/sku/images/merchantsku/944484/866911_1754365715819.jpg?imageView2/1/w/300/h/300
2588;VICHY Kem Chống Nắng Capital Soleil Dry Touch SPF50 50ml (không nhờn rít) [MẪU MỚI];;Chưa chọn danh mục;51;4608804.23;0.2273;1.65;23;13;32;0;13/04/2026 21:53;https://res.bigseller.pro/sku/images/merchantsku/944484/335437_1754365713991.jpg?imageView2/1/w/300/h/300
2590;VICHY Kem dưỡng chống lão hóa Liftactiv Collagen Specialist - 15ML	( ĐÊM );;Chưa chọn danh mục;60;164587.8;0.042300000000000004;1.94;0;0;0;0;13/04/2026 21:53;https://res.bigseller.pro/sku/images/merchantsku/944484/358383_1755687689544.jpg?imageView2/1/w/300/h/300
2591;VICHY Kem dưỡng Chuyên Biệt Dùng Ban Ngày Liftactiv Collagen Specialist 16 Day Cream - 50ML;;Chưa chọn danh mục;1;43486.66;0.0558;0.03;0;0;0;0;13/04/2026 21:53;https://res.bigseller.pro/sku/images/merchantsku/944484/529289_1788485922122.jpg?imageView2/1/w/300/h/300
2593;VICHY Kem Dưỡng  Chuyên Biệt Ban Đêm Liftactiv Collagen Specialist 16 Night Cream 50ml;;Chưa chọn danh mục;0;0;0;0;0;--;0;0;13/04/2026 21:53;https://res.bigseller.pro/sku/images/merchantsku/944484/288851_1788426904322.jpg?imageView2/1/w/300/h/300
2594;VICHY Lăn Khử Mùi 48H Traitement Anti Transpirant 50ml;;Chưa chọn danh mục;30;238026.3;0.0397;0.97;47;48;0;0;13/04/2026 21:53;https://res.bigseller.pro/sku/images/merchantsku/944484/230897_1754365627939.jpg?imageView2/1/w/300/h/300
2595;VICHY Lăn Khử Mùi Détranspirant Intensif 72h Transpiration Excessive 50ml;;Chưa chọn danh mục;18;981075.76;0.2122;0.58;29;50;0;0;13/04/2026 21:53;https://res.bigseller.pro/sku/images/merchantsku/944484/525065_1754366217753.jpg?imageView2/1/w/300/h/300
2596;VICHY Serum Lifactiv B3 Dark Spost 30ml;;Chưa chọn danh mục;0;0;0;0;0;--;0;0;13/04/2026 21:53;https://res.bigseller.pro/sku/images/merchantsku/944484/859481_1787500114618.jpg?imageView2/1/w/300/h/300
2597;VICHY Serum Mineral 89 Fortifying Daily Booster - 50ml;;Chưa chọn danh mục;1;27500;0.0433;0.03;0;0;0;0;13/04/2026 21:53;https://res.bigseller.pro/sku/images/merchantsku/944484/581838_1754365818123.jpg?imageView2/1/w/300/h/300
2600;VICHY Xịt khoáng Mineralizing Thermal Water - 300ml;;Chưa chọn danh mục;0;0;0;0;8;--;0;0;13/04/2026 21:53;https://res.bigseller.pro/sku/images/merchantsku/944484/241336_1754365621758.jpg?imageView2/1/w/300/h/300
2606;VOUDIOTY Tinh dầu dưỡng tóc 60ml;;Chưa chọn danh mục;150;702540.5;0.0781;4.84;0;0;0;0;13/04/2026 21:53;https://res.bigseller.pro/sku/images/merchantsku/944484/748299_1785306992707.jpg?imageView2/1/w/300/h/300
2607;WEILAIYA Dầu Gội Nấm White Truffle Lightness Shampoo 450ml [XT];;Chưa chọn danh mục;4;61941.38;0.039900000000000005;0.13;0;0;0;0;13/04/2026 21:53;https://res.bigseller.pro/sku/images/merchantsku/944484/807578_1782723031441.jpg?imageView2/1/w/300/h/300
2608;WEILAIYA Dầu Xả Ginger Conditioner gừng trắng Đông y giảm rụng và kích thích mọc tóc 250ml [XT];;Chưa chọn danh mục;0;0;0;0;2;--;0;0;13/04/2026 21:53;https://res.bigseller.pro/sku/images/merchantsku/944484/714170_1782467397773.jpg?imageView2/1/w/300/h/300
2609;WEILAIYA Dầu Xả Nấm White Truffle Hair Nourishing Conditioner 450ml [XT];;Chưa chọn danh mục;4;61941.38;0.039900000000000005;0.13;0;0;0;0;13/04/2026 21:53;https://res.bigseller.pro/sku/images/merchantsku/944484/604979_1754365814754.jpg?imageView2/1/w/300/h/300
2612;WEILAIYA Sữa Tắm Damask Grand Rose Extracts Whitening Shower Gel 450ml [XT];;Chưa chọn danh mục;1;10679.96;0.0394;0.03;0;0;0;0;13/04/2026 21:53;https://res.bigseller.pro/sku/images/merchantsku/944484/612610_1754365621824.jpg?imageView2/1/w/300/h/300
2615;WONJIN Hộp 30 Miếng Mặt Nạ Wonjin Effect Mask 350g Chăm Da Mỗi Ngày - Hồng;;Chưa chọn danh mục;0;0;0;0;3;--;0;0;13/04/2026 21:53;https://res.bigseller.pro/sku/images/merchantsku/944484/910025_1754365914995.jpg?imageView2/1/w/300/h/300
2617;WONJIN Hộp 30 Miếng Mặt Nạ Wonjin Effect Mask 350g Chăm Da Mỗi Ngày - Xanh Dương;;Chưa chọn danh mục;0;0;0;0;2;--;0;0;13/04/2026 21:53;https://res.bigseller.pro/sku/images/merchantsku/944484/697595_1754365724776.jpg?imageView2/1/w/300/h/300
2619;WONJIN Mặt nạ Ampoule Edition Fill Air Mask 27g - 1 Miếng Hồng;;Chưa chọn danh mục;0;0;0;0;106;--;0;0;13/04/2026 21:53;https://res.bigseller.pro/sku/images/merchantsku/944484/542732_1754364216986.jpg?imageView2/1/w/300/h/300
2620;WONJIN Mặt nạ Ampoule Edition Fill Air Mask 27g - 1 Miếng Xanh dương;;Chưa chọn danh mục;0;0;0;0;20;--;0;0;13/04/2026 21:53;https://res.bigseller.pro/sku/images/merchantsku/944484/046610_1754998488432.jpg?imageView2/1/w/300/h/300
2621;WONJIN Mặt Nạ Effect Mask Lẻ 1 Miếng – Hồng;;Chưa chọn danh mục;51;55072.61;0.0519;1.65;60;36;0;0;13/04/2026 21:53;https://res.bigseller.pro/sku/images/merchantsku/944484/814466_1754998487722.jpg?imageView2/1/w/300/h/300
2622;WONJIN Mặt Nạ Effect Mask Lẻ 1 Miếng – Vàng;;Chưa chọn danh mục;46;79948.27;0.0818;1.48;0;0;0;0;13/04/2026 21:53;https://res.bigseller.pro/sku/images/merchantsku/944484/341001_1755015212603.jpg?imageView2/1/w/300/h/300
2623;WONJIN Mặt Nạ Effect Mask Lẻ 1 Miếng – Xanh Dương;;Chưa chọn danh mục;40;34414.8;0.0417;1.29;6;4;0;0;13/04/2026 21:53;https://res.bigseller.pro/sku/images/merchantsku/944484/627018_1754365904060.jpg?imageView2/1/w/300/h/300
2624;WONJIN Mặt Nạ Effect Mask Lẻ 1 Miếng – Xanh Lá;;Chưa chọn danh mục;50;34011.3;0.0331;1.61;14;8;0;0;13/04/2026 21:53;https://res.bigseller.pro/sku/images/merchantsku/944484/594492_1754364218322.jpg?imageView2/1/w/300/h/300
2625;YUEJIN Mặt nạ cấp ẩm B5 MELASMA SOS 25ml 1 MIẾNG (BẠC);;Chưa chọn danh mục;0;0;0;0;15;--;0;0;13/04/2026 21:53;https://res.bigseller.pro/sku/images/merchantsku/944484/871597_1754365818331.jpg?imageView2/1/w/300/h/300
2626;YUEJIN Mặt nạ cấp ẩm YUEJIN B5 REPAIR CONTROL EGF 25ml 1 MIẾNG;;Chưa chọn danh mục;460;408928.4;0.0785;14.84;285;19;0;0;13/04/2026 21:53;https://res.bigseller.pro/sku/images/merchantsku/944484/017205_1754365627012.jpg?imageView2/1/w/300/h/300
2628;Kiehl's Nước Cân Bằng Hoa Cúc Kiehl's Calendula Herbal Extract Alcohol-Free Toner - Midsize 75ml;;Chưa chọn danh mục;0;0;0;0;14;--;0;0;13/04/2026 21:53;https://res.bigseller.pro/sku/images/merchantsku/944484/958781_1789051790631.jpg?imageView2/1/w/300/h/300
2629;Kiehl's Nước Cân Bằng Hoa Cúc Kiehl's Calendula Herbal Extract Alcohol-Free Toner - Minisize 40ml;;Chưa chọn danh mục;0;0;0;0;3;--;0;0;13/04/2026 21:53;https://res.bigseller.pro/sku/images/merchantsku/944484/217117_1789051779874.jpg?imageView2/1/w/300/h/300
2631;SENSILIS Gel Rửa Mặt Purify Essential Cleanser - 50ml;;Chưa chọn danh mục;0;0;0;0;11;--;0;0;13/04/2026 21:53;https://res.bigseller.pro/sku/images/merchantsku/944484/941532_1782736961196.jpg?imageView2/1/w/300/h/300
2640;MAXCLINIC Kem Dưỡng 5% Melatonin Liposome Melatoninshot Cream - 25gr;;Chưa chọn danh mục;0;0;0;0;1;--;0;0;13/04/2026 21:53;https://res.bigseller.pro/sku/images/merchantsku/944484/400409_1787574968364.jpg?imageView2/1/w/300/h/300
2645;OBAGI Toner Nu-Derm Không Cồn Cân Bằng pH Hỗ Trợ Làm Dịu, Giảm Dầu Nhờn Cho Da 198ml;;Chưa chọn danh mục;0;0;0;0;0;--;0;0;13/04/2026 21:53;https://res.bigseller.pro/sku/images/merchantsku/944484/738775_1777548036783.jpg?imageView2/1/w/300/h/300
2646;OBAGI Sữa Rửa Mặt Gentle Cleanser Làm Sạch Dịu Nhẹ, Dưỡng Ẩm Cho Da 200ml;;Chưa chọn danh mục;1;375000;0.4286;0.03;9;300;0;0;13/04/2026 21:53;https://res.bigseller.pro/sku/images/merchantsku/944484/756233_1779799545631.jpg?imageView2/1/w/300/h/300
2654;MARVIS Nước Súc Miệng Collutorio Hương Bạc Hà Thơm Mát, Hỗ Trợ Làm Sạch Khoang Miệng Whitening Mint - 400ml;;Chưa chọn danh mục;14;1168619.06;0.3182;0.45;10;22;0;0;13/04/2026 21:53;https://res.bigseller.pro/sku/images/merchantsku/944484/614206_1777463944389.jpg?imageView2/1/w/300/h/300
2655;MARVIS Nước Súc Miệng Collutorio Hương Bạc Hà Thơm Mát, Hỗ Trợ Làm Sạch Khoang Miệng Strong Mint 400ml;;Chưa chọn danh mục;15;1129504.7;0.3032;0.48;3;6;0;0;13/04/2026 21:53;https://res.bigseller.pro/sku/images/merchantsku/944484/068376_1776960690695.jpg?imageView2/1/w/300/h/300
2656;MARVIS Nước Súc Miệng Collutorio Hương Bạc Hà Thơm Mát, Hỗ Trợ Làm Sạch Khoang Miệng Sensitive 400ml;;Chưa chọn danh mục;11;631949.14;0.25170000000000003;0.35;0;0;0;0;13/04/2026 21:53;https://res.bigseller.pro/sku/images/merchantsku/944484/694324_1776960921829.jpg?imageView2/1/w/300/h/300
2657;MEDIPEEL Kem Dưỡng Trắng Glutathione White Cream 50g;;Chưa chọn danh mục;5;123671.35;0.1309;0.16;6;37;0;0;13/04/2026 21:53;https://res.bigseller.pro/sku/images/merchantsku/944484/650611_1784700459221.jpg?imageView2/1/w/300/h/300
2659;SENSILIS Kem Chống Nắng Pure Age Perfection SPF50+ Kiềm Dầu, Giảm Bóng Nhờn Cho Da Dầu Mụn 40ml;;Chưa chọn danh mục;0;0;0;0;44;--;0;0;13/04/2026 21:53;https://res.bigseller.pro/sku/images/merchantsku/944484/326565_1779977874083.jpg?imageView2/1/w/300/h/300
2660;SENSILIS Sữa Chống Nắng Water Fluid SPF50+ Mỏng Nhẹ, Thấm Nhanh, Không Bết Dính 40ml;;Chưa chọn danh mục;0;0;0;0;22;--;0;0;13/04/2026 21:53;https://res.bigseller.pro/sku/images/merchantsku/944484/732314_1778172897743.jpg?imageView2/1/w/300/h/300
2663;SENSILIS Skin Rescue Serum S.O.S. Hỗ Trợ Làm Dịu, Giảm Mẩn Đỏ Và Duy Trì Độ Ẩm Cho Da 30ml;;Chưa chọn danh mục;0;0;0;0;1;--;0;0;13/04/2026 21:53;https://res.bigseller.pro/sku/images/merchantsku/944484/262091_1776864698079.jpg?imageView2/1/w/300/h/300
2665;GOODNDOC Serum PDRN Multi-molecule HA Exosome Cica 30ml;;GOODNDOC;2;371780;0.42340000000000005;0.06;1;16;0;0;13/04/2026 21:53;https://res.bigseller.pro/sku/images/merchantsku/944484/731859_1776857559639.jpg?imageView2/1/w/300/h/300
2666;COSMEDICA Serum B5 Hyaluronic Acid 30ml - Xanh dương;;Chưa chọn danh mục;3;765000;1;0.1;0;0;0;0;13/04/2026 21:53;https://res.bigseller.pro/sku/images/merchantsku/944484/714357_1781535474412.jpg?imageView2/1/w/300/h/300
2669;MEDICUBE - Mặt Nạ Thạch Gel 28g - VÀNG;;Chưa chọn danh mục;0;0;0;0;4;--;0;0;13/04/2026 21:53;https://res.bigseller.pro/sku/images/merchantsku/944484/428419_1789051771015.jpg?imageView2/1/w/300/h/300
2672;Goodal Kem Ốc Sên Premium Toner Up Cream - 30ml;;Chưa chọn danh mục;204;2262708.26;0.0576;6.58;0;0;0;0;13/04/2026 21:53;https://res.bigseller.pro/sku/images/merchantsku/944484/358603_1779349220713.jpg?imageView2/1/w/300/h/300
2682;CREST Kem Đánh Răng Crest 3D Advanced Charcoal 187g;;Chưa chọn danh mục;0;0;0;0;5;--;0;0;13/04/2026 21:53;https://res.bigseller.pro/sku/images/merchantsku/944484/333982_1779448272156.jpg?imageView2/1/w/300/h/300
2683;CREST Kem Đánh Răng Crest 3D White Brilliance Charcoal Mint 130g;;Chưa chọn danh mục;0;0;0;0;3;--;0;0;13/04/2026 21:53;https://res.bigseller.pro/sku/images/merchantsku/944484/634021_1779799545620.jpg?imageView2/1/w/300/h/300
2684;CREST Kem Đánh Răng Crest 3D White Brilliance Blast 130g;;Chưa chọn danh mục;0;0;0;0;2;--;0;0;13/04/2026 21:53;https://res.bigseller.pro/sku/images/merchantsku/944484/701578_1779448404940.jpg?imageView2/1/w/300/h/300
2686;Beplain Kem Chống Nắng Nâng Tone Sunmuse Sunscreen SPF 50+ PA++++ Xanh lá mới - 50ml;;Chưa chọn danh mục;0;0;0;0;0;--;0;0;13/04/2026 21:53;https://res.bigseller.pro/sku/images/merchantsku/944484/893758_1789044214720.jpg?imageView2/1/w/300/h/300
2692;Kem Đánh Răng SENSODYNE Giúp Trắng Răng, Nướu Khỏe Bảo Vệ Toàn Diện - Gum Care 100g;;Chưa chọn danh mục;0;0;0;0;0;--;0;0;13/04/2026 21:53;
2693;OEM Cọ tán son môi Silicon;;Chưa chọn danh mục;0;0;0;0;88;--;0;0;13/04/2026 21:52;https://res.bigseller.pro/sku/images/merchantsku/944484/395266_1763109737802.jpg?imageView2/1/w/300/h/300
2694;Kem Dưỡng Da Tay Silk Oil Elixir Nga 80ml - Da Khô;;Chưa chọn danh mục;1;47650;0.6514;0.03;0;0;0;0;13/04/2026 21:52;https://res.bigseller.pro/sku/images/merchantsku/944484/413293_1757512962056.jpg?imageView2/1/w/300/h/300
2696;Bông Tắm Tẩy Tế Bào Chết Tròn Cao Cấp;;Chưa chọn danh mục;3;28179;0.5317000000000001;0.1;24;240;0;0;13/04/2026 21:52;https://res.bigseller.pro/sku/images/merchantsku/944484/533900_1754365819936.jpg?imageView2/1/w/300/h/300
2697;OEM Cọ Tán Kem Nền Chuyên Nghiệp Foundation;;Chưa chọn danh mục;0;0;0;0;2;--;0;0;13/04/2026 21:52;https://res.bigseller.pro/sku/images/merchantsku/944484/138669_1754365724978.jpg?imageView2/1/w/300/h/300
2698;Khăn mặt nén Hàn Quốc 25x31cm - COMBO 5 VIÊN [XT];;Chưa chọn danh mục;1;12967;0.8645;0.03;111;3700;0;0;13/04/2026 21:52;https://res.bigseller.pro/sku/images/merchantsku/944484/465368_1754365812054.jpg?imageView2/1/w/300/h/300
2700;BUBCHEN Dầu Massage Baby Ol An Toàn Cho trẻ sơ sinh 200ml;;Chưa chọn danh mục;0;0;0;0;0;--;0;0;13/04/2026 21:53;https://res.bigseller.pro/sku/images/merchantsku/944484/115583_1754366220055.jpg?imageView2/1/w/300/h/300
2701;CERAVE Sữa Rửa Mặt Foaming Cleanser - 88ml FRANCE;;Chưa chọn danh mục;77;2928364.4;0.25730000000000003;2.48;21;8;0;0;13/04/2026 21:53;https://res.bigseller.pro/sku/images/merchantsku/944484/837739_1754365908198.jpg?imageView2/1/w/300/h/300
2702;NEOGEN Serum Dermalogy Real Vita C 22% + 5% Niacinamide - 10g [XT];;Chưa chọn danh mục;0;0;0;0;5;--;0;0;13/04/2026 21:53;https://res.bigseller.pro/sku/images/merchantsku/944484/175841_1756125546711.jpg?imageView2/1/w/300/h/300
2703;CARYOPHY Sữa Rửa Mặt Portulaca Cleansing Foam 150ml;;Chưa chọn danh mục;10;90769.2;0.048499999999999995;0.32;6;18;0;0;13/04/2026 21:53;https://res.bigseller.pro/sku/images/merchantsku/944484/169456_1754365626373.jpg?imageView2/1/w/300/h/300
2704;CNP Ủ dưỡng môi CNP Laboratory Propolis Lipcerin dung tích 15ml;;Chưa chọn danh mục;2;16418.98;0.0417;0.06;7;116;0;0;13/04/2026 21:53;https://res.bigseller.pro/sku/images/merchantsku/944484/447114_1754365712368.jpg?imageView2/1/w/300/h/300
2709;LRP Toner Effaclar Astringent Lotion 200ml (da dầu);;Chưa chọn danh mục;5;752121.9;0.3538;0.16;25;156;0;0;13/04/2026 21:53;https://res.bigseller.pro/sku/images/merchantsku/944484/842868_1754365910912.jpg?imageView2/1/w/300/h/300
2710;LRP Xịt Khoáng Serozinc Zinc Sulfate Solution Cleansing, Soothing - 150ml;;Chưa chọn danh mục;33;1999684.99;0.2158;1.06;9;8;0;0;13/04/2026 21:53;https://res.bigseller.pro/sku/images/merchantsku/944484/588749_1754365818066.jpg?imageView2/1/w/300/h/300
2712;OLD SPICE Dầu Gội & Xả 2in1 Hương Nước Hoa Nam Tính 650ml - Bearglove;;Chưa chọn danh mục;3;196640;0.371;0.1;0;0;0;0;13/04/2026 21:53;https://res.bigseller.pro/sku/images/merchantsku/944484/463633_1755687689262.jpg?imageView2/1/w/300/h/300
2713;OLEXRS Dầu Gội Olexrs Argan Oil Collagen Hair Salon - 500ml;;Chưa chọn danh mục;33;207680.86;0.0555;1.06;0;0;0;0;13/04/2026 21:53;https://res.bigseller.pro/sku/images/merchantsku/944484/502903_1754364218301.jpg?imageView2/1/w/300/h/300
2714;OLEXRS Dầu Xả Olexrs Argan Oil Collagen Hair Salon - 500ml;;Chưa chọn danh mục;23;159317.59;0.060700000000000004;0.74;12;16;0;0;13/04/2026 21:53;https://res.bigseller.pro/sku/images/merchantsku/944484/166262_1754919949229.jpg?imageView2/1/w/300/h/300
2715;PRETTYSKIN Nước tẩy trang B5 Prettyskin Cleansing Water Pretty Skin 500ml (Xanh dương);;Chưa chọn danh mục;2;20209.3;0.059800000000000006;0.06;0;0;0;0;13/04/2026 21:53;https://res.bigseller.pro/sku/images/merchantsku/944484/785418_1774231516476.jpg?imageView2/1/w/300/h/300
2717;ST.IVES Sữa Tắm Tẩy Tế Bào Chết 700ml - Cam Chanh;;Chưa chọn danh mục;8;298232;0.22940000000000002;0.26;0;0;0;0;13/04/2026 21:53;https://res.bigseller.pro/sku/images/merchantsku/944484/671595_1754998314148.jpg?imageView2/1/w/300/h/300
2720;VAGISIL DDVS Vagisil Scentsitive Scents Daily Intimate Wash Peach Blossom - CAM 354ml;;Chưa chọn danh mục;0;0;0;0;3;--;0;0;14/04/2026 09:55;https://res.bigseller.pro/sku/images/merchantsku/944484/424003_1779196153168.jpg?imageView2/1/w/300/h/300
2725;OBAGI Kem Dưỡng Ẩm Obagi ELASTIDERM Lift Up & Sculpt Facial Moisturizer - 50ML;;Chưa chọn danh mục;0;0;0;0;1;--;0;0;14/04/2026 10:52;https://res.bigseller.pro/sku/images/merchantsku/944484/105120_1789051771123.jpg?imageView2/1/w/300/h/300
2727;OBAGI Kem Dưỡng Da Vùng Mắt Obagi Elastiderm Eye Cream - 15g;;Chưa chọn danh mục;0;0;0;0;1;--;0;0;14/04/2026 10:52;
2728;CETAPHIL Sữa rửa mặt Gentle Skin Cleanser - 1000ml;;Chưa chọn danh mục;1;33680;0.0583;0.03;1;33;0;0;14/04/2026 11:07;https://res.bigseller.pro/sku/images/merchantsku/944484/175649_1787499029970.jpg?imageView2/1/w/300/h/300
2729;LUCENBASE Sữa Dưỡng Thể 377 Niacinamide Retinol LUCENBASE - 250g;;Chưa chọn danh mục;6;63509.13;0.0802;0.19;0;0;0;0;14/04/2026 13:34;https://res.bigseller.pro/sku/images/merchantsku/944484/460520_1778128001022.jpg?imageView2/1/w/300/h/300
2732;SUNSHINE Glutathione 10x – Nước uống trắng da set 10;;Chưa chọn danh mục;0;0;0;0;0;--;0;0;14/04/2026 13:34;https://res.bigseller.pro/sku/images/merchantsku/944484/452736_1787496167049.jpg?imageView2/1/w/300/h/300
2734;DR.PEPTI Tinh chất trị nám Centella Dark Sport Solution Ampoule - 30ml;;Chưa chọn danh mục;1;7428.57;0.0271;0.03;0;0;0;0;14/04/2026 13:34;https://res.bigseller.pro/sku/images/merchantsku/944484/332072_1785807014150.jpg?imageView2/1/w/300/h/300
2735;TFIT Bảng Kem Che Khuyết Điểm Ba Màu Che Phủ Quầng Thâm Và Mụn - 01 Neutral;;Chưa chọn danh mục;0;0;0;0;3;--;0;0;14/04/2026 14:33;https://res.bigseller.pro/sku/images/merchantsku/944484/999539_1776160374455.jpg?imageView2/1/w/300/h/300
2736;COCOON Tinh Chất Xịt Dưỡng Sen Hậu Giang Hau Giang Lotus Soothing Serum Mist  - 100ml;;Chưa chọn danh mục;0;0;0;0;4;--;0;0;14/04/2026 14:33;https://res.bigseller.pro/sku/images/merchantsku/944484/801667_1789051756531.jpg?imageView2/1/w/300/h/300
2737;HATOMUGI Dầu Tẩy Trang Hatomugi Reihaku Hatomugi Cleansing Lotion - 500ml;;Chưa chọn danh mục;2;164583.34;0.4014;0.06;0;0;0;0;14/04/2026 15:22;https://res.bigseller.pro/sku/images/merchantsku/944484/440230_1784205017574.jpg?imageView2/1/w/300/h/300
2738;KOBAYASHI Lăn khử mùi Kobayashi WAKIGUARD Nhật Bản dạng gel - 50g;;Chưa chọn danh mục;30;279712.65;0.0758;0.97;1;1;0;0;15/04/2026 09:37;https://res.bigseller.pro/sku/images/merchantsku/944484/484083_1776220651928.jpg?imageView2/1/w/300/h/300
2739;QUICKSTICK Que thử thai One-step Pregnancy Test;;Chưa chọn danh mục;42;-7040788.24;-6.4624;1.35;76;56;0;0;15/04/2026 10:45;https://res.bigseller.pro/sku/images/merchantsku/944484/241097_1779448272269.jpg?imageView2/1/w/300/h/300
2740;BIOTRADE Viên Uống Trị Mụn Biotrade Acnaut Food Supplement With Brewer’s Yeast 30 Viên;;Chưa chọn danh mục;0;0;0;0;4;--;0;0;15/04/2026 10:45;https://res.bigseller.pro/sku/images/merchantsku/944484/963063_1789051790545.jpg?imageView2/1/w/300/h/300
2743;GOODNDOC Kem chống nắng Sun Repair SPF50+ PA+++ 50ml;;Chưa chọn danh mục;7;308000;0.1583;0.23;0;0;0;0;16/04/2026 08:54;https://res.bigseller.pro/sku/images/merchantsku/944484/251734_1776961233051.jpg?imageView2/1/w/300/h/300
2744;SO'NATURAL Serum Red Peel Tingle Serum - 35ml;;Chưa chọn danh mục;13;82580.22;0.0235;0.42;14;33;0;0;16/04/2026 10:29;https://res.bigseller.pro/sku/images/merchantsku/944484/732483_1782467138160.jpg?imageView2/1/w/300/h/300
2745;URIAGE Sữa Rửa Mặt Depiderm Mousse Nettoyante Éclat - 100ml;;Chưa chọn danh mục;24;2693092;0.2956;0.77;0;0;0;0;16/04/2026 10:30;https://res.bigseller.pro/sku/images/merchantsku/944484/162208_1776960546988.jpg?imageView2/1/w/300/h/300
2747;OEM Mũ Trùm Tóc Khi Tắm Bằng Nilon In Hình Hoạt Họa Dễ Thương, Giúp Ủ Dưỡng Tóc, Spa Tại Nhà;;Chưa chọn danh mục;5;26000;0.8075;0.16;572;3575;0;0;16/04/2026 11:35;https://res.bigseller.pro/sku/images/merchantsku/944484/081872_1777465794724.jpg?imageView2/1/w/300/h/300
2748;VASELINE Dưỡng môi Lip Therapy UK 20g [XT] - Cocoa Butter;;VASELINE;0;0;0;0;0;--;0;0;16/04/2026 16:25;https://res.bigseller.pro/sku/images/merchantsku/944484/189859_1776961232626.jpg?imageView2/1/w/300/h/300
2749;KMAS Mặt nạ phục hồi, dưỡng da sau treatment Kmas Ultimate Recovery Mask - hộp 10 miếng;;Chưa chọn danh mục;1;12685.87;0.0461;0.03;2;66;0;0;17/04/2026 10:03;https://res.bigseller.pro/sku/images/merchantsku/944484/747819_1789044213827.jpg?imageView2/1/w/300/h/300
2752;ARET Gel Trị Mụn Tre USP Aret  Hỗ Trợ Giảm Mụn, Mờ Thâm - 0.1%;;Chưa chọn danh mục;0;0;0;0;0;--;0;0;17/04/2026 10:23;
2754;AHOHWA Mặt Nạ Ủ Trắng Dạng Kem Tone-Up Brightening Cream Mask - 20g;;Chưa chọn danh mục;90;511000;0.115;2.9;24;8;0;0;18/04/2026 10:31;https://res.bigseller.pro/sku/images/merchantsku/944484/370506_1783928008885.jpg?imageView2/1/w/300/h/300
2755;FIVE GRAINS Kem Dưỡng Niacinamide, Alpha-Arbutin Ban Ngày - 200ml;;Chưa chọn danh mục;43;272096.82;0.0702;1.39;0;0;0;0;18/04/2026 11:45;https://res.bigseller.pro/sku/images/merchantsku/944484/949113_1778903350077.jpg?imageView2/1/w/300/h/300
2756;JM Nước Hoa Hồng Jmsolution Glow Luminous Flower Firming - HỒNG 600ml;;Chưa chọn danh mục;0;0;0;0;1;--;0;0;18/04/2026 11:45;
2757;JM Nước Hoa Hồng Jmsolution Marine Luminous Pearl - XANH 600ml;;Chưa chọn danh mục;0;0;0;0;1;--;0;0;18/04/2026 11:45;https://res.bigseller.pro/sku/images/merchantsku/944484/093418_1789044214027.jpg?imageView2/1/w/300/h/300
2758;JM Nước Hoa Hồng Jmsolution Honey Luminous Black - Nâu 600ml;;Chưa chọn danh mục;0;0;0;0;1;--;0;0;18/04/2026 11:45;https://res.bigseller.pro/sku/images/merchantsku/944484/450874_1789044213805.jpg?imageView2/1/w/300/h/300
2760;HETRAS Set Nước Hoa Ô Tô Hetras set 2 lọ (77ml x 2) - Hotel Wood;;Chưa chọn danh mục;0;0;0;0;0;--;0;0;20/04/2026 14:34;https://res.bigseller.pro/sku/images/merchantsku/944484/454808_1789044213785.jpg?imageView2/1/w/300/h/300
2762;OLEXRS Tinh dầu dưỡng tóc Hairsalon 80ml;;Chưa chọn danh mục;4;19830.52;0.0594;0.13;1;7;0;0;20/04/2026 15:48;https://res.bigseller.pro/sku/images/merchantsku/944484/310659_1778125955915.jpg?imageView2/1/w/300/h/300
2763;SO'NATURAL Serum Red Peel Tingle Serum - 11ml ( CHỮ ĐỎ );;Chưa chọn danh mục;72;392028.78;0.0436;2.32;0;0;0;0;20/04/2026 15:50;https://res.bigseller.pro/sku/images/merchantsku/944484/333933_1782467201300.jpg?imageView2/1/w/300/h/300
2766;AVENE Gel Tẩy Tế Bào Chết Dịu Nhẹ Gentle Exfoliating Gel - 50ml;;Chưa chọn danh mục;0;0;0;0;3;--;0;0;21/04/2026 09:08;https://res.bigseller.pro/sku/images/merchantsku/944484/872922_1787500199433.jpg?imageView2/1/w/300/h/300
2767;MARVIS Kem đánh răng phiên bản Garden Collection 75ml - Kissing Rose ( Hoa Hồng );;Chưa chọn danh mục;28;382365.04;0.0861;0.9;0;0;0;0;21/04/2026 11:18;https://res.bigseller.pro/sku/images/merchantsku/944484/356676_1778125732788.jpg?imageView2/1/w/300/h/300
2771;BIODERMA Sữa Chống Nắng Photoderm XDefense Ultra-fluid SPF50+ - INVISIBLE;;Chưa chọn danh mục;0;0;0;0;0;--;0;0;22/04/2026 08:41;https://res.bigseller.pro/sku/images/merchantsku/944484/002480_1778125451725.jpg?imageView2/1/w/300/h/300
2772;BIODERMA Sữa Chống Nắng Photoderm XDefense Ultra-fluid SPF50+ - BEIGE;;Chưa chọn danh mục;0;0;0;0;0;--;0;0;22/04/2026 08:41;https://res.bigseller.pro/sku/images/merchantsku/944484/906230_1778125406641.jpg?imageView2/1/w/300/h/300
2777;BEPLAIN Kem dưỡng da Cica PDRN Repair Cream - 50ml;;Chưa chọn danh mục;0;0;0;0;2;--;0;0;23/04/2026 13:28;https://res.bigseller.pro/sku/images/merchantsku/944484/889495_1778125070654.jpg?imageView2/1/w/300/h/300
2778;BYPHASSE Nước Tẩy Trang Solution Micellaire Hồng - 500ml;;Chưa chọn danh mục;0;0;0;0;0;--;0;0;23/04/2026 13:28;https://res.bigseller.pro/sku/images/merchantsku/944484/846684_1778125039554.jpg?imageView2/1/w/300/h/300
2779;MARVIS Kem Đánh Răng Marvis Chiết Xuất Hoa Nhài - Màu Tím Jasmin Mint 85ml;;Chưa chọn danh mục;8;472488.4;0.3056;0.26;4;15;0;0;23/04/2026 13:28;https://res.bigseller.pro/sku/images/merchantsku/944484/136143_1781763918537.jpg?imageView2/1/w/300/h/300
2783;TOPICREM Kem dưỡng CICA+ Soothing Cream - 40ml;;Chưa chọn danh mục;5;665000;0.3811;0.16;0;0;0;0;24/04/2026 11:19;https://res.bigseller.pro/sku/images/merchantsku/944484/892293_1777004415613.jpg?imageView2/1/w/300/h/300
2785;EUCERIN Sữa Rửa Mặt pH5 Facial Cleanser - 400ml;;Chưa chọn danh mục;7;101994.24;0.06849999999999999;0.23;0;0;0;0;24/04/2026 15:27;https://res.bigseller.pro/sku/images/merchantsku/944484/377694_1779686472122.jpg?imageView2/1/w/300/h/300
2787;ARRAHAN Gel Tẩy Tế Bào Chết Arrahan 180ml - Hương Táo;;Chưa chọn danh mục;0;0;0;0;0;--;0;0;25/04/2026 11:45;https://res.bigseller.pro/sku/images/merchantsku/944484/336566_1777092317165.jpg?imageView2/1/w/300/h/300
2791;Vaseline Sữa Dưỡng Thể Trắng Da Vaseline -  300ml Tuýp Hồng MẪU MỚI;;Chưa chọn danh mục;99;956617.5;0.1038;3.19;1;0;0;0;28/04/2026 14:53;https://res.bigseller.pro/sku/images/merchantsku/944484/565021_1787503245368.jpg?imageView2/1/w/300/h/300
2800;JM Solution Derma care vita relax jelly mask viên thuốc - Xanh lá;;Chưa chọn danh mục;23;237250;0.9116;0.74;0;0;0;0;29/04/2026 14:31;https://res.bigseller.pro/sku/images/merchantsku/944484/190083_1777448036858.jpg?imageView2/1/w/300/h/300
2801;JM Solution Derma care vita relax jelly mask viên thuốc - Đỏ;;Chưa chọn danh mục;16;164000;0.9111;0.52;4;7;0;0;29/04/2026 14:32;https://res.bigseller.pro/sku/images/merchantsku/944484/362642_1777448043945.jpg?imageView2/1/w/300/h/300
2802;MARVIS Kem đánh răng phiên bản Sinous Lily - 75ml;;Chưa chọn danh mục;8;169000;0.12789999999999999;0.26;17;65;0;0;29/04/2026 17:01;https://res.bigseller.pro/sku/images/merchantsku/944484/396576_1777813421341.jpg?imageView2/1/w/300/h/300
2805;SVR Nước Tẩy Trang Sebiaclear Eau Micellaire - 75ml (xanh lá);;Chưa chọn danh mục;52;511016.64;0.1643;1.68;26;15;0;0;46117.57048611111;https://res.bigseller.pro/sku/images/merchantsku/944484/519271_1779722217423.jpg?imageView2/1/w/300/h/300
2806;ARRAHAN Gel Tẩy Tế Bào Chết Arrahan than  180ml;;Chưa chọn danh mục;0;0;0;0;0;--;0;0;46117.701736111114;https://res.bigseller.pro/sku/images/merchantsku/944484/990881_1777888220920.jpg?imageView2/1/w/300/h/300
2807;ARRAHAN Gel Tẩy Tế Bào Chết Arrahan lemon 180ml;;Chưa chọn danh mục;3;29499.99;0.14679999999999999;0.1;0;0;0;0;46117.70243055555;https://res.bigseller.pro/sku/images/merchantsku/944484/593692_1777888316519.jpg?imageView2/1/w/300/h/300
2808;ARRAHAN Gel Tẩy Tế Bào Chết Arrahan aloe 180ml;;Chưa chọn danh mục;0;0;0;0;0;--;0;0;46117.703125;https://res.bigseller.pro/sku/images/merchantsku/944484/000278_1777888356897.jpg?imageView2/1/w/300/h/300
2812;HETRAS Tinh Dầu Thơm Phòng – SET 2 CHAI x 500ML Hotel Wood;;Chưa chọn danh mục;0;0;0;0;5;--;0;0;46147.57465277778;https://res.bigseller.pro/sku/images/merchantsku/944484/143895_1778124716464.jpg?imageView2/1/w/300/h/300
2813;SKIN1004 Tinh chất Madagascar Centella Ampoule - 30ML;;Chưa chọn danh mục;5;40909.1;0.132;0.16;0;0;0;0;46147.57465277778;https://res.bigseller.pro/sku/images/merchantsku/944484/067252_1787500762089.jpg?imageView2/1/w/300/h/300
2819;JM SOLUTION - Mặt nạ B5 Whitening hộp 10 miếng - HYDRATING Xanh đậm;;Chưa chọn danh mục;0;0;0;0;0;--;0;0;46178.607986111114;https://res.bigseller.pro/sku/images/merchantsku/944484/564009_1778123493213.jpg?imageView2/1/w/300/h/300
2821;PRECIOUS SKIN Sữa dưỡng thể Snail Gold Arbutin Mix Berry Precious Skin - 500ml;;Chưa chọn danh mục;178;1330570.26;0.0725;5.74;0;0;0;0;46178.68090277778;https://res.bigseller.pro/sku/images/merchantsku/944484/560082_1778059263900.jpg?imageView2/1/w/300/h/300
2824;CETAPHIL Kem dưỡng ẩm PRO AD Derma Skin Restoring Moisturizer - 145ml;;Chưa chọn danh mục;0;0;0;0;1;--;0;0;46208.62326388889;https://res.bigseller.pro/sku/images/merchantsku/944484/962245_1779722325114.jpg?imageView2/1/w/300/h/300
2832;DOVE Lăn Ngăn Mùi Deodorant Serum 3% Niacinamide + 10X Collagen - 45ML;;Chưa chọn danh mục;29;142500;0.08560000000000001;0.94;0;0;0;0;46239.57256944444;https://res.bigseller.pro/sku/images/merchantsku/944484/299081_1778222701728.jpg?imageView2/1/w/300/h/300
2836;MARVIS Tăm Chỉ Nha Khoa Dental Floss Toothpick 50 Pieces - ĐEN;;Chưa chọn danh mục;61;110000;1;1.97;62;31;0;0;46239.67673611111;https://res.bigseller.pro/sku/images/merchantsku/944484/341909_1779195877049.jpg?imageView2/1/w/300/h/300
2839;CETAPHIL Sữa dưỡng ẩm Moisturizing Lotion - 59ml;;Chưa chọn danh mục;18;270000;1;0.58;0;0;0;0;46270.480208333334;https://res.bigseller.pro/sku/images/merchantsku/944484/355006_1782390936798.jpg?imageView2/1/w/300/h/300
2840;CETAPHIL Sữa Dưỡng Ẩm Gentle Exfolioating SA Lotion - 29ml;;Chưa chọn danh mục;0;0;0;0;0;--;0;0;46270.480208333334;
2841;CETAPHIL Kem Chống Nắng Daily Defense Cream SPF50 Sensitive Skin SPF50 - 10g XANH LÁ;;Chưa chọn danh mục;0;0;0;0;34;--;0;0;46270.480208333334;https://res.bigseller.pro/sku/images/merchantsku/944484/673089_1785469100190.jpg?imageView2/1/w/300/h/300
2842;CETAPHIL Kem dưỡng ẩm Face and Body Moisturizing Cream - 10gr;;Chưa chọn danh mục;0;0;0;0;28;--;0;0;46270.480208333334;https://res.bigseller.pro/sku/images/merchantsku/944484/702692_1789044213816.jpg?imageView2/1/w/300/h/300
2843;CETAPHIL Bộ Serum & kem dưỡng Soothing And Comforting Cica Restoring - SAMPLE;;Chưa chọn danh mục;0;0;0;0;0;--;0;0;46270.480208333334;https://res.bigseller.pro/sku/images/merchantsku/944484/351026_1778635542799.jpg?imageView2/1/w/300/h/300
2845;NIVEA Kem dưỡng ẩm Dưỡng Da Sáng Mịn - Fullsize 60ml;;Chưa chọn danh mục;3;15000;0.08929999999999999;0.1;0;0;0;0;46361.41840277778;https://res.bigseller.pro/sku/images/merchantsku/944484/842714_1778567241225.jpg?imageView2/1/w/300/h/300
2851;SCHICK Dao Cạo Cho Nữ Schick Exacta2 Sensitive Dùng Một Lần (3 Cây);;Chưa chọn danh mục;5;104920;0.512;0.16;7;43;0;0;13/05/2026 10:20;https://res.bigseller.pro/sku/images/merchantsku/944484/538209_1779195713019.jpg?imageView2/1/w/300/h/300
2852;LISTERINE Nước súc miệng Cool Mint - 100ml;;Chưa chọn danh mục;1;45990;0.6665000000000001;0.03;10;333;0;0;13/05/2026 10:20;https://res.bigseller.pro/sku/images/merchantsku/944484/296618_1781189516779.jpg?imageView2/1/w/300/h/300
2853;GOODNDOC Sữa Rửa Mặt GoodnDoc Three Out Clear Foam Cleanser - 125ml;;Chưa chọn danh mục;1;98750;0.2606;0.03;1;33;0;0;13/05/2026 14:20;https://res.bigseller.pro/sku/images/merchantsku/944484/274855_1778656845054.jpg?imageView2/1/w/300/h/300
2855;THE ORDINARY Acid Glycolic Acid 7% Toning Solution - 100ml;;Chưa chọn danh mục;5;38531.75;0.0313;0.16;0;0;0;0;14/05/2026 09:28;https://res.bigseller.pro/sku/images/merchantsku/944484/876452_1784776428874.jpg?imageView2/1/w/300/h/300
2860;HETRAS Tinh Dầu Thơm Phòng – SET 2 CHAI x 500ML Flower Shop;;Chưa chọn danh mục;6;0;0;0.19;14;73;0;0;14/05/2026 16:45;https://res.bigseller.pro/sku/images/merchantsku/944484/888629_1788534471878.jpg?imageView2/1/w/300/h/300
2863;HEAD & SHOULDERS Dầu Gội Clinical Strength 4X - Tím 400ml;;Chưa chọn danh mục;64;878796;0.0622;2.06;8;3;0;0;15/05/2026 14:01;https://res.bigseller.pro/sku/images/merchantsku/944484/162918_1778828586807.jpg?imageView2/1/w/300/h/300
2864;HEAD & SHOULDERS Dầu Gội Clinical Strength 4X - Cam 400ml;;Chưa chọn danh mục;210;2436940;0.053099999999999994;6.77;1;0;0;0;15/05/2026 14:01;https://res.bigseller.pro/sku/images/merchantsku/944484/886584_1778828578372.jpg?imageView2/1/w/300/h/300
2865;HEAD & SHOULDERS Dầu Gội Clinical Strength 4X - Xanh Lá 400ml;;Chưa chọn danh mục;68;874884;0.058499999999999996;2.19;6;2;0;0;15/05/2026 14:01;https://res.bigseller.pro/sku/images/merchantsku/944484/489950_1778828571802.jpg?imageView2/1/w/300/h/300
2872;VOUDIOTY COMBO Dầu gội xả Biotin Collagen Essence Pink - 500ml HỒNG [ MẪU MỚI ];;Chưa chọn danh mục;2;142.86;0.0003;0.06;11;183;0;0;15/05/2026 14:57;https://res.bigseller.pro/sku/images/merchantsku/944484/213855_1778831871141.jpg?imageView2/1/w/300/h/300
2873;MEDICUBE Tinh Chất Dưỡng Sáng Da Medicube Glutathione Glow Serum - 30g;;Chưa chọn danh mục;5;45000;0.0359;0.16;0;0;0;0;16/05/2026 09:19;https://res.bigseller.pro/sku/images/merchantsku/944484/475505_1778903247295.jpg?imageView2/1/w/300/h/300
2874;HADA LABO Sữa Rửa Mặt Hada Labo Cleanser 80g - Trắng;;Chưa chọn danh mục;9;21550.5;0.038;0.29;0;0;0;0;16/05/2026 09:19;https://res.bigseller.pro/sku/images/merchantsku/944484/832854_1778902659997.jpg?imageView2/1/w/300/h/300
2875;HADA LABO Sữa Rửa Mặt Hada Labo Cleanser 80g - Xanh Dương;;Chưa chọn danh mục;0;0;0;0;5;--;0;0;16/05/2026 09:19;https://res.bigseller.pro/sku/images/merchantsku/944484/100982_1779681028966.jpg?imageView2/1/w/300/h/300
2879;GARNIER Nước Tẩy Trang Micellar Cleansing Water 125ml - Hồng nhạy cảm;;Chưa chọn danh mục;1;73258.62;0.74;0.03;5;166;0;0;18/05/2026 14:53;https://res.bigseller.pro/sku/images/merchantsku/944484/521958_1782391813165.jpg?imageView2/1/w/300/h/300
2880;VELLA Super Green Solution 5.5 Cleanser - 150ml;;Chưa chọn danh mục;0;0;0;0;10;--;0;0;18/05/2026 17:03;https://res.bigseller.pro/sku/images/merchantsku/944484/064082_1786950124975.jpg?imageView2/1/w/300/h/300
2881;VELLA Sáp Tẩy Trang Mugwort Balm - 80g;;Chưa chọn danh mục;0;0;0;0;9;--;0;0;18/05/2026 17:03;https://res.bigseller.pro/sku/images/merchantsku/944484/334879_1786950228053.jpg?imageView2/1/w/300/h/300
2884;CETAPHIL Sữa rửa mặt Gentle Skin Cleanser - 473ml;;Chưa chọn danh mục;5;43865;0.0282;0.16;0;0;0;0;19/05/2026 14:03;https://res.bigseller.pro/sku/images/merchantsku/944484/984858_1787498915633.jpg?imageView2/1/w/300/h/300
2888;BNBG Mặt nạ dưỡng da Mix hộp 10 miếng;;Chưa chọn danh mục;37;245518.24;0.053;1.19;1;0;0;0;19/05/2026 17:06;https://res.bigseller.pro/sku/images/merchantsku/944484/004668_1779896813074.jpg?imageView2/1/w/300/h/300
2889;KUMANO Dầu tẩy trang Deve Nhật Bản chiết xuất từ Olive và Argan - 500ml;;Chưa chọn danh mục;4;428000;0.44770000000000004;0.13;0;0;0;0;20/05/2026 09:08;https://res.bigseller.pro/sku/images/merchantsku/944484/743304_1782467019120.jpg?imageView2/1/w/300/h/300
2891;VELY VELY Serum Chống Nắng Vitamin Dark Spot Tone-Up Sun SPF50+ PA+++ 30ml [XT];;Chưa chọn danh mục;0;0;0;0;0;--;0;0;20/05/2026 15:10;https://res.bigseller.pro/sku/images/merchantsku/944484/261968_1779266023663.jpg?imageView2/1/w/300/h/300
2894;EUCERIN Sữa rửa mặt Eucerin Pro ACNE Solution Cleansing Gel - 400ML;;Chưa chọn danh mục;7;536357.73;0.2089;0.23;49;213;0;0;21/05/2026 13:49;https://res.bigseller.pro/album/944484/20260525052305384efc68327e58a9c5baaaa98541fbde.jpg?imageView2/1/w/300/h/300
2895;EUCERIN Sữa rửa mặt Eucerin Pro ACNE Solution Cleansing Gel - 200ML;;Chưa chọn danh mục;16;140070.24;0.044000000000000004;0.52;49;94;0;0;21/05/2026 13:49;https://res.bigseller.pro/sku/images/merchantsku/944484/498034_1785895290594.jpg?imageView2/1/w/300/h/300
2896;MARVIS Kem Đánh Răng Ý 85ml – Classic Strong mint ( Xanh lá );;Chưa chọn danh mục;3;194000;0.32549999999999996;0.1;0;0;0;0;21/05/2026 15:29;https://res.bigseller.pro/sku/images/merchantsku/944484/322250_1781535026662.jpg?imageView2/1/w/300/h/300
2897;TETRA Bông Tẩy Trang Pháp LE SOIN A L’ÉTAT PUR - 500 miếng;;Chưa chọn danh mục;131;8392851.61;0.4439;4.23;0;0;0;0;22/05/2026 10:35;https://res.bigseller.pro/sku/images/merchantsku/944484/094653_1783327919083.jpg?imageView2/1/w/300/h/300
2898;JM SOLUTION mặt nạ Derma care vita relax jelly mask viên thuốc - Vàng;;Chưa chọn danh mục;97;355000;1;3.13;0;0;0;0;22/05/2026 14:14;https://res.bigseller.pro/sku/images/merchantsku/944484/626834_1782467543241.jpg?imageView2/1/w/300/h/300
2900;HETRAS Sữa Tắm HOTEL THERAPY BODY WASH - SOOSUNHWA 1013ml;;Chưa chọn danh mục;4;39306.88;0.0401;0.13;53;407;0;0;25/05/2026 11:27;https://res.bigseller.pro/sku/images/merchantsku/944484/798100_1788534173218.jpg?imageView2/1/w/300/h/300
2910;HADA LABO Sữa Rửa Mặt Hada Labo Cleanser 80g - Xanh lá;;Chưa chọn danh mục;0;0;0;0;4;--;0;0;25/05/2026 11:27;https://res.bigseller.pro/sku/images/merchantsku/944484/624750_1779870538547.jpg?imageView2/1/w/300/h/300
2911;SO.NATURAL Xịt Dưỡng Nền Water Glow Make Up Setting Fixx So'Natural 75ml - Hồng nhạt;;Chưa chọn danh mục;5;49525.15;0.0384;0.16;2;12;0;0;25/05/2026 11:27;https://res.bigseller.pro/sku/images/merchantsku/944484/375872_1784883261265.jpg?imageView2/1/w/300/h/300
2912;MD CARE Kem dưỡng A.R.T BRIGHTENING COMPLEX 30ml - Tím đậm;;Chưa chọn danh mục;0;0;0;0;0;--;0;0;25/05/2026 14:30;https://res.bigseller.pro/sku/images/merchantsku/944484/041686_1779758927823.jpg?imageView2/1/w/300/h/300
2916;EVOLUDERM Xịt Khoáng Atomiseur Eau Pur - 50ml;;Chưa chọn danh mục;22;96457.94;0.0709;0.71;0;0;0;0;25/05/2026 15:30;https://res.bigseller.pro/sku/images/merchantsku/944484/978495_1789044214221.jpg?imageView2/1/w/300/h/300
2917;TRANSPARENT LAB Sữa rửa mặt BHA kiểm soát mụn BLEMISH CONTROL BHA CLEANSER PH - 150ml;;Chưa chọn danh mục;0;0;0;0;0;--;0;0;26/05/2026 16:41;https://res.bigseller.pro/sku/images/merchantsku/944484/605627_1789044214292.jpg?imageView2/1/w/300/h/300
2918;TRANSPARENT LAB Kem dưỡng ẩm, phục hồi da CERAMIDE REPAIR MOISTURIZER - 30ml;;Chưa chọn danh mục;0;0;0;0;0;--;0;0;26/05/2026 16:41;https://res.bigseller.pro/sku/images/merchantsku/944484/755676_1789044213829.jpg?imageView2/1/w/300/h/300
2919;TRANSPARENT LAB Huyết thanh dưỡng ẩm cho da PURE GLYCERIN FACE SERUM - 50ml;;Chưa chọn danh mục;0;0;0;0;0;--;0;0;26/05/2026 16:41;https://res.bigseller.pro/sku/images/merchantsku/944484/960621_1789044213781.jpg?imageView2/1/w/300/h/300
2920;TRANSPARENT LAB Kem phục hồi dưỡng ẩm CERAMIDE REPAIR MOISTURIZER - 10ml;;Chưa chọn danh mục;0;0;0;0;0;--;0;0;26/05/2026 16:41;
2921;TRANSPARENT LAB Huyết thanh dưỡng ẩm cho da PURE GLYCERIN FACE SERUM - 15ml;;Chưa chọn danh mục;0;0;0;0;0;--;0;0;26/05/2026 16:41;https://res.bigseller.pro/sku/images/merchantsku/944484/312916_1789044213793.jpg?imageView2/1/w/300/h/300
2922;TRANSPARENT LAB Kem dưỡng sáng da Niacinamide NIACINAMIDE GLOW CREAM - 15ml;;Chưa chọn danh mục;0;0;0;0;0;--;0;0;26/05/2026 16:41;
2929;9 Wishes Tinh Chất Dưỡng Ẩm Hydra Skin Ampule II - 30ml;;Chưa chọn danh mục;0;0;0;0;0;--;0;0;27/05/2026 11:46;
2930;DR.SERA Mặt nạ nén tiệt trùng mềm mịn RELAXING TRAVEL COMPRESSED - Túi 10 mask;;Chưa chọn danh mục;68;646340;0.5795;2.19;1531;699;0;0;28/05/2026 11:05;https://res.bigseller.pro/sku/images/merchantsku/944484/551348_1779941516118.jpg?imageView2/1/w/300/h/300
2933;SILKY hands Kem tay lụa nuôi dưỡng số 4 80ml - Macca;;Chưa chọn danh mục;0;0;0;0;0;--;0;0;28/05/2026 10:43;https://res.bigseller.pro/sku/images/merchantsku/944484/234221_1787111234746.jpg?imageView2/1/w/300/h/300
2934;SILKY hands Kem tay dưỡng bảo vệ VTM số 3 80ml - Sáp ong;;Chưa chọn danh mục;2;58000;0.5;0.06;0;0;0;0;28/05/2026 10:43;https://res.bigseller.pro/sku/images/merchantsku/944484/048261_1782391322055.jpg?imageView2/1/w/300/h/300
2935;SILKY hands Kem tay lụa dưỡng mềm số 5 80ml - Hạnh nhân;;Chưa chọn danh mục;1;49500;0.7399;0.03;1;33;0;0;28/05/2026 10:43;https://res.bigseller.pro/sku/images/merchantsku/944484/675315_1782392142154.jpg?imageView2/1/w/300/h/300
2937;MEDIHEAL Son dưỡng Panteno Lips 10ml - Xanh nhạt;;Chưa chọn danh mục;1;250;0.0049;0.03;11;366;0;0;28/05/2026 11:46;https://res.bigseller.pro/sku/images/merchantsku/944484/553098_1786970364748.jpg?imageView2/1/w/300/h/300
2940;VEET Kem Tẩy Lông Silk & Fresh Hair Removal Cream 100G - Sensitive Skin;;Chưa chọn danh mục;0;0;0;0;1;--;0;0;29/05/2026 15:25;https://res.bigseller.pro/sku/images/merchantsku/944484/883680_1783077609202.jpg?imageView2/1/w/300/h/300
2941;DR.SERA Tẩy tế bào da đầu No Dandruff Shampoo and Scrub Wash - 100ml;;Chưa chọn danh mục;0;0;0;0;72;--;0;0;30/05/2026 08:45;
2942;CARE:NEL Mặt Nạ Ngủ Môi LIME NIGHT MASK - 23g;;Chưa chọn danh mục;0;0;0;0;120;--;0;0;30/05/2026 08:45;
2943;DR.SERA Giấy giặt hút màu, chống loang màu Color Catcher Laundry Phong Lan - Gói 2 miếng;;Chưa chọn danh mục;0;0;0;0;0;--;0;0;30/05/2026 08:45;https://res.bigseller.pro/sku/images/merchantsku/944484/183201_1781189516749.jpg?imageView2/1/w/300/h/300
2944;DR.SERA Giấy giặt hút màu Color Catcher Laundry Sheet Gói 40 miếng - Hương hoa phong lan;;Chưa chọn danh mục;0;0;0;0;29;--;0;0;30/05/2026 08:45;https://res.bigseller.pro/sku/images/merchantsku/944484/855522_1786428212835.jpg?imageView2/1/w/300/h/300
2945;DR.SERA Giấy giặt hút màu Color Catcher Laundry Sheet Gói 40 miếng - Hương Lavender;;Chưa chọn danh mục;1;139500;1;0.03;20;666;0;0;30/05/2026 08:45;https://res.bigseller.pro/sku/images/merchantsku/944484/870669_1786428295944.jpg?imageView2/1/w/300/h/300
2946;DR.SERA Giấy sấy thơm Scented Softener Dryer Sheet 40 miếng - Hương Lavender;;Chưa chọn danh mục;0;0;0;0;0;--;0;0;30/05/2026 08:45;https://res.bigseller.pro/sku/images/merchantsku/944484/016116_1789044213770.jpg?imageView2/1/w/300/h/300
2947;DR.SERA Giấy sấy thơm Scented Softener Dryer Sheet 40 miếng - Hương hoa phong lan;;Chưa chọn danh mục;0;0;0;0;0;--;0;0;30/05/2026 08:45;https://res.bigseller.pro/sku/images/merchantsku/944484/693552_1789044213811.jpg?imageView2/1/w/300/h/300
2948;DR.SERA Giấy Hút màu vết bẩn Clolor & Stain chatcher sheet 40 miếng;;Chưa chọn danh mục;0;0;0;0;0;--;0;0;30/05/2026 08:45;https://res.bigseller.pro/sku/images/merchantsku/944484/390484_1789044213807.jpg?imageView2/1/w/300/h/300
2951;BUBCHEN Sữa Tắm Gội 2in1 Phiên Bản Hoạt Hình Dịu Lành Làm Sạch Da Cho Bé 130ml - Badeglibe Hồng;;Chưa chọn danh mục;0;0;0;0;1;--;0;0;30/05/2026 16:56;https://res.bigseller.pro/sku/images/merchantsku/944484/823177_1781189516560.jpg?imageView2/1/w/300/h/300
2952;BUBCHEN Sữa Tắm Gội 2in1 Phiên Bản Hoạt Hình Dịu Lành Làm Sạch Da Cho Bé 130ml - Badeglibe Xanh;;Chưa chọn danh mục;0;0;0;0;2;--;0;0;30/05/2026 16:56;https://res.bigseller.pro/sku/images/merchantsku/944484/611213_1781534798045.jpg?imageView2/1/w/300/h/300
2953;SILKY hands Kem tay lụa dưỡng mềm số 5 80ml - Vitamin A;;Chưa chọn danh mục;1;44166.67;0.9014;0.03;3;100;0;0;30/05/2026 16:56;https://res.bigseller.pro/sku/images/merchantsku/944484/824168_1782722927868.jpg?imageView2/1/w/300/h/300
2954;ST.IVES Sữa Rửa Mặt tẩy tế bào chết 170g - Bơ & Mật ong;;Chưa chọn danh mục;1;182000;1;0.03;0;0;0;0;30/05/2026 16:56;https://res.bigseller.pro/sku/images/merchantsku/944484/346712_1784884899073.jpg?imageView2/1/w/300/h/300
2955;DR.SERA Bông Tẩy Trang Cotton Tiệt Trùng UV Double Cleansing Cotton Pads - 1000 Miếng;;Chưa chọn danh mục;0;0;0;0;7;--;0;0;30/05/2026 16:56;https://res.bigseller.pro/sku/images/merchantsku/944484/674633_1783349378439.jpg?imageView2/1/w/300/h/300
2957;UPIS Bình sữa Premium Pes 6M+ 260ml;;Chưa chọn danh mục;0;0;0;0;6;--;0;0;30/05/2026 16:56;
2958;UPIS Bình sữa Premium Pes 1M+ 260ml;;Chưa chọn danh mục;0;0;0;0;0;--;0;0;30/05/2026 16:56;
2959;UPIS Bình Tập Uống Nước Premium Pes 6M+ 260ml;;Chưa chọn danh mục;0;0;0;0;2;--;0;0;30/05/2026 16:56;https://res.bigseller.pro/sku/images/merchantsku/944484/202852_1789044213784.jpg?imageView2/1/w/300/h/300
2960;UPIS Bình sữa Premium Pes 0M+ 180ml;;Chưa chọn danh mục;0;0;0;0;2;--;0;0;30/05/2026 16:56;https://res.bigseller.pro/sku/images/merchantsku/944484/977319_1789044213800.jpg?imageView2/1/w/300/h/300
2961;BUBCHEN Kem Chống Hăm Thuần Chay Baby Wundschutz Creme 150ml;;Chưa chọn danh mục;2;220000;1;0.06;0;0;0;0;30/05/2026 16:56;https://res.bigseller.pro/sku/images/merchantsku/944484/562432_1782391187814.jpg?imageView2/1/w/300/h/300
2962;BOBINI Kem dưỡng ẩm trẻ em chống nẻ 1+ ngày tuổi 75ML;;Chưa chọn danh mục;0;0;0;0;3;--;0;0;30/05/2026 16:56;https://res.bigseller.pro/sku/images/merchantsku/944484/847646_1781189351223.jpg?imageView2/1/w/300/h/300
2963;BUBCHEN Gel Tắm Gội 2in1 Cho Bé Sportsfreund Bóng Đá MINI;;Chưa chọn danh mục;0;0;0;0;0;--;0;0;30/05/2026 16:56;
2964;WHITE RAIN Xà Phòng Bánh Classic Gold (bịch 2 bánh);;Chưa chọn danh mục;0;0;0;0;0;--;0;0;30/05/2026 16:56;https://res.bigseller.pro/sku/images/merchantsku/944484/482993_1781262871903.jpg?imageView2/1/w/300/h/300
2965;WHITE RAIN Xà Phòng Bánh Spring Fresh (bịch 2 bánh);;Chưa chọn danh mục;2;128000;1;0.06;0;0;0;0;30/05/2026 16:56;https://res.bigseller.pro/sku/images/merchantsku/944484/406078_1781189624044.jpg?imageView2/1/w/300/h/300
2966;BAKING SODA Bột Pure Baking Soda Arm & Hammer - 454g;;Chưa chọn danh mục;0;0;0;0;31;--;0;0;30/05/2026 16:56;
2967;LET'S SLIM Găng tay chống nắng AQUA X túi zip loại cao cấp - TÍM [XT];;Chưa chọn danh mục;0;0;0;0;52;--;0;0;30/05/2026 16:56;https://res.bigseller.pro/sku/images/merchantsku/944484/465265_1784282179199.jpg?imageView2/1/w/300/h/300
2968;SACHI Nước TẮM GỘI Thảo Dược Ngừa Rôm Sảy, Làm Ấm Hỗ Trợ Ngăn Cảm Cúm, Cảm Lạnh Cho Bé Lọ 250ml;;Chưa chọn danh mục;3;0;0;0.1;0;0;0;0;30/05/2026 16:56;
2969;SACHI Kem Đánh Răng Làm SạchCho Trẻ Từ 12 Tháng Tuổi Chai 80ml - Dâu;;Chưa chọn danh mục;0;0;0;0;0;--;0;0;30/05/2026 16:56;https://res.bigseller.pro/sku/images/merchantsku/944484/760986_1781262668587.jpg?imageView2/1/w/300/h/300
2970;SACHI Bàn Chải Đánh Răng Cho Bé;;Chưa chọn danh mục;0;0;0;0;9;--;0;0;30/05/2026 16:56;https://res.bigseller.pro/sku/images/merchantsku/944484/818460_1789044213797.jpg?imageView2/1/w/300/h/300
2971;CARYN Tã Dán Người Lớn - 20pcs;;Chưa chọn danh mục;1;199000;1;0.03;0;0;0;0;30/05/2026 16:56;https://res.bigseller.pro/sku/images/merchantsku/944484/910206_1785415351536.jpg?imageView2/1/w/300/h/300
2972;UPIS Bình Tập Uống Nước Premium Pes 3M+ 260ml;;Chưa chọn danh mục;0;0;0;0;0;--;0;0;30/05/2026 16:56;
2973;HAIRBRUST Lược Gội Đầu Và Massage Da Đầu;;Chưa chọn danh mục;0;0;0;0;5;--;0;0;30/05/2026 16:56;
2974;LET'S SLIM Găng tay chống nắng - XÁM [XT];;Chưa chọn danh mục;0;0;0;0;3;--;0;0;30/05/2026 16:56;https://res.bigseller.pro/sku/images/merchantsku/944484/884295_1784282180451.jpg?imageView2/1/w/300/h/300
2975;LET'S SLIM Găng tay chống nắng - TÍM [XT];;Chưa chọn danh mục;0;0;0;0;39;--;0;0;30/05/2026 16:56;https://res.bigseller.pro/sku/images/merchantsku/944484/128578_1784282180088.jpg?imageView2/1/w/300/h/300
2976;LET'S SLIM Găng tay chống nắng - TRẮNG [XT];;Chưa chọn danh mục;0;0;0;0;0;--;0;0;30/05/2026 16:56;
2977;ANIMERRY Khăn Lau Mặt Đa Năng Dạng Rút;;Chưa chọn danh mục;0;0;0;0;35;--;0;0;30/05/2026 16:56;https://res.bigseller.pro/sku/images/merchantsku/944484/630995_1789044213795.jpg?imageView2/1/w/300/h/300
2978;COTTON NATURAL FLEXIBL Khăn Lau Mặt Đa Năng Hồng - 50 tờ;;Chưa chọn danh mục;0;0;0;0;64;--;0;0;30/05/2026 16:56;https://res.bigseller.pro/sku/images/merchantsku/944484/358319_1789044213830.jpg?imageView2/1/w/300/h/300
2982;OEM Dây Chun Buộc Tóc Set 100 Cái Túi Zip Nhiều Màu;;Chưa chọn danh mục;0;0;0;0;0;--;0;0;30/05/2026 16:56;
2983;OEM Hộp 20 Chun Buộc Tóc Nhiều Màu Sắc;;Chưa chọn danh mục;0;0;0;0;4;--;0;0;30/05/2026 16:56;
2984;DR.PEPT IMặt Nạ Dr.Pepti Soothing Boost Up Mask 25ml - Lẻ 1 miếng;;Chưa chọn danh mục;0;0;0;0;25;--;0;0;30/05/2026 16:56;https://res.bigseller.pro/sku/images/merchantsku/944484/077349_1789044213810.jpg?imageView2/1/w/300/h/300
2985;JMSOLUTION Mặt Nạ Derma Care Vita Jelly Mask - Firming Đỏ;;Chưa chọn danh mục;0;0;0;0;120;--;0;0;30/05/2026 16:56;https://res.bigseller.pro/sku/images/merchantsku/944484/879785_1787051247049.jpg?imageView2/1/w/300/h/300
2986;JMSOLUTION Mặt Nạ Derma Care Vita Jelly Mask - Relax Xanh Lá;;Chưa chọn danh mục;0;0;0;0;5;--;0;0;30/05/2026 16:56;
2987;JMSOLUTION Mặt Nạ Derma Care Vita Jelly Mask - Moisture Xanh Dương;;Chưa chọn danh mục;4;60000;1;0.13;0;0;0;0;30/05/2026 16:56;https://res.bigseller.pro/sku/images/merchantsku/944484/025772_1782737154743.jpg?imageView2/1/w/300/h/300
2988;SECRET MỸ Gel khử mùi 73g - Cool Waterlily ( Hoa sen );;Chưa chọn danh mục;0;0;0;0;0;--;0;0;30/05/2026 16:56;https://res.bigseller.pro/sku/images/merchantsku/944484/344175_1784726160110.jpg?imageView2/1/w/300/h/300
2993;DOVE Tẩy tế bào chết Sugar & coconut 280gr;;Chưa chọn danh mục;7;20333.31;0.0207;0.23;0;0;0;0;46028.48923611111;https://res.bigseller.pro/sku/images/merchantsku/944484/596685_1788507032695.jpg?imageView2/1/w/300/h/300
2995;VICHY Dầu Gội Dercos Energy+ Aminexil Niacinamide Stimulating Shampoo Hairloss - 50Ml (Đỏ);;Chưa chọn danh mục;55;1437282.1;0.46380000000000005;1.77;0;0;0;0;46059.36215277778;https://res.bigseller.pro/sku/images/merchantsku/944484/657072_1781535026753.jpg?imageView2/1/w/300/h/300
2996;SUNPLAY Sữa Chống Nắng Super Block SPF50 PA++++ - 70g [MẪU MỚI];;Chưa chọn danh mục;5;20611.1;0.0325;0.16;0;0;0;0;46118.414930555555;https://res.bigseller.pro/sku/images/merchantsku/944484/803791_1782390936808.jpg?imageView2/1/w/300/h/300
2998;NIVEA Sữa Dưỡng Thể Nivea Extra White Night Nourish Body Lotion - VÀNG 170ml;;Chưa chọn danh mục;0;0;0;0;0;--;0;0;46118.61770833333;
2999;NIVEA Sữa Dưỡng Thể Nivea Extra White Night Nourish Body Lotion - Tím 170ml;;Chưa chọn danh mục;0;0;0;0;7;--;0;0;46118.61770833333;
3004;KEYSHU  Mặt Nạ Dưỡng Da Tràm Trà  - 1 Miếng;;Chưa chọn danh mục;290;-93349.3;-0.023399999999999997;9.35;160;17;0;0;46148.71493055556;https://res.bigseller.pro/sku/images/merchantsku/944484/232492_1783992445518.jpg?imageView2/1/w/300/h/300
3005;KEYSHU mặt nạ dưỡng da Hộp Mix Màu ( Hộp 10M);;Chưa chọn danh mục;69;63029.27;0.022400000000000003;2.23;10;4;0;0;46148.71909722222;https://res.bigseller.pro/sku/images/merchantsku/944484/932133_1781535524518.jpg?imageView2/1/w/300/h/300
3007;ARRAHAN Gel Tẩy Tế Bào Chết Arrahan Hương Peeling Gel 180ml -  Aroma Aroma;;Chưa chọn danh mục;0;0;0;0;0;--;0;0;46240.415625;https://res.bigseller.pro/sku/images/merchantsku/944484/478056_1787379200835.jpg?imageView2/1/w/300/h/300
3013;BEPLAIN Sữa Rửa Mặt Beplain Mung Bean pH-Balanced Cleansing Foam - 80ml;;Chưa chọn danh mục;33;233800;0.039900000000000005;1.06;12;11;0;0;46362.610763888886;https://res.bigseller.pro/sku/images/merchantsku/944484/152242_1783502848189.jpg?imageView2/1/w/300/h/300
3014;HADA LABO Sữa Rửa Mặt Hada Labo Cleanser 80g - Đỏ;;Chưa chọn danh mục;0;0;0;0;1;--;0;0;15/06/2026 13:24;
3026;TORRIDEN Serum Dive-In Low Molecular Hyaluronic Acid Serum - 50ml;;Chưa chọn danh mục;0;0;0;0;0;--;0;0;18/06/2026 16:54;
3027;CANDID Mặt nạ dưỡng sáng Candid Niacinamide  - Vitamin C 1 Miếng;;Chưa chọn danh mục;0;0;0;0;8;--;0;0;19/06/2026 09:38;
3028;HETRAS Sữa tắm Hetras Hotel Therapy Body Wash - London Musk 1013ml;;Chưa chọn danh mục;13;155000;0.0483;0.42;64;152;0;0;19/06/2026 13:33;https://res.bigseller.pro/sku/images/merchantsku/944484/454958_1788534335452.jpg?imageView2/1/w/300/h/300
3029;HETRAS Sữa tắm Hetras Hotel Therapy Body Wash - MUHWAGWA 1013ml;;Chưa chọn danh mục;9;95000;0.043;0.29;69;237;0;0;19/06/2026 13:33;https://res.bigseller.pro/sku/images/merchantsku/944484/123359_1788534272468.jpg?imageView2/1/w/300/h/300
3030;EUCERIN Serum Eucerin Spotless Brightening Booster  -  30ML;;Chưa chọn danh mục;2;79226.3;0.0492;0.06;1;16;0;0;19/06/2026 16:07;https://res.bigseller.pro/sku/images/merchantsku/944484/163038_1787499433664.jpg?imageView2/1/w/300/h/300
3031;EUCERIN Xịt Dưỡng Ẩm Eucerin Hyaluron Moisturizing Mist Spray -150ML;;Chưa chọn danh mục;2;27166.66;0.0781;0.06;2;33;0;0;19/06/2026 16:40;https://res.bigseller.pro/sku/images/merchantsku/944484/096885_1782468061169.jpg?imageView2/1/w/300/h/300
3032;CELIMAX Tinh Chất Chống Lão Hóa Celimax Retinal Shot Tightening Booster - 15ml;;Chưa chọn danh mục;4;62479.32;0.0679;0.13;0;0;0;0;22/06/2026 14:42;https://res.bigseller.pro/sku/images/merchantsku/944484/534947_1782468194668.jpg?imageView2/1/w/300/h/300
3033;VELLA Sữa rửa mặt Super Green Solution 5.5 Cleanser - 150ml;;Chưa chọn danh mục;0;0;0;0;0;--;0;0;24/06/2026 10:11;https://res.bigseller.pro/sku/images/merchantsku/944484/572007_1782719334981.jpg?imageView2/1/w/300/h/300
3034;VELLA Sáp Tẩy Trang Ngải Cứu Vella Mugwort Pore Deep Cleansing Balm - 80g;;Chưa chọn danh mục;0;0;0;0;0;--;0;0;24/06/2026 10:11;https://res.bigseller.pro/album/944484/20260629075040a4bc1772f55c20246c5588747146c657.jpg?imageView2/1/w/300/h/300
3036;CELL FUSION C Mặt nạ First Cooling -5C - Xanh dương;;Chưa chọn danh mục;50;46570;0.029300000000000003;1.61;15;9;0;0;24/06/2026 10:59;https://res.bigseller.pro/album/944484/20260629075253a65e98ae955deab23b8ca5ca1b488dc0.jpg?imageView2/1/w/300/h/300
3037;CELL FUSION C Mặt nạ CICA Cooling - 4.5C - Xanh lá;;Chưa chọn danh mục;60;43884;0.0275;1.94;5;2;0;0;24/06/2026 11:00;
3043;DR.SERA Bông tẩy trang Hàn Quốc mềm mịn cao cấp Dr. Sera  - Hộp 20 miếng;;Chưa chọn danh mục;290;0;0;9.35;153;16;0;0;26/06/2026 10:04;https://res.bigseller.pro/sku/images/merchantsku/944484/336328_1782737632891.jpg?imageView2/1/w/300/h/300
3046;SILKY Kem dưỡng da tay Silky  Nga - Dâu đen & hạnh nhân 80ml;;Chưa chọn danh mục;0;0;0;0;0;--;0;0;27/06/2026 13:53;https://res.bigseller.pro/sku/images/merchantsku/944484/956586_1782722755634.jpg?imageView2/1/w/300/h/300
3050;OBAGI Kem dưỡng ẩm Hydrate Luxe Moisture Rich Cream - 48g;;Chưa chọn danh mục;0;0;0;0;1;--;0;0;29/06/2026 13:50;https://res.bigseller.pro/sku/images/merchantsku/944484/227106_1782715831125.jpg?imageView2/1/w/300/h/300
3051;EUCERIN tẩy Tế Bào Chết DermoPure Clinical Purifying Scrub - 100ml;;Chưa chọn danh mục;4;196028.04;0.1807;0.13;0;0;0;0;29/06/2026 14:24;https://res.bigseller.pro/sku/images/merchantsku/944484/431677_1782810864934.jpg?imageView2/1/w/300/h/300
3052;MKL  Sữa Tắm Shower Gel1000ml -  VERBENA;;Chưa chọn danh mục;1;85060.25;0.3317;0.03;1;33;0;0;46029.39895833333;https://res.bigseller.pro/sku/images/merchantsku/944484/744645_1782873351312.jpg?imageView2/1/w/300/h/300
3053;LOREAL Dầu Dưỡng Tóc L'Oreal Tinh Dầu Hoa Tự Nhiên - 100ml HỒNG;;Chưa chọn danh mục;1;5923.08;0.030699999999999998;0.03;4;133;0;0;46029.56215277778;https://res.bigseller.pro/sku/images/merchantsku/944484/111554_1782887377252.jpg?imageView2/1/w/300/h/300
3054;OLAY Sữa tắm Luminous 350g - trái vải;;Chưa chọn danh mục;12;92338.56;0.0381;0.39;18;46;0;0;46060.42118055555;https://res.bigseller.pro/sku/images/merchantsku/944484/333367_1782961575554.jpg?imageView2/1/w/300/h/300
3055;OLAY sữa tắm Luminous 350g - hoa hồng;;Chưa chọn danh mục;17;158833.08;0.0461;0.55;6;10;0;0;46060.42256944445;https://res.bigseller.pro/sku/images/merchantsku/944484/933790_1782961714158.jpg?imageView2/1/w/300/h/300
3056;EUCERIN kem chống nắng Dưỡng Trắng Da Sun Spotless Brightening Serum SPF 50+/PA+++ 50ml;;Chưa chọn danh mục;6;-147913.02;-0.0816;0.19;1;5;0;0;46060.46076388889;https://res.bigseller.pro/sku/images/merchantsku/944484/709964_1787499300367.jpg?imageView2/1/w/300/h/300
3057;GIRLZ ONLY Dầu Gội Khô 100ml - Nâu;;Chưa chọn danh mục;1;132.35;0.0028000000000000004;0.03;1;33;0;0;46060.60659722222;https://res.bigseller.pro/sku/images/merchantsku/944484/415997_1783519196149.jpg?imageView2/1/w/300/h/300
3058;GIRLZ ONLY Dầu Gội Khô 100ml - Vàng;;Chưa chọn danh mục;0;0;0;0;1;--;0;0;46060.610763888886;https://res.bigseller.pro/sku/images/merchantsku/944484/389060_1783519196316.jpg?imageView2/1/w/300/h/300
3059;GIRLZ ONLY Dầu Gội Khô 100ml - Hồng;;Chưa chọn danh mục;0;0;0;0;0;--;0;0;46060.61145833333;https://res.bigseller.pro/sku/images/merchantsku/944484/671413_1783519196126.jpg?imageView2/1/w/300/h/300
3060;GIRLZ ONLY Dầu Gội Khô 100ml - Cam;;Chưa chọn danh mục;0;0;0;0;0;--;0;0;46060.61284722222;https://res.bigseller.pro/sku/images/merchantsku/944484/230486_1783519196337.jpg?imageView2/1/w/300/h/300
3061;SO.NATURAL Xịt Khóa Nền Fixx Makeup Filter All Day Blur Makeup Setting Fixx So Natural - 75ML;;Chưa chọn danh mục;1;-928.57;-0.0034999999999999996;0.03;0;0;0;0;46180.61215277778;https://res.bigseller.pro/sku/images/merchantsku/944484/337660_1783327917943.jpg?imageView2/1/w/300/h/300
3062;SENA Sữa rửa mặt Senademar PH Balanced Deep Cleansing Foam - 150ml;;Chưa chọn danh mục;3;28588.23;0.061500000000000006;0.1;0;0;0;0;46210.57743055555;https://res.bigseller.pro/sku/images/merchantsku/944484/672897_1783407106571.jpg?imageView2/1/w/300/h/300
3063;AZCLEAR Kem mụn 20% Azelaic Acid - 25g;;Chưa chọn danh mục;10;100000;0.0435;0.32;0;0;0;0;46241.36840277778;https://res.bigseller.pro/sku/images/merchantsku/944484/407691_1783475682660.jpg?imageView2/1/w/300/h/300
3064;CARSLAN phấn phủ Black magnet soft Focus 03 Blue Purple - 1g;;Chưa chọn danh mục;27;816100;0.5019;0.87;61;70;0;0;46272.640625;https://res.bigseller.pro/sku/images/merchantsku/944484/554976_1783585332096.jpg?imageView2/1/w/300/h/300
3065;KEYSHU Kem Dưỡng Keyshu Brightening Cream -10ml;;Chưa chọn danh mục;0;0;0;0;43;--;0;0;46302.57743055555;https://res.bigseller.pro/sku/images/merchantsku/944484/754919_1783666407019.jpg?imageView2/1/w/300/h/300
3066;COCOON Nước dưỡng da đầu bồ kết Gleditsia scalp tonic 140ml;;Chưa chọn danh mục;20;132700;0.0698;0.65;27;41;0;0;18/07/2026 10:28;https://res.bigseller.pro/sku/images/merchantsku/944484/251882_1784345326268.jpg?imageView2/1/w/300/h/300
3067;Capitano  Kem đánh răng Pasta del Capitano 1905 nguyên bản hương quế 75ml;;Chưa chọn danh mục;1;125000;1;0.03;7;233;0;0;46333.51284722222;https://res.bigseller.pro/sku/images/merchantsku/944484/236855_1784124832488.jpg?imageView2/1/w/300/h/300
3068;Capitano  Kem đánh răng Pasta del Capitano 1905 dành cho người hút thuốc ( Xanh Dương) 75ml;;Chưa chọn danh mục;0;0;0;0;19;--;0;0;46333.514236111114;https://res.bigseller.pro/sku/images/merchantsku/944484/429825_1784124832629.jpg?imageView2/1/w/300/h/300
3069;KLAIR Nước tẩy trang Supple Preparation Unscented Cleansing Water - 400ml;;Chưa chọn danh mục;38;277184;0.0519;1.23;93;75;0;0;15/07/2026 15:53;https://res.bigseller.pro/sku/images/merchantsku/944484/367792_1784105735604.jpg?imageView2/1/w/300/h/300
3070;COCOON Tẩy da chết da đầu bồ kết Gleditsia Scalp Scrub 200ml;;Chưa chọn danh mục;56;382880;0.0492;1.81;16;8;0;0;18/07/2026 10:30;https://res.bigseller.pro/sku/images/merchantsku/944484/150061_1784345434959.jpg?imageView2/1/w/300/h/300
3071;APERIRE CUSHION Day Dream Cover SPF50+ PA++++ 13g - 0.5 Pure;;Chưa chọn danh mục;2;36400;0.065;0.06;0;0;0;0;20/07/2026 13:13;https://res.bigseller.pro/sku/images/merchantsku/944484/698345_1784527989945.jpg?imageView2/1/w/300/h/300
3082;Tsubaki Bộ Dầu gội xả Premium Moist & Repair  Màu Đỏ 450mlx2;;Chưa chọn danh mục;2;31500;0.057300000000000004;0.06;0;0;0;0;23/07/2026 09:59;https://res.bigseller.pro/sku/images/merchantsku/944484/702456_1784775693867.jpg?imageView2/1/w/300/h/300
3083;Tsubaki Bộ Gội Xả Phục Hồi Hư Tổn, Bồng Bềnh Tóc Màu  Vàng 450mlx2;;Chưa chọn danh mục;2;31500;0.057300000000000004;0.06;0;0;0;0;23/07/2026 09:59;https://res.bigseller.pro/sku/images/merchantsku/944484/220666_1784775688291.jpg?imageView2/1/w/300/h/300
3087;DOVE Kem Ủ Tóc Phục Hồi Hư Tổn Hya + Ceramide Intense Repair Treatment Mask - 300ml;;Chưa chọn danh mục;2;13643.5;0.050499999999999996;0.06;0;0;0;0;27/07/2026 08:32;https://res.bigseller.pro/sku/images/merchantsku/944484/017659_1785116319952.jpg?imageView2/1/w/300/h/300
3088;3CE Xịt Khóa Nền Trang Điểm Shimmer Makeup Fixer - 95ml;;Chưa chọn danh mục;10;96000;0.0432;0.32;0;0;0;0;27/07/2026 10:14;https://res.bigseller.pro/sku/images/merchantsku/944484/744985_1785125747418.jpg?imageView2/1/w/300/h/300
3089;AHOHWA Kem Ủ Trắng Tone-Up Brightening Cream Mask - 500g;;Chưa chọn danh mục;4;104800;0.0254;0.13;0;0;0;0;27/07/2026 10:14;https://res.bigseller.pro/sku/images/merchantsku/944484/852076_1785131658564.jpg?imageView2/1/w/300/h/300
3091;RCAMAR Nước tẩy trang RCAMAR Nga Hồng 600ml;;Chưa chọn danh mục;0;0;0;0;1;--;0;0;28/07/2026 10:22;
3092;RCAMAR Nước tẩy trang RCAMAR Nga Xanh 600ml;;Chưa chọn danh mục;0;0;0;0;1;--;0;0;28/07/2026 10:22;
3093;OEM Miếng dán ngực Silicon EBLIN;;Chưa chọn danh mục;0;0;0;0;4;--;0;0;28/07/2026 10:22;
GT01;MÃ GIAO THIẾU, BỎ MÃ ĐẨY TỒN;;Chưa chọn danh mục;1;8999;0.9998999999999999;0.03;0;0;0;0;13/04/2026 21:52;
QT01;Dr.Sera tây tế bào chết da đầu;;Chưa chọn danh mục;274;1978881.35;0.9992;8.84;0;0;0;0;13/04/2026 21:52;https://res.bigseller.pro/sku/images/merchantsku/944484/579510_1787274960075.jpg?imageView2/1/w/300/h/300
QT02;Quần chip VAGISIL;;Chưa chọn danh mục;63;-14407.47;0;2.03;58;28;0;0;23/04/2026 11:48;https://res.bigseller.pro/sku/images/merchantsku/944484/889720_1778125154227.jpg?imageView2/1/w/300/h/300
QT03;Túi Olay đỏ;;Chưa chọn danh mục;0;0;0;0;41;--;0;0;30/05/2026 16:56;https://res.bigseller.pro/sku/images/merchantsku/944484/927659_1788917982890.jpg?imageView2/1/w/300/h/300
QT04;Túi Chilly;;Chưa chọn danh mục;0;0;0;0;0;--;0;0;30/05/2026 16:56;
VT06;HỘP GIẤY 13x6x6 Hộp Mini Faki;;#MÃ VẬT TƯ;0;0;0;0;3000;--;0;0;13/04/2026 21:52;https://res.bigseller.pro/sku/images/merchantsku/944484/220086_1754366305243.jpg?imageView2/1/w/300/h/300
VT07;HỘP GIẤY 20X12X10 HỘP 1 BÔNG PLUS;;#MÃ VẬT TƯ;0;0;0;0;0;--;0;0;13/04/2026 21:52;https://res.bigseller.pro/sku/images/merchantsku/944484/631855_1754998313815.jpg?imageView2/1/w/300/h/300
VT08;HỘP GIẤY 20X12X8 HỘP 1 HOP BÔNG;;#MÃ VẬT TƯ;0;0;0;0;5000;--;0;0;13/04/2026 21:52;https://res.bigseller.pro/sku/images/merchantsku/944484/289464_1754364214045.jpg?imageView2/1/w/300/h/300
VT17;Giấy in nhệt tệp 500 tờ KT 100x150cm;;#MÃ VẬT TƯ;0;0;0;0;40;--;0;0;20/05/2026 17:45;https://res.bigseller.pro/sku/images/merchantsku/944484/738536_1779274192661.jpg?imageView2/1/w/300/h/300