Mã SKU;Tên;Thuộc tính phân loại;Danh mục;Xuất kho / Bán hàng;Lợi nhuận gộp hàng hóa đã giao;Tỷ suất Lợi nhuận gộp hàng hóa đã giao;Lượng bán xuất kho trung bình hàng ngày;Tồn kho khả dụng;Số ngày có thể bán;Đang vận tải;Cảnh báo tồn kho;Thời gian tạo;Link hình ảnh
Tất cả;--;--;--;48529;515196921.37;0.1671;2.2;--;--;84;--;--;--
1002;Cọ tán son môi [XT];;Chưa chọn danh mục;1;12500;0.7813;0.05;1337;26740;0;0;13/04/2026 21:52;https://res.bigseller.pro/sku/images/merchantsku/944484/937335_1754361503301.jpg?imageView2/1/w/300/h/300
1004;Dũa móng 6 mặt [XT];;Chưa chọn danh mục;26;117000;0.6;1.3;2214;1703;0;0;13/04/2026 21:52;https://res.bigseller.pro/sku/images/merchantsku/944484/530764_1754365814058.jpg?imageView2/1/w/300/h/300
1007;Kẹp nâng mũi Nose Nhật Bản [XT];;Chưa chọn danh mục;0;0;0;0;5;--;0;0;13/04/2026 21:52;https://res.bigseller.pro/sku/images/merchantsku/944484/208077_1754366310142.jpg?imageView2/1/w/300/h/300
1008;OEM - Cọ môi Silicon [XT];;Chưa chọn danh mục;0;0;0;0;15;--;0;0;13/04/2026 21:52;https://res.bigseller.pro/sku/images/merchantsku/944484/561846_1754365814002.jpg?imageView2/1/w/300/h/300
1010;OEM Bông Mút Tắm bọt biển [XT];;Chưa chọn danh mục;1;12139.75;0.6389;0.05;0;0;0;0;13/04/2026 21:52;https://res.bigseller.pro/sku/images/merchantsku/944484/203556_1754366217797.jpg?imageView2/1/w/300/h/300
1012;OEM Cây massage đầu thư giãn bằng tay [XT];;Chưa chọn danh mục;3;24000;0.5333;0.15;93;620;0;0;13/04/2026 21:52;https://res.bigseller.pro/sku/images/merchantsku/944484/675789_1754365721479.jpg?imageView2/1/w/300/h/300
1013;OEM Cuộn giấy lau tay lau bếp đa năng có thể tái sử dụng 25cm;;Chưa chọn danh mục;0;0;0;0;40;--;0;0;13/04/2026 21:52;https://res.bigseller.pro/sku/images/merchantsku/944484/542353_1754366315294.jpg?imageView2/1/w/300/h/300
1014;OEM Dao nạo củ quả lưỡi xoay Nhật Bản;;Chưa chọn danh mục;0;0;0;0;3;--;0;0;13/04/2026 21:52;https://res.bigseller.pro/sku/images/merchantsku/944484/372925_1754365723355.jpg?imageView2/1/w/300/h/300
1016;OEM Găng tay tắm tẩy da chết vải nylon;;Chưa chọn danh mục;13;125010.61;0.7576;0.65;714;1098;0;0;13/04/2026 21:52;https://res.bigseller.pro/sku/images/merchantsku/944484/595969_1754366313660.jpg?imageView2/1/w/300/h/300
1018;OEM Gương mini cầm tay Hàn Quốc 7cm [XT];;Chưa chọn danh mục;0;0;0;0;95;--;0;0;13/04/2026 21:52;https://res.bigseller.pro/sku/images/merchantsku/944484/157384_1754365911166.jpg?imageView2/1/w/300/h/300
1020;OEM Khăn tắm nén cotton 70x140cm - XANH [XT];;Chưa chọn danh mục;11;34000;0.2556;0.55;9;16;0;0;13/04/2026 21:52;https://res.bigseller.pro/sku/images/merchantsku/944484/763308_1755687689446.jpg?imageView2/1/w/300/h/300
1023;OEM Kì Gót 2 Đầu [XT];;Chưa chọn danh mục;0;0;0;0;30;--;0;0;13/04/2026 21:52;https://res.bigseller.pro/sku/images/merchantsku/944484/045740_1754365904074.jpg?imageView2/1/w/300/h/300
1024;OEM Lược Gội Đầu Silicone (KHÔNG HỘP) [XT];;Chưa chọn danh mục;4;24500;0.4336;0.2;237;1185;0;0;13/04/2026 21:52;https://res.bigseller.pro/sku/images/merchantsku/944484/933285_1754365716286.jpg?imageView2/1/w/300/h/300
1025;OEM Miếng Dán Ngực Hoa - Hộp 60 Miếng [XT];;Chưa chọn danh mục;0;0;0;0;0;--;0;0;13/04/2026 21:52;https://res.bigseller.pro/sku/images/merchantsku/944484/490934_1754366317843.jpg?imageView2/1/w/300/h/300
1027;OEM Miếng Dán Tóc Mái màu ngẫu nhiên - COMBO 2 MIẾNG [XT];;Chưa chọn danh mục;1;10298.05;0.9362;0.05;112;2240;0;0;13/04/2026 21:52;https://res.bigseller.pro/sku/images/merchantsku/944484/402484_1754365906435.jpg?imageView2/1/w/300/h/300
1028;OEM Túi lưới đựng xà phòng tắm [XT];;Chưa chọn danh mục;5;32050;0.8325;0.25;116;464;0;0;13/04/2026 21:52;https://res.bigseller.pro/sku/images/merchantsku/944484/702950_1754365814923.jpg?imageView2/1/w/300/h/300
1031;ABONNE Muối Tắm Tẩy Tế Bào Chết Spa 350gr - SỮA BÒ;;Chưa chọn danh mục;80;670863.88;0.2792;4;0;0;0;0;13/04/2026 21:52;https://res.bigseller.pro/sku/images/merchantsku/944484/893167_1754998314249.jpg?imageView2/1/w/300/h/300
1032;ABONNE Muối Tắm Tẩy Tế Bào Chết Spa 350gr - VITAMIN C;;Chưa chọn danh mục;19;117850.68;0.2241;0.95;6;6;0;0;13/04/2026 21:52;https://res.bigseller.pro/sku/images/merchantsku/944484/443877_1754365816832.jpg?imageView2/1/w/300/h/300
1033;ABONNE Muối Tắm Tẩy Tế Bào Chết Spa 350gr - YOGURT;;Chưa chọn danh mục;22;136380.26;0.22390000000000002;1.1;22;20;0;0;13/04/2026 21:52;https://res.bigseller.pro/sku/images/merchantsku/944484/570974_1754365623594.jpg?imageView2/1/w/300/h/300
1035;ACNE AID SOAP BAR OIL CONTROL XÀ PHÒNG - ĐỎ;;Chưa chọn danh mục;1;86904.14;0.5794;0.05;13;260;0;0;13/04/2026 21:52;https://res.bigseller.pro/sku/images/merchantsku/944484/876839_1756125276020.jpg?imageView2/1/w/300/h/300
1036;ACNECLEAN Gel Bôi Ngoài Da Extra Gel Giúp Làm Dịu, Hạn Chế Thâm Mụn, Thông Thoáng Lỗ Chân Lông 15g;;Chưa chọn danh mục;0;0;0;0;2;--;0;0;13/04/2026 21:52;https://res.bigseller.pro/sku/images/merchantsku/944484/211870_1755488228381.jpg?imageView2/1/w/300/h/300
1043;ADERMA Gel Rửa Mặt & Tắm Gội Douche Hydra-Protective Shower Gel Essentials 3in1 200ml;;ADERMA;17;39953.45;0.0092;0.85;15;17;0;0;13/04/2026 21:52;https://res.bigseller.pro/sku/images/merchantsku/944484/094914_1788877828546.jpg?imageView2/1/w/300/h/300
1044;ADERMA Kem Chống Nắng Protect Invisible Fluid SPF50+ 40ml;;ADERMA;0;0;0;0;4;--;0;0;13/04/2026 21:52;https://res.bigseller.pro/sku/images/merchantsku/944484/613580_1787500384826.jpg?imageView2/1/w/300/h/300
1045;ADERMA Kem Dưỡng A-derma Biology AC Perfect Anti-Blemish Fluid Giảm Mụn 40ml;;ADERMA;0;0;0;0;3;--;0;0;13/04/2026 21:52;https://res.bigseller.pro/sku/images/merchantsku/944484/780896_1787500630000.jpg?imageView2/1/w/300/h/300
1046;ADERMA Kem Dưỡng Ẩm Dermalibour+ Repairing Cream - 50ml;;ADERMA;21;-130321.4;-0.0245;1.05;4;3;0;0;13/04/2026 21:52;https://res.bigseller.pro/sku/images/merchantsku/944484/531619_1754366311760.jpg?imageView2/1/w/300/h/300
1047;ADERMA Kem Dưỡng Ẩm Exomega Allergo Emollient Balm - 200ml;;ADERMA;6;120203.1;0.041299999999999996;0.3;0;0;0;0;13/04/2026 21:52;https://res.bigseller.pro/sku/images/merchantsku/944484/536167_1754365818075.jpg?imageView2/1/w/300/h/300
1048;ADERMA Kem Dưỡng Ẩm Exomega Allergo Emollient Balm - 40ml;;ADERMA;17;164118.06;0.041100000000000005;0.85;10;11;0;0;13/04/2026 21:52;https://res.bigseller.pro/sku/images/merchantsku/944484/774406_1754365627392.jpg?imageView2/1/w/300/h/300
1049;ADERMA Kem Dưỡng Ẩm Hydrating Universal Cream 50ml;;ADERMA;5;-63506.65;-0.0518;0.25;1;4;0;0;13/04/2026 21:52;https://res.bigseller.pro/sku/images/merchantsku/944484/462025_1755015213267.jpg?imageView2/1/w/300/h/300
1050;ADERMA Kem Dưỡng Epitheliale A.H Ultra Soothing Repairing Cream - 40ml;;ADERMA;1;201116;0.4199;0.05;5;100;0;0;13/04/2026 21:52;https://res.bigseller.pro/sku/images/merchantsku/944484/531475_1788484991514.jpg?imageView2/1/w/300/h/300
1056;"AGAFIA ĐẤT SÉT XANH ,Mặt Nạ Đất Sét Sữa Non ""Thảo Mộc"" Bà Già Nga Agafia 100mL";;Chưa chọn danh mục;36;440960;0.3042;1.8;16;8;0;0;13/04/2026 21:52;https://res.bigseller.pro/sku/images/merchantsku/944484/792439_1754365726638.jpg?imageView2/1/w/300/h/300
1060;AILIN Dao cạo lông mày 2 lưỡi;;Chưa chọn danh mục;1;9600;0.768;0.05;406;8120;0;0;13/04/2026 21:52;https://res.bigseller.pro/sku/images/merchantsku/944484/699977_1754366215966.jpg?imageView2/1/w/300/h/300
1062;ALPHA ARBUTIN Kem giảm thâm nách 3 Plus Organic Underarm Night Cream 50g;;Chưa chọn danh mục;2;9220.78;0.0576;0.1;0;0;0;0;13/04/2026 21:52;https://res.bigseller.pro/sku/images/merchantsku/944484/298168_1754365717667.jpg?imageView2/1/w/300/h/300
1063;ALPHA ARBUTIN Sữa Dưỡng Thể Trắng Da Collagen Lotion 500ML [XT];;Chưa chọn danh mục;15;67310.84;0.0435;0.75;5;6;0;0;13/04/2026 21:52;https://res.bigseller.pro/sku/images/merchantsku/944484/250436_1754365903150.jpg?imageView2/1/w/300/h/300
1076;AMORTALS Bông Mút Rửa Mặt Bọt Biển Hình Giọt Nước  - Lẻ 1 KHÔNG HỘP;;Chưa chọn danh mục;1;15368.78;0.48710000000000003;0.05;1;20;0;0;13/04/2026 21:52;https://res.bigseller.pro/sku/images/merchantsku/944484/636710_1754291500158.jpg?imageView2/1/w/300/h/300
1077;AMORTALS Mút Rửa Mặt Hộp 3 Mút NGUYÊN TEAM [CTY];;Chưa chọn danh mục;0;0;0;0;14;--;0;0;13/04/2026 21:52;https://res.bigseller.pro/sku/images/merchantsku/944484/276774_1756958194500.jpg?imageView2/1/w/300/h/300
1080;ANESSA Gel Chống Nắng Anessa Perfect UV Sunscreen Skincare Gel N SPF50+/PA++++ 90g (VÀNG);;Chưa chọn danh mục;0;0;0;0;4;--;0;0;13/04/2026 21:52;https://res.bigseller.pro/sku/images/merchantsku/944484/793517_1787365240129.jpg?imageView2/1/w/300/h/300
1082;ANESSA Gel Chống Nắng Dịu Nhẹ Cho Da Nhạy Cảm & Trẻ Em Moisture UV Sunscreen Mild SPF35 PA+++ 90g - Xanh dương;;Chưa chọn danh mục;0;0;0;0;15;--;0;0;13/04/2026 21:52;https://res.bigseller.pro/sku/images/merchantsku/944484/213951_1754365814131.jpg?imageView2/1/w/300/h/300
1083;Anessa Gel Chống Nắng Perfect UV Sunscreen - 15ml (VÀNG);;Chưa chọn danh mục;0;0;0;0;1;--;0;0;13/04/2026 21:52;https://res.bigseller.pro/sku/images/merchantsku/944484/160878_1754366212062.jpg?imageView2/1/w/300/h/300
1086;ANESSA Serum Dưỡng Da Và Phục Hồi Sau Nắng Anessa Night Sun Care 180ml;;Chưa chọn danh mục;0;0;0;0;2;--;0;0;13/04/2026 21:52;https://res.bigseller.pro/sku/images/merchantsku/944484/147173_1754365810753.jpg?imageView2/1/w/300/h/300
1087;ANESSA Sữa Chống Nắng Perfect UV Sunscreen Mild Milk (For Sensitive Skin) SPF50+/PA++++ - 12ml (MÀU HỒNG);;Chưa chọn danh mục;10;142270.9;0.24280000000000002;0.5;259;518;0;0;13/04/2026 21:52;https://res.bigseller.pro/sku/images/merchantsku/944484/626389_1754366308303.jpg?imageView2/1/w/300/h/300
1088;ANESSA Sữa Chống Nắng Perfect UV Sunscreen Mild Milk (For Sensitive Skin) SPF50+/PA++++ 60ml (MÀU HỒNG);;Chưa chọn danh mục;87;375002.9;0.0127;4.35;105;24;0;0;13/04/2026 21:52;https://res.bigseller.pro/sku/images/merchantsku/944484/774806_1754365624049.jpg?imageView2/1/w/300/h/300
1089;ANESSA Sữa Chống Nắng Perfect UV Sunscreen Skincare Milk N SPF50+ PA++++ - 12ml (MÀU TRĂNG);;Chưa chọn danh mục;0;0;0;0;10;--;0;0;13/04/2026 21:52;
1092;ANESSA Sữa Chống Nắng Perfect UV Sunscreen Skincare Milk N SPF50+ PA++++ - 60ml (MÀU VÀNG);;Chưa chọn danh mục;78;1935140.09;0.0722;3.9;152;38;0;0;13/04/2026 21:52;https://res.bigseller.pro/sku/images/merchantsku/944484/075403_1754365813701.jpg?imageView2/1/w/300/h/300
1096;ANGEL’S LIQUID  Xịt Cơ Thể Glutathione+ Spot Care Body Mist - 150ml;;Chưa chọn danh mục;40;427986;0.0398;2;0;0;0;0;13/04/2026 21:52;https://res.bigseller.pro/sku/images/merchantsku/944484/061891_1754365710689.jpg?imageView2/1/w/300/h/300
1102;ANGEL'S LIQUID Lăn Nách Angel's Liquid Glutathione + Niacinamide Arbutin Fresh Deodorant 60ml;;Chưa chọn danh mục;0;0;0;0;12;--;0;0;13/04/2026 21:52;https://res.bigseller.pro/sku/images/merchantsku/944484/946675_1754366311844.jpg?imageView2/1/w/300/h/300
1105;ANGEL'S LIQUID Siêu tinh chất Tranexamic Mela Ampoule xoá thâm đỏ mờ sạm nám 30ml;;Chưa chọn danh mục;0;0;0;0;1;--;0;0;13/04/2026 21:52;https://res.bigseller.pro/sku/images/merchantsku/944484/498187_1754365908357.jpg?imageView2/1/w/300/h/300
1108;ANGEL'S LIQUID Tinh chất Glutathione + Niacinamide 700 V-ampoule 30ml;;Chưa chọn danh mục;0;0;0;0;2;--;0;0;13/04/2026 21:52;
1112;APERIRE Mặt Nạ Đất Sét Aperire VERRY PRETTY Pore Mask 120g (HỒNG);;Chưa chọn danh mục;0;0;0;0;4;--;0;0;13/04/2026 21:52;https://res.bigseller.pro/sku/images/merchantsku/944484/256664_1754366223353.jpg?imageView2/1/w/300/h/300
1115;APTEKA Gel Vệ Sinh Phụ Nữ Apteka Zelenaya 370ml - Cúc La Mã;;Chưa chọn danh mục;0;0;0;0;29;--;0;0;13/04/2026 21:52;https://res.bigseller.pro/sku/images/merchantsku/944484/259631_1754366311985.jpg?imageView2/1/w/300/h/300
1116;AQUAFRESH Kem đánh răng Extreme Clean 158.7g – Whitening;;Chưa chọn danh mục;2;134657.58;0.4235;0.1;0;0;0;0;13/04/2026 21:52;https://res.bigseller.pro/sku/images/merchantsku/944484/760916_1754365715943.jpg?imageView2/1/w/300/h/300
1118;AQUAFRESH Kem đánh răng trẻ em 50g – 6+tuổi;;Chưa chọn danh mục;0;0;0;0;7;--;0;0;13/04/2026 21:53;https://res.bigseller.pro/sku/images/merchantsku/944484/567210_1754365813632.jpg?imageView2/1/w/300/h/300
1120;ARMAF Body Mist Xịt Thơm Toàn Thân Armaf  Club de Nuit Cho Nữ 200ML - Hồng [XT];;Chưa chọn danh mục;0;0;0;0;2;--;0;0;13/04/2026 21:53;https://res.bigseller.pro/sku/images/merchantsku/944484/066499_1787115182176.jpg?imageView2/1/w/300/h/300
1121;ARMAF Body Mist Xịt Thơm Toàn Thân Armaf Club de Nuit Cho Nam 200ML - Đen [XT];;Chưa chọn danh mục;0;0;0;0;7;--;0;0;13/04/2026 21:53;https://res.bigseller.pro/sku/images/merchantsku/944484/657387_1787115141245.jpg?imageView2/1/w/300/h/300
1122;ARMAF Lăn Khử Mùi Nước Hoa Nam Club De Nuit Woman 75G - ĐEN;;Chưa chọn danh mục;2;23010.44;0.0421;0.1;5;50;0;0;13/04/2026 21:53;https://res.bigseller.pro/sku/images/merchantsku/944484/355634_1787115089629.jpg?imageView2/1/w/300/h/300
1123;ARMAF Lăn Khử Mùi Nước Hoa Nữ Club De Nuit Woman 75G -  Hồng;;Chưa chọn danh mục;37;433680;0.0431;1.85;13;7;0;0;13/04/2026 21:53;https://res.bigseller.pro/sku/images/merchantsku/944484/567840_1787114963126.jpg?imageView2/1/w/300/h/300
1127;Aspasia - Xịt Khoáng Aspasia Moist Up Face Mist Aloe Làm Dịu Mát Bổ Sung Độ Ẩm Cho Làn Da Rạng Rỡ 150ml;;Chưa chọn danh mục;1553;31443687.49;0.3155;77.65;2865;36;0;0;13/04/2026 21:53;https://res.bigseller.pro/sku/images/merchantsku/944484/898863_1765802675558.jpg?imageView2/1/w/300/h/300
1128;Aspasia - Xịt Khoáng Aspasia vàng GOLD;;Chưa chọn danh mục;5;139064.6;0.3603;0.25;13;52;0;0;13/04/2026 21:53;https://res.bigseller.pro/sku/images/merchantsku/944484/053403_1776091980324.jpg?imageView2/1/w/300/h/300
1129;Aspasia Xịt Khoáng Tinh Chất Collagen;;Chưa chọn danh mục;11;183000;0.24969999999999998;0.55;202;367;0;0;13/04/2026 21:53;https://res.bigseller.pro/sku/images/merchantsku/944484/019091_1772088529232.jpg?imageView2/1/w/300/h/300
1130;Aspasia Xịt Khoáng Tinh Chất Ốc Sên;;Chưa chọn danh mục;3;99317.8;0.41729999999999995;0.15;87;580;0;0;13/04/2026 21:53;https://res.bigseller.pro/sku/images/merchantsku/944484/581968_1772088641033.jpg?imageView2/1/w/300/h/300
1138;AVEENO Kem dưỡng ẩm Aveeno Baby Dermexa Moisturising Cream - 100g;;Chưa chọn danh mục;0;0;0;0;5;--;0;0;13/04/2026 21:53;https://res.bigseller.pro/sku/images/merchantsku/944484/350277_1760088265706.jpg?imageView2/1/w/300/h/300
1139;AVEENO Kem dưỡng ẩm Baby Soothing Relief Moisture 227g;;Chưa chọn danh mục;4;138212;0.1234;0.2;3;15;0;0;13/04/2026 21:53;https://res.bigseller.pro/sku/images/merchantsku/944484/785950_1754366312738.jpg?imageView2/1/w/300/h/300
1141;AVEENO Sữa dưỡng thể Baby Daily Moisture Lotion 227ml;;Chưa chọn danh mục;0;0;0;0;2;--;0;0;13/04/2026 21:53;https://res.bigseller.pro/sku/images/merchantsku/944484/748092_1754998314799.jpg?imageView2/1/w/300/h/300
1150;AVENE Kem dưỡng Cicalfate Repair Cream - 100ml;;Chưa chọn danh mục;4;737009.32;0.3539;0.2;13;65;0;0;13/04/2026 21:53;https://res.bigseller.pro/sku/images/merchantsku/944484/142265_1754366315747.jpg?imageView2/1/w/300/h/300
1151;AVENE Kem dưỡng Cicalfate Repair Cream - 15ml;;Chưa chọn danh mục;7;274415;0.2242;0.35;90;257;0;0;13/04/2026 21:53;https://res.bigseller.pro/sku/images/merchantsku/944484/370536_1754998488442.jpg?imageView2/1/w/300/h/300
1152;AVENE Kem dưỡng Cicalfate Repair Cream - 40ml;;Chưa chọn danh mục;32;596209.32;0.071;1.6;17;10;0;0;13/04/2026 21:53;https://res.bigseller.pro/sku/images/merchantsku/944484/221956_1754361502642.jpg?imageView2/1/w/300/h/300
1154;AVENE Kem Dưỡng Khôi Phục Da Control Soothing Skin Recovery 40ml;;Chưa chọn danh mục;1;183214;0.2867;0.05;0;0;0;0;13/04/2026 21:53;https://res.bigseller.pro/sku/images/merchantsku/944484/269778_1787500555206.jpg?imageView2/1/w/300/h/300
1159;AVENE Tinh Chất Cicalfate+ Intense Serum Phục Hồi, Cấp Ẩm 30ml;;Chưa chọn danh mục;2;931990;0.5057;0.1;1;10;0;0;13/04/2026 21:53;https://res.bigseller.pro/sku/images/merchantsku/944484/467738_1754366317769.jpg?imageView2/1/w/300/h/300
1164;AVENE Xịt Khoáng Thermal Spring Water - 150ml;;Chưa chọn danh mục;27;-49851.09;-0.010700000000000001;1.35;7;5;0;0;13/04/2026 21:53;https://res.bigseller.pro/sku/images/merchantsku/944484/593738_1755552876802.jpg?imageView2/1/w/300/h/300
1165;AVENE Xịt Khoáng Thermal Spring Water - 300ml;;Chưa chọn danh mục;56;-669813.84;-0.0501;2.8;7;2;0;0;13/04/2026 21:53;https://res.bigseller.pro/sku/images/merchantsku/944484/253324_1754364221041.jpg?imageView2/1/w/300/h/300
1167;AVENE Xịt Khoáng Thermal Spring Water - 50ml;;Chưa chọn danh mục;26;305247.18;0.0911;1.3;19;14;0;0;13/04/2026 21:53;https://res.bigseller.pro/sku/images/merchantsku/944484/209743_1756124845694.jpg?imageView2/1/w/300/h/300
1174;BABE Kem dưỡng Stop AKN Mattifying Moisturiser 50ml;;Chưa chọn danh mục;1;161007.34;0.3753;0.05;5;100;0;0;13/04/2026 21:53;https://res.bigseller.pro/sku/images/merchantsku/944484/273868_1754919949482.jpg?imageView2/1/w/300/h/300
1176;BABE Lotion Dưỡng Sáng Babe Depigment+ Lotion Glow 150ml;;Chưa chọn danh mục;0;0;0;0;1;--;0;0;13/04/2026 21:53;https://res.bigseller.pro/sku/images/merchantsku/944484/996574_1754366306761.jpg?imageView2/1/w/300/h/300
1177;BABE Serum Trắng da Depigment Intensive Serum 30ml;;Chưa chọn danh mục;0;0;0;0;2;--;0;0;13/04/2026 21:53;https://res.bigseller.pro/sku/images/merchantsku/944484/764997_1754366210521.jpg?imageView2/1/w/300/h/300
1178;BABE Sữa Rửa Mặt Stop Akn Purifying Cleansing Gel - 200ml;;Chưa chọn danh mục;51;1386420.41;0.0949;2.55;168;65;0;0;13/04/2026 21:53;https://res.bigseller.pro/sku/images/merchantsku/944484/978816_1754365624406.jpg?imageView2/1/w/300/h/300
1180;BALANCE Serum Active Formula Hyaluronic Deep Moisture 30ml;;Chưa chọn danh mục;0;0;0;0;10;--;0;0;13/04/2026 21:53;https://res.bigseller.pro/sku/images/merchantsku/944484/100931_1787502924604.jpg?imageView2/1/w/300/h/300
1181;BALANCE Serum Active Formula Niacinamide 15% 30ml;;Chưa chọn danh mục;28;86604.1;0.0291;1.4;13;9;0;0;13/04/2026 21:53;https://res.bigseller.pro/sku/images/merchantsku/944484/762821_1787502898969.jpg?imageView2/1/w/300/h/300
1182;BALANCE Serum Active Formula Vitamin C Brightening Serum Glow & Radiance - 30ml;;Chưa chọn danh mục;36;111620.86;0.029300000000000003;1.8;0;0;0;0;13/04/2026 21:53;https://res.bigseller.pro/sku/images/merchantsku/944484/460511_1787502872542.jpg?imageView2/1/w/300/h/300
1183;BANOBAGI Mặt Nạ Stem Cell Vitamin Mask Whitening 30g - AC Care, HỒNG NHẠT;;Chưa chọn danh mục;1;137588.83;0.9173;0.05;5;100;0;0;13/04/2026 21:53;https://res.bigseller.pro/sku/images/merchantsku/944484/360882_1754365816582.jpg?imageView2/1/w/300/h/300
1184;BANOBAGI Mặt Nạ Stem Cell Vitamin Mask Whitening 30g - Aqua Hydrating, XANH DƯƠNG;;Chưa chọn danh mục;0;0;0;0;12;--;0;0;13/04/2026 21:53;https://res.bigseller.pro/sku/images/merchantsku/944484/675159_1754365625988.jpg?imageView2/1/w/300/h/300
1185;BANOBAGI Mặt Nạ Stem Cell Vitamin Mask Whitening 30g - BHA-AHA, XÁM;;Chưa chọn danh mục;0;0;0;0;87;--;0;0;13/04/2026 21:53;https://res.bigseller.pro/sku/images/merchantsku/944484/007258_1754366215610.jpg?imageView2/1/w/300/h/300
1187;BANOBAGI Mặt Nạ Stem Cell Vitamin Mask Whitening 30g - Lifting, TÍM;;Chưa chọn danh mục;20;11734.2;0.0444;1;0;0;0;0;13/04/2026 21:53;https://res.bigseller.pro/sku/images/merchantsku/944484/645734_1754366311839.jpg?imageView2/1/w/300/h/300
1190;BANOBAGI Mặt Nạ Stem Cell Vitamin Mask Whitening 30g - Tone Up, VÀNG;;Chưa chọn danh mục;0;0;0;0;5;--;0;0;13/04/2026 21:53;https://res.bigseller.pro/sku/images/merchantsku/944484/025970_1754365626068.jpg?imageView2/1/w/300/h/300
1191;BANOBAGI Mặt nạ Super Collagen Mask 30g - Acne Red Blemish30g, TÍM ĐẬM;;Chưa chọn danh mục;0;0;0;0;1;--;0;0;13/04/2026 21:53;https://res.bigseller.pro/sku/images/merchantsku/944484/840281_1754365717732.jpg?imageView2/1/w/300/h/300
1195;BANOBAGI Mặt nạ Super Collagen Mask 30g - Tea Tree Blackhead, XANH;;Chưa chọn danh mục;0;0;0;0;26;--;0;0;13/04/2026 21:53;https://res.bigseller.pro/sku/images/merchantsku/944484/487272_1755552877211.jpg?imageView2/1/w/300/h/300
1197;BANOBAGI Mặt Nạ Vita Genic Jelly Mask Vitalizing 30ml - Màu Đỏ;;Chưa chọn danh mục;0;0;0;0;41;--;0;0;13/04/2026 21:53;https://res.bigseller.pro/sku/images/merchantsku/944484/953750_1754919949377.jpg?imageView2/1/w/300/h/300
1198;BANOBAGI Mặt Nạ Vita Genic Jelly Mask Vitalizing 30ml - Màu Hồng;;Chưa chọn danh mục;0;0;0;0;1;--;0;0;13/04/2026 21:53;https://res.bigseller.pro/sku/images/merchantsku/944484/164200_1754361506493.jpg?imageView2/1/w/300/h/300
1199;BANOBAGI Mặt Nạ Vita Genic Jelly Mask Vitalizing 30ml - Màu Tím;;Chưa chọn danh mục;10;11956.5;0.0906;0.5;20;40;0;0;13/04/2026 21:53;https://res.bigseller.pro/sku/images/merchantsku/944484/303632_1754366219670.jpg?imageView2/1/w/300/h/300
1200;BANOBAGI Mặt Nạ Vita Genic Jelly Mask Vitalizing 30ml - Màu Vàng;;Chưa chọn danh mục;30;4761.9;0.0123;1.5;0;0;0;0;13/04/2026 21:53;https://res.bigseller.pro/sku/images/merchantsku/944484/780005_1754365819951.jpg?imageView2/1/w/300/h/300
1201;BANOBAGI Mặt Nạ Vita Genic Jelly Mask Vitalizing 30ml - Màu Xanh Dương;;Chưa chọn danh mục;9;44849.97;0.29309999999999997;0.45;0;0;0;0;13/04/2026 21:53;https://res.bigseller.pro/sku/images/merchantsku/944484/417993_1754365722881.jpg?imageView2/1/w/300/h/300
1202;BANOBAGI Mặt Nạ Vita Genic Jelly Mask Vitalizing 30ml - Màu Xanh Lá;;Chưa chọn danh mục;0;0;0;0;40;--;0;0;13/04/2026 21:53;https://res.bigseller.pro/sku/images/merchantsku/944484/608983_1754366315657.jpg?imageView2/1/w/300/h/300
1203;BANOBAGI Mặt Nạ Vita Genic Jelly Mask Vitalizing 30ml - Màu Xanh Ngọc;;Chưa chọn danh mục;20;61488;0.2036;1;30;30;0;0;13/04/2026 21:53;https://res.bigseller.pro/sku/images/merchantsku/944484/137530_1754365911963.jpg?imageView2/1/w/300/h/300
1207;BATISTE Dầu Gội Khô 200ml - Fresh;;Chưa chọn danh mục;0;0;0;0;1;--;0;0;13/04/2026 21:53;https://res.bigseller.pro/sku/images/merchantsku/944484/317686_1754365617475.jpg?imageView2/1/w/300/h/300
1210;Be'Balance Mặt Nạ Vải Vi Sợi Be'Balance PRO B5 MICRO FIBER MASK 3in1 Làm Đẹp Da 1 hộp 10 miếng ( Xanh Dương );;Chưa chọn danh mục;0;0;0;0;4;--;0;0;13/04/2026 21:53;https://res.bigseller.pro/sku/images/merchantsku/944484/419808_1749005707942.jpg?imageView2/1/w/300/h/300
1218;BEFOU  Khăn Lau Mặt Best For You Disposable Face Towel Đa Năng 100% Bông Tự Nhiên Siêu Dai - 80 Miếng;;Chưa chọn danh mục;0;0;0;0;7;--;0;0;13/04/2026 21:53;https://res.bigseller.pro/sku/images/merchantsku/944484/650422_1750390148601.jpg?imageView2/1/w/300/h/300
1219;BELIF Mặt nạ ngủ Belif Multi Vitamin Mask -  Fullbox 75ml;;Chưa chọn danh mục;5;46000;0.0279;0.25;0;0;0;0;13/04/2026 21:53;https://res.bigseller.pro/sku/images/merchantsku/944484/439400_1754365903109.jpg?imageView2/1/w/300/h/300
1224;BENZAC Sữa Rửa Mặt Tạo Bọt Purifying Foam Cleanser - 130ml;;Chưa chọn danh mục;1;114578;0.41659999999999997;0.05;0;0;0;0;13/04/2026 21:53;https://res.bigseller.pro/sku/images/merchantsku/944484/801981_1755015211265.jpg?imageView2/1/w/300/h/300
1225;BENZAC Miếng Dán Mụn Power Patch 3-in-1 Spot Control Làm Dịu Mụn 12 Miếng;;Chưa chọn danh mục;1;57713;0.29;0.05;0;0;0;0;13/04/2026 21:53;https://res.bigseller.pro/sku/images/merchantsku/944484/722439_1754365710687.jpg?imageView2/1/w/300/h/300
1226;BEPLAIN Kem chống nắng kiềm dầu Sunmuse Mineral Sunscreen SPF50+ - Xanh lá;;Chưa chọn danh mục;4;113196.92;0.1133;0.2;11;55;0;0;13/04/2026 21:53;https://res.bigseller.pro/sku/images/merchantsku/944484/862968_1754364216591.jpg?imageView2/1/w/300/h/300
1227;BEPLAIN Kem chống nắng kiềm dầu Sunmuse Mineral Sunscreen SPF50+ 50ml - Xanh dương;;Chưa chọn danh mục;0;0;0;0;2;--;0;0;13/04/2026 21:53;https://res.bigseller.pro/sku/images/merchantsku/944484/426972_1754366308239.jpg?imageView2/1/w/300/h/300
1228;Beplain Kem Chống Nắng Nâng Tone  Sunmuse Tone Up & Correcting Sunscreen SPF 50+ PA++++ Hồng - 50ml;;Chưa chọn danh mục;6;78896.06;0.0558;0.3;6;20;0;0;13/04/2026 21:53;https://res.bigseller.pro/sku/images/merchantsku/944484/257108_1766027998065.jpg?imageView2/1/w/300/h/300
1229;BEPLAIN Kem chống nắng Sunmuse Mineral Sunscreen SPF50+ - Tím nhạt;;Chưa chọn danh mục;2;32246.16;0.06860000000000001;0.1;0;0;0;0;13/04/2026 21:53;https://res.bigseller.pro/sku/images/merchantsku/944484/000680_1754365820291.jpg?imageView2/1/w/300/h/300
1230;BEPLAIN Kem Chống Nắng Sunmuse Tone Up & Correcting Sunscreen Spf50+ Pa++++ 50ml - Tím;;Chưa chọn danh mục;5;28392.3;0.0248;0.25;30;120;0;0;13/04/2026 21:53;https://res.bigseller.pro/sku/images/merchantsku/944484/146599_1754366212534.jpg?imageView2/1/w/300/h/300
1234;BETADINE Dung Dịch Vệ Sinh Nữ Feminine Wash Daily Use Foam 100ml - Hồng;;Chưa chọn danh mục;0;0;0;0;16;--;0;0;13/04/2026 21:53;https://res.bigseller.pro/sku/images/merchantsku/944484/368261_1754365725442.jpg?imageView2/1/w/300/h/300
1236;BETADINE Dung Dịch Vệ Sinh Nữ Feminine Wash Daily Use Foam 100ml - Xanh;;Chưa chọn danh mục;3;168412.74;0.4318;0.15;7;46;0;0;13/04/2026 21:53;https://res.bigseller.pro/sku/images/merchantsku/944484/741257_1754366317842.jpg?imageView2/1/w/300/h/300
1237;BETADINE Dung Dịch Vệ Sinh Nữ Feminine Wash Daily Use Gentle Protection - 100ml;;Chưa chọn danh mục;0;0;0;0;1;--;0;0;13/04/2026 21:53;https://res.bigseller.pro/sku/images/merchantsku/944484/390177_1754919949041.jpg?imageView2/1/w/300/h/300
1238;BETADINE Dung Dịch Vệ Sinh Nữ Feminine Wash Daily Use Gentle Protection - 250ml;;Chưa chọn danh mục;1;35600;0.35960000000000003;0.05;0;0;0;0;13/04/2026 21:53;https://res.bigseller.pro/sku/images/merchantsku/944484/889282_1754365821342.jpg?imageView2/1/w/300/h/300
1247;BIODERMA Dầu Tắm Atoderm Huile De Douche - 1L;;Chưa chọn danh mục;2;450402.96;0.368;0.1;6;60;0;0;13/04/2026 21:53;https://res.bigseller.pro/sku/images/merchantsku/944484/307645_1755553283684.jpg?imageView2/1/w/300/h/300
1250;BIODERMA Gel Rửa Mặt Sensibio Moussant - 45ml;;Chưa chọn danh mục;1;54959.88;0.3701;0.05;1;20;0;0;13/04/2026 21:53;https://res.bigseller.pro/sku/images/merchantsku/944484/262341_1787501285013.jpg?imageView2/1/w/300/h/300
1253;BIODERMA Kem Chống Nắng PHOTODERM Aquafluide SPF50+ 40ml - Claire (Có Màu);;Chưa chọn danh mục;0;0;0;0;1;--;0;0;13/04/2026 21:53;https://res.bigseller.pro/sku/images/merchantsku/944484/559011_1787501665644.jpg?imageView2/1/w/300/h/300
1254;BIODERMA Kem Chống Nắng PHOTODERM Aquafluide SPF50+ 40ml - Không Màu;;Chưa chọn danh mục;0;0;0;0;1;--;0;0;13/04/2026 21:53;https://res.bigseller.pro/sku/images/merchantsku/944484/620058_1787501646138.jpg?imageView2/1/w/300/h/300
1255;BIODERMA Kem dưỡng ẩm chuyên sâu Atoderm Crème Ultra 200ml;;Chưa chọn danh mục;0;0;0;0;1;--;0;0;13/04/2026 21:53;https://res.bigseller.pro/sku/images/merchantsku/944484/641431_1787501422646.jpg?imageView2/1/w/300/h/300
1258;BIODERMA Kem Dưỡng Atoderm Intensive Baume - Chai 500ml;;Chưa chọn danh mục;0;0;0;0;2;--;0;0;13/04/2026 21:53;https://res.bigseller.pro/sku/images/merchantsku/944484/332389_1787501230482.jpg?imageView2/1/w/300/h/300
1259;BIODERMA Kem Dưỡng Atoderm Intensive Baume - Tuýp 75ml;;Chưa chọn danh mục;2;254798;0.3671;0.1;0;0;0;0;13/04/2026 21:53;https://res.bigseller.pro/sku/images/merchantsku/944484/107671_1754365625533.jpg?imageView2/1/w/300/h/300
1260;BIODERMA Kem dưỡng Atoderm Intensive Gel-Creme - 500ML;;Chưa chọn danh mục;0;0;0;0;2;--;0;0;13/04/2026 21:53;https://res.bigseller.pro/sku/images/merchantsku/944484/388378_1787501212267.jpg?imageView2/1/w/300/h/300
1261;BIODERMA Kem dưỡng Atoderm Intensive Gel-Creme - 75ML;;Chưa chọn danh mục;1;20488.72;0.08960000000000001;0.05;2;40;0;0;13/04/2026 21:53;https://res.bigseller.pro/sku/images/merchantsku/944484/163186_1754365718302.jpg?imageView2/1/w/300/h/300
1264;BIODERMA Kem dưỡng Sebium Hydra 40ml;;Chưa chọn danh mục;10;314264.7;0.0916;0.5;0;0;0;0;13/04/2026 21:53;https://res.bigseller.pro/sku/images/merchantsku/944484/429437_1754361502610.jpg?imageView2/1/w/300/h/300
1266;BIODERMA Kem dưỡng Sebium Pore Refiner - 30ml;;Chưa chọn danh mục;2;501000;0.4267;0.1;0;0;0;0;13/04/2026 21:53;https://res.bigseller.pro/sku/images/merchantsku/944484/996498_1787501803069.jpg?imageView2/1/w/300/h/300
1267;BIODERMA Kem dưỡng Sebium Sensitive 30ml;;Chưa chọn danh mục;0;0;0;0;3;--;0;0;13/04/2026 21:53;https://res.bigseller.pro/sku/images/merchantsku/944484/912491_1787501774750.jpg?imageView2/1/w/300/h/300
1270;BIODERMA Nước tẩy trang Sebium H2O - 100ml;;Chưa chọn danh mục;4;30233.32;0.042800000000000005;0.2;4;20;0;0;13/04/2026 21:53;https://res.bigseller.pro/sku/images/merchantsku/944484/483869_1754998314713.jpg?imageView2/1/w/300/h/300
1271;BIODERMA Nước tẩy trang Sebium H2O - 250ml;;Chưa chọn danh mục;0;0;0;0;4;--;0;0;13/04/2026 21:53;https://res.bigseller.pro/sku/images/merchantsku/944484/931089_1787500962274.jpg?imageView2/1/w/300/h/300
1273;BIODERMA Nước tẩy trang Sebium H2O - 500ml XANH;;Chưa chọn danh mục;21;304529.45;0.0395;1.05;1;0;0;0;13/04/2026 21:53;https://res.bigseller.pro/sku/images/merchantsku/944484/443555_1785489110182.jpg?imageView2/1/w/300/h/300
1274;BIODERMA Nước tẩy trang Sensibio H2O - 100ml;;Chưa chọn danh mục;3;24828.18;0.046799999999999994;0.15;0;0;0;0;13/04/2026 21:53;https://res.bigseller.pro/sku/images/merchantsku/944484/523387_1754366216142.jpg?imageView2/1/w/300/h/300
1277;BIODERMA Nước tẩy trang Sensibio H2O - 500ml HỒNG;;Chưa chọn danh mục;16;176180.62;0.0305;0.8;6;7;0;0;13/04/2026 21:53;https://res.bigseller.pro/sku/images/merchantsku/944484/710875_1754366311821.jpg?imageView2/1/w/300/h/300
1279;BIODERMA Nước Tẩy Trang Sensibio H2O Eye Biphasic Micellar Makeup Remover 125ml;;Chưa chọn danh mục;0;0;0;0;1;--;0;0;13/04/2026 21:53;https://res.bigseller.pro/sku/images/merchantsku/944484/905793_1787501494692.jpg?imageView2/1/w/300/h/300
1280;BIODERMA Serum Sensibio Defensive 30ML;;Chưa chọn danh mục;0;0;0;0;1;--;0;0;13/04/2026 21:53;https://res.bigseller.pro/sku/images/merchantsku/944484/689563_1787501856709.jpg?imageView2/1/w/300/h/300
1281;BIODERMA Son Dưỡng Môi Atoderm Stick Lèvres 4g;;Chưa chọn danh mục;1;181000;1;0.05;0;0;0;0;13/04/2026 21:53;https://res.bigseller.pro/sku/images/merchantsku/944484/320957_1754364221447.jpg?imageView2/1/w/300/h/300
1282;BIODERMA Sữa rửa mặt Atoderm Intensive Gel Moussant 200ml;;Chưa chọn danh mục;0;0;0;0;2;--;0;0;13/04/2026 21:53;https://res.bigseller.pro/sku/images/merchantsku/944484/456725_1754365816522.jpg?imageView2/1/w/300/h/300
1283;BIODERMA Sữa rửa mặt Sebium Gel Moussant - 45ml;;Chưa chọn danh mục;1;7290.91;0.0694;0.05;1;20;0;0;13/04/2026 21:53;https://res.bigseller.pro/sku/images/merchantsku/944484/921351_1787501349389.jpg?imageView2/1/w/300/h/300
1289;BIODERMA Toner Sebium Lotion - Full size 200ml;;Chưa chọn danh mục;0;0;0;0;3;--;0;0;13/04/2026 21:53;https://res.bigseller.pro/sku/images/merchantsku/944484/542238_1754364221110.jpg?imageView2/1/w/300/h/300
1292;BIO-OIL SKINCARE OIL Dầu chăm sóc da mờ sẹo, đều màu - 60ml;;Chưa chọn danh mục;1;0;0;0.05;11;220;0;0;13/04/2026 21:53;https://res.bigseller.pro/sku/images/merchantsku/944484/192009_1754366308598.jpg?imageView2/1/w/300/h/300
1294;BIORÉ Serum Chống Nắng Bioré UV Body Care Serum SPF50+ PA++++ 150ml -  XANH DƯƠNG MÁT LẠNH;;Chưa chọn danh mục;0;0;0;0;1;--;0;0;13/04/2026 21:53;https://res.bigseller.pro/sku/images/merchantsku/944484/041191_1768418509274.jpg?imageView2/1/w/300/h/300
1295;BIORÉ Serum Chống Nắng Bioré UV Body Care Serum SPF50+ PA++++ 150ml - SÁNG SA QUẢ MỌNG;;Chưa chọn danh mục;0;0;0;0;2;--;0;0;13/04/2026 21:53;https://res.bigseller.pro/sku/images/merchantsku/944484/077774_1768418425503.jpg?imageView2/1/w/300/h/300
1296;BIOTRADE Kem chấm mụn giảm mụn viêm, mụn nội tiết 5ml;;Chưa chọn danh mục;0;0;0;0;4;--;0;0;13/04/2026 21:53;https://res.bigseller.pro/sku/images/merchantsku/944484/126376_1762335319166.jpg?imageView2/1/w/300/h/300
1297;Biotrade Dung dịch chấm mụn Biotrade Acnaut Active Lotion 15ml - Kem chấm mụn BioTrade;;Chưa chọn danh mục;1;11096.26;0.07400000000000001;0.05;6;120;0;0;13/04/2026 21:53;https://res.bigseller.pro/sku/images/merchantsku/944484/581935_1762349478177.jpg?imageView2/1/w/300/h/300
1298;BNBG Mặt Nạ Dưỡng Da Vita Tea Tree Healing Face Mask Pack 30ml - Xanh lá đậm;;Chưa chọn danh mục;105;80423.15;0.0444;5.25;0;0;0;0;13/04/2026 21:53;https://res.bigseller.pro/sku/images/merchantsku/944484/227533_1754366305609.jpg?imageView2/1/w/300/h/300
1299;BNBG Mặt Nạ Vita Genic 30ml - Hydrating Jelly Mask VITAMIN E;;Chưa chọn danh mục;0;0;0;0;18;--;0;0;13/04/2026 21:53;https://res.bigseller.pro/sku/images/merchantsku/944484/064052_1754365626394.jpg?imageView2/1/w/300/h/300
1300;BNBG Mặt Nạ Vita Genic 30ml - Lifting Jelly Mask VITAMIN A;;Chưa chọn danh mục;0;0;0;0;93;--;0;0;13/04/2026 21:53;https://res.bigseller.pro/sku/images/merchantsku/944484/667354_1754366215648.jpg?imageView2/1/w/300/h/300
1301;BNBG Mặt Nạ Vita Genic 30ml - Relaxing Jelly Mask VITAMIN B;;Chưa chọn danh mục;10;31426.1;0.18489999999999998;0.5;1;2;0;0;13/04/2026 21:53;https://res.bigseller.pro/sku/images/merchantsku/944484/971739_1754365717972.jpg?imageView2/1/w/300/h/300
1302;BNBG Mặt Nạ Vita Genic 30ml - Whitening Jelly Mask VITAMIN C;;Chưa chọn danh mục;0;0;0;0;8;--;0;0;13/04/2026 21:53;https://res.bigseller.pro/sku/images/merchantsku/944484/789014_1754365718284.jpg?imageView2/1/w/300/h/300
1303;BOBBY Khăn Giấy Ướt Antimos Xua Đuổi Muỗi Cho Bé Từ 6 Tháng Tuổi (20 Miếng) - Lẻ 1 gói;;Chưa chọn danh mục;0;0;0;0;45;--;0;0;13/04/2026 21:53;https://res.bigseller.pro/sku/images/merchantsku/944484/490473_1754361506377.jpg?imageView2/1/w/300/h/300
1304;BOBBY Khăn ướt Hương nhẹ nhàng an toàn dịu êm cho bé 100 miếng/gói - Hồng;;Chưa chọn danh mục;0;0;0;0;10;--;0;0;13/04/2026 21:53;https://res.bigseller.pro/sku/images/merchantsku/944484/887146_1754365619386.jpg?imageView2/1/w/300/h/300
1305;BOUNCIA Sữa Tắm COW Body Soap Trắng Da Dưỡng Ẩm 480ml - HOA CỎ NẮP XANH;;Chưa chọn danh mục;0;0;0;0;3;--;0;0;13/04/2026 21:53;https://res.bigseller.pro/sku/images/merchantsku/944484/612450_1754365629090.jpg?imageView2/1/w/300/h/300
1308;CAMAY Xà bông tắm 125g – Chic (Đen);;Chưa chọn danh mục;2;33214;0.5536;0.1;0;0;0;0;13/04/2026 21:53;https://res.bigseller.pro/sku/images/merchantsku/944484/196329_1754365714075.jpg?imageView2/1/w/300/h/300
1309;CAMAY Xà bông tắm 125g – Classic (Đỏ);;Chưa chọn danh mục;8;109627.72;0.4961;0.4;0;0;0;0;13/04/2026 21:53;https://res.bigseller.pro/sku/images/merchantsku/944484/614293_1754365622245.jpg?imageView2/1/w/300/h/300
1310;CAMAY Xà bông tắm 125g – Natural (Trắng);;Chưa chọn danh mục;4;47431;0.4696;0.2;1;5;0;0;13/04/2026 21:53;https://res.bigseller.pro/sku/images/merchantsku/944484/208197_1754366212096.jpg?imageView2/1/w/300/h/300
1312;CANDID Kem Dưỡng Ẩm B5 CICA - Candid B5 CICA Repair & Soothing Cream - 50ml;;CANDID;1;49880.85;0.0998;0.05;0;0;0;0;13/04/2026 21:53;https://res.bigseller.pro/sku/images/merchantsku/944484/524974_1761736516106.jpg?imageView2/1/w/300/h/300
1315;CARE4U Tăm Vệ Sinh Kẽ Răng Loại Bỏ Mảnh Vụn Thức Ăn Giữa Các Kẽ Răng 160 Chiếc;;Chưa chọn danh mục;8;93712;0.32539999999999997;0.4;0;0;0;0;13/04/2026 21:53;https://res.bigseller.pro/sku/images/merchantsku/944484/215379_1754364214253.jpg?imageView2/1/w/300/h/300
1319;CARYOPHY Gel Tẩy Tế Bào Chết Ngăn Ngừa Mụn 250ml Smart Peeling Gel;;Chưa chọn danh mục;1;875.25;0.0043;0.05;5;100;0;0;13/04/2026 21:53;https://res.bigseller.pro/sku/images/merchantsku/944484/375747_1754365819911.jpg?imageView2/1/w/300/h/300
1320;CARYOPHY Kem Chống Nắng Smart Tone-up Sunscreen SPF50+ PA+++ 50ml;;Chưa chọn danh mục;4;40000;0.04650000000000001;0.2;6;30;0;0;13/04/2026 21:53;https://res.bigseller.pro/sku/images/merchantsku/944484/409962_1754365908211.jpg?imageView2/1/w/300/h/300
1321;CARYOPHY Mặt nạ Portulaca Mask Sheet 3IN1 22g - 01 miếng;;Chưa chọn danh mục;562;351522.32;0.037200000000000004;28.1;247;8;40;0;13/04/2026 21:53;https://res.bigseller.pro/sku/images/merchantsku/944484/449102_1754366311773.jpg?imageView2/1/w/300/h/300
1322;CARYOPHY Mặt nạ Skin Repair Mask Sheet 3IN1 22g - 01 miếng - XANH DƯƠNG;;Chưa chọn danh mục;232;147829.12;0.0375;11.6;158;13;24;0;13/04/2026 21:53;https://res.bigseller.pro/sku/images/merchantsku/944484/860050_1772596263833.jpg?imageView2/1/w/300/h/300
1323;CARYOPHY Nước Tẩy Trang Smart Cleansing Water 5in1 - 500ml;;Chưa chọn danh mục;0;0;0;0;8;--;0;0;13/04/2026 21:53;https://res.bigseller.pro/sku/images/merchantsku/944484/788346_1756125069561.jpg?imageView2/1/w/300/h/300
1324;CARYOPHY Toner Portulaca 300ml;;Chưa chọn danh mục;12;200000;0.0758;0.6;4;6;0;0;13/04/2026 21:53;https://res.bigseller.pro/sku/images/merchantsku/944484/538989_1754366215673.jpg?imageView2/1/w/300/h/300
1325;CATRICE Kem nền HD Liquid Coverage Last Upto 24h 30ml - 008;;Chưa chọn danh mục;0;0;0;0;0;--;0;0;13/04/2026 21:53;https://res.bigseller.pro/sku/images/merchantsku/944484/504693_1754364213578.jpg?imageView2/1/w/300/h/300
1326;CATRICE Kem nền HD Liquid Coverage Last Upto 24h 30ml - 020;;Chưa chọn danh mục;0;0;0;0;5;--;0;0;13/04/2026 21:53;https://res.bigseller.pro/sku/images/merchantsku/944484/957106_1755552875100.jpg?imageView2/1/w/300/h/300
1329;CELL FUSION C Kem chống nắng Toning Sunscreen 100 SPF50+/PA++++ 35ml - HỒNG Aqua Tone Up;;Chưa chọn danh mục;3;354000;0.396;0.15;9;60;0;0;13/04/2026 21:53;https://res.bigseller.pro/sku/images/merchantsku/944484/961835_1764213914124.jpg?imageView2/1/w/300/h/300
1330;CELL FUSION C Kem chống nắng Toning Sunscreen 100 SPF50+/PA++++ 35ml - VÀNG Derma Relief;;Chưa chọn danh mục;1;85000;0.3333;0.05;1;20;0;0;13/04/2026 21:53;https://res.bigseller.pro/sku/images/merchantsku/944484/777310_1764213452088.jpg?imageView2/1/w/300/h/300
1331;CELL FUSION Kem chống nắng Dark Spot Toning 50ml - HỒNG;;Chưa chọn danh mục;15;258369.85;0.0774;0.75;2;2;0;0;13/04/2026 21:53;https://res.bigseller.pro/sku/images/merchantsku/944484/236572_1774242106491.jpg?imageView2/1/w/300/h/300
1332;CELL FUSION Kem chống nắng Toning Sunscreen 100 SPF50+/PA++++ 50ml - Hồng AQUA Tone up;;Chưa chọn danh mục;0;0;0;0;10;--;0;0;13/04/2026 21:53;https://res.bigseller.pro/sku/images/merchantsku/944484/243648_1754366306015.jpg?imageView2/1/w/300/h/300
1336;CERAVE Gel Giảm Mụn Cerave  Blemish Control Gel - 40ml;;Chưa chọn danh mục;0;0;0;0;1;--;0;0;13/04/2026 21:53;https://res.bigseller.pro/sku/images/merchantsku/944484/759216_1767406725765.jpg?imageView2/1/w/300/h/300
1337;CERAVE Kem Dưỡng Ẩm Facial Moisturising Lotion 52ML - AM (Ban Ngày), SPF25+, FRANCE;;Chưa chọn danh mục;0;0;0;0;5;--;0;0;13/04/2026 21:53;https://res.bigseller.pro/sku/images/merchantsku/944484/408384_1754365816617.jpg?imageView2/1/w/300/h/300
1339;CERAVE Kem Dưỡng Da Moisturising Cream Baume Hydratant - 340g FRANCE;;Chưa chọn danh mục;5;280026.2;0.1553;0.25;3;12;0;0;13/04/2026 21:53;https://res.bigseller.pro/sku/images/merchantsku/944484/693265_1754366215944.jpg?imageView2/1/w/300/h/300
1341;CERAVE Kem Dưỡng Da Moisturising Cream Baume Hydratant - 50ml FRANCE;;Chưa chọn danh mục;3;190430.98;0.3407;0.15;21;140;0;0;13/04/2026 21:53;https://res.bigseller.pro/sku/images/merchantsku/944484/980782_1754366311826.jpg?imageView2/1/w/300/h/300
1345;CERAVE Sữa Dưỡng Moisturising Lotion Lait Hydratant - 236ml FRANCE;;Chưa chọn danh mục;0;0;0;0;8;--;0;0;13/04/2026 21:53;https://res.bigseller.pro/sku/images/merchantsku/944484/566701_1755015056858.jpg?imageView2/1/w/300/h/300
1346;CERAVE Sữa Dưỡng Moisturising Lotion Lait Hydratant - 30ml;;Chưa chọn danh mục;64;1922987;0.667;3.2;0;0;0;0;13/04/2026 21:53;https://res.bigseller.pro/sku/images/merchantsku/944484/980249_1754365914084.jpg?imageView2/1/w/300/h/300
1347;CERAVE Sữa Dưỡng Moisturising Lotion Lait Hydratant - 473ml FRANCE;;Chưa chọn danh mục;0;0;0;0;15;--;0;0;13/04/2026 21:53;https://res.bigseller.pro/sku/images/merchantsku/944484/199805_1754365816848.jpg?imageView2/1/w/300/h/300
1349;CERAVE Sữa Rửa Mặt Foaming Cleanser - 236ml FRANCE;;Chưa chọn danh mục;118;2369705.84;0.08070000000000001;5.9;368;62;0;0;13/04/2026 21:53;https://res.bigseller.pro/sku/images/merchantsku/944484/862346_1754365717686.jpg?imageView2/1/w/300/h/300
1350;CERAVE Sữa Rửa Mặt Foaming Cleanser - 30ml FRANCE;;Chưa chọn danh mục;6010;44574783.38;0.3369;300.5;6125;20;0;0;13/04/2026 21:53;https://res.bigseller.pro/sku/images/merchantsku/944484/634847_1785651928354.jpg?imageView2/1/w/300/h/300
1351;CERAVE Sữa Rửa Mặt Foaming Cleanser - 473ml FRANCE;;Chưa chọn danh mục;75;3001624.75;0.1125;3.75;126;33;0;0;13/04/2026 21:53;https://res.bigseller.pro/sku/images/merchantsku/944484/302232_1754366311743.jpg?imageView2/1/w/300/h/300
1353;CERAVE Sữa Rửa Mặt HYDRATING Cleanser - 236ml FRANCE;;Chưa chọn danh mục;60;922411.42;0.0641;3;9;3;0;0;13/04/2026 21:53;https://res.bigseller.pro/sku/images/merchantsku/944484/013712_1754366216280.jpg?imageView2/1/w/300/h/300
1355;CERAVE Sữa Rửa Mặt HYDRATING Cleanser - 473ml FRANCE;;Chưa chọn danh mục;2;19806.2;0.0294;0.1;3;30;0;0;13/04/2026 21:53;https://res.bigseller.pro/sku/images/merchantsku/944484/446683_1754365718067.jpg?imageView2/1/w/300/h/300
1356;CERAVE Sữa Rửa Mặt HYDRATING Cleanser - 88ml FRANCE;;Chưa chọn danh mục;44;792265.02;0.14429999999999998;2.2;13;5;0;0;13/04/2026 21:53;https://res.bigseller.pro/sku/images/merchantsku/944484/799128_1754366311827.jpg?imageView2/1/w/300/h/300
1357;CERAVE Sữa Rửa Mặt SA Smoothing Cleanser - 236ml FRANCE;;Chưa chọn danh mục;47;1023181.02;0.0805;2.35;21;8;0;0;13/04/2026 21:53;https://res.bigseller.pro/sku/images/merchantsku/944484/840743_1754365623720.jpg?imageView2/1/w/300/h/300
1359;CERAVE Sữa Rửa Mặt Cerave Cho Da Dầu Mụn Blemish Control Cleanser - 236ml;;Chưa chọn danh mục;38;604999.42;0.0587;1.9;4;2;0;0;13/04/2026 21:53;https://res.bigseller.pro/sku/images/merchantsku/944484/278672_1749546410503.jpg?imageView2/1/w/300/h/300
1361;CERAVE Sữa Rửa Mặt Cerave Cho Da Dầu Mụn Blemish Control Cleanser - 88ml;;Chưa chọn danh mục;0;0;0;0;1;--;0;0;13/04/2026 21:53;https://res.bigseller.pro/sku/images/merchantsku/944484/902080_1749546862234.jpg?imageView2/1/w/300/h/300
1362;CETAPHIL Gel Rửa Mặt CETAPHIL Gentle Exfolioating SA Cleanser Làm Sạch Sâu Cho Da Dầu Mụn Nhạy Cảm 236ml;;CETAPHIL;0;0;0;0;2;--;0;0;13/04/2026 21:53;https://res.bigseller.pro/sku/images/merchantsku/944484/565425_1753066116048.jpg?imageView2/1/w/300/h/300
1363;CETAPHIL Gel Rửa Mặt Gentle Exfolioating SA Cleanser Làm Sạch Sâu Cho Da Dầu Mụn Nhạy Cảm 473ml;;CETAPHIL;0;0;0;0;3;--;0;0;13/04/2026 21:53;https://res.bigseller.pro/sku/images/merchantsku/944484/104751_1753066149857.jpg?imageView2/1/w/300/h/300
1365;CETAPHIL Baby Moisturising Baby Oil Dưỡng Ẩm Mềm Mại,Cung Cấp Dưỡng Chất Cho Da Bé 200ml;;CETAPHIL;1;599.53;0.004;0.05;10;200;0;0;13/04/2026 21:53;https://res.bigseller.pro/sku/images/merchantsku/944484/440626_1759216549459.jpg?imageView2/1/w/300/h/300
1368;CETAPHIL Gel Rửa Mặt CETAPHIL Gentle Exfolioating SA Cleanser Làm Sạch Sâu Cho Da Dầu Mụn Nhạy Cảm 29ml;;CETAPHIL;0;0;0;0;30;--;0;0;13/04/2026 21:53;https://res.bigseller.pro/sku/images/merchantsku/944484/751171_1755553511823.jpg?imageView2/1/w/300/h/300
1369;CETAPHIL Kem Baby Diaper Cream Calendula 70g;;CETAPHIL;1;-19200;-0.1324;0.05;0;0;0;0;13/04/2026 21:53;https://res.bigseller.pro/sku/images/merchantsku/944484/837811_1754365912068.jpg?imageView2/1/w/300/h/300
1371;CETAPHIL Kem dưỡng ẩm Bright Healthy Radiance - Night Cream 50g;;CETAPHIL;1;336848.5;0.4646;0.05;0;0;0;0;13/04/2026 21:53;https://res.bigseller.pro/sku/images/merchantsku/944484/676696_1754365626141.jpg?imageView2/1/w/300/h/300
1372;CETAPHIL Kem dưỡng ẩm Face and Body Moisturizing Cream 100gr;;CETAPHIL;0;0;0;0;2;--;0;0;13/04/2026 21:53;https://res.bigseller.pro/sku/images/merchantsku/944484/177817_1754365712396.jpg?imageView2/1/w/300/h/300
1374;CETAPHIL Kem dưỡng ẩm Face and Body Moisturizing Cream 50gr;;CETAPHIL;4;360668;0.4409;0.2;0;0;0;0;13/04/2026 21:53;https://res.bigseller.pro/sku/images/merchantsku/944484/678841_1754366215808.jpg?imageView2/1/w/300/h/300
1375;CETAPHIL Kem dưỡng ẩm Pro Acne Prone Moist Lotion SPF25 118ml;;CETAPHIL;0;0;0;0;1;--;0;0;13/04/2026 21:53;https://res.bigseller.pro/sku/images/merchantsku/944484/839698_1787499553627.jpg?imageView2/1/w/300/h/300
1376;CETAPHIL Kem dưỡng ẩm PRO AD Derma Skin Restoring Moisturizer 295ml;;CETAPHIL;1;174279.92;0.2645;0.05;5;100;0;0;13/04/2026 21:53;https://res.bigseller.pro/sku/images/merchantsku/944484/914194_1787306471275.jpg?imageView2/1/w/300/h/300
1379;CETAPHIL Mặt Nạ Bright Healthy Radiance Instant Mask 6 Miếngx23ml;;CETAPHIL;1;183193.3;0.3906;0.05;9;180;0;0;13/04/2026 21:53;https://res.bigseller.pro/sku/images/merchantsku/944484/486244_1758881529380.jpg?imageView2/1/w/300/h/300
1380;CETAPHIL Nước hoa hồng dưỡng ẩm Bright Healthy Radiance Toner 150ml;;CETAPHIL;1;135493.6;0.3882;0.05;1;20;0;0;13/04/2026 21:53;https://res.bigseller.pro/sku/images/merchantsku/944484/766681_1787499671827.jpg?imageView2/1/w/300/h/300
1381;CETAPHIL Pro Ad Derma Repair Cream Giảm Ngứa Và Làm Dịu Lành Dành Cho Da Khô, Ngứa 227g;;CETAPHIL;0;0;0;0;2;--;0;0;13/04/2026 21:53;https://res.bigseller.pro/sku/images/merchantsku/944484/873667_1789804296622.jpg?imageView2/1/w/300/h/300
1382;CETAPHIL Sữa Chống Nắng Baby Sun Kids SPF 50+ - 150ml;;CETAPHIL;0;0;0;0;2;--;0;0;13/04/2026 21:53;https://res.bigseller.pro/sku/images/merchantsku/944484/913763_1787499865211.jpg?imageView2/1/w/300/h/300
1384;CETAPHIL Sữa dưỡng da Baby Daily Lotion - 400ml;;CETAPHIL;5;326444.9;0.2555;0.25;2;8;0;0;13/04/2026 21:53;https://res.bigseller.pro/sku/images/merchantsku/944484/322758_1787498596233.jpg?imageView2/1/w/300/h/300
1385;CETAPHIL Sữa dưỡng da Baby Daily Lotion - with Calendula 400ml;;CETAPHIL;2;90836.92;0.1572;0.1;0;0;0;0;13/04/2026 21:53;https://res.bigseller.pro/sku/images/merchantsku/944484/857742_1787498634104.jpg?imageView2/1/w/300/h/300
1386;CETAPHIL Sữa dưỡng da Baby Daily Lotion - with Calendula 50ml;;CETAPHIL;0;0;0;0;4;--;0;0;13/04/2026 21:53;https://res.bigseller.pro/sku/images/merchantsku/944484/465834_1769698958217.jpg?imageView2/1/w/300/h/300
1387;CETAPHIL Sữa rửa mặt Bright Healthy Radiance Cleanser 100g;;CETAPHIL;0;0;0;0;2;--;0;0;13/04/2026 21:53;https://res.bigseller.pro/sku/images/merchantsku/944484/003284_1787499735925.jpg?imageView2/1/w/300/h/300
1389;CETAPHIL Sữa rửa mặt Gentle Skin Cleanser - 125ml;;CETAPHIL;32;522408.32;0.1298;1.6;35;21;0;0;13/04/2026 21:53;https://res.bigseller.pro/sku/images/merchantsku/944484/723320_1787498768814.jpg?imageView2/1/w/300/h/300
1393;CETAPHIL Sữa Rửa Mặt Oily Skin Cleanser Cho Da Dầu - 118ml;;CETAPHIL;8;111662.56;0.1104;0.4;6;15;0;0;13/04/2026 21:53;https://res.bigseller.pro/sku/images/merchantsku/944484/276859_1787499086233.jpg?imageView2/1/w/300/h/300
1395;CETAPHIL Sữa Rửa Mặt Oily Skin Cleanser Cho Da Dầu - 473ml MẪU MỚI;;CETAPHIL;0;0;0;0;2;--;0;0;13/04/2026 21:53;https://res.bigseller.pro/sku/images/merchantsku/944484/302281_1754366317792.jpg?imageView2/1/w/300/h/300
1398;CETAPHIL Sữa Rửa Mặt Soothing Foam Wash Dạng 200ml;;CETAPHIL;0;0;0;0;3;--;0;0;13/04/2026 21:53;https://res.bigseller.pro/sku/images/merchantsku/944484/638671_1754366308285.jpg?imageView2/1/w/300/h/300
1399;CETAPHIL Sữa tắm dưỡng ẩm Baby Ultra Moisturizing Bath & Wash 230ml;;CETAPHIL;8;62208;0.0576;0.4;0;0;0;0;13/04/2026 21:53;https://res.bigseller.pro/sku/images/merchantsku/944484/066508_1787498543189.jpg?imageView2/1/w/300/h/300
1400;CETAPHIL Sữa tắm gội 2 in 1 Baby Gentle Wash & Shampoo - 230ml;;CETAPHIL;0;0;0;0;0;--;0;0;13/04/2026 21:53;https://res.bigseller.pro/sku/images/merchantsku/944484/656351_1754365718072.jpg?imageView2/1/w/300/h/300
1405;CETAPHIL Sữa tắm PRO AD Derma Skin Restoring Wash 295ml;;CETAPHIL;1;181484.6;0.3954;0.05;4;80;0;0;13/04/2026 21:53;https://res.bigseller.pro/sku/images/merchantsku/944484/159516_1786950882055.jpg?imageView2/1/w/300/h/300
1407;CETAPHIL Toner Soothing & Comforting Cica Balancing 150ml;;CETAPHIL;0;0;0;0;1;--;0;0;13/04/2026 21:53;https://res.bigseller.pro/sku/images/merchantsku/944484/712834_1754361505919.jpg?imageView2/1/w/300/h/300
1409;Sữa Dưỡng Ẩm CETAPHIL Gentle Exfolioating SA Lotion Kết Hợp Tẩy Tế Bào Chết Dịu Nhẹ Cho Da Dầu Mụn Nhạy Cảm 236ml;;CETAPHIL;0;0;0;0;4;--;0;0;13/04/2026 21:53;https://res.bigseller.pro/sku/images/merchantsku/944484/617681_1787498263172.jpg?imageView2/1/w/300/h/300
1410;CETAPHIL Kem Chống Nắng Daily Defense Cream SPF50 Sensitive Skin SPF50 - 50g;;CETAPHIL;0;0;0;0;10;--;0;0;13/04/2026 21:53;https://res.bigseller.pro/sku/images/merchantsku/944484/758881_1752046627271.jpg?imageView2/1/w/300/h/300
1411;CHACOTT Nước Tẩy Trang Professionals Cleansing Water 500ml;;Chưa chọn danh mục;2;236053.34;0.35869999999999996;0.1;11;110;0;0;13/04/2026 21:53;https://res.bigseller.pro/sku/images/merchantsku/944484/283604_1755687785027.jpg?imageView2/1/w/300/h/300
1416;CHINOSHIO Toner Dokudami Perilla Natural Skin Lotion 500ml tía tô;;Chưa chọn danh mục;0;0;0;0;4;--;0;0;13/04/2026 21:53;https://res.bigseller.pro/sku/images/merchantsku/944484/097314_1754365624267.jpg?imageView2/1/w/300/h/300
1417;CHIVEY Bông nở rửa mặt bịch 12 miếng [XT];;Chưa chọn danh mục;16;255480;0.6352;0.8;76;95;0;0;13/04/2026 21:53;https://res.bigseller.pro/sku/images/merchantsku/944484/530549_1754366311779.jpg?imageView2/1/w/300/h/300
1424;CNP Nước hoa hồng Laboratory Propolis Treatment Ampule Essence – 150ml;;Chưa chọn danh mục;0;0;0;0;1;--;0;0;13/04/2026 21:53;https://res.bigseller.pro/sku/images/merchantsku/944484/732300_1754998314467.jpg?imageView2/1/w/300/h/300
1426;CNP Tinh chất keo ong Laboratory Propolis Energy Ampule - 15ml;;Chưa chọn danh mục;0;0;0;0;1;--;0;0;13/04/2026 21:53;https://res.bigseller.pro/sku/images/merchantsku/944484/843682_1754365819968.jpg?imageView2/1/w/300/h/300
1434;COCOON Dầu Gội Bưởi Không Sulfate 500ml;;Chưa chọn danh mục;2;250098.48;0.3689;0.1;0;0;0;0;13/04/2026 21:53;https://res.bigseller.pro/sku/images/merchantsku/944484/133795_1754365813279.jpg?imageView2/1/w/300/h/300
1436;COCOON Mặt Nạ nghệ Hưng Yên Turmeric Face Mask - 30ml;;Chưa chọn danh mục;6;7000.02;0.0137;0.3;0;0;0;0;13/04/2026 21:53;https://res.bigseller.pro/sku/images/merchantsku/944484/241674_1754365816182.jpg?imageView2/1/w/300/h/300
1437;COCOON Nước dưỡng tóc tinh dầu bưởi Pomelo Hair Tonic 140ml;;Chưa chọn danh mục;14;70287.2;0.0604;0.7;22;31;0;0;13/04/2026 21:53;https://res.bigseller.pro/sku/images/merchantsku/944484/332028_1754365908147.jpg?imageView2/1/w/300/h/300
1438;COCOON Nước Tẩy Trang Winter Melon Micellar Water - 500ML;;Chưa chọn danh mục;3;23257.46;0.056299999999999996;0.15;0;0;0;0;13/04/2026 21:53;https://res.bigseller.pro/sku/images/merchantsku/944484/721790_1754365624192.jpg?imageView2/1/w/300/h/300
1439;COCOON Pomelo Dầu Gội Bưởi Shampoo 310ml;;Chưa chọn danh mục;8;80067.04;0.0709;0.4;60;150;0;0;13/04/2026 21:53;https://res.bigseller.pro/sku/images/merchantsku/944484/880354_1789701401256.jpg?imageView2/1/w/300/h/300
1442;COCOON Tẩy Tế Bào Chết Dak Lak Coffee Body Polish - 200ml;;Chưa chọn danh mục;17;90306.88;0.07719999999999999;0.85;0;0;0;0;13/04/2026 21:53;https://res.bigseller.pro/sku/images/merchantsku/944484/076963_1754365816209.jpg?imageView2/1/w/300/h/300
1444;COCOON Tẩy Tế Bào Chết Mặt Dak Lak Coffee Face Polish 150ml;;Chưa chọn danh mục;7;29128.69;0.0471;0.35;0;0;0;0;13/04/2026 21:53;https://res.bigseller.pro/sku/images/merchantsku/944484/103039_1754366215955.jpg?imageView2/1/w/300/h/300
1445;COCOON Tẩy Tế Bào Chết Môi Dak Lak Coffee Lip Scrub 5g;;Chưa chọn danh mục;18;209105.36;0.24489999999999998;0.9;3;3;0;0;13/04/2026 21:53;https://res.bigseller.pro/sku/images/merchantsku/944484/409254_1754365816224.jpg?imageView2/1/w/300/h/300
1446;COCOON Toner Lotus Soothing Hậu Giang - 310ml;;Chưa chọn danh mục;2;17226.52;0.0633;0.1;0;0;0;0;13/04/2026 21:53;https://res.bigseller.pro/sku/images/merchantsku/944484/162076_1789457221173.jpg?imageView2/1/w/300/h/300
1449;COMPLIMENT Gel bôi mụn No Problem 25ml - GEL SOS;;Chưa chọn danh mục;0;0;0;0;14;--;0;0;13/04/2026 21:53;https://res.bigseller.pro/sku/images/merchantsku/944484/506484_1754365712237.jpg?imageView2/1/w/300/h/300
1450;COMPLIMENT Gel rửa mặt AHA BHA  150ml - XANH NHẠT;;Chưa chọn danh mục;18;629859.94;0.36619999999999997;0.9;3;3;0;0;13/04/2026 21:53;https://res.bigseller.pro/sku/images/merchantsku/944484/239895_1754365823166.jpg?imageView2/1/w/300/h/300
1451;COMPLIMENT Kem dưỡng No problem AHA-BHA-PHA phục hồi, tái tạo da dầu mụn 50ml;;Chưa chọn danh mục;2;80745.78;0.4536;0.1;1;10;0;0;13/04/2026 21:53;https://res.bigseller.pro/sku/images/merchantsku/944484/840239_1754365902769.jpg?imageView2/1/w/300/h/300
1452;COMPLIMENT Kem dưỡng phục hồi da 75ml - D-Panthenol 7%;;Chưa chọn danh mục;1;39095.69;0.4443;0.05;0;0;0;0;13/04/2026 21:53;https://res.bigseller.pro/sku/images/merchantsku/944484/697115_1754366306060.jpg?imageView2/1/w/300/h/300
1453;COMPLIMENT Mặt nạ đất sét No Problem Steaming Face Mask 80ml - Cam;;Chưa chọn danh mục;0;0;0;0;2;--;0;0;13/04/2026 21:53;https://res.bigseller.pro/sku/images/merchantsku/944484/326296_1754365904146.jpg?imageView2/1/w/300/h/300
1455;COMPLIMENT Mặt nạ đất sét No Problem Steaming Face Mask 80ml - Xanh;;Chưa chọn danh mục;4;151749.28;0.4044;0.2;7;35;0;0;13/04/2026 21:53;https://res.bigseller.pro/sku/images/merchantsku/944484/654300_1754365714030.jpg?imageView2/1/w/300/h/300
1460;COMPLIMENT Nước Tẩy Trang Soothing Micellar Water ACTIVE Màu Xanh 400ml;;Chưa chọn danh mục;4;202294.12;0.4436;0.2;26;130;0;0;13/04/2026 21:53;https://res.bigseller.pro/sku/images/merchantsku/944484/357078_1754365903192.jpg?imageView2/1/w/300/h/300
1465;COMPLIMENT Serum 27ml - Salycylic BHA 2%;;Chưa chọn danh mục;14;503869.3;0.39890000000000003;0.7;0;0;0;0;13/04/2026 21:53;https://res.bigseller.pro/sku/images/merchantsku/944484/446660_1755015213695.jpg?imageView2/1/w/300/h/300
1467;COMPLIMENT Serum AHA BHA Anti-Acne giảm mụn 27ml - XANH NHẠT;;Chưa chọn danh mục;0;0;0;0;5;--;0;0;13/04/2026 21:53;https://res.bigseller.pro/sku/images/merchantsku/944484/716166_1754365631639.jpg?imageView2/1/w/300/h/300
1468;COMPLIMENT Serum Capsules Ampoule - Vàng 27ml;;Chưa chọn danh mục;1;55276.49;0.47859999999999997;0.05;1;20;0;0;13/04/2026 21:53;https://res.bigseller.pro/sku/images/merchantsku/944484/513037_1760426134371.jpg?imageView2/1/w/300/h/300
1469;COMPLIMENT Serum Capsules Ampoule - Xanh Dương 27ml;;Chưa chọn danh mục;0;0;0;0;4;--;0;0;13/04/2026 21:53;https://res.bigseller.pro/sku/images/merchantsku/944484/176693_1760426100238.jpg?imageView2/1/w/300/h/300
1471;COMPLIMENT Sữa rửa mặt No Problem 200ml - Cam;;Chưa chọn danh mục;160;2371332.4;0.24559999999999998;8;505;63;0;0;13/04/2026 21:53;https://res.bigseller.pro/sku/images/merchantsku/944484/663436_1754365626082.jpg?imageView2/1/w/300/h/300
1472;COMPLIMENT Sữa rửa mặt No Problem 200ml - Hồng;;Chưa chọn danh mục;951;19075762.03;0.30579999999999996;47.55;261;5;0;0;13/04/2026 21:53;https://res.bigseller.pro/sku/images/merchantsku/944484/220412_1754366215630.jpg?imageView2/1/w/300/h/300
1473;COMPLIMENT Sữa rửa mặt No Problem 200ml - Vàng;;Chưa chọn danh mục;191;3578309.39;0.2514;9.55;679;71;0;0;13/04/2026 21:53;https://res.bigseller.pro/sku/images/merchantsku/944484/482240_1754365718575.jpg?imageView2/1/w/300/h/300
1474;COMPLIMENT Sữa rửa mặt No Problem 200ml - Xanh lá;;Chưa chọn danh mục;218;3983834;0.2469;10.9;596;54;0;0;13/04/2026 21:53;https://res.bigseller.pro/sku/images/merchantsku/944484/724916_1754365717784.jpg?imageView2/1/w/300/h/300
1475;COMPLIMENT Sữa rửa mặt No Problem 200ml - Xanh ngọc;;Chưa chọn danh mục;119;1918778.21;0.22390000000000002;5.95;355;59;0;0;13/04/2026 21:53;https://res.bigseller.pro/sku/images/merchantsku/944484/213848_1754366311741.jpg?imageView2/1/w/300/h/300
1476;COMPLIMENT sữa rửa mặt Succinic Acid NEW Lẻ 1 Tuýp 200ml - CAM MỚI;;Chưa chọn danh mục;17;362021.93;0.2553;0.85;49;57;0;0;13/04/2026 21:53;https://res.bigseller.pro/sku/images/merchantsku/944484/668270_1757513310964.jpg?imageView2/1/w/300/h/300
1478;COMPLIMENT TDC mặt Peeling Roll Salycylic Acid -  80ml;;Chưa chọn danh mục;5;24181.8;0.0834;0.25;0;0;0;0;13/04/2026 21:53;https://res.bigseller.pro/sku/images/merchantsku/944484/021163_1769697815420.jpg?imageView2/1/w/300/h/300
1480;COMPLIMENT Toner 10% Glycolic Acid & Aloe Lô hội - 200ML;;Chưa chọn danh mục;406;13374851;0.36219999999999997;20.3;361;17;0;0;13/04/2026 21:53;https://res.bigseller.pro/sku/images/merchantsku/944484/274732_1755687785897.jpg?imageView2/1/w/300/h/300
1485;COMPLIMENT Xịt khoáng 200ml - Màu Tím;;Chưa chọn danh mục;0;0;0;0;1;--;0;0;13/04/2026 21:53;https://res.bigseller.pro/sku/images/merchantsku/944484/729089_1765853338834.jpg?imageView2/1/w/300/h/300
1486;COMPLIMENT Xịt khoáng 200ml - Màu Xanh Mint;;Chưa chọn danh mục;1;39626.37;0.46619999999999995;0.05;0;0;0;0;13/04/2026 21:53;https://res.bigseller.pro/sku/images/merchantsku/944484/538502_1754366317795.jpg?imageView2/1/w/300/h/300
1488;COMPLIMENT Dưỡng Mi Chuốt Mi Dày Và Dài Chắc Khỏe, Mọc Siêu Nhanh 12ml;;Chưa chọn danh mục;0;0;0;0;1;--;0;0;13/04/2026 21:53;https://res.bigseller.pro/sku/images/merchantsku/944484/148899_1754366209039.jpg?imageView2/1/w/300/h/300
1490;COMPLIMENT Serum  10% Niacinamide 27ml - HỒNG NHẠT B3;;Chưa chọn danh mục;0;0;0;0;4;--;0;0;13/04/2026 21:53;https://res.bigseller.pro/sku/images/merchantsku/944484/600651_1754366319770.jpg?imageView2/1/w/300/h/300
1492;COMPLIMENT Serum dưỡng tóc - VÀNG Serum 200ml;;Chưa chọn danh mục;0;0;0;0;3;--;0;0;13/04/2026 21:53;https://res.bigseller.pro/sku/images/merchantsku/944484/344000_1757389439693.jpg?imageView2/1/w/300/h/300
1493;COMPLIMENT Serum Red Peel Compliment AHA 30% + BHA 2%  27ml ( ĐỎ);;Chưa chọn danh mục;1;68799.07;0.5333;0.05;0;0;0;0;13/04/2026 21:53;https://res.bigseller.pro/sku/images/merchantsku/944484/037178_1754365914881.jpg?imageView2/1/w/300/h/300
1494;Compliment Sữa rửa mặt 5% Glycolic Acid làm sạch và dưỡng sáng da 150ml;;Chưa chọn danh mục;17;313691.04;0.2371;0.85;0;0;0;0;13/04/2026 21:53;https://res.bigseller.pro/sku/images/merchantsku/944484/681416_1754365726540.jpg?imageView2/1/w/300/h/300
1498;CORINE DE FARME BABY LOTION - 250ml;;CORINE DE FARME;4;80538;0.1115;0.2;7;35;0;0;13/04/2026 21:53;https://res.bigseller.pro/sku/images/merchantsku/944484/814532_1754364220764.jpg?imageView2/1/w/300/h/300
1499;CORINE DE FARME BABY LOTION - 500ml;;CORINE DE FARME;5;414738.45;0.2893;0.25;7;28;0;0;13/04/2026 21:53;https://res.bigseller.pro/sku/images/merchantsku/944484/349058_1754998488750.jpg?imageView2/1/w/300/h/300
1500;CORINE DE FARME DDVS Intimate Gel 250ml - Fresh;;CORINE DE FARME;0;0;0;0;13;--;0;0;13/04/2026 21:53;https://res.bigseller.pro/sku/images/merchantsku/944484/208085_1754365816636.jpg?imageView2/1/w/300/h/300
1501;CORINE DE FARME DDVS Intimate Gel 250ml - Protect;;CORINE DE FARME;0;0;0;0;18;--;0;0;13/04/2026 21:53;https://res.bigseller.pro/sku/images/merchantsku/944484/994634_1754365623874.jpg?imageView2/1/w/300/h/300
1502;CORINE DE FARME Gel Tắm Essential Shower Gel Làm Sạch Da, Gữ Ẩm 750ml - Aloe vera;;CORINE DE FARME;0;0;0;0;3;--;0;0;13/04/2026 21:53;https://res.bigseller.pro/sku/images/merchantsku/944484/831644_1754365821744.jpg?imageView2/1/w/300/h/300
1503;CORINE DE FARME Gel Tắm Gội cho bé Hair & Body Wash Gel Corps & Cheveux (Ultra-Rich) - 250ml;;CORINE DE FARME;0;0;0;0;17;--;0;0;13/04/2026 21:53;https://res.bigseller.pro/sku/images/merchantsku/944484/994175_1754366216309.jpg?imageView2/1/w/300/h/300
1504;CORINE DE FARME Gel Tắm Gội cho bé Hair & Body Wash Gel Corps & Cheveux (Ultra-Rich) - 500ml;;CORINE DE FARME;2;21000.4;0.0441;0.1;23;230;0;0;13/04/2026 21:53;https://res.bigseller.pro/sku/images/merchantsku/944484/627749_1754365717704.jpg?imageView2/1/w/300/h/300
1505;CORINE DE FARME Gel vệ sinh phụ nữ BIO Organic Intimate Gel Sensitive - 250ml;;CORINE DE FARME;1;92404.09;0.3668;0.05;6;120;0;0;13/04/2026 21:53;https://res.bigseller.pro/sku/images/merchantsku/944484/143827_1754366311729.jpg?imageView2/1/w/300/h/300
1506;CORINE DE FARME Kids Shower Gel Tắm Gội 2 in 1 Làm Sạch Dịu Nhẹ Làn Da Nhạy Cảm 300ml - Princess;;CORINE DE FARME;0;0;0;0;15;--;0;0;13/04/2026 21:53;https://res.bigseller.pro/sku/images/merchantsku/944484/851650_1765532790113.jpg?imageView2/1/w/300/h/300
1507;CORINE DE FARME Kids Shower Gel Tắm Gội 2 in 1 Làm Sạch Dịu Nhẹ Làn Da Nhạy Cảm 300ml - STRAWBERRY;;CORINE DE FARME;1;71090;0.4182;0.05;4;80;0;0;13/04/2026 21:53;https://res.bigseller.pro/sku/images/merchantsku/944484/022051_1765532536608.jpg?imageView2/1/w/300/h/300
1508;CORINE DE FARME Kids Shower Gel Tắm Gội 2 in 1 Pear Làm Sạch Dịu Nhẹ Làn Da Nhạy Cảm 300ml;;CORINE DE FARME;0;0;0;0;7;--;0;0;13/04/2026 21:53;https://res.bigseller.pro/sku/images/merchantsku/944484/158994_1763534511532.jpg?imageView2/1/w/300/h/300
1509;CORINE DE FARME Sữa Tắm Gội Cho Bé Gel Douche 2in1 Phiên Bản Batman 300ml;;CORINE DE FARME;0;0;0;0;8;--;0;0;13/04/2026 21:53;https://res.bigseller.pro/sku/images/merchantsku/944484/102821_1754366315286.jpg?imageView2/1/w/300/h/300
1510;CORINE DE FARME Sữa Tắm Gội Cho Bé Gel Douche 2in1 Phiên Bản Superman 300ml;;CORINE DE FARME;2;78290.5;0.281;0.1;11;110;0;0;13/04/2026 21:53;https://res.bigseller.pro/sku/images/merchantsku/944484/087058_1754365915101.jpg?imageView2/1/w/300/h/300
1511;CORINE DE FARME Sữa tắm Intimate Gel Douche Shower Gel 2in1 250ml;;CORINE DE FARME;1;73045;0.4081;0.05;10;200;0;0;13/04/2026 21:53;https://res.bigseller.pro/sku/images/merchantsku/944484/046311_1754364220758.jpg?imageView2/1/w/300/h/300
1512;QUÀ TẶNG - BĂNG ĐÔ CDF XANH;;CORINE DE FARME;4;58500;1;0.2;24;120;0;0;13/04/2026 21:53;https://res.bigseller.pro/sku/images/merchantsku/944484/410495_1767409320027.jpg?imageView2/1/w/300/h/300
1513;COSRX Kem Dưỡng Ẩm Advanced Snail 92 All In One Cream (Tube) - 50g;;Chưa chọn danh mục;0;0;0;0;1;--;0;0;13/04/2026 21:53;https://res.bigseller.pro/sku/images/merchantsku/944484/982190_1754365630269.jpg?imageView2/1/w/300/h/300
1514;COSRX Sữa Rửa Mặt Low pH Good Morning Gel Cleanser - 150ml;;Chưa chọn danh mục;15;160775.25;0.0789;0.75;27;36;0;0;13/04/2026 21:53;https://res.bigseller.pro/sku/images/merchantsku/944484/955812_1754365623530.jpg?imageView2/1/w/300/h/300
1523;COW Sữa tắm Milky Body Soap 550ml - HƯƠNG HOA HỒNG;;Chưa chọn danh mục;0;0;0;0;1;--;0;0;13/04/2026 21:53;https://res.bigseller.pro/sku/images/merchantsku/944484/727141_1754365909710.jpg?imageView2/1/w/300/h/300
1524;CREST Kem đánh răng 3D White 147g - Bản Advanced;;Chưa chọn danh mục;0;0;0;0;2;--;0;0;13/04/2026 21:53;https://res.bigseller.pro/sku/images/merchantsku/944484/647902_1755553283092.jpg?imageView2/1/w/300/h/300
1527;CREST Kem Đánh Trắng Răng 3D White Radiant Mint 93g;;Chưa chọn danh mục;0;0;0;0;1;--;0;0;13/04/2026 21:53;https://res.bigseller.pro/sku/images/merchantsku/944484/031625_1754366219928.jpg?imageView2/1/w/300/h/300
1528;CURCUMIN Tinh Nghệ Nano 365 Curcumin Premium Hamin Bio 32 tép;;Chưa chọn danh mục;0;0;0;0;2;--;0;0;13/04/2026 21:53;https://res.bigseller.pro/sku/images/merchantsku/944484/838829_1787202758756.jpg?imageView2/1/w/300/h/300
1543;DENTAL FLOSSERS Tăm chỉ nha khoa hộp 50 chiếc;;Chưa chọn danh mục;10;66059.3;0.6232;0.5;297;594;0;0;13/04/2026 21:53;https://res.bigseller.pro/sku/images/merchantsku/944484/967193_1754919949287.jpg?imageView2/1/w/300/h/300
1544;DERM ALL MATRIX Mặt nạ Derm All Matrix - Lẻ 1 Miếng;;Chưa chọn danh mục;96;236522.12;0.0385;4.8;4;0;0;0;13/04/2026 21:53;https://res.bigseller.pro/sku/images/merchantsku/944484/750736_1754361503118.jpg?imageView2/1/w/300/h/300
1546;DERMA FORTE Gel giảm mụn 15g - Bản ADVANCED;;Chưa chọn danh mục;9;582850.6;0.429;0.45;24;53;0;0;13/04/2026 21:53;https://res.bigseller.pro/sku/images/merchantsku/944484/365374_1754365817106.jpg?imageView2/1/w/300/h/300
1547;DERMA FORTE Gel giảm mụn 15g - Bản thường;;Chưa chọn danh mục;152;1299610.68;0.09269999999999999;7.6;82;10;0;0;13/04/2026 21:53;https://res.bigseller.pro/sku/images/merchantsku/944484/830774_1754365626073.jpg?imageView2/1/w/300/h/300
1548;DERMABLOCK Kem Chống Nắng Sun Cream SPF50+ PA++++ - #BB;;Chưa chọn danh mục;0;0;0;0;15;--;0;0;13/04/2026 21:53;https://res.bigseller.pro/sku/images/merchantsku/944484/781292_1754365631700.jpg?imageView2/1/w/300/h/300
1549;DERMABLOCK Kem Chống Nắng  Sun Cream SPF50+ PA++++ - #Daily;;Chưa chọn danh mục;0;0;0;0;5;--;0;0;13/04/2026 21:53;https://res.bigseller.pro/sku/images/merchantsku/944484/485673_1754366209344.jpg?imageView2/1/w/300/h/300
1550;DERMABLOCK Kem Chống Nắng  Sun Cream SPF50+ PA++++ - #Tone Up;;Chưa chọn danh mục;0;0;0;0;12;--;0;0;13/04/2026 21:53;https://res.bigseller.pro/sku/images/merchantsku/944484/054162_1754365617405.jpg?imageView2/1/w/300/h/300
1552;DERMAXILIC Kem ngày Dermaxilic B5 Tone up cream  - 50ml;;Chưa chọn danh mục;323;1881245.52;0.0434;16.15;2;0;0;0;13/04/2026 21:53;https://res.bigseller.pro/sku/images/merchantsku/944484/039048_1778121897307.jpg?imageView2/1/w/300/h/300
1560;DIANA Băng vệ sinh MAMA dành cho mẹ sau sinh 12 miếng/gói;;Chưa chọn danh mục;0;0;0;0;3;--;0;0;13/04/2026 21:53;https://res.bigseller.pro/sku/images/merchantsku/944484/454173_1754366212295.jpg?imageView2/1/w/300/h/300
1561;DIANA băng vệ sinh ngày & đêm kháng khuẩn 20 miếng;;Chưa chọn danh mục;0;0;0;0;9;--;0;0;13/04/2026 21:53;https://res.bigseller.pro/sku/images/merchantsku/944484/689007_1754366306031.jpg?imageView2/1/w/300/h/300
1588;DOVE Tẩy tế bào chết bluberry & Lime scent 280g;;Chưa chọn danh mục;15;113428.25;0.0538;0.75;1;1;0;0;13/04/2026 21:53;https://res.bigseller.pro/sku/images/merchantsku/944484/047821_1784172108304.jpg?imageView2/1/w/300/h/300
1589;DOVE Tẩy Tế Bào Chết Dove Body Scrub 50g - ĐƯỜNG NÂU;;Chưa chọn danh mục;3;62094.1;0.5568;0.15;0;0;0;0;13/04/2026 21:53;https://res.bigseller.pro/sku/images/merchantsku/944484/243476_1750237274987.jpg?imageView2/1/w/300/h/300
1590;DOVE Tẩy Tế Bào Chết Dove Body Scrub 50g - HOA ANH ĐÀO;;Chưa chọn danh mục;2;43222.78;0.5597;0.1;0;0;0;0;13/04/2026 21:53;https://res.bigseller.pro/sku/images/merchantsku/944484/699496_1750482187241.jpg?imageView2/1/w/300/h/300
1591;DOVE Tẩy Tế Bào Chết Dove Body Scrub 50g - LỰU;;Chưa chọn danh mục;0;0;0;0;0;--;0;0;13/04/2026 21:53;https://res.bigseller.pro/sku/images/merchantsku/944484/256081_1750237225332.jpg?imageView2/1/w/300/h/300
1592;DOVE Tẩy tế bào chết  SAKURA 280g;;Chưa chọn danh mục;15;174083.34;0.0828;0.75;23;30;0;0;13/04/2026 21:53;https://res.bigseller.pro/sku/images/merchantsku/944484/504436_1754366320316.jpg?imageView2/1/w/300/h/300
1593;DOVE Tẩy tế bào chết bản Mỹ 280g - Lựu Đỏ;;Chưa chọn danh mục;45;293941.11;0.047;2.25;24;10;0;0;13/04/2026 21:53;https://res.bigseller.pro/sku/images/merchantsku/944484/883939_1754366223830.jpg?imageView2/1/w/300/h/300
1594;DR.ALTHEA Kem dưỡng ẩm Dr.Althea 345 Relief Cream - 50ml;;Chưa chọn danh mục;12;137404.51;0.0361;0.6;0;0;20;0;13/04/2026 21:53;https://res.bigseller.pro/sku/images/merchantsku/944484/973719_1758618401202.jpg?imageView2/1/w/300/h/300
1595;Drceutics Nước tẩy trang Ultra-mild Olive Cleansing Water - 500ML;;Chưa chọn danh mục;0;0;0;0;2;--;0;0;13/04/2026 21:53;https://res.bigseller.pro/sku/images/merchantsku/944484/978749_1771989191329.jpg?imageView2/1/w/300/h/300
1600;DR.G Kem Chống Nắng Phổ Rộng R.E.D Blemish Soothing Up Sun SPF 50+ PA++++ - 10ml;;DR.G;11;211000;0.43420000000000003;0.55;0;0;0;0;13/04/2026 21:53;https://res.bigseller.pro/sku/images/merchantsku/944484/116232_1754365712850.jpg?imageView2/1/w/300/h/300
1601;Dr.G Kem dưỡng R.E.D Blemish Clear Soothing Cream - 10ml;;DR.G;3;75000;0.5;0.15;20;133;0;0;13/04/2026 21:53;https://res.bigseller.pro/sku/images/merchantsku/944484/356185_1754366210676.jpg?imageView2/1/w/300/h/300
1606;DR.JART Kem Dưỡng Trắng Da V7 Toning Light Dr.Jart+ 50ml;;Chưa chọn danh mục;0;0;0;0;3;--;0;0;13/04/2026 21:53;https://res.bigseller.pro/sku/images/merchantsku/944484/234238_1754365813712.jpg?imageView2/1/w/300/h/300
1608;DR.PEPTI Nước Hoa Hồng Centella Toner 180ml;;DR.PEPTI;2;9220.78;0.02;0.1;0;0;0;0;13/04/2026 21:53;https://res.bigseller.pro/sku/images/merchantsku/944484/040043_1785301472197.jpg?imageView2/1/w/300/h/300
1609;DR.PEPTI Sữa Rửa Mặt Galacto Cleansing Foam 110ml;;DR.PEPTI;4;42257.44;0.0783;0.2;0;0;0;0;13/04/2026 21:53;https://res.bigseller.pro/sku/images/merchantsku/944484/176156_1754365813960.jpg?imageView2/1/w/300/h/300
1610;DR.PEPTI Tẩy Da Chết Herb Natural Peeling Gel 130ml;;DR.PEPTI;1;6610.39;0.045599999999999995;0.05;0;0;0;0;13/04/2026 21:53;https://res.bigseller.pro/sku/images/merchantsku/944484/817147_1755015056776.jpg?imageView2/1/w/300/h/300
1611;DR.SERA Bông Tẩy Trang Cotton Tiệt Trùng UV - PURE SNOW COTTON PAD - 150 Miếng;;Chưa chọn danh mục;61;556733.5;0.2514;3.05;509;166;0;0;13/04/2026 21:53;https://res.bigseller.pro/sku/images/merchantsku/944484/762912_1756125358464.jpg?imageView2/1/w/300/h/300
1612;DR.SERA Bông Tẩy Trang Cotton Tiệt Trùng UV - PURE SNOW COTTON PAD - 234 Miếng;;Chưa chọn danh mục;83;1108268.86;0.3268;4.15;941;226;0;0;13/04/2026 21:53;https://res.bigseller.pro/sku/images/merchantsku/944484/407282_1754361506518.jpg?imageView2/1/w/300/h/300
1613;DR.SERA Khăn Mặt Nén Cotton Tiệt Trùng UV Mềm Mịn An Toàn Làn Da - Túi (30 cái);;Chưa chọn danh mục;155;-235137.5;-0.6531999999999999;7.75;110;14;0;0;13/04/2026 21:53;https://res.bigseller.pro/sku/images/merchantsku/944484/058282_1754365904596.jpg?imageView2/1/w/300/h/300
1615;DR.SERA Khăn Tắm Nén Cotton Tiệt Trùng UV Mềm Mịn An Toàn Với Mọi Làn Da - 1 Khăn;;Chưa chọn danh mục;128;1203319.12;0.36060000000000003;6.4;1;0;0;0;13/04/2026 21:53;https://res.bigseller.pro/sku/images/merchantsku/944484/143497_1781534797520.jpg?imageView2/1/w/300/h/300
1616;DUCRAY Dầu gội Kelual DS shampoo 100ml;;DUCRAY;4;465552.44;0.2873;0.2;0;0;0;0;13/04/2026 21:53;https://res.bigseller.pro/sku/images/merchantsku/944484/100232_1754361502892.jpg?imageView2/1/w/300/h/300
1617;DUCRAY Dầu Gội KERTYOL PSO Shampoo 125ml;;DUCRAY;0;0;0;0;8;--;0;0;13/04/2026 21:53;https://res.bigseller.pro/sku/images/merchantsku/944484/993634_1754365816239.jpg?imageView2/1/w/300/h/300
1618;DUCRAY Kem Chống Nắng Keracnyl UV Anti-Blemish Fluid SPF50+ 50ml;;DUCRAY;0;0;0;0;1;--;0;0;13/04/2026 21:53;https://res.bigseller.pro/sku/images/merchantsku/944484/541245_1789007232022.jpg?imageView2/1/w/300/h/300
1619;DUCRAY Kem Dưỡng Da KERACNYL MAT Oily Skin 30ml;;DUCRAY;0;0;0;0;7;--;0;0;13/04/2026 21:53;https://res.bigseller.pro/sku/images/merchantsku/944484/515151_1754365718495.jpg?imageView2/1/w/300/h/300
1626;EKSEPTION Tinh Chất Dưỡng Ẩm Hyaluronic PHA Mixlab Serum - 75ml;;EKSEPTION;0;0;0;0;1;--;0;0;13/04/2026 21:53;https://res.bigseller.pro/sku/images/merchantsku/944484/045504_1787496926859.jpg?imageView2/1/w/300/h/300
1630;Elasten Nước Uống Collagen Elasten Thủy Phân 28 Ống x 25ml (1 hộp );;Chưa chọn danh mục;2;173571.42;0.04769999999999999;0.1;0;0;0;0;13/04/2026 21:53;https://res.bigseller.pro/sku/images/merchantsku/944484/826740_1755552877352.jpg?imageView2/1/w/300/h/300
1633;EMBRYOLISSE Kem Chống Nắng Crème Solaire SPF 50 PA++++ 100ml;;EMBRYOLISSE;0;0;0;0;4;--;0;0;13/04/2026 21:53;https://res.bigseller.pro/sku/images/merchantsku/944484/551598_1754365629789.jpg?imageView2/1/w/300/h/300
1634;EMBRYOLISSE Kem dưỡng Lait CONCENTRE - 30ml;;EMBRYOLISSE;2;157093.6;0.3111;0.1;19;190;0;0;13/04/2026 21:53;https://res.bigseller.pro/sku/images/merchantsku/944484/723171_1754364220704.jpg?imageView2/1/w/300/h/300
1636;EMBRYOLISSE Kem dưỡng Lait CONCENTRE - 75ml;;EMBRYOLISSE;5;41851.85;0.026600000000000002;0.25;3;12;0;0;13/04/2026 21:53;https://res.bigseller.pro/sku/images/merchantsku/944484/929715_1754998314390.jpg?imageView2/1/w/300/h/300
1639;ESSENCE Phấn Tươi Soft Touch Mousse 16g - 04 COOL IVORY;;Chưa chọn danh mục;43;-4850400;0;2.15;0;0;0;0;13/04/2026 21:53;https://res.bigseller.pro/sku/images/merchantsku/944484/513649_1755553184617.jpg?imageView2/1/w/300/h/300
1640;ETIAXIL Lăn khử mùi 15ml - Đỏ;;Chưa chọn danh mục;9;918412.28;0.3957;0.45;0;0;0;0;13/04/2026 21:53;https://res.bigseller.pro/sku/images/merchantsku/944484/538449_1754364220703.jpg?imageView2/1/w/300/h/300
1642;ETIAXIL Lăn khử mùi 15ml - Xanh;;Chưa chọn danh mục;63;2992464.35;0.23;3.15;117;37;0;0;13/04/2026 21:53;https://res.bigseller.pro/sku/images/merchantsku/944484/314733_1754365814835.jpg?imageView2/1/w/300/h/300
1648;ETIAXIL Xịt khử mùi chân Déodorant Anti-Transpirant 48h Pieds 100ml;;Chưa chọn danh mục;44;2308688.92;0.2548;2.2;6;2;0;0;13/04/2026 21:53;https://res.bigseller.pro/sku/images/merchantsku/944484/608999_1754365717939.jpg?imageView2/1/w/300/h/300
1649;ETIAXIL Xịt khử mùi Déodorant Anti-Transpirant 48h Anti-Traces Blanches & Jaunes - Phun sương 150ml;;Chưa chọn danh mục;10;556900.03;0.285;0.5;3;6;0;0;13/04/2026 21:53;https://res.bigseller.pro/sku/images/merchantsku/944484/260214_1754366312312.jpg?imageView2/1/w/300/h/300
1650;ETIAXIL Xịt khử mùi Déodorant Anti-Transpirant 48h Anti-Traces Blanches & Jaunes - Xịt thường 100ml;;Chưa chọn danh mục;2;187533.34;0.3766;0.1;24;240;0;0;13/04/2026 21:53;https://res.bigseller.pro/sku/images/merchantsku/944484/983099_1754365909795.jpg?imageView2/1/w/300/h/300
1653;EUCERIN Kem chống nắng Sun Dry Touch Oil Control Spf50+ 50ml;;EUCERIN;0;0;0;0;1;--;0;0;13/04/2026 21:53;https://res.bigseller.pro/sku/images/merchantsku/944484/991456_1756125277372.jpg?imageView2/1/w/300/h/300
1655;EUCERIN Sữa Dưỡng Thể Spotless Brightening Body Lotion 250ML;;EUCERIN;0;0;0;0;2;--;0;0;13/04/2026 21:53;https://res.bigseller.pro/sku/images/merchantsku/944484/423895_1787499212074.jpg?imageView2/1/w/300/h/300
1656;EUCERIN Tẩy Trang DermatoCLEAN Hyaluron Micellar Water 3in1 - 400ml;;EUCERIN;5;43947.35;0.0339;0.25;0;0;0;0;13/04/2026 21:53;https://res.bigseller.pro/sku/images/merchantsku/944484/859418_1785894889056.jpg?imageView2/1/w/300/h/300
1657;EUCRYL Bột Tẩy Trắng Răng Powerful Stain Removal Toothpowder 50g - Lẻ 1 Hộp Bột Tẩy;;EUCRYL;126;386926.05;0.0712;6.3;4;0;0;0;13/04/2026 21:53;https://res.bigseller.pro/sku/images/merchantsku/944484/149145_1754366215335.jpg?imageView2/1/w/300/h/300
1658;EUCRYL Kem Đánh Răng Toothpaste 62g;;EUCRYL;12;68826.48;0.1261;0.6;8;13;0;0;13/04/2026 21:53;https://res.bigseller.pro/sku/images/merchantsku/944484/767288_1754365717694.jpg?imageView2/1/w/300/h/300
1659;EUNDAN Viên Uống Vitamin C 1000mg (Hộp 120 Viên);;Chưa chọn danh mục;5;33171.5;0.0285;0.25;0;0;0;0;13/04/2026 21:53;https://res.bigseller.pro/sku/images/merchantsku/944484/912756_1754366220016.jpg?imageView2/1/w/300/h/300
1663;EVOLUDERM Xịt Khoáng Atomiseur Eau Pur - 150ml;;Chưa chọn danh mục;0;0;0;0;11;--;0;0;13/04/2026 21:53;https://res.bigseller.pro/sku/images/merchantsku/944484/510264_1754366214174.jpg?imageView2/1/w/300/h/300
1664;EVOLUDERM Xịt Khoáng Atomiseur Eau Pur - 400ml;;Chưa chọn danh mục;4;42187.08;0.0834;0.2;10;50;0;0;13/04/2026 21:53;https://res.bigseller.pro/sku/images/merchantsku/944484/290580_1754365720749.jpg?imageView2/1/w/300/h/300
1665;EXCLUSIVE COSMETIC Tẩy Da Chết Toàn Thân Quế Hồi Và Café 380g;;Chưa chọn danh mục;3;10831.17;0.052300000000000006;0.15;0;0;0;0;13/04/2026 21:53;https://res.bigseller.pro/sku/images/merchantsku/944484/832045_1754365625126.jpg?imageView2/1/w/300/h/300
1666;FEMFRESH Dung Dịch Vệ Sinh Active Fresh Wash Xanh Dương 250ml;;Chưa chọn danh mục;16;445089.36;0.2137;0.8;25;31;0;0;13/04/2026 21:53;https://res.bigseller.pro/sku/images/merchantsku/944484/004555_1754366311075.jpg?imageView2/1/w/300/h/300
1667;FEMFRESH Dung Dịch Vệ Sinh Phụ Nữ 0% sensitive wash 250ml;;Chưa chọn danh mục;15;345003.29;0.1848;0.75;9;12;0;0;13/04/2026 21:53;https://res.bigseller.pro/sku/images/merchantsku/944484/922675_1754365907830.jpg?imageView2/1/w/300/h/300
1668;FEMFRESH Dung Dịch Vệ Sinh Phụ Nữ Daily Intimate Wash Cam 150ml;;Chưa chọn danh mục;23;479194.26;0.2242;1.15;6;5;0;0;13/04/2026 21:53;https://res.bigseller.pro/sku/images/merchantsku/944484/573130_1779867727140.jpg?imageView2/1/w/300/h/300
1669;FEMFRESH Dung Dịch Vệ Sinh Phụ Nữ Daily Intimate Wash Cam 250ml;;Chưa chọn danh mục;77;2281269.22;0.2361;3.85;24;6;0;24;13/04/2026 21:53;https://res.bigseller.pro/sku/images/merchantsku/944484/571086_1754364220887.jpg?imageView2/1/w/300/h/300
1670;FEMFRESH Dung Dịch Vệ Sinh Phụ Nữ Soothing Wash Hồng 250ml;;Chưa chọn danh mục;106;3655076.86;0.22149999999999997;5.3;98;18;0;24;13/04/2026 21:53;https://res.bigseller.pro/sku/images/merchantsku/944484/047773_1754365814723.jpg?imageView2/1/w/300/h/300
1671;FINO Kem Ủ Tóc FINO Premium Touch Phục Hồi Hư Tổn hũ (230g);;Chưa chọn danh mục;20;159991.6;0.0678;1;0;0;0;0;13/04/2026 21:53;https://res.bigseller.pro/sku/images/merchantsku/944484/430640_1770104607355.jpg?imageView2/1/w/300/h/300
1672;FITO  Bột Trắng Răng FITO 75g -  Hương Cam;;Chưa chọn danh mục;0;0;0;0;1;--;0;0;13/04/2026 21:53;https://res.bigseller.pro/sku/images/merchantsku/944484/815568_1757512636818.jpg?imageView2/1/w/300/h/300
1673;FLOSLEK Kem dưỡng Anti Acne Mattifying Cream 50ml;;Chưa chọn danh mục;1;82620;0.2002;0.05;2;40;0;0;13/04/2026 21:53;https://res.bigseller.pro/sku/images/merchantsku/944484/55040023_1728291173735.jpg?imageView2/1/w/300/h/300
1681;FOELLIE Sữa Rửa Mặt Miracle Morning Dạng Gel 150ML;;Chưa chọn danh mục;0;0;0;0;4;--;0;0;13/04/2026 21:53;https://res.bigseller.pro/sku/images/merchantsku/944484/617051_1782737632928.jpg?imageView2/1/w/300/h/300
1682;FOODAHOLIC Mặt nạ Giấy Dưỡng Da 23g - Việt Quất;;Chưa chọn danh mục;0;0;0;0;6;--;0;0;13/04/2026 21:53;https://res.bigseller.pro/sku/images/merchantsku/944484/235791_1754365620037.jpg?imageView2/1/w/300/h/300
1683;FOODAHOLIC Mặt nạ giấy Essential Mask 23g - COLLAGEN;;Chưa chọn danh mục;0;0;0;0;10;--;0;0;13/04/2026 21:53;https://res.bigseller.pro/sku/images/merchantsku/944484/760064_1754361503491.jpg?imageView2/1/w/300/h/300
1684;FOODAHOLIC Mặt nạ giấy Essential Mask 23g - VITAMIN A;;Chưa chọn danh mục;0;0;0;0;12;--;0;0;13/04/2026 21:53;https://res.bigseller.pro/sku/images/merchantsku/944484/926173_1754365718333.jpg?imageView2/1/w/300/h/300
1685;FOODAHOLIC Mặt nạ giấy Essential Mask 23g - VITAMIN B;;Chưa chọn danh mục;0;0;0;0;7;--;0;0;13/04/2026 21:53;https://res.bigseller.pro/sku/images/merchantsku/944484/263677_1754366312472.jpg?imageView2/1/w/300/h/300
1686;FOODAHOLIC Mặt nạ giấy Essential Mask 23g - VITAMIN C;;Chưa chọn danh mục;0;0;0;0;24;--;0;0;13/04/2026 21:53;https://res.bigseller.pro/sku/images/merchantsku/944484/277298_1754365909654.jpg?imageView2/1/w/300/h/300
1687;FOODAHOLIC Mặt nạ giấy Essential Mask 23g - VITAMIN E;;Chưa chọn danh mục;0;0;0;0;11;--;0;0;13/04/2026 21:53;https://res.bigseller.pro/sku/images/merchantsku/944484/482654_1754998314263.jpg?imageView2/1/w/300/h/300
1688;FOODAHOLIC Mặt nạ giấy Essential Mask 23g - VITAMIN K;;Chưa chọn danh mục;0;0;0;0;6;--;0;0;13/04/2026 21:53;https://res.bigseller.pro/sku/images/merchantsku/944484/071527_1754365816224.jpg?imageView2/1/w/300/h/300
1689;FORENCOS Kem Dưỡng Da Hàn Quốc 10ml - Trắng;;Chưa chọn danh mục;0;0;0;0;0;--;0;0;13/04/2026 21:53;https://res.bigseller.pro/sku/images/merchantsku/944484/198148_1754366313695.jpg?imageView2/1/w/300/h/300
1690;FORENCOS Kem Dưỡng Da Hàn Quốc 50ml - Vàng;;Chưa chọn danh mục;0;0;0;0;3;--;0;0;13/04/2026 21:53;https://res.bigseller.pro/sku/images/merchantsku/944484/641094_1754365912399.jpg?imageView2/1/w/300/h/300
1692;FRESSI CARE ALL Khăn Ướt Face 20 Miếng - XANH DƯƠNG;;Chưa chọn danh mục;1;25000;1;0.05;2;40;0;0;13/04/2026 21:53;https://res.bigseller.pro/sku/images/merchantsku/944484/657457_1754364214921.jpg?imageView2/1/w/300/h/300
1694;FYSOLINE Nước Muối Sinh Lý - Vệ Sinh Mắt Mũi Miệng Hằng Ngày - Vàng 20 ống;;Chưa chọn danh mục;0;0;0;0;8;--;0;0;13/04/2026 21:53;https://res.bigseller.pro/sku/images/merchantsku/944484/304463_1754366219704.jpg?imageView2/1/w/300/h/300
1695;FYSOLINE Nước Muối Sinh Lý - Vệ Sinh Mắt Mũi Miệng Hằng Ngày - Xanh 20 ống;;Chưa chọn danh mục;0;0;0;0;3;--;0;0;13/04/2026 21:53;https://res.bigseller.pro/sku/images/merchantsku/944484/551195_1754365722717.jpg?imageView2/1/w/300/h/300
1696;FYSOLINE Xịt Nước Muối Isotonic spray 100ml;;Chưa chọn danh mục;0;0;0;0;10;--;0;0;13/04/2026 21:53;https://res.bigseller.pro/sku/images/merchantsku/944484/044362_1754366223272.jpg?imageView2/1/w/300/h/300
1699;GARNIER Kem Dưỡng Ẩm Garnier Salicylic Dry Touch Cream 30ml - XANH DƯƠNG;;GARNIER;0;0;0;0;1;--;0;0;13/04/2026 21:53;https://res.bigseller.pro/sku/images/merchantsku/944484/828776_1783673711593.jpg?imageView2/1/w/300/h/300
1700;GARNIER KEM DƯỠNG ẨM NIACINAMIDE DRY TOUCH CREAM 30ML - HỒNG;;GARNIER;0;0;0;0;1;--;0;0;13/04/2026 21:53;https://res.bigseller.pro/sku/images/merchantsku/944484/916890_1783673726494.jpg?imageView2/1/w/300/h/300
1704;GARNIER Nước Tẩy Trang Micellar Cleansing Water 400ml - Hồng nhạy cảm;;GARNIER;13;172458.86;0.098;0.65;68;104;0;0;13/04/2026 21:53;https://res.bigseller.pro/sku/images/merchantsku/944484/240262_1754366310068.jpg?imageView2/1/w/300/h/300
1705;GARNIER Nước Tẩy Trang Micellar Cleansing Water 400ml - Trắng make up;;GARNIER;1;99312.55;0.4329;0.05;7;140;0;0;13/04/2026 21:53;https://res.bigseller.pro/sku/images/merchantsku/944484/431882_1754365908104.jpg?imageView2/1/w/300/h/300
1707;GARNIER Nước Tẩy Trang Micellar Cleansing Water 400ml - Xanh da hỗn hợp;;GARNIER;7;120321.9;0.1232;0.35;96;274;0;0;13/04/2026 21:53;https://res.bigseller.pro/sku/images/merchantsku/944484/306709_1754366312333.jpg?imageView2/1/w/300/h/300
1709;GARNIER Nước Tẩy Trang Micellar Cleansing Water 400ml - XANH NHẠT PHA-AHA;;GARNIER;0;0;0;0;1;--;0;0;13/04/2026 21:53;https://res.bigseller.pro/sku/images/merchantsku/944484/326286_1762228950352.jpg?imageView2/1/w/300/h/300
1711;GARNIER Nước Tẩy Trang Micellar Cleansing Water 50ml - Trắng make up;;GARNIER;160;659501.6;0.2278;8;0;0;0;0;13/04/2026 21:53;https://res.bigseller.pro/sku/images/merchantsku/944484/420783_1787047471388.jpg?imageView2/1/w/300/h/300
1716;GILLETTE Dao cạo Blue II Plus Cán xanh gói 5 + 1 cái;;Chưa chọn danh mục;0;0;0;0;13;--;0;0;13/04/2026 21:53;https://res.bigseller.pro/sku/images/merchantsku/944484/302482_1754361502731.jpg?imageView2/1/w/300/h/300
1718;GILLETTE Dao Cạo Cho Phụ Nữ Venus Comfortglide White Tea ( 1 cán + 2 lưỡi );;Chưa chọn danh mục;0;0;0;0;3;--;0;0;13/04/2026 21:53;https://res.bigseller.pro/sku/images/merchantsku/944484/421356_1754364216725.jpg?imageView2/1/w/300/h/300
1719;GILLETTE Dao Cạo Nữ Simply Venus Basic 3 Lưỡi Dao (Gói 2 Cây);;Chưa chọn danh mục;1;28321.7;0.5344;0.05;12;240;0;0;13/04/2026 21:53;https://res.bigseller.pro/sku/images/merchantsku/944484/209956_1754919949484.jpg?imageView2/1/w/300/h/300
1721;GILLETTE Dao Cạo Râu Blue 3 -Vỉ 2 Sensitive;;Chưa chọn danh mục;0;0;0;0;2;--;0;0;13/04/2026 21:53;https://res.bigseller.pro/sku/images/merchantsku/944484/683081_1754365819965.jpg?imageView2/1/w/300/h/300
1725;GILLETTE Dao Cạo Râu Fusion Proglide 5 Manual (1 Cán + 1 Đầu + 1 Nắp Bảo Vệ);;Chưa chọn danh mục;0;0;0;0;2;--;0;0;13/04/2026 21:53;https://res.bigseller.pro/sku/images/merchantsku/944484/485714_1754365722718.jpg?imageView2/1/w/300/h/300
1726;GILLETTE Dao cạo râu Vector ( Cán + 1 lưỡi dao đi kèm );;Chưa chọn danh mục;0;0;0;0;11;--;0;0;13/04/2026 21:53;https://res.bigseller.pro/sku/images/merchantsku/944484/970826_1755687689541.jpg?imageView2/1/w/300/h/300
1727;GILLETTE Dao cạo Super Thin II cán vàng túi 5 + 1 cái;;Chưa chọn danh mục;7;72104;0.23989999999999997;0.35;4;11;0;0;13/04/2026 21:53;https://res.bigseller.pro/sku/images/merchantsku/944484/168508_1754366217749.jpg?imageView2/1/w/300/h/300
1730;GILLETTE Hộp 4 lưỡi Dao Cạo Râu Vector;;Chưa chọn danh mục;0;0;0;0;10;--;0;0;13/04/2026 21:53;https://res.bigseller.pro/sku/images/merchantsku/944484/022409_1754998487813.jpg?imageView2/1/w/300/h/300
1731;GILLETTE Lưỡi Dao Cạo Cho Phụ Nữ Venus Comfortglide White Tea ( Set 4 lưỡi );;Chưa chọn danh mục;0;0;0;0;2;--;0;0;13/04/2026 21:53;https://res.bigseller.pro/sku/images/merchantsku/944484/550157_1754919949442.jpg?imageView2/1/w/300/h/300
1734;GLAMRR Q  Xịt Khóa Nền Vegan Super Stay Makeup Fixer 01 Natural Bulur - 130ml;;Chưa chọn danh mục;0;0;0;0;2;--;0;0;13/04/2026 21:53;https://res.bigseller.pro/sku/images/merchantsku/944484/772193_1776091990179.jpg?imageView2/1/w/300/h/300
1736;GLAMRR Q  Xịt Khóa Nền Vegan Super Stay Makeup Fixer Dewy Glow - 130ml;;Chưa chọn danh mục;0;0;0;0;17;--;0;0;13/04/2026 21:53;https://res.bigseller.pro/sku/images/merchantsku/944484/358917_1775207941320.jpg?imageView2/1/w/300/h/300
1738;GLORIE  Sáp Rửa Cọ Trang Điểm Brush Makeup Cleansing Soap 130g;;Chưa chọn danh mục;2;13900;0.058899999999999994;0.1;0;0;0;0;13/04/2026 21:53;https://res.bigseller.pro/sku/images/merchantsku/944484/903014_1754365710809.jpg?imageView2/1/w/300/h/300
1741;GOODNDOC - Kem Dưỡng Matcha Milk Exosome Cream 50ml;;GOODNDOC;0;0;0;0;2;--;0;0;13/04/2026 21:53;https://res.bigseller.pro/sku/images/merchantsku/944484/870267_1772770474738.jpg?imageView2/1/w/300/h/300
1742;GOODNDOC Dưỡng Chất Beta Glucan Repair Complex Serum 30ml;;GOODNDOC;0;0;0;0;5;--;0;0;13/04/2026 21:53;https://res.bigseller.pro/sku/images/merchantsku/944484/291848_1754365621982.jpg?imageView2/1/w/300/h/300
1745;GOODNDOC Kem Dưỡng Da Centella Repair Cream 50ml;;GOODNDOC;10;157800;0.045700000000000005;0.5;18;36;0;0;13/04/2026 21:53;https://res.bigseller.pro/sku/images/merchantsku/944484/207212_1754366310153.jpg?imageView2/1/w/300/h/300
1747;GOODNDOC Serum HYDRA B5 30ml;;GOODNDOC;0;0;0;0;30;--;0;0;13/04/2026 21:53;https://res.bigseller.pro/sku/images/merchantsku/944484/769260_1754365907724.jpg?imageView2/1/w/300/h/300
1749;GOODNDOC Serum Vitamin C-16.5 Daily Whitening 30ml;;GOODNDOC;2;355266.66;0.38280000000000003;0.1;6;60;0;0;13/04/2026 21:53;https://res.bigseller.pro/sku/images/merchantsku/944484/549417_1754364220875.jpg?imageView2/1/w/300/h/300
1750;GOODNDOC Toner AC Control Blemish 150ml;;GOODNDOC;1;196450;0.4189;0.05;0;0;0;0;13/04/2026 21:53;https://res.bigseller.pro/sku/images/merchantsku/944484/286041_1754998487751.jpg?imageView2/1/w/300/h/300
1751;GOONGBE  Kem Dưỡng Ẩm Primmune Moisture Cream Cấp Ẩm Sâu 72h - 180ml;;GOONGBE;2;-159200;-0.3387;0.1;0;0;0;0;13/04/2026 21:53;https://res.bigseller.pro/sku/images/merchantsku/944484/440074_1754364214640.jpg?imageView2/1/w/300/h/300
1753;GOONGBE  Sữa Tắm Gội 2in1 Pri-mmune Shampoo & Bath - 350ml;;GOONGBE;2;500000;1;0.1;0;0;0;0;13/04/2026 21:53;https://res.bigseller.pro/sku/images/merchantsku/944484/124434_1754365810814.jpg?imageView2/1/w/300/h/300
1754;GOONGBE Lotion Dưỡng Ẩm Toàn Thân Primmune Moisture - 350ml;;GOONGBE;3;-308400;-0.3671;0.15;0;0;0;0;13/04/2026 21:53;https://res.bigseller.pro/sku/images/merchantsku/944484/077094_1754365710717.jpg?imageView2/1/w/300/h/300
1759;HALLS XS Kẹo ngậm Không Đường Giúp Thơm Miệng, Giảm Ho, Đau Họng 12.6g - Lime;;HALLS;25;209753.5;0.31170000000000003;1.25;6;4;0;0;13/04/2026 21:53;https://res.bigseller.pro/sku/images/merchantsku/944484/742320_1754365904364.jpg?imageView2/1/w/300/h/300
1760;HALLS XS Kẹo ngậm Không Đường Giúp Thơm Miệng, Giảm Ho, Đau Họng 12.6g - Mentholyptus;;HALLS;22;202289.44;0.3308;1.1;0;0;0;0;13/04/2026 21:53;https://res.bigseller.pro/sku/images/merchantsku/944484/739749_1754366309025.jpg?imageView2/1/w/300/h/300
1761;HALLS XS Kẹo ngậm Không Đường Giúp Thơm Miệng, Giảm Ho, Đau Họng 12.6g - Mixed Berry;;HALLS;21;219104.05;0.36369999999999997;1.05;33;31;0;0;13/04/2026 21:53;https://res.bigseller.pro/sku/images/merchantsku/944484/301563_1754919948881.jpg?imageView2/1/w/300/h/300
1762;HALLS XS Kẹo ngậm Không Đường Giúp Thơm Miệng, Giảm Ho, Đau Họng 12.6g - Watermelon;;HALLS;24;210916.8;0.3247;1.2;15;12;0;0;13/04/2026 21:53;https://res.bigseller.pro/sku/images/merchantsku/944484/861346_1754364216739.jpg?imageView2/1/w/300/h/300
1763;HATOMUGI Kem Chống Nắng Reihaku UV Care & Moisturizing Milky Gel SPF50+ PA++++ 80g;;HATOMUGI;0;0;0;0;4;--;0;0;13/04/2026 21:53;https://res.bigseller.pro/sku/images/merchantsku/944484/698439_1754365720547.jpg?imageView2/1/w/300/h/300
1766;HATOMUGI Sữa Rửa Mặt Reihaku Hatomugi Facial Foam 170g;;HATOMUGI;54;250092.38;0.1072;2.7;0;0;0;0;13/04/2026 21:53;https://res.bigseller.pro/sku/images/merchantsku/944484/960687_1754364218292.jpg?imageView2/1/w/300/h/300
1767;HATOMUGI Sữa Rửa Mặt The Medicated Facial Foam 130g (Xanh dương);;HATOMUGI;16;87479.63;0.1363;0.8;3;3;0;0;13/04/2026 21:53;https://res.bigseller.pro/sku/images/merchantsku/944484/217114_1754366310298.jpg?imageView2/1/w/300/h/300
1770;HATOMUGI  Nước Cân Bằng Naturie Toner Chiết Xuất Hạt Ý Dĩ Cấp Ẩm, Dưỡng Da Mềm Mượt 500ml;;HATOMUGI;0;0;0;0;8;--;0;0;13/04/2026 21:53;https://res.bigseller.pro/sku/images/merchantsku/944484/555372_1754365710711.jpg?imageView2/1/w/300/h/300
1771;HERALAB Nước Giặt Đồ Lót Hương Hoa Cỏ Khử Mùi An Toàn Cho Da 300ml;;Chưa chọn danh mục;0;0;0;0;5;--;0;0;13/04/2026 21:53;https://res.bigseller.pro/sku/images/merchantsku/944484/723597_1754365726120.jpg?imageView2/1/w/300/h/300
1773;HERBAL ESSENCES Dầu Gội Tinh Dầu Argan Morocco 400ml - HỒNG Dâu tây & bạc hà;;Chưa chọn danh mục;0;0;0;0;9;--;0;0;13/04/2026 21:53;https://res.bigseller.pro/sku/images/merchantsku/944484/545191_1758025647908.jpg?imageView2/1/w/300/h/300
1776;HETRAS Sữa tắm Hetras Hotel Therapy Body Wash No.07 - Hotel Wood 1013ml;;Chưa chọn danh mục;15;789088.2;0.1805;0.75;93;124;0;0;13/04/2026 21:53;https://res.bigseller.pro/sku/images/merchantsku/944484/068334_1788534019389.jpg?imageView2/1/w/300/h/300
1777;HETRAS Sữa tắm Hetras Hotel Therapy Body Wash No.20 Santal Fresh;;Chưa chọn danh mục;6;0;0;0.3;64;213;0;0;13/04/2026 21:53;https://res.bigseller.pro/sku/images/merchantsku/944484/988409_1766131756638.jpg?imageView2/1/w/300/h/300
1780;HYAESTIC Kem chống nắng Skin Fusion SF64 Sun And Pollution Protector SPF50+ - 50ml;;Chưa chọn danh mục;1;23176.47;0.0412;0.05;0;0;0;0;13/04/2026 21:53;https://res.bigseller.pro/sku/images/merchantsku/944484/735590_1754366219859.jpg?imageView2/1/w/300/h/300
1783;ICARE Dầu Gội Pharma Antisol dược liệu pH 6.5 240ml;;Chưa chọn danh mục;21;1458532;0.2747;1.05;1;0;0;0;13/04/2026 21:53;https://res.bigseller.pro/sku/images/merchantsku/944484/408536_1754366312819.jpg?imageView2/1/w/300/h/300
1784;I'M FROM Gel Dưỡng Vitamin Tree Water Gel 75g;;Chưa chọn danh mục;4;59405.56;0.0519;0.2;0;0;0;0;13/04/2026 21:53;https://res.bigseller.pro/sku/images/merchantsku/944484/885671_1754998487761.jpg?imageView2/1/w/300/h/300
1785;I'M FROM Mặt Nạ Chiết Xuất Ngải Cứu Làm Dịu Da Mugwort Sheet Mask - 20ml;;Chưa chọn danh mục;0;0;0;0;1;--;0;0;13/04/2026 21:53;https://res.bigseller.pro/sku/images/merchantsku/944484/690717_1755574305256.jpg?imageView2/1/w/300/h/300
1786;I'm From Mặt nạ giấy Vitamin Tree Sheet Mask 22ml;;Chưa chọn danh mục;0;0;0;0;29;--;0;0;13/04/2026 21:53;https://res.bigseller.pro/sku/images/merchantsku/944484/636110_1767774318005.jpg?imageView2/1/w/300/h/300
1790;INNOSKIN Kem Chống Nắng B3+ Suncream 50g – Tím (da dầu);;Chưa chọn danh mục;0;0;0;0;1;--;0;0;13/04/2026 21:53;https://res.bigseller.pro/sku/images/merchantsku/944484/442066_1754919950061.jpg?imageView2/1/w/300/h/300
1791;INNOSKIN CELL RENEWAL COLLAGEN MASK - lẻ 1 miếng -;;Chưa chọn danh mục;0;0;0;0;10;--;0;0;13/04/2026 21:53;https://res.bigseller.pro/sku/images/merchantsku/944484/879418_1755015211663.jpg?imageView2/1/w/300/h/300
1795;INTIMATE Dung Dịch Vệ Sinh Phụ Nữ Ya Samaya 265ml - COMFORT (Xanh);;Chưa chọn danh mục;5;13296.4;0.0554;0.25;3;12;0;0;13/04/2026 21:53;https://res.bigseller.pro/sku/images/merchantsku/944484/207122_1754365630684.jpg?imageView2/1/w/300/h/300
1797;INTIMATE Dung Dịch Vệ Sinh Phụ Nữ Ya Samaya 265ml - SENSITIVE (Hồng);;Chưa chọn danh mục;5;12867.65;0.0536;0.25;0;0;0;0;13/04/2026 21:53;https://res.bigseller.pro/sku/images/merchantsku/944484/559834_1754365724899.jpg?imageView2/1/w/300/h/300
1798;IPEK Bông tẩy trang - 150 miếng;;Chưa chọn danh mục;50;82707.5;0.06269999999999999;2.5;18;7;0;0;13/04/2026 21:53;https://res.bigseller.pro/sku/images/merchantsku/944484/810788_1754366312804.jpg?imageView2/1/w/300/h/300
1801;JMSolution Nước Tẩy Trang Hàn Quốc - 500ml Vàng;;Chưa chọn danh mục;0;0;0;0;2;--;0;0;13/04/2026 21:53;https://res.bigseller.pro/sku/images/merchantsku/944484/650845_1757062412936.jpg?imageView2/1/w/300/h/300
1803;JMSolution Nước Tẩy Trang Hyaluronic Cleansing Water - Ceramide 500ml;;Chưa chọn danh mục;0;0;0;0;1;--;0;0;13/04/2026 21:53;https://res.bigseller.pro/sku/images/merchantsku/944484/597458_1754364213718.jpg?imageView2/1/w/300/h/300
1804;JMSolution Nước Tẩy Trang Hyaluronic Cleansing Water - H9 500ml;;Chưa chọn danh mục;0;0;0;0;8;--;0;0;13/04/2026 21:53;https://res.bigseller.pro/sku/images/merchantsku/944484/816065_1754365810727.jpg?imageView2/1/w/300/h/300
1805;JMSolution Nước Tẩy Trang Hyaluronic Cleansing Water - SOS Ginger 500ml;;Chưa chọn danh mục;0;0;0;0;3;--;0;0;13/04/2026 21:53;https://res.bigseller.pro/sku/images/merchantsku/944484/119233_1755015058562.jpg?imageView2/1/w/300/h/300
1808;JMsolution - Mặt Nạ B5 Whitening Dưỡng Sáng & Cấp Ẩm 30ml - B5+ HYDRATING XANH ĐẬM;;Chưa chọn danh mục;0;0;0;0;50;--;0;0;13/04/2026 21:53;https://res.bigseller.pro/sku/images/merchantsku/944484/996117_1772183272648.jpg?imageView2/1/w/300/h/300
1812;JMSOLUTION Hộp 10 miếng Mặt Nạ Cá Hồi JM Solution Panthelene Intensive Barrier Mask - XANH DƯƠNG ĐẬM;;Chưa chọn danh mục;0;0;0;0;3;--;0;0;13/04/2026 21:53;https://res.bigseller.pro/sku/images/merchantsku/944484/572258_1757062289877.jpg?imageView2/1/w/300/h/300
1819;Jmella SET Sữa Tắm Hương Nước Hoa Jmella In France Body Wash 1000ml NO.5 + Bông tắm;;Chưa chọn danh mục;1;7621.62;0.0565;0.05;0;0;0;0;13/04/2026 21:53;https://res.bigseller.pro/sku/images/merchantsku/944484/892845_1763346883326.jpg?imageView2/1/w/300/h/300
1820;Jmella SET Sữa Tắm Hương Nước Hoa Jmella In France Body Wash 500ml -  NO.2 + Bông tắm;;Chưa chọn danh mục;1;2785.71;0.028999999999999998;0.05;0;0;0;0;13/04/2026 21:53;https://res.bigseller.pro/sku/images/merchantsku/944484/252843_1763346786961.jpg?imageView2/1/w/300/h/300
1821;Jmella SET Sữa Tắm Hương Nước Hoa Jmella In France Body Wash 500ml NO.5 + Bông tắm;;Chưa chọn danh mục;6;17495.78;0.030299999999999997;0.3;0;0;0;0;13/04/2026 21:53;https://res.bigseller.pro/sku/images/merchantsku/944484/252843_1763346786961.jpg?imageView2/1/w/300/h/300
1827;JMSOLUTION Hộp 10 miếng Prime Gold Premium Foil Mask  - VÀNG;;Chưa chọn danh mục;0;0;0;0;6;--;0;0;13/04/2026 21:53;https://res.bigseller.pro/sku/images/merchantsku/944484/708338_1777969581694.jpg?imageView2/1/w/300/h/300
1830;JOHNSON’S Sữa Tắm Baby Cotton Touch Top-to-toe (Trắng) – 200ml;;Chưa chọn danh mục;2;99176;0.4428;0.1;6;60;0;0;13/04/2026 21:53;https://res.bigseller.pro/sku/images/merchantsku/944484/261473_1756124845301.jpg?imageView2/1/w/300/h/300
1831;JOHNSON’S Sữa Tắm Baby Cotton Touch Top-to-toe (Trắng) – 500ml;;Chưa chọn danh mục;2;163606;0.4583;0.1;3;30;0;0;13/04/2026 21:53;https://res.bigseller.pro/sku/images/merchantsku/944484/557645_1754364216635.jpg?imageView2/1/w/300/h/300
1832;JOHNSON'S Dầu gội Baby Shampoo vàng - 200ml;;Chưa chọn danh mục;2;90962.14;0.43939999999999996;0.1;11;110;0;0;13/04/2026 21:53;https://res.bigseller.pro/sku/images/merchantsku/944484/028911_1755553510808.jpg?imageView2/1/w/300/h/300
1836;JOHNSON'S Dầu gội shiny drops shampoo hồng - 500ml;;Chưa chọn danh mục;1;172095;0.5954999999999999;0.05;11;220;0;0;13/04/2026 21:53;https://res.bigseller.pro/sku/images/merchantsku/944484/770727_1754366310832.jpg?imageView2/1/w/300/h/300
1837;JOHNSON'S Dầu Massage Baby Oil Aloe Vera & Vitamin E - 200ml;;Chưa chọn danh mục;6;30309;0.050499999999999996;0.3;3;10;0;0;13/04/2026 21:53;https://res.bigseller.pro/sku/images/merchantsku/944484/548704_1754365629947.jpg?imageView2/1/w/300/h/300
1838;JOHNSON'S Dầu massage Baby Oil pink - 200ml;;Chưa chọn danh mục;9;227798.98;0.2104;0.45;142;315;0;0;13/04/2026 21:53;https://res.bigseller.pro/sku/images/merchantsku/944484/024364_1754365907846.jpg?imageView2/1/w/300/h/300
1839;JOHNSON'S Dầu massage Baby Oil pink - 50ml;;Chưa chọn danh mục;5;142440;0.4343;0.25;37;148;0;0;13/04/2026 21:53;https://res.bigseller.pro/sku/images/merchantsku/944484/122341_1754364220857.jpg?imageView2/1/w/300/h/300
1840;JOHNSON'S Kem dưỡng ẩm Baby 100g - Sữa gạo (nắp xanh);;Chưa chọn danh mục;0;0;0;0;12;--;0;0;13/04/2026 21:53;https://res.bigseller.pro/sku/images/merchantsku/944484/677288_1754365724512.jpg?imageView2/1/w/300/h/300
1841;JOHNSON'S Kem dưỡng ẩm Baby 50g - Cúc la mã (nắp hồng);;Chưa chọn danh mục;1;46994;0.5529;0.05;5;100;0;0;13/04/2026 21:53;https://res.bigseller.pro/sku/images/merchantsku/944484/621588_1754919949360.jpg?imageView2/1/w/300/h/300
1843;JOHNSON'S Kem dưỡng ẩm Baby 50g - Sữa gạo (nắp xanh);;Chưa chọn danh mục;0;0;0;0;7;--;0;0;13/04/2026 21:53;https://res.bigseller.pro/sku/images/merchantsku/944484/017343_1754365814956.jpg?imageView2/1/w/300/h/300
1844;JOHNSON'S Nước hoa Baby hương ban mai - 125ml (tím);;Chưa chọn danh mục;5;100135.1;0.2186;0.25;51;204;0;0;13/04/2026 21:53;https://res.bigseller.pro/sku/images/merchantsku/944484/618337_1754365624012.jpg?imageView2/1/w/300/h/300
1845;JOHNSON'S Nước hoa Baby hương ban mai - 50ml (tím);;Chưa chọn danh mục;29;771774.72;0.4225;1.45;63;43;0;0;13/04/2026 21:53;https://res.bigseller.pro/sku/images/merchantsku/944484/702745_1754366215533.jpg?imageView2/1/w/300/h/300
1846;JOHNSON'S Nước hoa Baby hương ngày hè - 125ml (xanh lá);;Chưa chọn danh mục;2;16519.16;0.1039;0.1;83;830;0;0;13/04/2026 21:53;https://res.bigseller.pro/sku/images/merchantsku/944484/115197_1754365715898.jpg?imageView2/1/w/300/h/300
1847;JOHNSON'S Nước hoa Baby hương ngày hè - 50ml (xanh lá);;Chưa chọn danh mục;21;570143.3;0.4276;1.05;28;26;0;0;13/04/2026 21:53;https://res.bigseller.pro/sku/images/merchantsku/944484/044519_1754366310139.jpg?imageView2/1/w/300/h/300
1848;JOHNSON'S Nước hoa Baby hương phấn hoa - 125ml (hồng);;Chưa chọn danh mục;31;1403690.61;0.3861;1.55;28;18;0;0;13/04/2026 21:53;https://res.bigseller.pro/sku/images/merchantsku/944484/789553_1754365907863.jpg?imageView2/1/w/300/h/300
1849;JOHNSON'S Nước hoa Baby hương phấn hoa - 50ml (hồng);;Chưa chọn danh mục;85;2253544.8;0.4216;4.25;230;54;0;0;13/04/2026 21:53;https://res.bigseller.pro/sku/images/merchantsku/944484/198271_1754364220719.jpg?imageView2/1/w/300/h/300
1850;JOHNSON'S Phấn Rôm Baby Powder Blossom Hương Hoa 100g;;Chưa chọn danh mục;4;76804;0.39390000000000003;0.2;16;80;0;0;13/04/2026 21:53;https://res.bigseller.pro/sku/images/merchantsku/944484/061947_1755553282958.jpg?imageView2/1/w/300/h/300
1851;JOHNSON'S Phấn Rôm Baby Powder Blossom Hương Hoa 200g;;Chưa chọn danh mục;7;367624;0.5512;0.35;30;85;0;0;13/04/2026 21:53;https://res.bigseller.pro/sku/images/merchantsku/944484/286265_1754365810704.jpg?imageView2/1/w/300/h/300
1853;JOHNSON'S Sữa tắm Adult pH 5.5 750ml - 2in1;;Chưa chọn danh mục;3;100173.81;0.2522;0.15;8;53;0;0;13/04/2026 21:53;https://res.bigseller.pro/sku/images/merchantsku/944484/281762_1754366311931.jpg?imageView2/1/w/300/h/300
1854;JOHNSON'S Sữa tắm Adult pH 5.5 750ml - HẠNH NHÂN;;Chưa chọn danh mục;0;0;0;0;5;--;0;0;13/04/2026 21:53;https://res.bigseller.pro/sku/images/merchantsku/944484/585509_1754998314202.jpg?imageView2/1/w/300/h/300
1855;JOHNSON'S Sữa tắm gội Baby Bedtime Bath Hương Lavender ( Tím ) - 200ml;;Chưa chọn danh mục;7;65327.72;0.15289999999999998;0.35;16;45;0;0;13/04/2026 21:53;https://res.bigseller.pro/sku/images/merchantsku/944484/238747_1754365712391.jpg?imageView2/1/w/300/h/300
1856;JOHNSON'S Sữa tắm gội Baby Bedtime Bath Hương Lavender ( Tím ) - 500ml;;Chưa chọn danh mục;2;122958.82;0.3505;0.1;2;20;0;0;13/04/2026 21:53;https://res.bigseller.pro/sku/images/merchantsku/944484/375704_1754366307005.jpg?imageView2/1/w/300/h/300
1857;JOHNSON'S Sữa tắm gội Baby Top-To-Toe Hair & Body (Vàng) - 100ml;;Chưa chọn danh mục;154;5284963.41;0.5189;7.7;209;27;0;0;13/04/2026 21:53;https://res.bigseller.pro/sku/images/merchantsku/944484/030503_1754361503374.jpg?imageView2/1/w/300/h/300
1858;JOHNSON'S Sữa tắm gội Baby Top-To-Toe Hair & Body (Vàng) - 200ml;;Chưa chọn danh mục;103;3671158.95;0.3788;5.15;53;10;0;0;13/04/2026 21:53;https://res.bigseller.pro/sku/images/merchantsku/944484/941964_1754365817126.jpg?imageView2/1/w/300/h/300
1859;JOHNSON'S Sữa tắm gội Baby Top-To-Toe Hair & Body (Vàng) - 500ml;;Chưa chọn danh mục;16;1070659.02;0.35450000000000004;0.8;14;17;0;0;13/04/2026 21:53;https://res.bigseller.pro/sku/images/merchantsku/944484/026727_1754365625688.jpg?imageView2/1/w/300/h/300
1861;JOHNSON'S Sữa tắm Milk Rice Bath - 200ml;;Chưa chọn danh mục;6;307287.84;0.45990000000000003;0.3;4;13;0;0;13/04/2026 21:53;https://res.bigseller.pro/sku/images/merchantsku/944484/466342_1754365720584.jpg?imageView2/1/w/300/h/300
1862;JOHNSON'S Sữa tắm Milk Rice Bath - 500ml;;Chưa chọn danh mục;3;319069.05;0.4512;0.15;5;33;0;0;13/04/2026 21:53;https://res.bigseller.pro/sku/images/merchantsku/944484/209838_1754366312744.jpg?imageView2/1/w/300/h/300
1864;JONZAC Dung Dịch Vệ Sinh Cho Bé Eau Thermale Liniment Oleo-Calcareous - 1L;;Chưa chọn danh mục;0;0;0;0;5;--;0;0;13/04/2026 21:53;https://res.bigseller.pro/sku/images/merchantsku/944484/490765_1754365722838.jpg?imageView2/1/w/300/h/300
1865;JONZAC Dung Dịch Vệ Sinh Cho Bé Eau Thermale Liniment Oleo-Calcareous - 500ML;;Chưa chọn danh mục;0;0;0;0;27;--;0;0;13/04/2026 21:53;https://res.bigseller.pro/sku/images/merchantsku/944484/664137_1754366219825.jpg?imageView2/1/w/300/h/300
1866;JONZAC Kem Dưỡng Eau Thermale Bébé Bio Nutri Gentle Cold Cream - 100ml;;Chưa chọn danh mục;0;0;0;0;1;--;0;0;13/04/2026 21:53;https://res.bigseller.pro/sku/images/merchantsku/944484/671591_1755015212793.jpg?imageView2/1/w/300/h/300
1867;JONZAC Sữa Tắm Eau Thermale Jonzac Bébé Bio Gentle Dermo Cleansing Gel - 250ML;;Chưa chọn danh mục;0;0;0;0;6;--;0;0;13/04/2026 21:53;https://res.bigseller.pro/sku/images/merchantsku/944484/796070_1754361506093.jpg?imageView2/1/w/300/h/300
1868;JONZAC Sữa Tắm Eau Thermale Jonzac Bébé Bio Gentle Dermo Cleansing Gel - 500ML;;Chưa chọn danh mục;0;0;0;0;6;--;0;0;13/04/2026 21:53;https://res.bigseller.pro/sku/images/merchantsku/944484/703407_1754365820000.jpg?imageView2/1/w/300/h/300
1869;JOONA BABY Miếng dán chống muỗi MOZZIE GUARD+ bảo vệ bé hiệu quả - Lẻ gói 18 miếng;;Chưa chọn danh mục;3;-35784;-0.3408;0.15;26;173;0;0;13/04/2026 21:53;https://res.bigseller.pro/sku/images/merchantsku/944484/677795_1754365811831.jpg?imageView2/1/w/300/h/300
1870;JOONA BABY Miếng Dán Dreamy Breeze Thư Giãn, Hỗ Trợ Ngủ Ngon - 18 Miếng;;Chưa chọn danh mục;0;0;0;0;39;--;0;0;13/04/2026 21:53;https://res.bigseller.pro/sku/images/merchantsku/944484/730068_1754366221478.jpg?imageView2/1/w/300/h/300
1872;KAI Dao Cạo Lông Can For Women An Toàn Cho Nữ Chính Hãng Nhật Bản Set 3 Cái - BODY;;Chưa chọn danh mục;0;0;0;0;6;--;0;0;13/04/2026 21:53;https://res.bigseller.pro/sku/images/merchantsku/944484/608156_1754365914142.jpg?imageView2/1/w/300/h/300
1873;KAI Dao Cạo Lông Can For Women An Toàn Cho Nữ Chính Hãng Nhật Bản Set 3 Cái - Cạo lông mặt;;Chưa chọn danh mục;0;0;0;0;6;--;0;0;13/04/2026 21:53;https://res.bigseller.pro/sku/images/merchantsku/944484/475033_1754998488122.jpg?imageView2/1/w/300/h/300
1874;KAI Dao cạo lông mặt BTM-5F1 cán hồng - Hộp 5 cái;;Chưa chọn danh mục;0;0;0;0;12;--;0;0;13/04/2026 21:53;https://res.bigseller.pro/sku/images/merchantsku/944484/492552_1754364218351.jpg?imageView2/1/w/300/h/300
1875;KAI Dao cạo lông mày Can dạng lưỡi đơn cao cấp 3 cái/set - Cạo lông Mày;;Chưa chọn danh mục;0;0;0;0;48;--;0;0;13/04/2026 21:53;https://res.bigseller.pro/sku/images/merchantsku/944484/809603_1754365720508.jpg?imageView2/1/w/300/h/300
1876;KAI Dao Cạo Lông Mày Groom Eyebrow Razor 1 cái;;Chưa chọn danh mục;9;119187.39;0.46740000000000004;0.45;105;233;0;0;13/04/2026 21:53;https://res.bigseller.pro/sku/images/merchantsku/944484/692127_1754365715858.jpg?imageView2/1/w/300/h/300
1877;KAI Dao cạo lông mày Razor Nhật Bản dạng lưỡi thép không gỉ 5 cái/set;;Chưa chọn danh mục;0;0;0;0;14;--;0;0;13/04/2026 21:53;https://res.bigseller.pro/sku/images/merchantsku/944484/160466_1754366310154.jpg?imageView2/1/w/300/h/300
1878;KAI Dao Cạo Razor For Bikini Line Nhật Bản 2 cái/ set;;Chưa chọn danh mục;15;6907.3;0.011699999999999999;0.75;63;84;0;0;13/04/2026 21:53;https://res.bigseller.pro/sku/images/merchantsku/944484/781555_1754365907935.jpg?imageView2/1/w/300/h/300
1879;KAI Kẹp bấm mi Compact Curler - Hồng đậm;;Chưa chọn danh mục;0;0;0;0;7;--;0;0;13/04/2026 21:53;https://res.bigseller.pro/sku/images/merchantsku/944484/889515_1754361504979.jpg?imageView2/1/w/300/h/300
1880;KAORI Xịt phòng Công Nghệ Nhật Bản 280ml - CAM;;Chưa chọn danh mục;0;0;0;0;4;--;0;0;13/04/2026 21:53;https://res.bigseller.pro/sku/images/merchantsku/944484/681523_1754365911946.jpg?imageView2/1/w/300/h/300
1881;KAORI Xịt phòng Công Nghệ Nhật Bản 280ml - ĐỎ;;Chưa chọn danh mục;0;0;0;0;1;--;0;0;13/04/2026 21:53;https://res.bigseller.pro/sku/images/merchantsku/944484/910603_1754998487739.jpg?imageView2/1/w/300/h/300
1882;KEYSHU mặt nạ dưỡng da - 1 Miếng ( Hành Tím );;Chưa chọn danh mục;207;253948.72;0.09449999999999999;10.35;525;50;0;0;13/04/2026 21:53;https://res.bigseller.pro/sku/images/merchantsku/944484/176159_1765875373134.jpg?imageView2/1/w/300/h/300
1883;KEYSHU mặt nạ dưỡng da - 1 Miếng ( Hoa Cúc );;Chưa chọn danh mục;136;115260.4;0.062;6.8;26;3;0;0;13/04/2026 21:53;https://res.bigseller.pro/sku/images/merchantsku/944484/817463_1765875831816.jpg?imageView2/1/w/300/h/300
1884;KEYSHU mặt nạ dưỡng da - 1 Miếng ( madecassoside );;Chưa chọn danh mục;10;12464;0.08779999999999999;0.5;715;1430;0;0;13/04/2026 21:53;https://res.bigseller.pro/sku/images/merchantsku/944484/952562_1765876547249.jpg?imageView2/1/w/300/h/300
1885;KEYSHU mặt nạ dưỡng da - 1 Miếng ( Nâng Cơ );;Chưa chọn danh mục;62;65949.2;0.0766;3.1;285;91;0;0;13/04/2026 21:53;https://res.bigseller.pro/sku/images/merchantsku/944484/304663_1765875687637.jpg?imageView2/1/w/300/h/300
1886;KEYSHU mặt nạ dưỡng da - 1 Miếng ( Rau Má );;Chưa chọn danh mục;298;617851.62;0.15539999999999998;14.9;999;67;0;0;13/04/2026 21:53;https://res.bigseller.pro/sku/images/merchantsku/944484/255761_1765875426376.jpg?imageView2/1/w/300/h/300
1887;KEYSHU mặt nạ dưỡng da - 1 Miếng ( Vitamin C );;Chưa chọn danh mục;242;584407.58;0.1572;12.1;162;13;0;0;13/04/2026 21:53;https://res.bigseller.pro/sku/images/merchantsku/944484/874816_1765875748632.jpg?imageView2/1/w/300/h/300
1891;KLAIRS Kem dưỡng Midnight Blue Calming Cream - 60ml;;KLAIRS;1;-36800;-0.1389;0.05;0;0;0;0;13/04/2026 21:53;https://res.bigseller.pro/sku/images/merchantsku/944484/090509_1754998314304.jpg?imageView2/1/w/300/h/300
1892;KLAIRS Kem dưỡng Rich Moist Soothing Cream 80ml;;KLAIRS;1;197847;0.41090000000000004;0.05;3;60;0;0;13/04/2026 21:53;https://res.bigseller.pro/sku/images/merchantsku/944484/012882_1754366312168.jpg?imageView2/1/w/300/h/300
1893;KLAIRS Mặt nạ Freshly Juiced Vitamin E Mask 90ml;;KLAIRS;0;0;0;0;1;--;0;0;13/04/2026 21:53;https://res.bigseller.pro/sku/images/merchantsku/944484/449045_1754365910444.jpg?imageView2/1/w/300/h/300
1894;KLAIRS Mặt nạ giấy Midnight Blue Calming Sheet Mask 25ml;;KLAIRS;0;0;0;0;83;--;0;0;13/04/2026 21:53;https://res.bigseller.pro/sku/images/merchantsku/944484/501652_1755015213997.jpg?imageView2/1/w/300/h/300
1895;KLAIRS Nước hoa hồng Supple Preparation Facial Toner 180ml CÓ MÙI;;KLAIRS;0;0;0;0;2;--;0;0;13/04/2026 21:53;https://res.bigseller.pro/sku/images/merchantsku/944484/727057_1754365625505.jpg?imageView2/1/w/300/h/300
1897;KLAIRS Toner Supple Preparation Unscented KHÔNG MÙI - 180ml;;KLAIRS;11;501602.19;0.2518;0.55;3;5;0;0;13/04/2026 21:53;https://res.bigseller.pro/sku/images/merchantsku/944484/935165_1754365625494.jpg?imageView2/1/w/300/h/300
1902;KOBAYASHI Nước Giặt Đồ Lót Lingerie Soap 120ml;;Chưa chọn danh mục;15;53211;0.0601;0.75;0;0;0;0;13/04/2026 21:53;https://res.bigseller.pro/sku/images/merchantsku/944484/000000_1754364216755.jpg?imageView2/1/w/300/h/300
1903;KOKUBO Hộp Hút Ẩm 450ml;;Chưa chọn danh mục;3;55000;0.42310000000000003;0.15;9;60;0;0;13/04/2026 21:53;https://res.bigseller.pro/sku/images/merchantsku/944484/872089_1754366220024.jpg?imageView2/1/w/300/h/300
1904;KOKUBO Khử mùi tủ bếp 150g - Xanh lá;;Chưa chọn danh mục;0;0;0;0;4;--;0;0;13/04/2026 21:53;https://res.bigseller.pro/sku/images/merchantsku/944484/209539_1754366317827.jpg?imageView2/1/w/300/h/300
1909;Kr.Lab Mặt Nạ Kr.Lab+ B5 EGF Complex Mask 25ml - lẻ 1 miếng;;Chưa chọn danh mục;332;204810.52;0.06280000000000001;16.6;844;50;0;0;13/04/2026 21:53;https://res.bigseller.pro/sku/images/merchantsku/944484/031692_1754365626985.jpg?imageView2/1/w/300/h/300
1913;KUMANO Sữa Rửa Mặt Soy Milk The Facial Foam 200g;;Chưa chọn danh mục;0;0;0;0;12;--;0;0;13/04/2026 21:53;https://res.bigseller.pro/sku/images/merchantsku/944484/555079_1754366215271.jpg?imageView2/1/w/300/h/300
1914;KUMANO Sữa tắm Shikioriori SOY MILK 600ml;;Chưa chọn danh mục;0;0;0;0;3;--;0;0;13/04/2026 21:53;https://res.bigseller.pro/sku/images/merchantsku/944484/591467_1754365715996.jpg?imageView2/1/w/300/h/300
1915;KYUNG LAB Mặt Nạ Dưỡng Ẩm, Phục Hồi Da Kyung Lab PDRN Therapy Mask 23ml;;Chưa chọn danh mục;2575;1990568.9;0.0902;128.75;6021;46;0;0;13/04/2026 21:53;https://res.bigseller.pro/sku/images/merchantsku/944484/085574_1754365904177.jpg?imageView2/1/w/300/h/300
1919;LA PURA Bông Đa Năng LA PURA Mềm Mịn - Tiện Dụng - An Toàn Cho Mọi Loại Da - 630 MIẾNG;;Chưa chọn danh mục;1;23000;0.1917;0.05;44;880;0;0;13/04/2026 21:53;https://res.bigseller.pro/sku/images/merchantsku/944484/180405_1768691635399.jpg?imageView2/1/w/300/h/300
1920;LA SOIRÉE Bông Tẩy Trang 100% Cotton Siêu Mềm Siêu Mịn - 120 Miếng Tròn;;Chưa chọn danh mục;54;453317.78;0.2057;2.7;27;10;0;0;13/04/2026 21:53;https://res.bigseller.pro/sku/images/merchantsku/944484/365208_1754366221461.jpg?imageView2/1/w/300/h/300
1922;LA SOIRÉE Bông Tẩy Trang 100% Cotton Siêu Mềm Siêu Mịn - 225 Miếng Tròn;;Chưa chọn danh mục;446;4530226.82;0.1585;22.3;262;11;0;0;13/04/2026 21:53;https://res.bigseller.pro/sku/images/merchantsku/944484/574597_1754365723437.jpg?imageView2/1/w/300/h/300
1923;LA SOIRÉE Bông Tẩy Trang 100% Cotton Siêu Mềm Siêu Mịn - 255 Miếng Vuông;;Chưa chọn danh mục;14;323360;0.22899999999999998;0.7;0;0;0;0;13/04/2026 21:53;https://res.bigseller.pro/sku/images/merchantsku/944484/015074_1761736516089.jpg?imageView2/1/w/300/h/300
1924;LA SOIRÉE Bông Tẩy Trang 100% Cotton Siêu Mềm Siêu Mịn - 500 Miếng Vuông;;Chưa chọn danh mục;15;328000;0.1304;0.75;0;0;0;0;13/04/2026 21:53;https://res.bigseller.pro/sku/images/merchantsku/944484/725777_1761736516031.jpg?imageView2/1/w/300/h/300
1925;LA SOIRÉE Bông Tẩy Trang 100% Cotton Siêu Mềm Siêu Mịn - 85 Miếng Vuông;;Chưa chọn danh mục;28;571289.64;0.4108;1.4;52;37;0;0;13/04/2026 21:53;https://res.bigseller.pro/sku/images/merchantsku/944484/602566_1754365820191.jpg?imageView2/1/w/300/h/300
1926;LACTACYD DDVS Cool Sensation Xanh - 150ml;;LACTACYD;1;60086.19;0.6751;0.05;0;0;0;0;13/04/2026 21:53;https://res.bigseller.pro/sku/images/merchantsku/944484/890380_1754365714010.jpg?imageView2/1/w/300/h/300
1927;LACTACYD DDVS Cool Sensation Xanh - 250ml;;LACTACYD;1;25958.69;0.2257;0.05;0;0;0;0;13/04/2026 21:53;https://res.bigseller.pro/sku/images/merchantsku/944484/259891_1754366308359.jpg?imageView2/1/w/300/h/300
1929;LACTACYD DDVS Odor Fresh Xanh - 150ml;;LACTACYD;3;104944.89;0.4115;0.15;0;0;0;0;13/04/2026 21:53;https://res.bigseller.pro/sku/images/merchantsku/944484/063092_1754366310521.jpg?imageView2/1/w/300/h/300
1930;LACTACYD DDVS Odor Fresh Xanh - 250ml;;LACTACYD;1;67852.82;0.59;0.05;0;0;0;0;13/04/2026 21:53;https://res.bigseller.pro/sku/images/merchantsku/944484/946553_1754365907972.jpg?imageView2/1/w/300/h/300
1932;LACTACYD DDVS Pro Sensitive Hồng - 150ml;;LACTACYD;5;236899.1;0.5911;0.25;0;0;0;0;13/04/2026 21:53;https://res.bigseller.pro/sku/images/merchantsku/944484/823525_1755687689158.jpg?imageView2/1/w/300/h/300
1934;LACTACYD DDVS Soft & Silky Tím - 150ml;;LACTACYD;5;170865;0.3969;0.25;0;0;0;0;13/04/2026 21:53;https://res.bigseller.pro/sku/images/merchantsku/944484/798560_1754365623815.jpg?imageView2/1/w/300/h/300
1936;LACTACYD Sữa tắm gội Baby Extra Milky – 250ml;;LACTACYD;0;0;0;0;11;--;0;0;13/04/2026 21:53;https://res.bigseller.pro/sku/images/merchantsku/944484/720608_1754365819855.jpg?imageView2/1/w/300/h/300
1938;LACTACYD Sữa tắm gội Baby Gentle Care – 250ml;;LACTACYD;0;0;0;0;0;--;0;0;13/04/2026 21:53;https://res.bigseller.pro/sku/images/merchantsku/944484/303922_1754366308458.jpg?imageView2/1/w/300/h/300
1939;LACTACYD Sữa tắm gội Baby Gentle Care – 500ml;;LACTACYD;0;0;0;0;8;--;0;0;13/04/2026 21:53;https://res.bigseller.pro/sku/images/merchantsku/944484/320441_1754365904104.jpg?imageView2/1/w/300/h/300
1941;LACTACYD Sữa Tắm Gội Cho Bé Baby Active Play - 250ml;;LACTACYD;0;0;0;0;2;--;0;0;13/04/2026 21:53;https://res.bigseller.pro/sku/images/merchantsku/944484/341297_1754365904182.jpg?imageView2/1/w/300/h/300
1942;LACTACYD Sữa Tắm Gội Cho Bé Baby Active Play - 500ml;;LACTACYD;0;0;0;0;4;--;0;0;13/04/2026 21:53;https://res.bigseller.pro/sku/images/merchantsku/944484/827916_1755553018452.jpg?imageView2/1/w/300/h/300
1943;LAMEILA Bông tẩy trang 222 miếng - Vàng FM;;Chưa chọn danh mục;5595;6268297.08;0.0874;279.75;7836;28;0;0;13/04/2026 21:53;https://res.bigseller.pro/sku/images/merchantsku/944484/321755_1754366310173.jpg?imageView2/1/w/300/h/300
1945;LANEIGE Mặt nạ môi Lip Sleeping Mask EX 20g;;Chưa chọn danh mục;632;5600025.46;0.046900000000000004;31.6;0;0;0;0;13/04/2026 21:53;https://res.bigseller.pro/sku/images/merchantsku/944484/632236_1754365820225.jpg?imageView2/1/w/300/h/300
1947;LANEIGE Mặt nạ môi Lip Sleeping Mask Mini 3g;;Chưa chọn danh mục;2138;6327213.62;0.0702;106.9;547;5;0;0;13/04/2026 21:53;https://res.bigseller.pro/sku/images/merchantsku/944484/692084_1754365907716.jpg?imageView2/1/w/300/h/300
1949;LANEIGE Mặt nạ ngủ Laneihe Bouncy & Firm - 10ml;;Chưa chọn danh mục;0;0;0;0;7;--;0;0;13/04/2026 21:53;
1950;LANEIGE Mặt nạ môi Lip Sleeping Mask EX - BERRY 8g;;Chưa chọn danh mục;0;0;0;0;3;--;0;0;13/04/2026 21:53;https://res.bigseller.pro/sku/images/merchantsku/944484/962508_1754364214086.jpg?imageView2/1/w/300/h/300
1951;LET'S SLIM Găng tay chống nắng - TRẮNG [XT];;Chưa chọn danh mục;0;0;0;0;41;--;0;0;13/04/2026 21:53;https://res.bigseller.pro/sku/images/merchantsku/944484/301035_1754365910397.jpg?imageView2/1/w/300/h/300
1952;LET'S SLIM Găng tay chống nắng AQUA X túi zip loại cao cấp - TRẮNG [XT];;Chưa chọn danh mục;0;0;0;0;57;--;0;0;13/04/2026 21:53;https://res.bigseller.pro/sku/images/merchantsku/944484/392205_1754365720571.jpg?imageView2/1/w/300/h/300
1954;LISTERINE Nước súc miệng Cool Mint - 250ml;;LISTERINE;13;81157.05;0.1561;0.65;39;60;0;0;13/04/2026 21:53;https://res.bigseller.pro/sku/images/merchantsku/944484/842475_1754998314212.jpg?imageView2/1/w/300/h/300
1956;LISTERINE Nước súc miệng Cool Mint Zero - 750ml;;LISTERINE;0;0;0;0;19;--;0;0;13/04/2026 21:53;https://res.bigseller.pro/sku/images/merchantsku/944484/491732_1754365816950.jpg?imageView2/1/w/300/h/300
1958;LISTERINE Nước súc miệng Green Tea Zero - 750ml;;LISTERINE;0;0;0;0;39;--;0;0;13/04/2026 21:53;https://res.bigseller.pro/sku/images/merchantsku/944484/662149_1754365912313.jpg?imageView2/1/w/300/h/300
1960;LISTERINE Nước súc miệng Tartar Protection - 500ml;;LISTERINE;0;0;0;0;7;--;0;0;13/04/2026 21:53;https://res.bigseller.pro/sku/images/merchantsku/944484/362501_1754366222203.jpg?imageView2/1/w/300/h/300
1962;LISTERINE Nước Súc Miệng Total Care Mouthwash - 250ML;;LISTERINE;1;39230.4;0.4458;0.05;5;100;0;0;13/04/2026 21:53;https://res.bigseller.pro/sku/images/merchantsku/944484/839712_1754366220064.jpg?imageView2/1/w/300/h/300
1965;LISTERINE Nước Súc Miệng Total Care Sensitive - 250ML;;LISTERINE;0;0;0;0;50;--;0;0;13/04/2026 21:53;https://res.bigseller.pro/sku/images/merchantsku/944484/019844_1754366315318.jpg?imageView2/1/w/300/h/300
1967;LISTERINE Xịt Thơm Miệng Cool Mint Pocketmist Hương Bạc Hà Thơm Mát 7.7ml;;LISTERINE;10;43600;0.0484;0.5;0;0;0;0;13/04/2026 21:53;https://res.bigseller.pro/sku/images/merchantsku/944484/504294_1754365620289.jpg?imageView2/1/w/300/h/300
1976;LOREAL Nước tẩy trang 3-in-1 Micellar Water 400ml - Hồng;;LOREAL;9;109442.5;0.0809;0.45;28;62;0;0;13/04/2026 21:53;https://res.bigseller.pro/sku/images/merchantsku/944484/482200_1754365623503.jpg?imageView2/1/w/300/h/300
1977;LOREAL Nước tẩy trang 3-in-1 Micellar Water 400ml - Xanh đậm;;LOREAL;7;171727.26;0.1335;0.35;0;0;0;0;13/04/2026 21:53;https://res.bigseller.pro/sku/images/merchantsku/944484/758022_1754366215499.jpg?imageView2/1/w/300/h/300
1978;LOREAL Nước tẩy trang 3-in-1 Micellar Water 400ml - Xanh nhạt;;LOREAL;11;408412.64;0.20980000000000001;0.55;19;34;0;0;13/04/2026 21:53;https://res.bigseller.pro/sku/images/merchantsku/944484/526509_1754365716234.jpg?imageView2/1/w/300/h/300
1980;LOREAL Nước Tẩy Trang Revitalift Crystal Purifying Micellar Water [Xám] - 95ml;;LOREAL;142;1470219.15;0.4057;7.1;0;0;0;0;13/04/2026 21:53;https://res.bigseller.pro/sku/images/merchantsku/944484/702311_1788144582501.jpg?imageView2/1/w/300/h/300
1981;LOREAL Nước Tẩy Trang Revitalift Hyaluronic Acid Hydrating Micellar Water [Tím] - 400ml;;LOREAL;0;0;0;0;7;--;0;0;13/04/2026 21:53;https://res.bigseller.pro/sku/images/merchantsku/944484/329036_1754365623460.jpg?imageView2/1/w/300/h/300
1982;LOREAL Nước Tẩy Trang Revitalift Hyaluronic Acid Hydrating Micellar Water [Tím] - 95ml;;LOREAL;154;1271184.95;0.3544;7.7;152;19;0;0;13/04/2026 21:53;https://res.bigseller.pro/sku/images/merchantsku/944484/482593_1754366213712.jpg?imageView2/1/w/300/h/300
1991;LRP  Serum Chống Nắng La Roche-Posay Anthelios UVAir SPF50+ PA++++ - Fullsize 50ml;;Chưa chọn danh mục;11;382380.63;0.09140000000000001;0.55;13;23;0;0;13/04/2026 21:53;https://res.bigseller.pro/sku/images/merchantsku/944484/717461_1786956431166.jpg?imageView2/1/w/300/h/300
1993;LRP Dưỡng Môi Cicaplast Levres Barrier Repairing Balm Lips 7.5ml;;Chưa chọn danh mục;0;0;0;0;10;--;0;0;13/04/2026 21:53;https://res.bigseller.pro/sku/images/merchantsku/944484/815608_1754366217683.jpg?imageView2/1/w/300/h/300
2000;LRP Kem Chống Nắng Uvidea Anthelios Tone-Up Rosy SPF50+ PA++++ UVB + UVA 30ml;;Chưa chọn danh mục;11;1705667.81;0.25129999999999997;0.55;3;5;0;0;13/04/2026 21:53;https://res.bigseller.pro/sku/images/merchantsku/944484/123752_1754365625495.jpg?imageView2/1/w/300/h/300
2001;LRP Kem dưỡng Cicaplast B5 Ultra Repair Light Cream 40ml;;Chưa chọn danh mục;0;0;0;0;100;--;0;0;13/04/2026 21:53;https://res.bigseller.pro/sku/images/merchantsku/944484/026938_1754365820493.jpg?imageView2/1/w/300/h/300
2002;LRP Kem Dưỡng Cicaplast Baume B5+ Soothing Repairing Balm - 100ML;;Chưa chọn danh mục;19;759445.85;0.075;0.95;30;31;0;30;13/04/2026 21:53;https://res.bigseller.pro/sku/images/merchantsku/944484/122309_1754366217791.jpg?imageView2/1/w/300/h/300
2005;LRP Kem Dưỡng Cicaplast Baume B5+ Soothing Repairing Balm - 40ML;;Chưa chọn danh mục;188;3669141.7;0.0758;9.4;270;28;0;50;13/04/2026 21:53;https://res.bigseller.pro/sku/images/merchantsku/944484/497540_1754365720522.jpg?imageView2/1/w/300/h/300
2008;LRP Kem Dưỡng Effaclar Duo+ M - 40ml;;Chưa chọn danh mục;3;220242.55;0.1961;0.15;13;86;0;0;13/04/2026 21:53;https://res.bigseller.pro/sku/images/merchantsku/944484/835072_1754365912390.jpg?imageView2/1/w/300/h/300
2010;LRP Kem Dưỡng Effaclar H Iso Biome Cream Giúp Giảm Mụn Trong Quá Trình Da Khô 40ml;;Chưa chọn danh mục;10;124000;0.0416;0.5;0;0;0;0;13/04/2026 21:53;https://res.bigseller.pro/sku/images/merchantsku/944484/475297_1754364214677.jpg?imageView2/1/w/300/h/300
2011;LRP Kem Dưỡng Lipikar Baume AP+M - 200ml;;Chưa chọn danh mục;41;9081015.57;0.3337;2.05;17;8;0;30;13/04/2026 21:53;https://res.bigseller.pro/sku/images/merchantsku/944484/543265_1755015056370.jpg?imageView2/1/w/300/h/300
2012;LRP Kem Dưỡng Lipikar Baume AP+M - 75ml;;Chưa chọn danh mục;28;3794453.04;0.3858;1.4;10;7;0;30;13/04/2026 21:53;https://res.bigseller.pro/sku/images/merchantsku/944484/699346_1754364220823.jpg?imageView2/1/w/300/h/300
2014;LRP SERUM B5 HYALU CONCENTRE - 10ml;;Chưa chọn danh mục;394;17610113.8;0.3829;19.7;434;22;0;0;13/04/2026 21:53;https://res.bigseller.pro/sku/images/merchantsku/944484/889245_1782466792795.jpg?imageView2/1/w/300/h/300
2015;LRP SERUM B5 HYALU CONCENTRE - 30ml;;Chưa chọn danh mục;0;0;0;0;5;--;0;0;13/04/2026 21:53;https://res.bigseller.pro/sku/images/merchantsku/944484/118402_1754364221141.jpg?imageView2/1/w/300/h/300
2016;LRP Serum EFFACLAR ULTRA CONCENTRATED 30ML;;Chưa chọn danh mục;0;0;0;0;2;--;0;0;13/04/2026 21:53;https://res.bigseller.pro/sku/images/merchantsku/944484/092339_1754365623759.jpg?imageView2/1/w/300/h/300
2018;LRP Serum Mela B3 Giúp Giảm Thâm Nám Và Dưỡng Sáng Da 30ml;;Chưa chọn danh mục;3;116700;0.0475;0.15;2;13;0;0;13/04/2026 21:53;https://res.bigseller.pro/sku/images/merchantsku/944484/036229_1755552876763.jpg?imageView2/1/w/300/h/300
2022;LRP Sữa Rửa Mặt Effaclar + M Purifying Foaming Gel - 400ml;;Chưa chọn danh mục;14;637000;0.1108;0.7;105;150;0;20;13/04/2026 21:53;https://res.bigseller.pro/sku/images/merchantsku/944484/518799_1754366212624.jpg?imageView2/1/w/300/h/300
2024;LRP Sữa Rửa Mặt Effaclar Purifying Foaming Gel - 15ml;;Chưa chọn danh mục;50;800948;0.5972999999999999;2.5;0;0;0;0;13/04/2026 21:53;https://res.bigseller.pro/sku/images/merchantsku/944484/840394_1754365814941.jpg?imageView2/1/w/300/h/300
2025;LRP Sữa Rửa Mặt Effaclar Purifying Foaming Gel - 200ml;;Chưa chọn danh mục;44;1276799.6;0.0993;2.2;125;56;0;0;13/04/2026 21:53;https://res.bigseller.pro/sku/images/merchantsku/944484/937850_1754365623454.jpg?imageView2/1/w/300/h/300
2026;LRP Sữa Rửa Mặt Effaclar Purifying Foaming Gel - 50ml;;Chưa chọn danh mục;6328;94843145.95;0.3812;316.4;48;0;0;0;13/04/2026 21:53;https://res.bigseller.pro/sku/images/merchantsku/944484/579270_1754366214381.jpg?imageView2/1/w/300/h/300
2027;LRP Sữa rửa mặt Mela B3 Clarifying Micro-Peeling Gel 200ml;;Chưa chọn danh mục;8;631882.8;0.1771;0.4;16;40;0;0;13/04/2026 21:53;https://res.bigseller.pro/sku/images/merchantsku/944484/167414_1756125787902.jpg?imageView2/1/w/300/h/300
2028;LRP Sữa Rửa Mặt Sữa Tắm Lipikar Syndet AP+ Cream Wash - 200ml;;Chưa chọn danh mục;52;10138262.2;0.3918;2.6;35;13;0;0;13/04/2026 21:53;https://res.bigseller.pro/sku/images/merchantsku/944484/224749_1754365625508.jpg?imageView2/1/w/300/h/300
2030;LRP Tẩy Trang Effaclar Micellar Water For Oily Skin - 400ml (Xanh);;Chưa chọn danh mục;182;3631449.76;0.0608;9.1;43;4;0;0;13/04/2026 21:53;https://res.bigseller.pro/sku/images/merchantsku/944484/477666_1754365625525.jpg?imageView2/1/w/300/h/300
2031;LRP Tẩy trang Micellar Water Ultra Sensitive Skin - 400ml (Trắng);;Chưa chọn danh mục;316;7673252.45;0.07400000000000001;15.8;96;6;0;0;13/04/2026 21:53;https://res.bigseller.pro/sku/images/merchantsku/944484/717157_1754365720535.jpg?imageView2/1/w/300/h/300
2033;LRP Xịt Khoáng Thermal Spring Water - 150ml;;Chưa chọn danh mục;8;44298.96;0.028300000000000002;0.4;38;95;0;0;13/04/2026 21:53;https://res.bigseller.pro/sku/images/merchantsku/944484/310156_1754366217782.jpg?imageView2/1/w/300/h/300
2034;LRP Xịt Khoáng Thermal Spring Water - 300ml;;Chưa chọn danh mục;3;213487.05;0.19269999999999998;0.15;29;193;0;0;13/04/2026 21:53;https://res.bigseller.pro/sku/images/merchantsku/944484/992043_1754365720785.jpg?imageView2/1/w/300/h/300
2039;LRP Kem Chống Nắng Nâng Tông Kiềm Dầu Anthelios XL SPF 50+ PA++++ 50ml ( Mẫu mới XL);;Chưa chọn danh mục;264;12477513.32;0.1577;13.2;343;25;0;0;13/04/2026 21:53;https://res.bigseller.pro/sku/images/merchantsku/944484/417624_1754364213772.jpg?imageView2/1/w/300/h/300
2040;LUVUM Mặt nạ thạch Collagen Phyto Gel Mask 33g - #Phyto Collagen [XT];;Chưa chọn danh mục;0;0;0;0;3;--;0;0;13/04/2026 21:53;https://res.bigseller.pro/sku/images/merchantsku/944484/226842_1754365726696.jpg?imageView2/1/w/300/h/300
2041;LUVUM Mặt nạ thạch Collagen Phyto Gel Mask 33g - #Pore reset[XT];;Chưa chọn danh mục;0;0;0;0;7;--;0;0;13/04/2026 21:53;https://res.bigseller.pro/sku/images/merchantsku/944484/296662_1755553184634.jpg?imageView2/1/w/300/h/300
2043;MAKE P:REM Kem Chống Nắng Defense Me SPF 50+ PA +++ 50ML - Hồng tone up;;Chưa chọn danh mục;0;0;0;0;5;--;0;0;13/04/2026 21:53;https://res.bigseller.pro/sku/images/merchantsku/944484/642227_1754365820470.jpg?imageView2/1/w/300/h/300
2044;MAKE P:REM Kem Chống Nắng Defense Me SPF 50+ PA +++ 50ML - Xanh dương nắp trong;;Chưa chọn danh mục;0;0;0;0;11;--;0;0;13/04/2026 21:53;https://res.bigseller.pro/sku/images/merchantsku/944484/101198_1754365629003.jpg?imageView2/1/w/300/h/300
2046;MAKE PREM Kem Chống Nắng Dành Cho Da Khô 50ml - Xanh Dương;;Chưa chọn danh mục;0;0;0;0;11;--;0;0;13/04/2026 21:53;https://res.bigseller.pro/sku/images/merchantsku/944484/286576_1754365913565.jpg?imageView2/1/w/300/h/300
2047;MAKE PREM Kem Chống Nắng Make Prem Nâng Tone 50ml - Hồng;;Chưa chọn danh mục;0;0;0;0;5;--;0;0;13/04/2026 21:53;https://res.bigseller.pro/sku/images/merchantsku/944484/305292_1754361508267.jpg?imageView2/1/w/300/h/300
2050;MARTIDERM Kem Chống Nắng The Originals Proteos Screen SPF50+ Fluid Cream 40ml;;Chưa chọn danh mục;10;2360536.1;0.32909999999999995;0.5;45;90;0;0;13/04/2026 21:53;https://res.bigseller.pro/sku/images/merchantsku/944484/176800_1754366213629.jpg?imageView2/1/w/300/h/300
2052;MARTIDERM Kem Chống Nắng The Originals Proteos Screen SPF50+ Color Fluid Cream 40ml;;Chưa chọn danh mục;28;1661236.44;0.10310000000000001;1.4;9;6;0;0;13/04/2026 21:53;https://res.bigseller.pro/sku/images/merchantsku/944484/206879_1749719651554.jpg?imageView2/1/w/300/h/300
2055;MARVIS Kem Đánh Răng Ý 85ml – Aquatic Mint (Màu xanh dương);;Chưa chọn danh mục;12;73333.32;0.043;0.6;0;0;0;0;13/04/2026 21:53;https://res.bigseller.pro/sku/images/merchantsku/944484/474545_1754365622111.jpg?imageView2/1/w/300/h/300
2057;MARVIS Kem Đánh Răng Ý 85ml – Ginger Mint (Màu cam);;Chưa chọn danh mục;0;0;0;0;7;--;0;0;13/04/2026 21:53;https://res.bigseller.pro/sku/images/merchantsku/944484/979534_1754365813276.jpg?imageView2/1/w/300/h/300
2058;MARVIS Kem Đánh Răng Ý 85ml – SmokerWhitening (Màu xám);;Chưa chọn danh mục;42;299194.08;0.046799999999999994;2.1;17;8;0;0;13/04/2026 21:53;https://res.bigseller.pro/sku/images/merchantsku/944484/104801_1754366308295.jpg?imageView2/1/w/300/h/300
2059;MARVIS Kem Đánh Răng Ý 85ml – Whitening Mint (Màu bạc);;Chưa chọn danh mục;126;1889515.76;0.094;6.3;21;3;0;0;13/04/2026 21:53;https://res.bigseller.pro/sku/images/merchantsku/944484/966197_1754365905990.jpg?imageView2/1/w/300/h/300
2060;MARVIS Nước Súc Miệng Collutorio Hương Bạc Hà Thơm Mát, Hỗ Trợ Làm Sạch Khoang Miệng Jasmin Mint - 400ml;;Chưa chọn danh mục;13;1114878;0.3232;0.65;2;3;0;0;13/04/2026 21:53;https://res.bigseller.pro/sku/images/merchantsku/944484/751327_1773386094691.jpg?imageView2/1/w/300/h/300
2061;MAXCLINIC Kem Dưỡng Time Return Melatonin Cream 50g;;Chưa chọn danh mục;6;99978.21;0.0466;0.3;0;0;0;0;13/04/2026 21:53;https://res.bigseller.pro/sku/images/merchantsku/944484/868235_1755015054483.jpg?imageView2/1/w/300/h/300
2062;MAXCLINIC Tinh Chất Dưỡng Sáng Da Mờ Thâm Maxclinic Vita-10 Vital Ampoule - 100ml;;Chưa chọn danh mục;0;0;0;0;1;--;0;0;13/04/2026 21:53;https://res.bigseller.pro/sku/images/merchantsku/944484/808255_1785748688758.jpg?imageView2/1/w/300/h/300
2067;MAYBELLINE Nước Tẩy Trang New York Eye & Lip Makeup Remover - 150ml;;Chưa chọn danh mục;0;0;0;0;2;--;0;0;13/04/2026 21:53;https://res.bigseller.pro/sku/images/merchantsku/944484/158315_1786345489615.jpg?imageView2/1/w/300/h/300
2069;MD CARE Serum NMF Prebiotics Serum 30ml - Xanh Mint;;Chưa chọn danh mục;0;0;0;0;2;--;0;0;13/04/2026 21:53;https://res.bigseller.pro/sku/images/merchantsku/944484/041930_1754366320453.jpg?imageView2/1/w/300/h/300
2072;MEDIAN Kem Đánh Răng Dental IQ Tartar Protection Toothpaste 120g - Blue;;MEDIAN;0;0;0;0;2;--;0;0;13/04/2026 21:53;https://res.bigseller.pro/sku/images/merchantsku/944484/043783_1787503121709.jpg?imageView2/1/w/300/h/300
2073;MEDIAN Kem Đánh Răng Dental IQ Tartar Protection Toothpaste 120g - Mint;;MEDIAN;1;590.24;0.016399999999999998;0.05;14;280;0;0;13/04/2026 21:53;https://res.bigseller.pro/sku/images/merchantsku/944484/949264_1787503094474.jpg?imageView2/1/w/300/h/300
2074;MEDIAN Kem Đánh Răng Dental IQ Tartar Protection Toothpaste 120g - Red;;MEDIAN;10;44275.4;0.1107;0.5;1;2;0;0;13/04/2026 21:53;https://res.bigseller.pro/sku/images/merchantsku/944484/956908_1787503066742.jpg?imageView2/1/w/300/h/300
2075;MEDIAN Kem Đánh Răng Dental IQ Tartar Protection Toothpaste 120g - White;;MEDIAN;10;43392.1;0.1085;0.5;20;40;0;0;13/04/2026 21:53;https://res.bigseller.pro/sku/images/merchantsku/944484/573438_1787503040046.jpg?imageView2/1/w/300/h/300
2076;MEDIANSWER Mặt nạ thạch tươi cấp ẩm  - CAM Lẻ 1 mask;;Chưa chọn danh mục;0;0;0;0;19;--;0;0;13/04/2026 21:53;https://res.bigseller.pro/sku/images/merchantsku/944484/949516_1754366212615.jpg?imageView2/1/w/300/h/300
2077;MEDIANSWER Mặt nạ thạch tươi cấp ẩm  - Tím Lẻ 1 mask;;Chưa chọn danh mục;6;40968.88;0.1334;0.3;7;23;0;0;13/04/2026 21:53;https://res.bigseller.pro/sku/images/merchantsku/944484/475114_1754365712483.jpg?imageView2/1/w/300/h/300
2078;MEDIANSWER Mặt nạ thạch tươi cấp ẩm - Xanh Lẻ 1 mask;;Chưa chọn danh mục;3;61959.46;0.4303;0.15;1;6;0;0;13/04/2026 21:53;https://res.bigseller.pro/sku/images/merchantsku/944484/462372_1754366306763.jpg?imageView2/1/w/300/h/300
2079;MEDIANSWER Mặt Nạ Thạch Vita Collagen Trắng da, Cải Thiện Nếp Nhăn - 1 miếng;;Chưa chọn danh mục;15;98257.51;0.1273;0.75;19;25;0;0;13/04/2026 21:53;https://res.bigseller.pro/sku/images/merchantsku/944484/390785_1754365621722.jpg?imageView2/1/w/300/h/300
2091;MEDIPEEL NAITE THREAD Neck Cream Medi Peel 100ml Kem dưỡng da vùng cổ;;Chưa chọn danh mục;21;232623.5;0.0512;1.05;66;62;0;0;13/04/2026 21:53;https://res.bigseller.pro/sku/images/merchantsku/944484/474571_1784700595270.jpg?imageView2/1/w/300/h/300
2093;MEGADUO Gel dưỡng 15g - bản plus;;Chưa chọn danh mục;33;450224.84;0.1023;1.65;0;0;0;0;13/04/2026 21:53;https://res.bigseller.pro/sku/images/merchantsku/944484/094434_1754365715952.jpg?imageView2/1/w/300/h/300
2094;MEGADUO Gel dưỡng 15g - bản thường;;Chưa chọn danh mục;16;245534.92;0.1206;0.8;23;28;0;0;13/04/2026 21:53;https://res.bigseller.pro/sku/images/merchantsku/944484/708543_1754366311150.jpg?imageView2/1/w/300/h/300
2096;MINCER PHARMA Kem Body Lotion Dưỡng Trắng & Chống Lão Hoá Vita C Infusion - 250ml;;Chưa chọn danh mục;5;434316.27;0.2811;0.25;0;0;0;0;13/04/2026 21:53;https://res.bigseller.pro/sku/images/merchantsku/944484/486844_1760339706523.jpg?imageView2/1/w/300/h/300
2098;MINHO Bông tẩy trang - 150m;;Chưa chọn danh mục;0;0;0;0;9;--;0;0;13/04/2026 21:53;https://res.bigseller.pro/sku/images/merchantsku/944484/060984_1764252051510.jpg?imageView2/1/w/300/h/300
2099;MINISO Bông tẩy trang Miniso Cao Cấp  100% cotton TRÒN 180 miếng;;Chưa chọn danh mục;81;725602.21;0.3431;4.05;417;102;0;0;13/04/2026 21:53;https://res.bigseller.pro/sku/images/merchantsku/944484/426204_1765421787076.jpg?imageView2/1/w/300/h/300
2100;MINISO Bông tẩy trang Nhật Bản 100% 180 Miếng;;Chưa chọn danh mục;121;1511641.07;0.5084000000000001;6.05;430;71;0;0;13/04/2026 21:53;https://res.bigseller.pro/sku/images/merchantsku/944484/287075_1754365818087.jpg?imageView2/1/w/300/h/300
2103;MKL Kem Dưỡng Tay Organic Hand Cream 50ml - Bơ Hạt Mỡ;;Chưa chọn danh mục;0;0;0;0;3;--;0;0;13/04/2026 21:53;https://res.bigseller.pro/sku/images/merchantsku/944484/779726_1765334519083.jpg?imageView2/1/w/300/h/300
2104;MKL Kem Dưỡng Tay Organic Hand Cream 50ml - Lô Hội;;Chưa chọn danh mục;0;0;0;0;5;--;0;0;13/04/2026 21:53;https://res.bigseller.pro/sku/images/merchantsku/944484/006397_1765334429016.jpg?imageView2/1/w/300/h/300
2105;MKL Kem Dưỡng Tay Organic Hand Cream 50ml - Quả Mơ;;Chưa chọn danh mục;0;0;0;0;2;--;0;0;13/04/2026 21:53;https://res.bigseller.pro/sku/images/merchantsku/944484/177252_1765334477808.jpg?imageView2/1/w/300/h/300
2106;MKL Kem Dưỡng TayOrganic Hand Cream 50ml - Hương Cam;;Chưa chọn danh mục;0;0;0;0;5;--;0;0;13/04/2026 21:53;https://res.bigseller.pro/sku/images/merchantsku/944484/654674_1767705306087.jpg?imageView2/1/w/300/h/300
2107;MLEN DIARY Mi Giả -  Xanh nhạt: bồ công anh;;Chưa chọn danh mục;0;0;0;0;6;--;0;0;13/04/2026 21:53;https://res.bigseller.pro/sku/images/merchantsku/944484/967568_1754365726182.jpg?imageView2/1/w/300/h/300
2108;MLEN DIARY Mi Giả  - Cam: Diên Vĩ;;Chưa chọn danh mục;0;0;0;0;5;--;0;0;13/04/2026 21:53;https://res.bigseller.pro/sku/images/merchantsku/944484/074412_1754366317750.jpg?imageView2/1/w/300/h/300
2109;MLEN DIARY Mi Giả MLEN DIARY - Hồng: Sơn Trà;;Chưa chọn danh mục;0;0;0;0;5;--;0;0;13/04/2026 21:53;https://res.bigseller.pro/sku/images/merchantsku/944484/465210_1754365914909.jpg?imageView2/1/w/300/h/300
2110;MLEN DIARY Mi Giả  - Hướng Dương: Tím;;Chưa chọn danh mục;0;0;0;0;8;--;0;0;13/04/2026 21:53;https://res.bigseller.pro/sku/images/merchantsku/944484/636015_1755552875046.jpg?imageView2/1/w/300/h/300
2111;MLEN DIARY Keo Dán Mi Giả -  Fullsize 4ml;;Chưa chọn danh mục;0;0;0;0;1;--;0;0;13/04/2026 21:53;https://res.bigseller.pro/sku/images/merchantsku/944484/383432_1754365903109.jpg?imageView2/1/w/300/h/300
2112;MLEN DIARY Keo Dán Mi Giả - Travelsize 1.5ml;;Chưa chọn danh mục;1;37450;0.7490000000000001;0.05;5;100;0;0;13/04/2026 21:53;https://res.bigseller.pro/sku/images/merchantsku/944484/179188_1754364214691.jpg?imageView2/1/w/300/h/300
2118;MLEN DIARY Mi Giả Cụm Tự Dính - Hướng Dương Hộp To;;Chưa chọn danh mục;0;0;0;0;2;--;0;0;13/04/2026 21:53;https://res.bigseller.pro/sku/images/merchantsku/944484/303068_1754365617489.jpg?imageView2/1/w/300/h/300
2119;MLEN DIARY Mi Giả Cụm Tự Dính - Tai Thỏ Hộp Lớn;;Chưa chọn danh mục;0;0;0;0;2;--;0;0;13/04/2026 21:53;https://res.bigseller.pro/sku/images/merchantsku/944484/697254_1754365710687.jpg?imageView2/1/w/300/h/300
2126;MLEN DIARY Nhíp Gắn Mi;;Chưa chọn danh mục;0;0;0;0;12;--;0;0;13/04/2026 21:53;https://res.bigseller.pro/sku/images/merchantsku/944484/676130_1755015054468.jpg?imageView2/1/w/300/h/300
2127;MLEN DIARY Kẹp mi gọng silicone;;Chưa chọn danh mục;0;0;0;0;5;--;0;0;13/04/2026 21:53;https://res.bigseller.pro/sku/images/merchantsku/944484/663729_1754365901675.jpg?imageView2/1/w/300/h/300
2133;NARUKO Sữa Rửa Mặt Naruko Dạng Bùn Tràm Trà - 120ml;;Chưa chọn danh mục;0;0;0;0;4;--;0;0;13/04/2026 21:53;
2135;NAZOREL Dầu Gội Shampoo Giúp Giảm Gàu Ngứa, Dịu Da Đầu, Hỗ Trợ Chăm Sóc Da Đầu Nhạy Cảm - 100ml;;NAZOREL;0;0;0;0;1;--;0;0;13/04/2026 21:53;https://res.bigseller.pro/sku/images/merchantsku/944484/127422_1755492800575.jpg?imageView2/1/w/300/h/300
2136;NAZOREL Dầu Gội Shampoo Giúp Giảm Gàu Ngứa, Dịu Da Đầu, Hỗ Trợ Chăm Sóc Da Đầu Nhạy Cảm - 150ml;;NAZOREL;0;0;0;0;1;--;0;0;13/04/2026 21:53;https://res.bigseller.pro/sku/images/merchantsku/944484/697382_1755492735600.jpg?imageView2/1/w/300/h/300
2137;Neutrogena - MẪU MỚI  Sữa Rửa Mặt Neutrogena Facial Cleanser Deep Clean 150mL;;NEUTROGENA;3;261417.24;0.5479999999999999;0.15;58;386;0;0;13/04/2026 21:53;https://res.bigseller.pro/sku/images/merchantsku/944484/914403_1755932529524.jpg?imageView2/1/w/300/h/300
2140;NEUTROGENA Kem Dưỡng Ẩm Hydro boost nourishing gel cream 50g;;NEUTROGENA;0;0;0;0;6;--;0;0;13/04/2026 21:53;https://res.bigseller.pro/sku/images/merchantsku/944484/494433_1754366214670.jpg?imageView2/1/w/300/h/300
2141;NEUTROGENA Kem Dưỡng Ẩm Hydro Boost Water Gel - 15g;;NEUTROGENA;9;482450;0.5436;0.45;203;451;0;0;13/04/2026 21:53;https://res.bigseller.pro/sku/images/merchantsku/944484/634999_1754365716406.jpg?imageView2/1/w/300/h/300
2142;NEUTROGENA Kem Dưỡng Ẩm Hydro Boost Water Gel - 50g;;NEUTROGENA;25;188150;0.039900000000000005;1.25;0;0;0;0;13/04/2026 21:53;https://res.bigseller.pro/sku/images/merchantsku/944484/488152_1754366310891.jpg?imageView2/1/w/300/h/300
2144;NEUTROGENA Mặt Nạ Ngủ Hydro Boost Hyaluronic Acid Night Cream 50g;;NEUTROGENA;0;0;0;0;12;--;0;0;13/04/2026 21:53;https://res.bigseller.pro/sku/images/merchantsku/944484/810342_1754366213694.jpg?imageView2/1/w/300/h/300
2145;NEUTROGENA Sữa Rửa Mặt Acne Foaming Cleanser - 100g;;NEUTROGENA;0;0;0;0;8;--;0;0;13/04/2026 21:53;https://res.bigseller.pro/sku/images/merchantsku/944484/493534_1773803286113.jpg?imageView2/1/w/300/h/300
2146;NEUTROGENA Sữa Rửa Mặt Blackhead Eliminating Daily Scrub 100g;;NEUTROGENA;5;270381.4;0.4686;0.25;15;60;0;0;13/04/2026 21:53;https://res.bigseller.pro/sku/images/merchantsku/944484/980152_1754365814994.jpg?imageView2/1/w/300/h/300
2147;NEUTROGENA Sữa Rửa Mặt Deep Clean Foaming Cleanser - 100g;;NEUTROGENA;2;178582.32;0.5855;0.1;67;670;0;0;13/04/2026 21:53;https://res.bigseller.pro/sku/images/merchantsku/944484/470362_1754365623501.jpg?imageView2/1/w/300/h/300
2152;NEUTROGENA Toner Alcohol Free Toner 150ml;;NEUTROGENA;1;-10708;-0.1355;0.05;0;0;0;0;13/04/2026 21:53;https://res.bigseller.pro/sku/images/merchantsku/944484/273142_1754998314263.jpg?imageView2/1/w/300/h/300
2174;NGUYÊN XUÂN Dầu gội Dược liệu Cổ Truyền Giúp Tóc Sạch Gàu - Xanh dương 250ml;;Chưa chọn danh mục;0;0;0;0;4;--;0;0;13/04/2026 21:53;https://res.bigseller.pro/sku/images/merchantsku/944484/112574_1756125438679.jpg?imageView2/1/w/300/h/300
2179;NGUYÊN XUÂN Dầu xả Dược Liệu Cổ Truyền Giúp Dưỡng Tóc Bồng Bềnh 180ml - Hương Hoa;;Chưa chọn danh mục;0;0;0;0;2;--;0;0;13/04/2026 21:53;https://res.bigseller.pro/sku/images/merchantsku/944484/320103_1754998487738.jpg?imageView2/1/w/300/h/300
2182;NIVEA Serum Dưỡng Thể Sáng Da Mờ Thâm Nám Extra Bright 10 Super Vitamins  - HỒNG ĐẬM 170ML;;Chưa chọn danh mục;2;22900;0.12050000000000001;0.1;0;0;0;0;13/04/2026 21:53;https://res.bigseller.pro/sku/images/merchantsku/944484/075566_1755553018865.jpg?imageView2/1/w/300/h/300
2184;NIVEA Sữa Dưỡng Thể Nivea Extra White Night Nourish Body Lotion - VÀNG 350ml;;Chưa chọn danh mục;0;0;0;0;7;--;0;0;13/04/2026 21:53;https://res.bigseller.pro/sku/images/merchantsku/944484/849240_1756125438433.jpg?imageView2/1/w/300/h/300
2185;NONGCHAT Mascara Browit My Everyday Endless Night 5.5g;;Chưa chọn danh mục;0;0;0;0;8;--;0;0;13/04/2026 21:53;https://res.bigseller.pro/sku/images/merchantsku/944484/232443_1754365627180.jpg?imageView2/1/w/300/h/300
2187;Tampon Ob - Băng vệ sinh từ 100% cotton siêu nhỏ siêu thấm hút - 3G - 64C Original;;Chưa chọn danh mục;0;0;0;0;8;--;0;0;13/04/2026 21:53;https://res.bigseller.pro/sku/images/merchantsku/944484/396995_1754366212104.jpg?imageView2/1/w/300/h/300
2188;Tampon Ob - Băng vệ sinh từ 100% cotton siêu nhỏ siêu thấm hút - 3G - 64C Pro Comfort;;Chưa chọn danh mục;0;0;0;0;2;--;0;0;13/04/2026 21:53;https://res.bigseller.pro/sku/images/merchantsku/944484/662440_1754365714074.jpg?imageView2/1/w/300/h/300
2191;OBAGI Retinol Cream 0.5% USA 28g;;Chưa chọn danh mục;3;1352452.74;0.3109;0.15;9;60;0;0;13/04/2026 21:53;https://res.bigseller.pro/sku/images/merchantsku/944484/242749_1779501893288.jpg?imageView2/1/w/300/h/300
2192;OBAGI Retinol Cream 1.0% USA - 28g;;Chưa chọn danh mục;10;4462000;0.28350000000000003;0.5;2;4;0;0;13/04/2026 21:53;https://res.bigseller.pro/sku/images/merchantsku/944484/580450_1779501879252.jpg?imageView2/1/w/300/h/300
2196;OBAGI Sữa Rửa Mặt Clenziderm MD Daily Lightweight Obagi 2% BHA - 118ml;;Chưa chọn danh mục;0;0;0;0;13;--;0;0;13/04/2026 21:53;https://res.bigseller.pro/sku/images/merchantsku/944484/386898_1784944366891.jpg?imageView2/1/w/300/h/300
2197;OBAGI Tẩy Tế Bào Chết BHA 2% Clenziderm MD Pore Therapy USA - 148ml [DKSH];;Chưa chọn danh mục;26;5171814.99;0.2324;1.3;18;13;0;12;13/04/2026 21:53;https://res.bigseller.pro/sku/images/merchantsku/944484/316693_1754365616403.jpg?imageView2/1/w/300/h/300
2198;OGX Dầu Gội Đầu Thick & Full + Biotin & Collagen Shampoo 385ml;;Chưa chọn danh mục;0;0;0;0;10;--;0;0;13/04/2026 21:53;https://res.bigseller.pro/sku/images/merchantsku/944484/415073_1754366214454.jpg?imageView2/1/w/300/h/300
2200;OGX Dầu Xả tóc Thick & Full + Biotin & Collagen Shampoo 385ml;;Chưa chọn danh mục;12;91584;0.0449;0.6;0;0;0;0;13/04/2026 21:53;https://res.bigseller.pro/sku/images/merchantsku/944484/703202_1754366217760.jpg?imageView2/1/w/300/h/300
2201;OH!OH! Serum Skin Health with 20% Niacinamide & 2% Acetyl Glucosamine - 10ml;;Chưa chọn danh mục;0;0;0;0;1;--;0;0;13/04/2026 21:53;https://res.bigseller.pro/sku/images/merchantsku/944484/580151_1754366213719.jpg?imageView2/1/w/300/h/300
2203;OH!OH! Serum Tế Bào Gốc, Tái Tạo Da oh!oh! Oatmere Serum 25ml;;Chưa chọn danh mục;0;0;0;0;2;--;0;0;13/04/2026 21:53;https://res.bigseller.pro/sku/images/merchantsku/944484/603119_1789808550427.jpg?imageView2/1/w/300/h/300
2205;OKAMURA Bàn chải kẽ răng Asahi dạng L;;Chưa chọn danh mục;0;0;0;0;17;--;0;0;13/04/2026 21:53;https://res.bigseller.pro/sku/images/merchantsku/944484/799326_1754365721145.jpg?imageView2/1/w/300/h/300
2206;OKAMURA Bàn chải kẽ răng dạng I, gói 08 cây;;Chưa chọn danh mục;0;0;0;0;18;--;0;0;13/04/2026 21:53;https://res.bigseller.pro/sku/images/merchantsku/944484/925442_1754366313639.jpg?imageView2/1/w/300/h/300
2210;OKAMURA Tăm chỉ hộp - 70P;;Chưa chọn danh mục;2;38184;0.444;0.1;57;570;0;0;13/04/2026 21:53;https://res.bigseller.pro/sku/images/merchantsku/944484/147235_1754361503299.jpg?imageView2/1/w/300/h/300
2211;OKAMURA Tăm chỉ nha khoa - Gói 50 Cây;;Chưa chọn danh mục;4;101412.36;0.6036;0.2;24;120;0;0;13/04/2026 21:53;https://res.bigseller.pro/sku/images/merchantsku/944484/256300_1754365819064.jpg?imageView2/1/w/300/h/300
2214;OLAY  Kem Dưỡng BAN ĐÊM 7in1 Total Effects Phục Hồi & Làm Chậm Dấu Hiệu Lão Hóa 50g;;Chưa chọn danh mục;2;16543.06;0.0385;0.1;0;0;0;0;13/04/2026 21:53;https://res.bigseller.pro/sku/images/merchantsku/944484/695174_1754366305505.jpg?imageView2/1/w/300/h/300
2218;OLAY Kem Dưỡng Ẩm BAN ĐÊM REGENERIST Căng Mướt, Sáng Khỏe & Phục Hồi Dấu Hiệu Lão Hóa 50g - ĐÊM;;Chưa chọn danh mục;1;165117.08;0.4077;0.05;1;20;0;0;13/04/2026 21:53;https://res.bigseller.pro/sku/images/merchantsku/944484/838016_1754366210460.jpg?imageView2/1/w/300/h/300
2220;OLAY Kem Dưỡng Ẩm Ban NGÀY Regenerist Căng Mướt, Sáng Khỏe & Phục Hồi Dấu Hiệu Lão Hóa 50g - NGÀY;;Chưa chọn danh mục;1;164848.38;0.40700000000000003;0.05;0;0;0;0;13/04/2026 21:53;https://res.bigseller.pro/sku/images/merchantsku/944484/675580_1754365712908.jpg?imageView2/1/w/300/h/300
2221;OLAY Kem Dưỡng Ẩm BAN NGÀY TOTAL EFFECTS Phục Hồi & Làm Chậm 7 Dấu Hiệu Lão Hóa SPF15 50g;;Chưa chọn danh mục;4;74928.52;0.08310000000000001;0.2;0;0;0;0;13/04/2026 21:53;https://res.bigseller.pro/sku/images/merchantsku/944484/612966_1754365902759.jpg?imageView2/1/w/300/h/300
2222;OLAY Kem Dưỡng Ẩm RETINOL24 Giúp Mờ Nếp Nhăn, Phục Hồi Bề Mặt Da 50g;;Chưa chọn danh mục;1;67119.23;0.1917;0.05;0;0;0;0;13/04/2026 21:53;https://res.bigseller.pro/sku/images/merchantsku/944484/790307_1754365810776.jpg?imageView2/1/w/300/h/300
2223;OLAY Kem Dưỡng Luminous Niacinamide + AHA Moisturizer 50G;;Chưa chọn danh mục;1;7033.63;0.024300000000000002;0.05;0;0;0;0;13/04/2026 21:53;https://res.bigseller.pro/sku/images/merchantsku/944484/022757_1755553018481.jpg?imageView2/1/w/300/h/300
2225;OLAY MẪU MỚI B3 - Dưỡng thể Body Cellscience B3+Vitamin C 260g - NẮP VÀNG;;Chưa chọn danh mục;39;532955.45;0.0698;1.95;110;56;0;0;13/04/2026 21:53;https://res.bigseller.pro/sku/images/merchantsku/944484/382789_1769587675058.jpg?imageView2/1/w/300/h/300
2226;OLAY MẪU MỚI Hương Dạ Lan Hương - Dưỡng thể Body Cellscience B3+Vitamin C 260g - TRẮNG SỮA;;Chưa chọn danh mục;8;68479.36;0.0555;0.4;0;0;0;0;13/04/2026 21:53;https://res.bigseller.pro/sku/images/merchantsku/944484/508507_1769587685375.jpg?imageView2/1/w/300/h/300
2229;OLAY Serum Regenerist Micro-Sculpting Serum - 50ml;;Chưa chọn danh mục;0;0;0;0;5;--;0;0;13/04/2026 21:53;https://res.bigseller.pro/sku/images/merchantsku/944484/315620_1754366317835.jpg?imageView2/1/w/300/h/300
2231;OLAY Sữa Tắm Dưỡng Trắng Olay Nội Địa Trung Vitamin C + B3 (Mẫu Mới) - 500g;;Chưa chọn danh mục;8;59488;0.0451;0.4;4;10;0;0;13/04/2026 21:53;https://res.bigseller.pro/sku/images/merchantsku/944484/407182_1785214648295.jpg?imageView2/1/w/300/h/300
2233;OLAY Super Collagen Peptides Moisturizer For Firm & Lifted Skin 45G;;Chưa chọn danh mục;1;222535.74;0.39390000000000003;0.05;0;0;0;0;13/04/2026 21:53;https://res.bigseller.pro/sku/images/merchantsku/944484/388406_1764744010229.jpg?imageView2/1/w/300/h/300
2235;OLAY Tinh Chất Olay Luminous Niacinamide & Vitamin C Super Serum 30ML;;Chưa chọn danh mục;0;0;0;0;2;--;0;0;13/04/2026 21:53;https://res.bigseller.pro/sku/images/merchantsku/944484/521355_1754366317805.jpg?imageView2/1/w/300/h/300
2236;OLAY Tinh Chất Olay Luminous Niacinamide + AHA Super Serum 30ML;;Chưa chọn danh mục;0;0;0;0;3;--;0;0;13/04/2026 21:53;https://res.bigseller.pro/sku/images/merchantsku/944484/517976_1754919951082.jpg?imageView2/1/w/300/h/300
2238;OLD SPICE Sữa tắm Body Wash Mỹ dạng gel 473ml - NightPanther;;Chưa chọn danh mục;0;0;0;0;1;--;0;0;13/04/2026 21:53;https://res.bigseller.pro/sku/images/merchantsku/944484/581023_1789051733048.jpg?imageView2/1/w/300/h/300
2246;OLD SPICE Sáp Khử Mùi Anti-Perspirant & Deodorant 73g - FIJI;;Chưa chọn danh mục;0;0;0;0;3;--;0;0;13/04/2026 21:53;https://res.bigseller.pro/sku/images/merchantsku/944484/005479_1754365716638.jpg?imageView2/1/w/300/h/300
2248;OLD SPICE Sữa tắm Body Wash Mỹ 532ml - PURE SPORT;;Chưa chọn danh mục;0;0;0;0;1;--;0;0;13/04/2026 21:53;https://res.bigseller.pro/sku/images/merchantsku/944484/435832_1754365907323.jpg?imageView2/1/w/300/h/300
2250;OLEXRS Kem Ủ Tóc Collagen Complex Repair Mask 500ml;;Chưa chọn danh mục;4;17257.44;0.034300000000000004;0.2;1;5;0;0;13/04/2026 21:53;https://res.bigseller.pro/sku/images/merchantsku/944484/937619_1754366310086.jpg?imageView2/1/w/300/h/300
2252;ORAL-B Chỉ nha khoa cao cấp Essential Floss 50m;;Chưa chọn danh mục;0;0;0;0;6;--;0;0;13/04/2026 21:53;https://res.bigseller.pro/sku/images/merchantsku/944484/848570_1754366217671.jpg?imageView2/1/w/300/h/300
2255;PAULA'S CHOICE Kem dưỡng Skin Revealing Body Lotion 10% AHA 5900 210ml;;Chưa chọn danh mục;1;303633.33;0.3431;0.05;1;20;0;0;13/04/2026 21:53;https://res.bigseller.pro/sku/images/merchantsku/944484/529524_1754364218879.jpg?imageView2/1/w/300/h/300
2256;PAULA'S CHOICE Kem dưỡng thể Resist Weightless Body Treatment 2% BHA - 5700 210ml;;Chưa chọn danh mục;0;0;0;0;2;--;0;0;13/04/2026 21:53;https://res.bigseller.pro/sku/images/merchantsku/944484/683436_1755015213591.jpg?imageView2/1/w/300/h/300
2257;PAULA'S CHOICE Tẩy tế bào chết Skin Perfecting Liquid Exfoliant 2% BHA - 2016 30ml;;Chưa chọn danh mục;11;191664.23;0.0681;0.55;5;9;0;0;13/04/2026 21:53;https://res.bigseller.pro/sku/images/merchantsku/944484/048304_1754366217801.jpg?imageView2/1/w/300/h/300
2259;PERSPIREX Lăn Khử Mùi Orginal Giảm Lượng Mồ Hôi 20ml - Xanh dương;;PERSPIREX;0;0;0;0;3;--;0;0;13/04/2026 21:53;https://res.bigseller.pro/sku/images/merchantsku/944484/605711_1754364215177.jpg?imageView2/1/w/300/h/300
2260;PERSPIREX Lăn Khử Mùi Strong Giảm Lượng Mồ Hôi 20ml - Xanh dương đậm;;PERSPIREX;0;0;0;0;0;--;0;0;13/04/2026 21:53;https://res.bigseller.pro/sku/images/merchantsku/944484/364961_1754998317208.jpg?imageView2/1/w/300/h/300
2262;TONIC PHARMAACT dầu gội xả trị gàu 550ml;;Chưa chọn danh mục;2;43205.82;0.2427;0.1;9;90;0;0;13/04/2026 21:53;https://res.bigseller.pro/sku/images/merchantsku/944484/852987_1754365714053.jpg?imageView2/1/w/300/h/300
2264;PHYSIOGEL Sữa Chống Nắng Daily Moisture Therapy Sun Lotion Cấp Ẩm, Bảo Vệ Da 100ml;;Chưa chọn danh mục;0;0;0;0;1;--;0;0;13/04/2026 21:53;https://res.bigseller.pro/sku/images/merchantsku/944484/856568_1754365821385.jpg?imageView2/1/w/300/h/300
2267;PIERROT Xịt Thơm Miệng Kissing Spray Vị Bạc Hà Thơm Mát Giảm Hôi Miệng 10ml;;Chưa chọn danh mục;12;126021.72;0.1909;0.6;7;11;0;0;13/04/2026 21:53;https://res.bigseller.pro/sku/images/merchantsku/944484/438118_1754366305987.jpg?imageView2/1/w/300/h/300
2268;PORÊVES Gel Rửa Mặt Thảo Mộc Botanical Face Cleanser Dịu Nhẹ Với Mọi Loại Da 50ml;;POREVES;4;50400;0.1273;0.2;0;0;0;0;13/04/2026 21:53;https://res.bigseller.pro/sku/images/merchantsku/944484/150521_1750401606589.jpg?imageView2/1/w/300/h/300
2270;PRESIDENT Kem đánh răng làm trắng loại bỏ vết ố vàng - Black 50ml;;Chưa chọn danh mục;0;0;0;0;1;--;0;0;13/04/2026 21:53;https://res.bigseller.pro/sku/images/merchantsku/944484/283940_1754365629407.jpg?imageView2/1/w/300/h/300
2272;PRETTYSKIN Kem Dưỡng Hydra B5 Derma Repair Cream 52ml;;Chưa chọn danh mục;8;102250.19;0.0467;0.4;0;0;0;0;13/04/2026 21:53;https://res.bigseller.pro/sku/images/merchantsku/944484/680628_1754364220579.jpg?imageView2/1/w/300/h/300
2273;PRETTYSKIN Mặt Nạ Treatment Collection - GLUTATHION;;Chưa chọn danh mục;0;0;0;0;1;--;0;0;13/04/2026 21:53;https://res.bigseller.pro/sku/images/merchantsku/944484/561538_1754998487797.jpg?imageView2/1/w/300/h/300
2274;PRETTYSKIN Mặt Nạ Treatment Collection - HYDRA B5;;Chưa chọn danh mục;0;0;0;0;10;--;0;0;13/04/2026 21:53;https://res.bigseller.pro/sku/images/merchantsku/944484/100439_1754365818058.jpg?imageView2/1/w/300/h/300
2276;PRETTYSKIN Serum B5 PRETTYSKIN Hydra Max 50ml - Xanh nhạt;;Chưa chọn danh mục;11;150490.44;0.049699999999999994;0.55;0;0;0;0;13/04/2026 21:53;https://res.bigseller.pro/sku/images/merchantsku/944484/865070_1754365716690.jpg?imageView2/1/w/300/h/300
2277;PRETTYSKIN Serum B5 PRETTYSKIN Multi Hydra Max 50ml - Xanh đậm;;Chưa chọn danh mục;2;199148.42;0.2901;0.1;12;120;0;0;13/04/2026 21:53;https://res.bigseller.pro/sku/images/merchantsku/944484/594240_1754998487805.jpg?imageView2/1/w/300/h/300
2278;QUICKSTICK Bút thử thai Midstream [XT];;Chưa chọn danh mục;0;0;0;0;4;--;0;0;13/04/2026 21:53;https://res.bigseller.pro/sku/images/merchantsku/944484/700777_1754366214360.jpg?imageView2/1/w/300/h/300
2279;RAPID Băng vệ sinh chườm ấm Rapid Relief Warm;;Chưa chọn danh mục;0;0;0;0;152;--;0;0;13/04/2026 21:53;https://res.bigseller.pro/sku/images/merchantsku/944484/767442_1772851194640.jpg?imageView2/1/w/300/h/300
2282;RMON Kem Dưỡng Trắng Da Body Tế Bào Gốc White Label Dia Whitening Cream 200ml;;Chưa chọn danh mục;3;39808.2;0.044500000000000005;0.15;8;53;0;0;13/04/2026 21:53;https://res.bigseller.pro/sku/images/merchantsku/944484/156547_1760088266755.jpg?imageView2/1/w/300/h/300
2283;ROGE CAVAILLES Anti-Bacterien Dung Dịch Vệ Sinh Ngăn Mùi Ngừa Khuẩn 12H - Hồng;;Chưa chọn danh mục;0;0;0;0;37;--;0;0;13/04/2026 21:53;https://res.bigseller.pro/sku/images/merchantsku/944484/164989_1762594074652.jpg?imageView2/1/w/300/h/300
2284;ROGE CAVAILLES Anti-Bacterien Dung Dịch Vệ Sinh Ngăn Mùi Ngừa Khuẩn 12H - Xanh Dương;;Chưa chọn danh mục;0;0;0;0;25;--;0;0;13/04/2026 21:53;https://res.bigseller.pro/sku/images/merchantsku/944484/699627_1762594015194.jpg?imageView2/1/w/300/h/300
2285;ROGE CAVAILLES Anti-Bacterien Dung Dịch Vệ Sinh Ngăn Mùi Ngừa Khuẩn 12H - Xanh Lá;;Chưa chọn danh mục;0;0;0;0;32;--;0;0;13/04/2026 21:53;https://res.bigseller.pro/sku/images/merchantsku/944484/531822_1762593930075.jpg?imageView2/1/w/300/h/300
2288;ROGE CAVAILLES DDVS 250ml - XANH NGỌC FRAICHEUR;;Chưa chọn danh mục;0;0;0;0;19;--;0;0;13/04/2026 21:53;https://res.bigseller.pro/sku/images/merchantsku/944484/395883_1762349478780.jpg?imageView2/1/w/300/h/300
2289;ROSETTE Tẩy Tế Bào Chết Gommage Peeling Gel 120g - Cam;;Chưa chọn danh mục;3;3446.82;0.0138;0.15;0;0;0;0;13/04/2026 21:53;https://res.bigseller.pro/sku/images/merchantsku/944484/200231_1754365914961.jpg?imageView2/1/w/300/h/300
2290;ROSETTE Tẩy Tế Bào Chết Gommage Peeling Gel 120g - Xanh;;Chưa chọn danh mục;4;25860.04;0.0735;0.2;0;0;0;0;13/04/2026 21:53;https://res.bigseller.pro/sku/images/merchantsku/944484/182096_1754365721301.jpg?imageView2/1/w/300/h/300
2291;SACHI  Kem Đánh Răng Làm SạchCho Trẻ Từ 12 Tháng Tuổi Tuýp 60ml - Cam;;SACHI;0;0;0;0;4;--;0;0;13/04/2026 21:53;https://res.bigseller.pro/sku/images/merchantsku/944484/602652_1754365914979.jpg?imageView2/1/w/300/h/300
2296;SACHI Kem Đánh Răng Làm SạchCho Trẻ Từ 12 Tháng Tuổi Tuýp 60ml - Đào;;SACHI;0;0;0;0;0;--;0;0;13/04/2026 21:53;https://res.bigseller.pro/sku/images/merchantsku/944484/905247_1755553510927.jpg?imageView2/1/w/300/h/300
2297;SACHI Khăn Lau Hạ Sốt Giúp Hạ Nhiệt, Giảm Sốt ( Hộp 25 cái ) - Trẻ sơ sinh;;SACHI;3;19000;0.052199999999999996;0.15;1;6;0;0;13/04/2026 21:53;https://res.bigseller.pro/sku/images/merchantsku/944484/820627_1754365819961.jpg?imageView2/1/w/300/h/300
2298;SACHI Khăn Lau Hạ Sốt Giúp Hạ Nhiệt, Giảm Sốt ( Hộp 25 cái ) - Trẻ trên 3 tuổi;;SACHI;3;99000;0.2268;0.15;2;13;0;0;13/04/2026 21:53;https://res.bigseller.pro/sku/images/merchantsku/944484/445800_1754365629372.jpg?imageView2/1/w/300/h/300
2301;SACHI Nước Tắm Thảo Dược Ngừa Rôm Sảy, Làm Ấm Hỗ Trợ Ngăn Cảm Cúm, Cảm Lạnh Cho Bé Lọ 250ml;;SACHI;2;-892;-0.0045000000000000005;0.1;0;0;0;0;13/04/2026 21:53;https://res.bigseller.pro/sku/images/merchantsku/944484/160560_1754365629928.jpg?imageView2/1/w/300/h/300
2303;SACHI Tinh Dầu Tràm Giúp Làm Ấm Cơ Thể 30ml - 100% Tràm nguyên chất;;SACHI;2;-6000;-0.0291;0.1;0;0;0;0;13/04/2026 21:53;https://res.bigseller.pro/sku/images/merchantsku/944484/522125_1755553510629.jpg?imageView2/1/w/300/h/300
2304;SAFEGUARD Bánh Xà Phòng Dịu nhẹ 125g - Tím;;SAFEGUARD;1;19317;0.6037;0.05;5;100;0;0;13/04/2026 21:53;https://res.bigseller.pro/sku/images/merchantsku/944484/560401_1755015057069.jpg?imageView2/1/w/300/h/300
2305;SAFEGUARD Bánh Xà Phòng Nha đam 125g - Hồng;;SAFEGUARD;1;19312;0.6035;0.05;2;40;0;0;13/04/2026 21:53;https://res.bigseller.pro/sku/images/merchantsku/944484/628421_1754365911739.jpg?imageView2/1/w/300/h/300
2308;SAFEGUARD Nước Rửa Tay Sạch Dịu Nhẹ Cho Da 420ml - Chanh Tươi Mát [TÚI REFILL];;SAFEGUARD;0;0;0;0;4;--;0;0;13/04/2026 21:53;https://res.bigseller.pro/sku/images/merchantsku/944484/137136_1754364214766.jpg?imageView2/1/w/300/h/300
2309;SAFEGUARD Nước Rửa Tay Sạch Dịu Nhẹ Cho Da 420ml - Trắng Tinh Khiết [TÚI REFILL];;SAFEGUARD;2;74860;0.42060000000000003;0.1;2;20;0;0;13/04/2026 21:53;https://res.bigseller.pro/sku/images/merchantsku/944484/193232_1754365914188.jpg?imageView2/1/w/300/h/300
2310;SAFEGUARD Nước Rửa Tay Sạch Dịu Nhẹ Cho Da 420ml -Hoa Hồng Lô Hộ [TÚI REFILL];;SAFEGUARD;2;74890.48;0.4207;0.1;1;10;0;0;13/04/2026 21:53;https://res.bigseller.pro/sku/images/merchantsku/944484/526848_1755553284937.jpg?imageView2/1/w/300/h/300
2311;SAFEGUARD Nước Rửa Tay Sạch Dịu Nhẹ Cho Da 450ml - Chanh Tươi Mát;;SAFEGUARD;0;0;0;0;16;--;0;0;13/04/2026 21:53;https://res.bigseller.pro/sku/images/merchantsku/944484/132361_1754366317831.jpg?imageView2/1/w/300/h/300
2312;SAFEGUARD Nước Rửa Tay Sạch Dịu Nhẹ Cho Da 450ml - Hoa Hồng Lô Hộ;;SAFEGUARD;1;41453;0.41869999999999996;0.05;0;0;0;0;13/04/2026 21:53;https://res.bigseller.pro/sku/images/merchantsku/944484/711204_1754365725192.jpg?imageView2/1/w/300/h/300
2313;SAFEGUARD Nước Rửa Tay Sạch Dịu Nhẹ Cho Da 450ml - Trắng Tinh Khiết;;SAFEGUARD;0;0;0;0;10;--;0;0;13/04/2026 21:53;https://res.bigseller.pro/sku/images/merchantsku/944484/005917_1754366222707.jpg?imageView2/1/w/300/h/300
2321;SECRET KEY Kem Ủ Trắng SNOW WHITE Milky Pack 200g;;Chưa chọn danh mục;0;0;0;0;3;--;0;0;13/04/2026 21:53;https://res.bigseller.pro/sku/images/merchantsku/944484/913496_1754365818812.jpg?imageView2/1/w/300/h/300
2327;SEIWA Găng tay rửa bát - Size L (Xanh);;Chưa chọn danh mục;1;11294.77;0.2305;0.05;7;140;0;0;13/04/2026 21:53;https://res.bigseller.pro/sku/images/merchantsku/944484/643007_1754366212591.jpg?imageView2/1/w/300/h/300
2329;SELSUN Dầu Gội Anti-Dandruff Shampoo Làm Sạch Gàu - 50ml;;Chưa chọn danh mục;0;0;0;0;3;--;0;0;13/04/2026 21:53;https://res.bigseller.pro/sku/images/merchantsku/944484/992017_1754366210520.jpg?imageView2/1/w/300/h/300
2332;SENA DERMA Mặt Nạ Sodium DNA B5 25ml - 1 Miếng;;Chưa chọn danh mục;0;0;0;0;6;--;0;0;13/04/2026 21:53;https://res.bigseller.pro/sku/images/merchantsku/944484/048690_1789051788250.jpg?imageView2/1/w/300/h/300
2333;SENSILIS Gel Rửa Mặt Purify Essential Cleanser  - 200ml;;Chưa chọn danh mục;6;249162;0.16949999999999998;0.3;10;33;0;0;13/04/2026 21:53;https://res.bigseller.pro/sku/images/merchantsku/944484/000193_1763694302298.jpg?imageView2/1/w/300/h/300
2334;SENSILIS Gel Rửa Mặt Purify Essential Cleanser  - 400ml;;Chưa chọn danh mục;5;741263.16;0.3368;0.25;22;88;0;0;13/04/2026 21:53;https://res.bigseller.pro/sku/images/merchantsku/944484/204234_1763694430846.jpg?imageView2/1/w/300/h/300
2335;SENSILIS Micellar Water [AR] Nước Tẩy Trang Dành Cho Da Nhạy Cảm 400ml;;Chưa chọn danh mục;0;0;0;0;26;--;0;0;13/04/2026 21:53;https://res.bigseller.pro/sku/images/merchantsku/944484/257155_1763694106469.jpg?imageView2/1/w/300/h/300
2336;SENSODYNE Bàn chải đánh răng Deep Clean Soft - Vỉ 1 cây;;Chưa chọn danh mục;0;0;0;0;4;--;0;0;13/04/2026 21:53;https://res.bigseller.pro/sku/images/merchantsku/944484/278615_1754366309159.jpg?imageView2/1/w/300/h/300
2337;SENSODYNE Bàn chải đánh răng Deep Clean Soft - Vỉ 3 cây;;Chưa chọn danh mục;4;269633.32;0.4889;0.2;0;0;0;0;13/04/2026 21:53;https://res.bigseller.pro/sku/images/merchantsku/944484/304519_1754365904349.jpg?imageView2/1/w/300/h/300
2339;SENSODYNE Bàn chải đánh răng Repair & Protect Extra Soft - Vỉ 1 cây;;Chưa chọn danh mục;2;64200;0.4586;0.1;3;30;0;0;13/04/2026 21:53;https://res.bigseller.pro/sku/images/merchantsku/944484/427721_1754364217000.jpg?imageView2/1/w/300/h/300
2340;SENSODYNE Bàn chải đánh răng Repair & Protect Extra Soft - Vỉ 3 cây;;Chưa chọn danh mục;1;58000;0.4296;0.05;0;0;0;0;13/04/2026 21:53;https://res.bigseller.pro/sku/images/merchantsku/944484/746522_1755015056335.jpg?imageView2/1/w/300/h/300
2341;SENSODYNE Bàn Chải Đánh Răng Sensitive & Gum Làm Sạch Răng Nhẹ Nhàng - Lẻ 1 cây;;Chưa chọn danh mục;1;5969.23;0.102;0.05;8;160;0;0;13/04/2026 21:53;https://res.bigseller.pro/sku/images/merchantsku/944484/948623_1754361508008.jpg?imageView2/1/w/300/h/300
2342;SENSODYNE Bàn chải đánh răng Sensitive Extra Soft - Vỉ 1 cây;;Chưa chọn danh mục;0;0;0;0;54;--;0;0;13/04/2026 21:53;https://res.bigseller.pro/sku/images/merchantsku/944484/197155_1754365629899.jpg?imageView2/1/w/300/h/300
2345;SENSODYNE Kem đánh răng 100g - Cool Gel;;Chưa chọn danh mục;0;0;0;0;14;--;0;0;13/04/2026 21:53;https://res.bigseller.pro/sku/images/merchantsku/944484/275435_1755553018434.jpg?imageView2/1/w/300/h/300
2346;SENSODYNE Kem đánh răng 100g - Fresh Mint;;Chưa chọn danh mục;0;0;0;0;3;--;0;0;13/04/2026 21:53;https://res.bigseller.pro/sku/images/merchantsku/944484/047417_1754365627269.jpg?imageView2/1/w/300/h/300
2347;SENSODYNE Kem đánh răng 100g - Gentle Whitening;;Chưa chọn danh mục;5;203598.95;0.4093;0.25;8;32;0;0;13/04/2026 21:53;https://res.bigseller.pro/sku/images/merchantsku/944484/873180_1754365818068.jpg?imageView2/1/w/300/h/300
2349;SENSODYNE Kem đánh răng 160g - Cool Gel;;Chưa chọn danh mục;0;0;0;0;4;--;0;0;13/04/2026 21:53;https://res.bigseller.pro/sku/images/merchantsku/944484/035527_1754366219613.jpg?imageView2/1/w/300/h/300
2350;SENSODYNE Kem đánh răng 160g - Fresh Mint;;Chưa chọn danh mục;0;0;0;0;8;--;0;0;13/04/2026 21:53;https://res.bigseller.pro/sku/images/merchantsku/944484/461381_1754366308346.jpg?imageView2/1/w/300/h/300
2351;SENSODYNE Kem đánh răng 160g - Gentle Whitening;;Chưa chọn danh mục;4;219530;0.38630000000000003;0.2;0;0;0;0;13/04/2026 21:53;https://res.bigseller.pro/sku/images/merchantsku/944484/370668_1754365715935.jpg?imageView2/1/w/300/h/300
2352;SENSODYNE Kem đánh răng 160g - Multe Care;;Chưa chọn danh mục;1;62371;0.4243;0.05;6;120;0;0;13/04/2026 21:53;https://res.bigseller.pro/sku/images/merchantsku/944484/533189_1754365720866.jpg?imageView2/1/w/300/h/300
2353;SENSODYNE Kem đánh răng Deep Clean - 100g;;Chưa chọn danh mục;0;0;0;0;20;--;0;0;13/04/2026 21:53;https://res.bigseller.pro/sku/images/merchantsku/944484/934549_1754365906031.jpg?imageView2/1/w/300/h/300
2354;SENSODYNE Kem đánh răng Deep Clean - 160g;;Chưa chọn danh mục;0;0;0;0;27;--;0;0;13/04/2026 21:53;https://res.bigseller.pro/sku/images/merchantsku/944484/846968_1754364218476.jpg?imageView2/1/w/300/h/300
2355;SENSODYNE Kem đánh răng Rapid Action 100g - Thường;;Chưa chọn danh mục;0;0;0;0;9;--;0;0;13/04/2026 21:53;https://res.bigseller.pro/sku/images/merchantsku/944484/609956_1754366313653.jpg?imageView2/1/w/300/h/300
2356;SENSODYNE Kem đánh răng Rapid Action 100g - Whitening;;Chưa chọn danh mục;0;0;0;0;10;--;0;0;13/04/2026 21:53;https://res.bigseller.pro/sku/images/merchantsku/944484/844777_1754365911791.jpg?imageView2/1/w/300/h/300
2357;SENSODYNE Kem đánh răng Repair & Protect 100g - Deep Repair;;Chưa chọn danh mục;0;0;0;0;3;--;0;0;13/04/2026 21:53;https://res.bigseller.pro/sku/images/merchantsku/944484/288842_1754366219574.jpg?imageView2/1/w/300/h/300
2359;SENSODYNE Kem Đánh Răng Sensodyne Bảo Vệ Nướu - 100g;;Chưa chọn danh mục;0;0;0;0;11;--;0;0;13/04/2026 21:53;https://res.bigseller.pro/sku/images/merchantsku/944484/358631_1766387825258.jpg?imageView2/1/w/300/h/300
2360;SILCOT Bông tẩy trang Unicharm - 66 miếng Xanh lá;;Chưa chọn danh mục;91;690980.99;0.22390000000000002;4.55;0;0;0;0;13/04/2026 21:53;https://res.bigseller.pro/sku/images/merchantsku/944484/780386_1754365910094.jpg?imageView2/1/w/300/h/300
2361;SILCOT Bông tẩy trang Unicharm - 82 miếng Xanh dương;;Chưa chọn danh mục;287;1593190.6;0.2032;14.35;447;31;0;0;13/04/2026 21:53;https://res.bigseller.pro/sku/images/merchantsku/944484/941114_1755015056285.jpg?imageView2/1/w/300/h/300
2364;SILKY hands Kem dưỡng da tay Silky  Nga - Olive;;Chưa chọn danh mục;1;4058.78;0.12300000000000001;0.05;1;20;0;0;13/04/2026 21:53;https://res.bigseller.pro/sku/images/merchantsku/944484/515664_1754365724554.jpg?imageView2/1/w/300/h/300
2365;SILKY hands Kem dưỡng da tay Silky  Nga - Xanh dưỡng ban đêm;;Chưa chọn danh mục;1;4017.86;0.12179999999999999;0.05;3;60;0;0;13/04/2026 21:53;https://res.bigseller.pro/sku/images/merchantsku/944484/685500_1754366221823.jpg?imageView2/1/w/300/h/300
2367;SIMPLE Nước Tẩy Trang Micellar Cleansing Water - 200ml;;Chưa chọn danh mục;451;3478968.67;0.1602;22.55;51;2;0;0;13/04/2026 21:53;https://res.bigseller.pro/sku/images/merchantsku/944484/160848_1754365818073.jpg?imageView2/1/w/300/h/300
2369;SIMPLE Sữa rửa mặt Micellar Gel Wash Water boost 150ml [ Xanh dương nhạt];;Chưa chọn danh mục;26;134000;0.0643;1.3;0;0;0;20;13/04/2026 21:53;https://res.bigseller.pro/sku/images/merchantsku/944484/816039_1754365724504.jpg?imageView2/1/w/300/h/300
2370;SIMPLE Sữa rửa mặt Moisturising Facial Wash 150ml [Xanh lá trắng];;Chưa chọn danh mục;63;403743.59;0.0788;3.15;77;24;0;0;13/04/2026 21:53;https://res.bigseller.pro/sku/images/merchantsku/944484/909267_1785901378995.jpg?imageView2/1/w/300/h/300
2371;SIMPLE Sữa rửa mặt Purifying Gel Wash 150ml [Xanh dương];;Chưa chọn danh mục;115;866058.86;0.0917;5.75;94;16;0;0;13/04/2026 21:53;https://res.bigseller.pro/sku/images/merchantsku/944484/360736_1754365721435.jpg?imageView2/1/w/300/h/300
2372;SIMPLE Sữa Rửa Mặt Refreshing Facial Wash - 150ml [Xanh lá];;Chưa chọn danh mục;301;1905842.8;0.0782;15.05;80;5;0;0;13/04/2026 21:53;https://res.bigseller.pro/sku/images/merchantsku/944484/106789_1787289379447.jpg?imageView2/1/w/300/h/300
2374;SIMPLE Tẩy Trang Purifying Micellar Water 400ml (XANH DƯƠNG Trắng);;Chưa chọn danh mục;0;0;0;0;12;--;0;0;13/04/2026 21:53;https://res.bigseller.pro/sku/images/merchantsku/944484/252890_1754365724661.jpg?imageView2/1/w/300/h/300
2375;SIMPLE Tẩy Trang Water boost Hydrating 400ml (XANH DƯƠNG);;Chưa chọn danh mục;3;23509.08;0.06269999999999999;0.15;17;113;0;20;13/04/2026 21:53;https://res.bigseller.pro/sku/images/merchantsku/944484/757032_1754365712876.jpg?imageView2/1/w/300/h/300
2377;SKIN1004 Kem chống nắng Madagascar Centella Air-Fit SunCream Plus - 20ml (IP04);;Chưa chọn danh mục;89;535516.16;0.1067;4.45;0;0;0;0;13/04/2026 21:53;https://res.bigseller.pro/sku/images/merchantsku/944484/576560_1755553282917.jpg?imageView2/1/w/300/h/300
2378;SKIN1004 Kem chống nắng Madagascar Centella Air-Fit SunCream Plus 50ml (IP04);;Chưa chọn danh mục;58;651910.53;0.0548;2.9;193;66;0;0;13/04/2026 21:53;https://res.bigseller.pro/sku/images/merchantsku/944484/448697_1754998314175.jpg?imageView2/1/w/300/h/300
2379;SKIN1004 Kem dưỡng Madagascar Centella - Cream 75ml;;Chưa chọn danh mục;0;0;0;0;2;--;0;0;13/04/2026 21:53;https://res.bigseller.pro/sku/images/merchantsku/944484/136965_1787500842045.jpg?imageView2/1/w/300/h/300
2380;SKIN1004 Kem dưỡng Madagascar Centella - Soothing Cream 75ml;;Chưa chọn danh mục;1;160270;0.3934;0.05;0;0;0;0;13/04/2026 21:53;https://res.bigseller.pro/sku/images/merchantsku/944484/710726_1754365818869.jpg?imageView2/1/w/300/h/300
2381;SKIN1004 Mặt nạ giấy Madagascar Centella Watergel Sheet Ampoule Mask 25ml;;Chưa chọn danh mục;0;0;0;0;2;--;0;0;13/04/2026 21:53;https://res.bigseller.pro/sku/images/merchantsku/944484/312794_1754365625473.jpg?imageView2/1/w/300/h/300
2384;SKIN1004 Sữa rửa mặt Madagascar Centella 125ML - Tone Brightening Cleansing Gel Foam;;Chưa chọn danh mục;0;0;0;0;1;--;0;0;13/04/2026 21:53;https://res.bigseller.pro/sku/images/merchantsku/944484/590238_1754364218702.jpg?imageView2/1/w/300/h/300
2386;SKIN1004 Tinh chất Madagascar Centella Ampoule - 55ml;;Chưa chọn danh mục;6;39714.74;0.0356;0.3;4;13;0;0;13/04/2026 21:53;https://res.bigseller.pro/sku/images/merchantsku/944484/853746_1754365621707.jpg?imageView2/1/w/300/h/300
2387;SKIN1004 Tinh chất Madagascar Centella Hyalu-cica Blue Serum 50ml;;Chưa chọn danh mục;1;-19500;-0.07429999999999999;0.05;0;0;0;0;13/04/2026 21:53;https://res.bigseller.pro/sku/images/merchantsku/944484/995859_1754366214248.jpg?imageView2/1/w/300/h/300
2388;SMAS Mặt nạ Peptide Silk Mask 25gr;;Chưa chọn danh mục;90;164572.6;0.029300000000000003;4.5;31;6;0;0;13/04/2026 21:53;https://res.bigseller.pro/sku/images/merchantsku/944484/640185_1754366310170.jpg?imageView2/1/w/300/h/300
2389;SMAS Tinh Chất B5 Phục Hồi Da SMAS Pro Vitamin B5 Hydra Serum - 120ml;;Chưa chọn danh mục;1;24461.54;0.06269999999999999;0.05;0;0;0;0;13/04/2026 21:53;https://res.bigseller.pro/sku/images/merchantsku/944484/945303_1782467075583.jpg?imageView2/1/w/300/h/300
2390;SMAS Tinh Chất Cấp Ẩm HA Plus Hyaluronic Acid 100ml;;Chưa chọn danh mục;2;31840;0.045599999999999995;0.1;0;0;0;0;13/04/2026 21:53;https://res.bigseller.pro/sku/images/merchantsku/944484/193704_1789625935638.jpg?imageView2/1/w/300/h/300
2391;SO.NATURAL Xịt Dưỡng Nền Water Glow Make Up Setting Fixx So'Natural 75ml - Hồng đậm;;Chưa chọn danh mục;0;0;0;0;2;--;0;0;13/04/2026 21:53;https://res.bigseller.pro/sku/images/merchantsku/944484/116869_1779681584738.jpg?imageView2/1/w/300/h/300
2392;SO.NATURAL Xịt Dưỡng Nền Water Glow Make Up Setting Fixx - All Day Tight 120ml;;Chưa chọn danh mục;0;0;0;0;1;--;0;0;13/04/2026 21:53;https://res.bigseller.pro/sku/images/merchantsku/944484/624993_1754364213537.jpg?imageView2/1/w/300/h/300
2393;SO.NATURAL Xịt Dưỡng Nền Water Glow Make Up Setting Fixx - HỒNG NHẠT ALL DAY 35ML;;Chưa chọn danh mục;15;68262.46;0.0348;0.75;0;0;0;0;13/04/2026 21:53;https://res.bigseller.pro/sku/images/merchantsku/944484/383364_1754097264171.jpg?imageView2/1/w/300/h/300
2394;SO.NATURAL Xịt Dưỡng Nền Water Glow Make Up Setting Fixx So'Natural 75ml - Đen;;Chưa chọn danh mục;2;8968.32;0.0171;0.1;1;10;0;0;13/04/2026 21:53;https://res.bigseller.pro/sku/images/merchantsku/944484/505837_1779681578791.jpg?imageView2/1/w/300/h/300
2395;SOFY Băng Vệ Sinh Soft Tampon Super Gói 10 Miếng - XANH DƯƠNG;;Chưa chọn danh mục;3;80100;0.5135000000000001;0.15;12;80;0;0;13/04/2026 21:53;https://res.bigseller.pro/sku/images/merchantsku/944484/675831_1769699061980.jpg?imageView2/1/w/300/h/300
2396;SOFY Băng Vệ Sinh Soft Tampon Super Gói 7 Miếng - TÍM;;Chưa chọn danh mục;8;238500;0.5135000000000001;0.4;0;0;0;0;13/04/2026 21:53;https://res.bigseller.pro/sku/images/merchantsku/944484/869938_1770036264551.jpg?imageView2/1/w/300/h/300
2397;SOFY Băng vệ sinh Soft Tampon Super gói 9 miếng, Lẻ 1 gói;;Chưa chọn danh mục;10;233430.5;0.38780000000000003;0.5;85;170;0;0;13/04/2026 21:53;https://res.bigseller.pro/sku/images/merchantsku/944484/350896_1754365907119.jpg?imageView2/1/w/300/h/300
2402;ST.IVES Sữa Tắm Tẩy Tế Bào Chết 700ml - Muối Biển;;Chưa chọn danh mục;3;18000;0.0458;0.15;0;0;0;0;13/04/2026 21:53;https://res.bigseller.pro/sku/images/merchantsku/944484/177449_1782723278505.jpg?imageView2/1/w/300/h/300
2408;SUNPLAY Sữa Chống Nắng Super Block SPF50 PA++++ - 30g [MẪU MỚI];;Chưa chọn danh mục;0;0;0;0;2;--;0;0;13/04/2026 21:53;https://res.bigseller.pro/sku/images/merchantsku/944484/491720_1754365621719.jpg?imageView2/1/w/300/h/300
2409;SUNPLAY Kem Chống Nắng Skin Aqua Tone UP UV SPF50+ Pa++++ 50g – Latte Beige essence;;Chưa chọn danh mục;0;0;0;0;1;--;0;0;13/04/2026 21:53;https://res.bigseller.pro/sku/images/merchantsku/944484/865045_1754365818076.jpg?imageView2/1/w/300/h/300
2411;SUNPLAY Kem Chống nắng Sunplay Skin Aqua Clear White SPF50+ PA++++ - 25g;;Chưa chọn danh mục;1;65300;0.4473;0.05;1;20;0;0;13/04/2026 21:53;https://res.bigseller.pro/sku/images/merchantsku/944484/917856_1754364219099.jpg?imageView2/1/w/300/h/300
2412;SUNPLAY Kem Chống nắng Sunplay Skin Aqua Clear White SPF50+ PA++++ - 30g - HỒNG;;Chưa chọn danh mục;0;0;0;0;3;--;0;0;13/04/2026 21:53;https://res.bigseller.pro/sku/images/merchantsku/944484/265433_1789051756512.jpg?imageView2/1/w/300/h/300
2413;SUNPLAY Kem Chống nắng Sunplay Skin Aqua Clear White SPF50+ PA++++ - 55g;;Chưa chọn danh mục;0;0;0;0;10;--;0;0;13/04/2026 21:53;https://res.bigseller.pro/sku/images/merchantsku/944484/511473_1755015213634.jpg?imageView2/1/w/300/h/300
2414;SUR-MEDIC+ Mặt nạ Age Control Multi Vita Mask 30g;;Chưa chọn danh mục;60;67515.6;0.056299999999999996;3;37;12;0;0;13/04/2026 21:53;https://res.bigseller.pro/sku/images/merchantsku/944484/375839_1755687784899.jpg?imageView2/1/w/300/h/300
2415;SUR-MEDIC+ Mặt nạ Super Calm Repairing Mask 30g;;Chưa chọn danh mục;0;0;0;0;17;--;0;0;13/04/2026 21:53;https://res.bigseller.pro/sku/images/merchantsku/944484/966371_1754365813041.jpg?imageView2/1/w/300/h/300
2416;SUR-MEDIC+ Mặt nạ Super Glutathione 100 Bright Mask 30g;;Chưa chọn danh mục;0;0;0;0;40;--;0;0;13/04/2026 21:53;https://res.bigseller.pro/sku/images/merchantsku/944484/718987_1754365621710.jpg?imageView2/1/w/300/h/300
2417;SUR-MEDIC+ Mặt nạ Super Hyaluronic 100™ Aqua Mask 30g;;Chưa chọn danh mục;0;0;0;0;40;--;0;0;13/04/2026 21:53;https://res.bigseller.pro/sku/images/merchantsku/944484/296382_1754364216703.jpg?imageView2/1/w/300/h/300
2418;SUR-MEDIC Tinh Chất Truyền Trắng Sur.Medic+ Super Glutathione 100TM Bright Ampoule - 32ML;;Chưa chọn danh mục;0;0;0;0;1;--;0;0;13/04/2026 21:53;https://res.bigseller.pro/sku/images/merchantsku/944484/954810_1755553510207.jpg?imageView2/1/w/300/h/300
2421;SVR Kem Chống Nắng Sebiaclear Creme SPF50+ 50ml;;Chưa chọn danh mục;1;234120;0.4029;0.05;1;20;0;0;13/04/2026 21:53;https://res.bigseller.pro/sku/images/merchantsku/944484/793216_1754998488397.jpg?imageView2/1/w/300/h/300
2423;SVR Kem Dưỡng Da Chân Xérial 30 Crème Pieds 50ml;;Chưa chọn danh mục;0;0;0;0;9;--;0;0;13/04/2026 21:53;https://res.bigseller.pro/sku/images/merchantsku/944484/764350_1755553510715.jpg?imageView2/1/w/300/h/300
2424;SVR Kem Dưỡng Da Tay Chân Xerial 50 Extreme Crème Pieds 50ml;;Chưa chọn danh mục;3;283778;0.266;0.15;10;66;0;0;13/04/2026 21:53;https://res.bigseller.pro/sku/images/merchantsku/944484/074360_1754365627018.jpg?imageView2/1/w/300/h/300
2425;SVR Kem Dưỡng Da Xerial 30 Crème 75ml;;Chưa chọn danh mục;1;172332;0.3454;0.05;6;120;0;0;13/04/2026 21:53;https://res.bigseller.pro/sku/images/merchantsku/944484/122789_1754366217777.jpg?imageView2/1/w/300/h/300
2426;SVR Kem Dưỡng Sebiaclear Mat+Pores 40ml;;Chưa chọn danh mục;0;0;0;0;9;--;0;0;13/04/2026 21:53;https://res.bigseller.pro/sku/images/merchantsku/944484/693456_1754366313705.jpg?imageView2/1/w/300/h/300
2427;SVR Kem giảm mụn Sebiaclear Active Gel 40ml;;Chưa chọn danh mục;2;52062.58;0.0789;0.1;2;20;0;0;13/04/2026 21:53;https://res.bigseller.pro/sku/images/merchantsku/944484/023486_1754365910271.jpg?imageView2/1/w/300/h/300
2428;SVR Nước Tẩy Trang Physiopure Eau Micellaire - 200ml (xanh dương);;Chưa chọn danh mục;0;0;0;0;2;--;0;0;13/04/2026 21:53;https://res.bigseller.pro/sku/images/merchantsku/944484/634552_1754365626972.jpg?imageView2/1/w/300/h/300
2429;SVR Nước Tẩy Trang Physiopure Eau Micellaire - 400ml (xanh dương);;Chưa chọn danh mục;0;0;0;0;3;--;0;0;13/04/2026 21:53;https://res.bigseller.pro/sku/images/merchantsku/944484/774816_1754366217787.jpg?imageView2/1/w/300/h/300
2430;SVR Nước Tẩy Trang Physiopure Eau Micellaire - 75ml (xanh dương);;Chưa chọn danh mục;0;0;0;0;5;--;0;0;13/04/2026 21:53;https://res.bigseller.pro/sku/images/merchantsku/944484/197568_1754365721473.jpg?imageView2/1/w/300/h/300
2431;SVR Nước Tẩy Trang Sebiaclear Eau Micellaire - 400ml (xanh lá);;Chưa chọn danh mục;2;301260;0.3171;0.1;0;0;0;0;13/04/2026 21:53;https://res.bigseller.pro/sku/images/merchantsku/944484/821072_1754365716635.jpg?imageView2/1/w/300/h/300
2432;SVR Nước Tẩy Trang Sebiaclear Eau Micellaire - 400ml dạng túi;;Chưa chọn danh mục;4;561589.96;0.33030000000000004;0.2;5;25;0;0;13/04/2026 21:53;https://res.bigseller.pro/sku/images/merchantsku/944484/307043_1754365627665.jpg?imageView2/1/w/300/h/300
2433;SVR Serum Vitamin A Ampoule Lift 0.3% Retinol 30ml;;Chưa chọn danh mục;2;-211268;-0.1588;0.1;3;30;0;0;13/04/2026 21:53;https://res.bigseller.pro/sku/images/merchantsku/944484/196462_1754364219088.jpg?imageView2/1/w/300/h/300
2434;SVR Son Dưỡng Môi Topialyse Lerves 4g;;Chưa chọn danh mục;0;0;0;0;4;--;0;0;13/04/2026 21:53;https://res.bigseller.pro/sku/images/merchantsku/944484/597088_1754365715824.jpg?imageView2/1/w/300/h/300
2435;SVR Sữa Dưỡng Da Xerial 10 Lait 200ml;;Chưa chọn danh mục;0;0;0;0;4;--;0;0;13/04/2026 21:53;https://res.bigseller.pro/sku/images/merchantsku/944484/833173_1754366310166.jpg?imageView2/1/w/300/h/300
2436;SVR Sữa Rửa Mặt Dạng Sữa Sebiaclear Creme Lavante - 55ml;;Chưa chọn danh mục;2;232000;1;0.1;3;30;0;0;13/04/2026 21:53;https://res.bigseller.pro/sku/images/merchantsku/944484/869390_1754365813057.jpg?imageView2/1/w/300/h/300
2437;SVR Sữa Rửa Mặt PHYSIOPURE Gelee Moussante - 200ml;;Chưa chọn danh mục;0;0;0;0;7;--;0;0;13/04/2026 21:53;https://res.bigseller.pro/sku/images/merchantsku/944484/551314_1754365907003.jpg?imageView2/1/w/300/h/300
2439;SVR Sữa Rửa Mặt PHYSIOPURE Gelee Moussante - 55ml;;Chưa chọn danh mục;48;612784.64;0.1335;2.4;40;16;0;0;13/04/2026 21:53;https://res.bigseller.pro/sku/images/merchantsku/944484/662790_1754364218944.jpg?imageView2/1/w/300/h/300
2440;SVR Sữa Rửa Mặt SEBIACLEAR Gel Moussant - 200ml;;Chưa chọn danh mục;8;722592.08;0.2701;0.4;4;10;0;0;13/04/2026 21:53;https://res.bigseller.pro/sku/images/merchantsku/944484/260505_1755015056311.jpg?imageView2/1/w/300/h/300
2442;SVR Sữa Rửa Mặt SEBIACLEAR Gel Moussant - 400ml;;Chưa chọn danh mục;41;1570367.59;0.10490000000000001;2.05;0;0;0;0;13/04/2026 21:53;https://res.bigseller.pro/sku/images/merchantsku/944484/907061_1754365814818.jpg?imageView2/1/w/300/h/300
2443;SVR Sữa Rửa Mặt SEBIACLEAR Gel Moussant - 55ml;;Chưa chọn danh mục;36;2022805.12;0.3759;1.8;71;39;0;0;13/04/2026 21:53;https://res.bigseller.pro/sku/images/merchantsku/944484/498427_1754365621719.jpg?imageView2/1/w/300/h/300
2444;SVR Sữa Rửa Mặt SEBIACLEAR Gel Moussant - Dạng túi 400ml;;Chưa chọn danh mục;3;296793.03;0.2259;0.15;52;346;0;0;13/04/2026 21:53;https://res.bigseller.pro/sku/images/merchantsku/944484/441000_1754366214699.jpg?imageView2/1/w/300/h/300
2445;SVR Sữa Tắm & Rửa Mặt TOPIALYSE Gel Lavant - 1000ml;;Chưa chọn danh mục;0;0;0;0;2;--;0;0;13/04/2026 21:53;https://res.bigseller.pro/sku/images/merchantsku/944484/401373_1754365716729.jpg?imageView2/1/w/300/h/300
2447;SVR Sữa Tắm & Rửa Mặt TOPIALYSE Gel Lavant - 200ml;;Chưa chọn danh mục;0;0;0;0;6;--;0;0;13/04/2026 21:53;https://res.bigseller.pro/sku/images/merchantsku/944484/384673_1754366310584.jpg?imageView2/1/w/300/h/300
2449;SVR Sữa Tắm & Rửa Mặt TOPIALYSE Gel Lavant - 400ml;;Chưa chọn danh mục;12;125283.83;0.0373;0.6;7;11;0;0;13/04/2026 21:53;https://res.bigseller.pro/sku/images/merchantsku/944484/746296_1754365906737.jpg?imageView2/1/w/300/h/300
2451;SVR Tinh chất dưỡng da Sebiaclear Serum 30ml;;Chưa chọn danh mục;10;818223.5;0.18030000000000002;0.5;36;72;0;0;13/04/2026 21:53;https://res.bigseller.pro/sku/images/merchantsku/944484/897745_1754361504876.jpg?imageView2/1/w/300/h/300
2453;SVR Toner Sebiaclear Micro-Peel 150ml;;Chưa chọn danh mục;2;279850.32;0.3292;0.1;2;20;0;0;13/04/2026 21:53;https://res.bigseller.pro/sku/images/merchantsku/944484/676181_1754365626936.jpg?imageView2/1/w/300/h/300
2460;TESORI D'ORIENTE Sữa tắm nước hoa gói 9ml - #1 Hoa Sen;;Chưa chọn danh mục;207;146964;0.25739999999999996;10.35;0;0;0;0;13/04/2026 21:53;https://res.bigseller.pro/sku/images/merchantsku/944484/201704_1754364219109.jpg?imageView2/1/w/300/h/300
2461;TESORI D'ORIENTE Sữa tắm nước hoa gói 9ml - #2 Thanh Long;;Chưa chọn danh mục;612;436444.68;0.2582;30.6;17;0;0;0;13/04/2026 21:53;https://res.bigseller.pro/sku/images/merchantsku/944484/306413_1755687689239.jpg?imageView2/1/w/300/h/300
2473;THE SAEM D114 - SAEM - CHE KHUYẾT ĐIỂM - Brightener;;Chưa chọn danh mục;0;0;0;0;10;--;0;0;13/04/2026 21:53;https://res.bigseller.pro/sku/images/merchantsku/944484/029352_1772251754469.jpg?imageView2/1/w/300/h/300
2474;THE SAEM Kem che khuyết điểm 6.5g - #01 Clear;;Chưa chọn danh mục;0;0;0;0;1;--;0;0;13/04/2026 21:53;https://res.bigseller.pro/sku/images/merchantsku/944484/296168_1754366212117.jpg?imageView2/1/w/300/h/300
2477;TIAM Serum Vita A Bakuchiol Youth Serum 40ml;;TIAM;2;81000;0.1401;0.1;15;150;0;0;13/04/2026 21:53;https://res.bigseller.pro/sku/images/merchantsku/944484/665325_1754365912282.jpg?imageView2/1/w/300/h/300
2481;TIPPYS Bông Tẩy Trang Classic Make Up Pads - 120 Miếng;;Chưa chọn danh mục;25;352081.75;0.4301;1.25;103;82;0;0;13/04/2026 21:53;https://res.bigseller.pro/sku/images/merchantsku/944484/015933_1754366308262.jpg?imageView2/1/w/300/h/300
2482;TIPPYS Bông Tẩy Trang Classic Make Up Pads - 80 Miếng;;Chưa chọn danh mục;100;562442;0.3125;5;0;0;0;0;13/04/2026 21:53;https://res.bigseller.pro/sku/images/merchantsku/944484/013169_1754365912053.jpg?imageView2/1/w/300/h/300
2483;QUÀ TẶNG - TÚI TOPICREM HỒNG;;TOPICREM;20;0;0;1;0;0;0;0;13/04/2026 21:53;https://res.bigseller.pro/sku/images/merchantsku/944484/854980_1767409350761.jpg?imageView2/1/w/300/h/300
2484;TOPICREM Gel Rửa Mặt AC CONTROL Purifying Cleansing Gel - 200ml;;TOPICREM;0;0;0;0;4;--;0;0;13/04/2026 21:53;https://res.bigseller.pro/sku/images/merchantsku/944484/841441_1787502174453.jpg?imageView2/1/w/300/h/300
2488;TOPICREM Gel Tắm Dưỡng Ẩm Cho Làn Da Nhạy Cảm Ultra Hydratant Gel Douche - 500ml;;TOPICREM;1;163162;0.33299999999999996;0.05;0;0;0;0;13/04/2026 21:53;https://res.bigseller.pro/sku/images/merchantsku/944484/911310_1754365904473.jpg?imageView2/1/w/300/h/300
2491;TOPICREM Kem Dưỡng AC Control Balancing Anti-Blemish Care 40ml;;TOPICREM;0;0;0;0;3;--;0;0;13/04/2026 21:53;https://res.bigseller.pro/sku/images/merchantsku/944484/180336_1787502252445.jpg?imageView2/1/w/300/h/300
2492;TOPICREM Kem dưỡng ẩm AC CONTROL Mattifying Care 40ml;;TOPICREM;1;88000;0.2268;0.05;2;40;0;0;13/04/2026 21:53;https://res.bigseller.pro/sku/images/merchantsku/944484/775544_1787502229591.jpg?imageView2/1/w/300/h/300
2493;TOPICREM Kem Dưỡng Ban Đêm Mela Anti-dark Spot 40ml;;TOPICREM;0;0;0;0;1;--;0;0;13/04/2026 21:53;https://res.bigseller.pro/sku/images/merchantsku/944484/734829_1787502348006.jpg?imageView2/1/w/300/h/300
2495;TOPICREM Nước tẩy trang Hydra+ Gentle Micellar Wate - 200ml;;TOPICREM;0;0;0;0;5;--;0;0;13/04/2026 21:53;https://res.bigseller.pro/sku/images/merchantsku/944484/524850_1754365627183.jpg?imageView2/1/w/300/h/300
2497;TOPICREM Nước Tẩy Trang Topicrem AC Purifying Micellar Water - 200ml;;TOPICREM;0;0;0;0;7;--;0;0;13/04/2026 21:53;https://res.bigseller.pro/sku/images/merchantsku/944484/362014_1754366313696.jpg?imageView2/1/w/300/h/300
2498;TOPICREM Nước Tẩy Trang Topicrem AC Purifying Micellar Water - 400ml;;TOPICREM;0;0;0;0;6;--;0;0;13/04/2026 21:53;https://res.bigseller.pro/sku/images/merchantsku/944484/033568_1754365622251.jpg?imageView2/1/w/300/h/300
2500;TOPICREM Serum Mela Anti Drark spot Radiance 30ml;;TOPICREM;0;0;0;0;3;--;0;0;13/04/2026 21:53;https://res.bigseller.pro/sku/images/merchantsku/944484/854895_1787502692917.jpg?imageView2/1/w/300/h/300
2505;TORRIDEN Serum Balanceful Centella Asiatica Extract - Xanh lá 50ml [XT];;Chưa chọn danh mục;0;0;0;0;7;--;0;0;13/04/2026 21:53;https://res.bigseller.pro/sku/images/merchantsku/944484/366196_1755015058549.jpg?imageView2/1/w/300/h/300
2509;TRIDENT Kẹo Gum Trident Không Đường Sugarfree Thơm Mát 28 STICKS  - ORGINAL;;TRIDENT;9;435424.05;0.6048;0.45;10;22;0;0;13/04/2026 21:53;https://res.bigseller.pro/sku/images/merchantsku/944484/824582_1754366317756.jpg?imageView2/1/w/300/h/300
2510;TRIDENT Kẹo Gum Trident Không Đường Sugarfree Thơm Mát 28 STICKS  - SPEARMINT;;TRIDENT;2;96760.94;0.6048;0.1;0;0;0;0;13/04/2026 21:53;https://res.bigseller.pro/sku/images/merchantsku/944484/302646_1754365725137.jpg?imageView2/1/w/300/h/300
2512;TRIDENT Kẹo Gum Trident Không Đường Sugarfree Thơm Mát 28 STICKS - CINNAMON;;TRIDENT;8;387028.48;0.6047;0.4;13;32;0;0;13/04/2026 21:53;https://res.bigseller.pro/sku/images/merchantsku/944484/465445_1754365914042.jpg?imageView2/1/w/300/h/300
2513;TRUMA Bông tẩy trang Pháp 600 miếng;;Chưa chọn danh mục;23;171154.62;0.0642;1.15;16;13;0;0;13/04/2026 21:53;https://res.bigseller.pro/sku/images/merchantsku/944484/378521_1754365622283.jpg?imageView2/1/w/300/h/300
2519;UNICHARM Khẩu trang 3D Mask Virus Block size M;;Chưa chọn danh mục;6;0;0;0.3;0;0;0;0;13/04/2026 21:53;https://res.bigseller.pro/sku/images/merchantsku/944484/782598_1754365818971.jpg?imageView2/1/w/300/h/300
2520;URIAGE Gel Rửa Mặt Bariederm Cica Gel Nettoyant Au Cuivre-ZinC 200ml;;Chưa chọn danh mục;0;0;0;0;1;--;0;0;13/04/2026 21:53;https://res.bigseller.pro/sku/images/merchantsku/944484/079736_1754365628375.jpg?imageView2/1/w/300/h/300
2523;URIAGE Kem Dưỡng Môi Bariéderm Cica-Lèvres Baume Protecteur 15ml;;Chưa chọn danh mục;0;0;0;0;15;--;0;0;13/04/2026 21:53;https://res.bigseller.pro/sku/images/merchantsku/944484/691816_1754365818395.jpg?imageView2/1/w/300/h/300
2525;VACOSI Bông tắm;;Chưa chọn danh mục;0;0;0;0;2;--;0;0;13/04/2026 21:53;https://res.bigseller.pro/sku/images/merchantsku/944484/642119_1754366214133.jpg?imageView2/1/w/300/h/300
2526;VACOSI Cây nặn mụn Pimple Popper [XT];;Chưa chọn danh mục;0;0;0;0;7;--;0;0;13/04/2026 21:53;https://res.bigseller.pro/sku/images/merchantsku/944484/425639_1754366214232.jpg?imageView2/1/w/300/h/300
2528;VAGISIL Dung Dịch Vệ Sinh Phụ Nữ Dạng Gel Ngăn Mùi 24h - HỒNG 240ml;;Chưa chọn danh mục;10;73680.6;0.0472;0.5;0;0;0;0;13/04/2026 21:53;https://res.bigseller.pro/sku/images/merchantsku/944484/224772_1773634507275.jpg?imageView2/1/w/300/h/300
2529;VAGISIL Dung Dịch Vệ Sinh Phụ Nữ Dạng Gel Ngăn Mùi 24h - HỒNG 354ml;;Chưa chọn danh mục;0;0;0;0;6;--;0;0;13/04/2026 21:53;https://res.bigseller.pro/sku/images/merchantsku/944484/313544_1773634727598.jpg?imageView2/1/w/300/h/300
2531;VAGISIL Dung Dịch Vệ Sinh Phụ Nữ Dạng Gel pH Balance - TÍM 240ml;;Chưa chọn danh mục;11;52723.96;0.0313;0.55;33;60;0;0;13/04/2026 21:53;https://res.bigseller.pro/sku/images/merchantsku/944484/211537_1773634801593.jpg?imageView2/1/w/300/h/300
2532;VAGISIL Dung Dịch Vệ Sinh Phụ Nữ Dạng Gel pH Balance - TÍM 354ml;;Chưa chọn danh mục;0;0;0;0;11;--;0;0;13/04/2026 21:53;https://res.bigseller.pro/sku/images/merchantsku/944484/211537_1773634801593.jpg?imageView2/1/w/300/h/300
2533; VASELINE Son Dưỡng Có Màu Emily In Paris 3g - Nude Nouveau (Nude);;Chưa chọn danh mục;2;76095;0.2126;0.1;1;10;0;0;13/04/2026 21:53;https://res.bigseller.pro/sku/images/merchantsku/944484/400773_1754366224256.jpg?imageView2/1/w/300/h/300
2534; VASELINE Son Dưỡng Có Màu Emily In Paris 3g - Parisian Pink (Hồng);;Chưa chọn danh mục;2;76707.14;0.2143;0.1;7;70;0;0;13/04/2026 21:53;https://res.bigseller.pro/sku/images/merchantsku/944484/252679_1754365726370.jpg?imageView2/1/w/300/h/300
2535; VASELINE Son Dưỡng Có Màu Emily In Paris 3g - Rouge Romance (Đỏ);;Chưa chọn danh mục;1;40190;0.2245;0.05;6;120;0;0;13/04/2026 21:53;https://res.bigseller.pro/sku/images/merchantsku/944484/938399_1754365710667.jpg?imageView2/1/w/300/h/300
2536;VASELINE Son Dưỡng Môi  Therapy Lip Balm Dạng Tuýt 10g - ORIGINAL XANH;;Chưa chọn danh mục;11;146054.4;0.17579999999999998;0.55;1;1;0;0;13/04/2026 21:53;https://res.bigseller.pro/sku/images/merchantsku/944484/704015_1768913244064.jpg?imageView2/1/w/300/h/300
2537;VASELINE Son Dưỡng Môi  Therapy Lip Balm Dạng Tuýt 10g - ROSY HỒNG;;Chưa chọn danh mục;6;30000;0.0781;0.3;0;0;0;0;13/04/2026 21:53;https://res.bigseller.pro/sku/images/merchantsku/944484/523263_1768915339619.jpg?imageView2/1/w/300/h/300
2541;VASELINE Dưỡng môi Lip Therapy UK 20g [XT] - ROSE;;Chưa chọn danh mục;0;0;0;0;1;--;0;0;13/04/2026 21:53;https://res.bigseller.pro/sku/images/merchantsku/944484/199261_1754365912382.jpg?imageView2/1/w/300/h/300
2542;VASELINE Kem dưỡng chân và móngDeep Moisture Foot Cream - Xanh 60ml;;Chưa chọn danh mục;10;68109.2;0.1946;0.5;85;170;0;0;13/04/2026 21:53;https://res.bigseller.pro/sku/images/merchantsku/944484/919109_1784701580383.jpg?imageView2/1/w/300/h/300
2543;VASELINE Kem dưỡng tay và móng Deep Moisture Hand & Nail Cream 60ml;;Chưa chọn danh mục;20;76860.8;0.1281;1;104;104;0;0;13/04/2026 21:53;https://res.bigseller.pro/sku/images/merchantsku/944484/153601_1754365714065.jpg?imageView2/1/w/300/h/300
2547;VASELINE Sáp Dưỡng Ẩm Pure Petroleum Jelly - 100ml;;Chưa chọn danh mục;30;99394.8;0.085;1.5;0;0;0;0;13/04/2026 21:53;https://res.bigseller.pro/sku/images/merchantsku/944484/021132_1785911579514.jpg?imageView2/1/w/300/h/300
2548;VASELINE Sáp Dưỡng Ẩm Pure Petroleum Jelly - 50ml;;Chưa chọn danh mục;8;42676.72;0.19219999999999998;0.4;0;0;0;0;13/04/2026 21:53;https://res.bigseller.pro/sku/images/merchantsku/944484/282520_1785911611805.jpg?imageView2/1/w/300/h/300
2549;VASELINE Sáp Dưỡng ẨmPure Petroleum Jelly Original 5.5g;;Chưa chọn danh mục;1;23785.35;0.5872999999999999;0.05;24;480;0;0;13/04/2026 21:53;https://res.bigseller.pro/sku/images/merchantsku/944484/308855_1764252053289.jpg?imageView2/1/w/300/h/300
2550;VASELINE Sáp Dưỡng Môi Lip Care KOREA 7g - Cocoa butter;;Chưa chọn danh mục;0;0;0;0;75;--;0;0;13/04/2026 21:53;https://res.bigseller.pro/sku/images/merchantsku/944484/802720_1788446664882.jpg?imageView2/1/w/300/h/300
2551;VASELINE Sáp Dưỡng Môi Lip Care KOREA 7g - Creme Brulle Vani;;Chưa chọn danh mục;65;357787.4;0.0886;3.25;6;1;0;0;13/04/2026 21:53;https://res.bigseller.pro/sku/images/merchantsku/944484/445288_1754365906365.jpg?imageView2/1/w/300/h/300
2552;VASELINE Sáp Dưỡng Môi Lip Care KOREA 7g - Original Không Mùi;;Chưa chọn danh mục;560;2300591.9;0.0672;28;0;0;0;0;13/04/2026 21:53;https://res.bigseller.pro/sku/images/merchantsku/944484/824371_1755553283439.jpg?imageView2/1/w/300/h/300
2553;VASELINE Sáp Dưỡng Môi Lip Care KOREA 7g - Rosy Lips Hoa Hồng;;Chưa chọn danh mục;739;3203417.97;0.0707;36.95;0;0;0;0;13/04/2026 21:53;https://res.bigseller.pro/sku/images/merchantsku/944484/028871_1754366313737.jpg?imageView2/1/w/300/h/300
2554;VASELINE Serum chống nắng 50X SPF50+ 300ml;;Chưa chọn danh mục;20;125405.3;0.053;1;7;7;0;0;13/04/2026 21:53;https://res.bigseller.pro/sku/images/merchantsku/944484/922246_1754365909848.jpg?imageView2/1/w/300/h/300
2559;VASELINE Son Dưỡng Lip Therapy Thỏi 4.8g - Aloe Vera;;Chưa chọn danh mục;120;600000;0.1;6;0;0;0;0;13/04/2026 21:53;https://res.bigseller.pro/sku/images/merchantsku/944484/374028_1754366217768.jpg?imageView2/1/w/300/h/300
2560;VASELINE Son Dưỡng Lip Therapy Thỏi 4.8g - Cocoa Butter;;Chưa chọn danh mục;73;384786.88;0.10439999999999999;3.65;0;0;0;0;13/04/2026 21:53;https://res.bigseller.pro/sku/images/merchantsku/944484/410382_1754365721676.jpg?imageView2/1/w/300/h/300
2561;VASELINE Son Dưỡng Lip Therapy Thỏi 4.8g - Original;;Chưa chọn danh mục;646;2234000;0.07139999999999999;32.3;0;0;0;0;13/04/2026 21:53;https://res.bigseller.pro/sku/images/merchantsku/944484/330610_1754366313693.jpg?imageView2/1/w/300/h/300
2562;VASELINE Son Dưỡng Lip Therapy Thỏi 4.8g - Rosy Lips;;Chưa chọn danh mục;655;2297000;0.0723;32.75;0;0;0;0;13/04/2026 21:53;https://res.bigseller.pro/sku/images/merchantsku/944484/338320_1754365909762.jpg?imageView2/1/w/300/h/300
2564;VASELINE Sữa Dưỡng Thể Gluta-Hya Serum Burst UV Lotion 300ml - Flawless Bright [BAN NGÀY] [XT];;Chưa chọn danh mục;8;60807.2;0.08130000000000001;0.4;0;0;0;0;13/04/2026 21:53;https://res.bigseller.pro/sku/images/merchantsku/944484/942651_1754361504875.jpg?imageView2/1/w/300/h/300
2567;VASELINE Sữa Dưỡng Thể Healthy Bright Gluta-Hya Body Tone-Up UV Lotion 300ml;;Chưa chọn danh mục;5;45000;0.07440000000000001;0.25;15;60;0;0;13/04/2026 21:53;https://res.bigseller.pro/sku/images/merchantsku/944484/318533_1754365818082.jpg?imageView2/1/w/300/h/300
2570;VASELINE Sữa Dưỡng Thể Gluta-Hya Serum Burst UV Lotion 330ml - XANH DƯƠNG;;Chưa chọn danh mục;21;94500;0.0484;1.05;0;0;0;0;13/04/2026 21:53;https://res.bigseller.pro/sku/images/merchantsku/944484/922064_1783327255871.jpg?imageView2/1/w/300/h/300
2574;VELLA Kem Dưỡng Da Caviar Cream Vital A. VELLA 50ml Trứng Cá Tầm - 50ML;;Chưa chọn danh mục;0;0;0;0;5;--;0;0;13/04/2026 21:53;https://res.bigseller.pro/sku/images/merchantsku/944484/910095_1779196327844.jpg?imageView2/1/w/300/h/300
2575;Vella Kem Dưỡng Da Vùng Cổ Vella Concentrate Neck Cream 50ml;;Chưa chọn danh mục;85;1420137.6;0.0753;4.25;179;42;0;0;13/04/2026 21:53;https://res.bigseller.pro/sku/images/merchantsku/944484/331107_1767103228600.jpg?imageView2/1/w/300/h/300
2576;VELLA Mặt Nạ Ngủ Ban Đêm Vitathione Core One Capsule Mask - 50ml;;Chưa chọn danh mục;0;0;0;0;3;--;0;0;13/04/2026 21:53;https://res.bigseller.pro/sku/images/merchantsku/944484/909691_1779195713024.jpg?imageView2/1/w/300/h/300
2584;VELVET SON KEM BÙN MOOEKISS VELVET LIP MUD 3G - V15;;Chưa chọn danh mục;0;0;0;0;4;--;0;0;13/04/2026 21:53;https://res.bigseller.pro/sku/images/merchantsku/944484/383651_1787497650813.jpg?imageView2/1/w/300/h/300
2585;VICHY Dầu Gội Dercos Energy+ Aminexil Niacinamide Stimulating Shampoo Hairloss 200Ml (Đỏ);;Chưa chọn danh mục;10;999796.02;0.2932;0.5;22;44;0;0;13/04/2026 21:53;https://res.bigseller.pro/sku/images/merchantsku/944484/011874_1754365906486.jpg?imageView2/1/w/300/h/300
2586;VICHY Dầu gội Dercos Technique Anti-Dandruff Ds Advanced To Oily Hair - 50ml (Xanh da dầu);;Chưa chọn danh mục;78;2612634.95;0.4371;3.9;11;2;0;0;13/04/2026 21:53;https://res.bigseller.pro/sku/images/merchantsku/944484/214530_1754365912583.jpg?imageView2/1/w/300/h/300
2587;VICHY Dầu gội Dercos Technique Anti-Dandruff Ds Normal To Oily Hair - 200ml (Xanh da dầu);;Chưa chọn danh mục;30;3305355.78;0.3179;1.5;28;18;0;0;13/04/2026 21:53;https://res.bigseller.pro/sku/images/merchantsku/944484/866911_1754365715819.jpg?imageView2/1/w/300/h/300
2588;VICHY Kem Chống Nắng Capital Soleil Dry Touch SPF50 50ml (không nhờn rít) [MẪU MỚI];;Chưa chọn danh mục;18;2043874.1;0.2639;0.9;16;17;0;0;13/04/2026 21:53;https://res.bigseller.pro/sku/images/merchantsku/944484/335437_1754365713991.jpg?imageView2/1/w/300/h/300
2590;VICHY Kem dưỡng chống lão hóa Liftactiv Collagen Specialist - 15ML	( ĐÊM );;Chưa chọn danh mục;85;468394.11;0.08810000000000001;4.25;1;0;0;0;13/04/2026 21:53;https://res.bigseller.pro/sku/images/merchantsku/944484/358383_1755687689544.jpg?imageView2/1/w/300/h/300
2593;VICHY Kem Dưỡng  Chuyên Biệt Ban Đêm Liftactiv Collagen Specialist 16 Night Cream 50ml;;Chưa chọn danh mục;25;1502212.75;0.0742;1.25;0;0;0;0;13/04/2026 21:53;https://res.bigseller.pro/sku/images/merchantsku/944484/288851_1788426904322.jpg?imageView2/1/w/300/h/300
2594;VICHY Lăn Khử Mùi 48H Traitement Anti Transpirant 50ml;;Chưa chọn danh mục;26;912113.79;0.142;1.3;44;33;0;0;13/04/2026 21:53;https://res.bigseller.pro/sku/images/merchantsku/944484/230897_1754365627939.jpg?imageView2/1/w/300/h/300
2595;VICHY Lăn Khử Mùi Détranspirant Intensif 72h Transpiration Excessive 50ml;;Chưa chọn danh mục;12;860773.04;0.26039999999999996;0.6;25;41;0;0;13/04/2026 21:53;https://res.bigseller.pro/sku/images/merchantsku/944484/525065_1754366217753.jpg?imageView2/1/w/300/h/300
2597;VICHY Serum Mineral 89 Fortifying Daily Booster - 50ml;;Chưa chọn danh mục;11;716471.47;0.08259999999999999;0.55;0;0;0;0;13/04/2026 21:53;https://res.bigseller.pro/sku/images/merchantsku/944484/581838_1754365818123.jpg?imageView2/1/w/300/h/300
2600;VICHY Xịt khoáng Mineralizing Thermal Water - 300ml;;Chưa chọn danh mục;0;0;0;0;8;--;0;0;13/04/2026 21:53;https://res.bigseller.pro/sku/images/merchantsku/944484/241336_1754365621758.jpg?imageView2/1/w/300/h/300
2601;VICHY Kem Dưỡng LIFTACTIV COLLAGEN SPECIALIST 16 CREME NIGHT Ngừa Lão Hóa 15ml - Kem Đêm;;Chưa chọn danh mục;45;749000;0.2498;2.25;1160;515;0;0;13/04/2026 21:53;https://res.bigseller.pro/sku/images/merchantsku/944484/107966_1789106976852.jpg?imageView2/1/w/300/h/300
2602;VICHY Kem Dưỡng LIFTACTIV Ngừa Lão Hóa 15ml - Kem Ngày;;Chưa chọn danh mục;2;134000;1;0.1;0;0;0;0;13/04/2026 21:53;https://res.bigseller.pro/sku/images/merchantsku/944484/856161_1785845277532.jpg?imageView2/1/w/300/h/300
2605;VOUDIOTY Kem ủ tóc Biotin Collagen Repairing Hair Mask - 500ml;;Chưa chọn danh mục;0;0;0;0;1;--;0;0;13/04/2026 21:53;https://res.bigseller.pro/sku/images/merchantsku/944484/557081_1784282180115.jpg?imageView2/1/w/300/h/300
2606;VOUDIOTY Tinh dầu dưỡng tóc 60ml;;Chưa chọn danh mục;84;250375.16;0.0524;4.2;30;7;0;0;13/04/2026 21:53;https://res.bigseller.pro/sku/images/merchantsku/944484/748299_1785306992707.jpg?imageView2/1/w/300/h/300
2608;WEILAIYA Dầu Xả Ginger Conditioner gừng trắng Đông y giảm rụng và kích thích mọc tóc 250ml [XT];;Chưa chọn danh mục;0;0;0;0;2;--;0;0;13/04/2026 21:53;https://res.bigseller.pro/sku/images/merchantsku/944484/714170_1782467397773.jpg?imageView2/1/w/300/h/300
2612;WEILAIYA Sữa Tắm Damask Grand Rose Extracts Whitening Shower Gel 450ml [XT];;Chưa chọn danh mục;0;0;0;0;0;--;0;0;13/04/2026 21:53;https://res.bigseller.pro/sku/images/merchantsku/944484/612610_1754365621824.jpg?imageView2/1/w/300/h/300
2615;WONJIN Hộp 30 Miếng Mặt Nạ Wonjin Effect Mask 350g Chăm Da Mỗi Ngày - Hồng;;Chưa chọn danh mục;0;0;0;0;3;--;0;0;13/04/2026 21:53;https://res.bigseller.pro/sku/images/merchantsku/944484/910025_1754365914995.jpg?imageView2/1/w/300/h/300
2617;WONJIN Hộp 30 Miếng Mặt Nạ Wonjin Effect Mask 350g Chăm Da Mỗi Ngày - Xanh Dương;;Chưa chọn danh mục;0;0;0;0;2;--;0;0;13/04/2026 21:53;https://res.bigseller.pro/sku/images/merchantsku/944484/697595_1754365724776.jpg?imageView2/1/w/300/h/300
2619;WONJIN Mặt nạ Ampoule Edition Fill Air Mask 27g - 1 Miếng Hồng;;Chưa chọn danh mục;0;0;0;0;106;--;0;0;13/04/2026 21:53;https://res.bigseller.pro/sku/images/merchantsku/944484/542732_1754364216986.jpg?imageView2/1/w/300/h/300
2620;WONJIN Mặt nạ Ampoule Edition Fill Air Mask 27g - 1 Miếng Xanh dương;;Chưa chọn danh mục;0;0;0;0;20;--;0;0;13/04/2026 21:53;https://res.bigseller.pro/sku/images/merchantsku/944484/046610_1754998488432.jpg?imageView2/1/w/300/h/300
2621;WONJIN Mặt Nạ Effect Mask Lẻ 1 Miếng – Hồng;;Chưa chọn danh mục;20;17308.4;0.042;1;40;40;0;0;13/04/2026 21:53;https://res.bigseller.pro/sku/images/merchantsku/944484/814466_1754998487722.jpg?imageView2/1/w/300/h/300
2623;WONJIN Mặt Nạ Effect Mask Lẻ 1 Miếng – Xanh Dương;;Chưa chọn danh mục;0;0;0;0;6;--;0;0;13/04/2026 21:53;https://res.bigseller.pro/sku/images/merchantsku/944484/627018_1754365904060.jpg?imageView2/1/w/300/h/300
2624;WONJIN Mặt Nạ Effect Mask Lẻ 1 Miếng – Xanh Lá;;Chưa chọn danh mục;10;7011.5;0.034;0.5;4;8;0;0;13/04/2026 21:53;https://res.bigseller.pro/sku/images/merchantsku/944484/594492_1754364218322.jpg?imageView2/1/w/300/h/300
2625;YUEJIN Mặt nạ cấp ẩm B5 MELASMA SOS 25ml 1 MIẾNG (BẠC);;Chưa chọn danh mục;0;0;0;0;15;--;0;0;13/04/2026 21:53;https://res.bigseller.pro/sku/images/merchantsku/944484/871597_1754365818331.jpg?imageView2/1/w/300/h/300
2626;YUEJIN Mặt nạ cấp ẩm YUEJIN B5 REPAIR CONTROL EGF 25ml 1 MIẾNG;;Chưa chọn danh mục;80;60683.2;0.0677;4;285;71;0;0;13/04/2026 21:53;https://res.bigseller.pro/sku/images/merchantsku/944484/017205_1754365627012.jpg?imageView2/1/w/300/h/300
2628;Kiehl's Nước Cân Bằng Hoa Cúc Kiehl's Calendula Herbal Extract Alcohol-Free Toner - Midsize 75ml;;Chưa chọn danh mục;0;0;0;0;14;--;0;0;13/04/2026 21:53;https://res.bigseller.pro/sku/images/merchantsku/944484/958781_1789051790631.jpg?imageView2/1/w/300/h/300
2629;Kiehl's Nước Cân Bằng Hoa Cúc Kiehl's Calendula Herbal Extract Alcohol-Free Toner - Minisize 40ml;;Chưa chọn danh mục;0;0;0;0;3;--;0;0;13/04/2026 21:53;https://res.bigseller.pro/sku/images/merchantsku/944484/217117_1789051779874.jpg?imageView2/1/w/300/h/300
2631;SENSILIS Gel Rửa Mặt Purify Essential Cleanser - 50ml;;Chưa chọn danh mục;2;76668;0.3018;0.1;11;110;0;0;13/04/2026 21:53;https://res.bigseller.pro/sku/images/merchantsku/944484/941532_1782736961196.jpg?imageView2/1/w/300/h/300
2635;BỘ GỘI MIXRS GLARIC - 500ml XANH DƯƠNG;;Chưa chọn danh mục;1;12920;0.0582;0.05;0;0;0;0;13/04/2026 21:53;https://res.bigseller.pro/sku/images/merchantsku/944484/756827_1789618547370.jpg?imageView2/1/w/300/h/300
2640;MAXCLINIC Kem Dưỡng 5% Melatonin Liposome Melatoninshot Cream - 25gr;;Chưa chọn danh mục;0;0;0;0;1;--;0;0;13/04/2026 21:53;https://res.bigseller.pro/sku/images/merchantsku/944484/400409_1787574968364.jpg?imageView2/1/w/300/h/300
2641;HASOL Xịt Mọc Tóc Anagen Active Tonic 100ML;;Chưa chọn danh mục;6;53446.71;0.0426;0.3;0;0;0;0;13/04/2026 21:53;https://res.bigseller.pro/sku/images/merchantsku/944484/083110_1788421839623.jpg?imageView2/1/w/300/h/300
2646;OBAGI Sữa Rửa Mặt Gentle Cleanser Làm Sạch Dịu Nhẹ, Dưỡng Ẩm Cho Da 200ml;;Chưa chọn danh mục;2;35464.34;0.0355;0.1;9;90;0;0;13/04/2026 21:53;https://res.bigseller.pro/sku/images/merchantsku/944484/756233_1779799545631.jpg?imageView2/1/w/300/h/300
2654;MARVIS Nước Súc Miệng Collutorio Hương Bạc Hà Thơm Mát, Hỗ Trợ Làm Sạch Khoang Miệng Whitening Mint - 400ml;;Chưa chọn danh mục;3;184666.66;0.2551;0.15;9;60;0;0;13/04/2026 21:53;https://res.bigseller.pro/sku/images/merchantsku/944484/614206_1777463944389.jpg?imageView2/1/w/300/h/300
2655;MARVIS Nước Súc Miệng Collutorio Hương Bạc Hà Thơm Mát, Hỗ Trợ Làm Sạch Khoang Miệng Strong Mint 400ml;;Chưa chọn danh mục;5;219405.55;0.19640000000000002;0.25;0;0;0;0;13/04/2026 21:53;https://res.bigseller.pro/sku/images/merchantsku/944484/068376_1776960690695.jpg?imageView2/1/w/300/h/300
2656;MARVIS Nước Súc Miệng Collutorio Hương Bạc Hà Thơm Mát, Hỗ Trợ Làm Sạch Khoang Miệng Sensitive 400ml;;Chưa chọn danh mục;6;417333.32;0.27899999999999997;0.3;11;36;0;0;13/04/2026 21:53;https://res.bigseller.pro/sku/images/merchantsku/944484/694324_1776960921829.jpg?imageView2/1/w/300/h/300
2657;MEDIPEEL Kem Dưỡng Trắng Glutathione White Cream 50g;;Chưa chọn danh mục;14;145933.36;0.0546;0.7;3;4;0;0;13/04/2026 21:53;https://res.bigseller.pro/sku/images/merchantsku/944484/650611_1784700459221.jpg?imageView2/1/w/300/h/300
2659;SENSILIS Kem Chống Nắng Pure Age Perfection SPF50+ Kiềm Dầu, Giảm Bóng Nhờn Cho Da Dầu Mụn 40ml;;Chưa chọn danh mục;1;175861;0.34149999999999997;0.05;43;860;0;0;13/04/2026 21:53;https://res.bigseller.pro/sku/images/merchantsku/944484/326565_1779977874083.jpg?imageView2/1/w/300/h/300
2660;SENSILIS Sữa Chống Nắng Water Fluid SPF50+ Mỏng Nhẹ, Thấm Nhanh, Không Bết Dính 40ml;;Chưa chọn danh mục;1;205043;0.4168;0.05;21;420;0;0;13/04/2026 21:53;https://res.bigseller.pro/sku/images/merchantsku/944484/732314_1778172897743.jpg?imageView2/1/w/300/h/300
2663;SENSILIS Skin Rescue Serum S.O.S. Hỗ Trợ Làm Dịu, Giảm Mẩn Đỏ Và Duy Trì Độ Ẩm Cho Da 30ml;;Chưa chọn danh mục;0;0;0;0;1;--;0;0;13/04/2026 21:53;https://res.bigseller.pro/sku/images/merchantsku/944484/262091_1776864698079.jpg?imageView2/1/w/300/h/300
2665;GOODNDOC Serum PDRN Multi-molecule HA Exosome Cica 30ml;;GOODNDOC;0;0;0;0;1;--;0;0;13/04/2026 21:53;https://res.bigseller.pro/sku/images/merchantsku/944484/731859_1776857559639.jpg?imageView2/1/w/300/h/300
2669;MEDICUBE - Mặt Nạ Thạch Gel 28g - VÀNG;;Chưa chọn danh mục;0;0;0;0;4;--;0;0;13/04/2026 21:53;https://res.bigseller.pro/sku/images/merchantsku/944484/428419_1789051771015.jpg?imageView2/1/w/300/h/300
2672;Goodal Kem Ốc Sên Premium Toner Up Cream - 30ml;;Chưa chọn danh mục;7;74586.33;0.0538;0.35;0;0;0;0;13/04/2026 21:53;https://res.bigseller.pro/sku/images/merchantsku/944484/358603_1779349220713.jpg?imageView2/1/w/300/h/300
2673;NEOGEN Serm Real Vitamin C 22% Serum 32g - Xanh;;Chưa chọn danh mục;2;-170625;-0.4375;0.1;1;10;0;0;13/04/2026 21:53;https://res.bigseller.pro/sku/images/merchantsku/944484/326070_1777547865326.jpg?imageView2/1/w/300/h/300
2682;CREST Kem Đánh Răng Crest 3D Advanced Charcoal 187g;;Chưa chọn danh mục;0;0;0;0;5;--;0;0;13/04/2026 21:53;https://res.bigseller.pro/sku/images/merchantsku/944484/333982_1779448272156.jpg?imageView2/1/w/300/h/300
2683;CREST Kem Đánh Răng Crest 3D White Brilliance Charcoal Mint 130g;;Chưa chọn danh mục;0;0;0;0;3;--;0;0;13/04/2026 21:53;https://res.bigseller.pro/sku/images/merchantsku/944484/634021_1779799545620.jpg?imageView2/1/w/300/h/300
2684;CREST Kem Đánh Răng Crest 3D White Brilliance Blast 130g;;Chưa chọn danh mục;1;107072;0.4118;0.05;2;40;0;0;13/04/2026 21:53;https://res.bigseller.pro/sku/images/merchantsku/944484/701578_1779448404940.jpg?imageView2/1/w/300/h/300
2693;OEM Cọ tán son môi Silicon;;Chưa chọn danh mục;0;0;0;0;88;--;0;0;13/04/2026 21:52;https://res.bigseller.pro/sku/images/merchantsku/944484/395266_1763109737802.jpg?imageView2/1/w/300/h/300
2696;Bông Tắm Tẩy Tế Bào Chết Tròn Cao Cấp;;Chưa chọn danh mục;1;6726;0.4484;0.05;24;480;0;0;13/04/2026 21:52;https://res.bigseller.pro/sku/images/merchantsku/944484/533900_1754365819936.jpg?imageView2/1/w/300/h/300
2697;OEM Cọ Tán Kem Nền Chuyên Nghiệp Foundation;;Chưa chọn danh mục;0;0;0;0;2;--;0;0;13/04/2026 21:52;https://res.bigseller.pro/sku/images/merchantsku/944484/138669_1754365724978.jpg?imageView2/1/w/300/h/300
2698;Khăn mặt nén Hàn Quốc 25x31cm - COMBO 5 VIÊN [XT];;Chưa chọn danh mục;0;0;0;0;111;--;0;0;13/04/2026 21:52;https://res.bigseller.pro/sku/images/merchantsku/944484/465368_1754365812054.jpg?imageView2/1/w/300/h/300
2701;CERAVE Sữa Rửa Mặt Foaming Cleanser - 88ml FRANCE;;Chưa chọn danh mục;90;951812.53;0.0794;4.5;79;17;0;0;13/04/2026 21:53;https://res.bigseller.pro/sku/images/merchantsku/944484/837739_1754365908198.jpg?imageView2/1/w/300/h/300
2702;NEOGEN Serum Dermalogy Real Vita C 22% + 5% Niacinamide - 10g [XT];;Chưa chọn danh mục;9;100981.88;0.28850000000000003;0.45;0;0;0;0;13/04/2026 21:53;https://res.bigseller.pro/sku/images/merchantsku/944484/175841_1756125546711.jpg?imageView2/1/w/300/h/300
2703;CARYOPHY Sữa Rửa Mặt Portulaca Cleansing Foam 150ml;;Chưa chọn danh mục;8;72036.16;0.0482;0.4;4;10;0;0;13/04/2026 21:53;https://res.bigseller.pro/sku/images/merchantsku/944484/169456_1754365626373.jpg?imageView2/1/w/300/h/300
2704;CNP Ủ dưỡng môi CNP Laboratory Propolis Lipcerin dung tích 15ml;;Chưa chọn danh mục;0;0;0;0;7;--;0;0;13/04/2026 21:53;https://res.bigseller.pro/sku/images/merchantsku/944484/447114_1754365712368.jpg?imageView2/1/w/300/h/300
2709;LRP Toner Effaclar Astringent Lotion 200ml (da dầu);;Chưa chọn danh mục;3;295523.14;0.2639;0.15;23;153;0;0;13/04/2026 21:53;https://res.bigseller.pro/sku/images/merchantsku/944484/842868_1754365910912.jpg?imageView2/1/w/300/h/300
2710;LRP Xịt Khoáng Serozinc Zinc Sulfate Solution Cleansing, Soothing - 150ml;;Chưa chọn danh mục;13;806016.41;0.22039999999999998;0.65;29;44;0;50;13/04/2026 21:53;https://res.bigseller.pro/sku/images/merchantsku/944484/588749_1754365818066.jpg?imageView2/1/w/300/h/300
2713;OLEXRS Dầu Gội Olexrs Argan Oil Collagen Hair Salon - 500ml;;Chưa chọn danh mục;12;40456.84;0.0304;0.6;0;0;0;0;13/04/2026 21:53;https://res.bigseller.pro/sku/images/merchantsku/944484/502903_1754364218301.jpg?imageView2/1/w/300/h/300
2714;OLEXRS Dầu Xả Olexrs Argan Oil Collagen Hair Salon - 500ml;;Chưa chọn danh mục;12;42067.78;0.0316;0.6;12;20;0;0;13/04/2026 21:53;https://res.bigseller.pro/sku/images/merchantsku/944484/166262_1754919949229.jpg?imageView2/1/w/300/h/300
2720;VAGISIL DDVS Vagisil Scentsitive Scents Daily Intimate Wash Peach Blossom - CAM 354ml;;Chưa chọn danh mục;0;0;0;0;3;--;0;0;14/04/2026 09:55;https://res.bigseller.pro/sku/images/merchantsku/944484/424003_1779196153168.jpg?imageView2/1/w/300/h/300
2723;VAGISIL DDVS Vagisil Scentsitive Scents Daily Intimate Wash Coconut Hibiscus - XANH DƯƠNG 240ml;;Chưa chọn danh mục;12;380152.44;0.1808;0.6;16;26;0;0;14/04/2026 09:55;https://res.bigseller.pro/sku/images/merchantsku/944484/554601_1777465794663.jpg?imageView2/1/w/300/h/300
2725;OBAGI Kem Dưỡng Ẩm Obagi ELASTIDERM Lift Up & Sculpt Facial Moisturizer - 50ML;;Chưa chọn danh mục;0;0;0;0;1;--;0;0;14/04/2026 10:52;https://res.bigseller.pro/sku/images/merchantsku/944484/843168_1789809025202.jpg?imageView2/1/w/300/h/300
2727;OBAGI Kem Dưỡng Da Vùng Mắt Obagi Elastiderm Eye Cream - 15g;;Chưa chọn danh mục;0;0;0;0;1;--;0;0;14/04/2026 10:52;
2728;CETAPHIL Sữa rửa mặt Gentle Skin Cleanser - 1000ml;;Chưa chọn danh mục;1;309680;0.3626;0.05;1;20;0;0;14/04/2026 11:07;https://res.bigseller.pro/sku/images/merchantsku/944484/175649_1787499029970.jpg?imageView2/1/w/300/h/300
2735;TFIT Bảng Kem Che Khuyết Điểm Ba Màu Che Phủ Quầng Thâm Và Mụn - 01 Neutral;;Chưa chọn danh mục;0;0;0;0;3;--;0;0;14/04/2026 14:33;https://res.bigseller.pro/sku/images/merchantsku/944484/999539_1776160374455.jpg?imageView2/1/w/300/h/300
2736;COCOON Tinh Chất Xịt Dưỡng Sen Hậu Giang Hau Giang Lotus Soothing Serum Mist  - 100ml;;Chưa chọn danh mục;0;0;0;0;4;--;0;0;14/04/2026 14:33;https://res.bigseller.pro/sku/images/merchantsku/944484/801667_1789051756531.jpg?imageView2/1/w/300/h/300
2738;KOBAYASHI Lăn khử mùi Kobayashi WAKIGUARD Nhật Bản dạng gel - 50g;;Chưa chọn danh mục;0;0;0;0;1;--;0;0;15/04/2026 09:37;https://res.bigseller.pro/sku/images/merchantsku/944484/484083_1776220651928.jpg?imageView2/1/w/300/h/300
2739;QUICKSTICK Que thử thai One-step Pregnancy Test;;Chưa chọn danh mục;2;14000;0.28;0.1;76;760;0;0;15/04/2026 10:45;https://res.bigseller.pro/sku/images/merchantsku/944484/241097_1779448272269.jpg?imageView2/1/w/300/h/300
2740;BIOTRADE Viên Uống Trị Mụn Biotrade Acnaut Food Supplement With Brewer’s Yeast 30 Viên;;Chưa chọn danh mục;0;0;0;0;4;--;0;0;15/04/2026 10:45;https://res.bigseller.pro/sku/images/merchantsku/944484/963063_1789051790545.jpg?imageView2/1/w/300/h/300
2744;SO'NATURAL Serum Red Peel Tingle Serum - 35ml;;Chưa chọn danh mục;7;41738.74;0.022000000000000002;0.35;9;25;0;0;16/04/2026 10:29;https://res.bigseller.pro/sku/images/merchantsku/944484/732483_1782467138160.jpg?imageView2/1/w/300/h/300
2747;OEM Mũ Trùm Tóc Khi Tắm Bằng Nilon In Hình Hoạt Họa Dễ Thương, Giúp Ủ Dưỡng Tóc, Spa Tại Nhà;;Chưa chọn danh mục;9;58100;0.6756;0.45;571;1268;0;0;16/04/2026 11:35;https://res.bigseller.pro/sku/images/merchantsku/944484/081872_1777465794724.jpg?imageView2/1/w/300/h/300
2749;KMAS Mặt nạ phục hồi, dưỡng da sau treatment Kmas Ultimate Recovery Mask - hộp 10 miếng;;Chưa chọn danh mục;0;0;0;0;2;--;0;0;17/04/2026 10:03;https://res.bigseller.pro/sku/images/merchantsku/944484/747819_1789044213827.jpg?imageView2/1/w/300/h/300
2754;AHOHWA Mặt Nạ Ủ Trắng Dạng Kem Tone-Up Brightening Cream Mask - 20g;;Chưa chọn danh mục;29;120477.69;0.08410000000000001;1.45;24;16;0;0;18/04/2026 10:31;https://res.bigseller.pro/sku/images/merchantsku/944484/370506_1783928008885.jpg?imageView2/1/w/300/h/300
2755;FIVE GRAINS Kem Dưỡng Niacinamide, Alpha-Arbutin Ban Ngày - 200ml;;Chưa chọn danh mục;19;85941.68;0.0555;0.95;0;0;0;0;18/04/2026 11:45;https://res.bigseller.pro/sku/images/merchantsku/944484/949113_1778903350077.jpg?imageView2/1/w/300/h/300
2756;JM Nước Hoa Hồng Jmsolution Glow Luminous Flower Firming - HỒNG 600ml;;Chưa chọn danh mục;0;0;0;0;1;--;0;0;18/04/2026 11:45;
2757;JM Nước Hoa Hồng Jmsolution Marine Luminous Pearl - XANH 600ml;;Chưa chọn danh mục;0;0;0;0;1;--;0;0;18/04/2026 11:45;https://res.bigseller.pro/sku/images/merchantsku/944484/093418_1789044214027.jpg?imageView2/1/w/300/h/300
2758;JM Nước Hoa Hồng Jmsolution Honey Luminous Black - Nâu 600ml;;Chưa chọn danh mục;0;0;0;0;1;--;0;0;18/04/2026 11:45;https://res.bigseller.pro/sku/images/merchantsku/944484/450874_1789044213805.jpg?imageView2/1/w/300/h/300
2762;OLEXRS Tinh dầu dưỡng tóc Hairsalon 80ml;;Chưa chọn danh mục;0;0;0;0;1;--;0;0;20/04/2026 15:48;https://res.bigseller.pro/sku/images/merchantsku/944484/310659_1778125955915.jpg?imageView2/1/w/300/h/300
2766;AVENE Gel Tẩy Tế Bào Chết Dịu Nhẹ Gentle Exfoliating Gel - 50ml;;Chưa chọn danh mục;0;0;0;0;3;--;0;0;21/04/2026 09:08;https://res.bigseller.pro/sku/images/merchantsku/944484/872922_1787500199433.jpg?imageView2/1/w/300/h/300
2767;MARVIS Kem đánh răng phiên bản Garden Collection 75ml - Kissing Rose ( Hoa Hồng );;Chưa chọn danh mục;41;387887.77;0.0613;2.05;41;20;0;0;21/04/2026 11:18;https://res.bigseller.pro/sku/images/merchantsku/944484/356676_1778125732788.jpg?imageView2/1/w/300/h/300
2777;BEPLAIN Kem dưỡng da Cica PDRN Repair Cream - 50ml;;Chưa chọn danh mục;0;0;0;0;2;--;0;0;23/04/2026 13:28;https://res.bigseller.pro/sku/images/merchantsku/944484/889495_1778125070654.jpg?imageView2/1/w/300/h/300
2779;MARVIS Kem Đánh Răng Marvis Chiết Xuất Hoa Nhài - Màu Tím Jasmin Mint 85ml;;Chưa chọn danh mục;9;673299.45;0.3579;0.45;0;0;0;0;23/04/2026 13:28;https://res.bigseller.pro/sku/images/merchantsku/944484/136143_1781763918537.jpg?imageView2/1/w/300/h/300
2785;EUCERIN Sữa Rửa Mặt pH5 Facial Cleanser - 400ml;;Chưa chọn danh mục;5;45238.1;0.0441;0.25;0;0;0;0;24/04/2026 15:27;https://res.bigseller.pro/sku/images/merchantsku/944484/377694_1779686472122.jpg?imageView2/1/w/300/h/300
2791;Vaseline Sữa Dưỡng Thể Trắng Da Vaseline -  300ml Tuýp Hồng MẪU MỚI;;Chưa chọn danh mục;32;174272.76;0.057699999999999994;1.6;0;0;0;0;28/04/2026 14:53;https://res.bigseller.pro/sku/images/merchantsku/944484/565021_1787503245368.jpg?imageView2/1/w/300/h/300
2792;Vaseline Sữa Dưỡng Thể Trắng Da Toàn Thân Vaseline Body Lotion 725ml Mẫu Mới - Bảng Mỹ;;Chưa chọn danh mục;158;1702147.99;0.0889;7.9;119;15;0;0;28/04/2026 14:54;https://res.bigseller.pro/sku/images/merchantsku/944484/726708_1787287772057.jpg?imageView2/1/w/300/h/300
2801;JM Solution Derma care vita relax jelly mask viên thuốc - Đỏ;;Chưa chọn danh mục;91;374000;0.8043;4.55;3;0;0;0;29/04/2026 14:32;https://res.bigseller.pro/sku/images/merchantsku/944484/362642_1777448043945.jpg?imageView2/1/w/300/h/300
2802;MARVIS Kem đánh răng phiên bản Sinous Lily - 75ml;;Chưa chọn danh mục;6;52000;0.056799999999999996;0.3;17;56;0;0;29/04/2026 17:01;https://res.bigseller.pro/sku/images/merchantsku/944484/396576_1777813421341.jpg?imageView2/1/w/300/h/300
2805;SVR Nước Tẩy Trang Sebiaclear Eau Micellaire - 75ml (xanh lá);;Chưa chọn danh mục;8;301993.44;0.4276;0.4;20;50;0;0;46117.570185185185;https://res.bigseller.pro/sku/images/merchantsku/944484/519271_1779722217423.jpg?imageView2/1/w/300/h/300
2806;ARRAHAN Gel Tẩy Tế Bào Chết Arrahan than  180ml;;Chưa chọn danh mục;20;80000;0.07690000000000001;1;0;0;0;0;46117.70143518518;https://res.bigseller.pro/sku/images/merchantsku/944484/990881_1777888220920.jpg?imageView2/1/w/300/h/300
2808;ARRAHAN Gel Tẩy Tế Bào Chết Arrahan aloe 180ml;;Chưa chọn danh mục;3;20328;0.1232;0.15;0;0;0;0;46117.70282407408;https://res.bigseller.pro/sku/images/merchantsku/944484/000278_1777888356897.jpg?imageView2/1/w/300/h/300
2812;HETRAS Tinh Dầu Thơm Phòng – SET 2 CHAI x 500ML Hotel Wood;;Chưa chọn danh mục;1;10000;0.030299999999999997;0.05;5;100;0;0;46147.57435185185;https://res.bigseller.pro/sku/images/merchantsku/944484/143895_1778124716464.jpg?imageView2/1/w/300/h/300
2824;CETAPHIL Kem dưỡng ẩm PRO AD Derma Skin Restoring Moisturizer - 145ml;;Chưa chọn danh mục;0;0;0;0;1;--;0;0;46208.62296296296;https://res.bigseller.pro/sku/images/merchantsku/944484/625780_1789804453534.jpg?imageView2/1/w/300/h/300
2833;DOVE Lăn Ngăn Mùi Dove Tinh Chất Serum 3% Niacinamide + 10X Vit C&E - 45ML;;Chưa chọn danh mục;20;88333.3;0.0679;1;0;0;0;0;46239.57365740741;https://res.bigseller.pro/sku/images/merchantsku/944484/631598_1778222784468.jpg?imageView2/1/w/300/h/300
2836;MARVIS Tăm Chỉ Nha Khoa Dental Floss Toothpick 50 Pieces - ĐEN;;Chưa chọn danh mục;11;192000;1;0.55;58;105;0;0;46239.67643518518;https://res.bigseller.pro/sku/images/merchantsku/944484/341909_1779195877049.jpg?imageView2/1/w/300/h/300
2841;CETAPHIL Kem Chống Nắng Daily Defense Cream SPF50 Sensitive Skin SPF50 - 10g XANH LÁ;;Chưa chọn danh mục;0;0;0;0;34;--;0;0;46270.47990740741;https://res.bigseller.pro/sku/images/merchantsku/944484/493136_1789805794114.jpg?imageView2/1/w/300/h/300
2842;CETAPHIL Kem dưỡng ẩm Face and Body Moisturizing Cream - 10gr;;Chưa chọn danh mục;0;0;0;0;28;--;0;0;46270.47990740741;https://res.bigseller.pro/sku/images/merchantsku/944484/702692_1789044213816.jpg?imageView2/1/w/300/h/300
2851;SCHICK Dao Cạo Cho Nữ Schick Exacta2 Sensitive Dùng Một Lần (3 Cây);;Chưa chọn danh mục;0;0;0;0;7;--;0;0;13/05/2026 10:20;https://res.bigseller.pro/sku/images/merchantsku/944484/538209_1779195713019.jpg?imageView2/1/w/300/h/300
2852;LISTERINE Nước súc miệng Cool Mint - 100ml;;Chưa chọn danh mục;0;0;0;0;10;--;0;0;13/05/2026 10:20;https://res.bigseller.pro/sku/images/merchantsku/944484/296618_1781189516779.jpg?imageView2/1/w/300/h/300
2853;GOODNDOC Sữa Rửa Mặt GoodnDoc Three Out Clear Foam Cleanser - 125ml;;Chưa chọn danh mục;1;69750;0.1993;0.05;1;20;0;0;13/05/2026 14:20;https://res.bigseller.pro/sku/images/merchantsku/944484/274855_1778656845054.jpg?imageView2/1/w/300/h/300
2860;HETRAS Tinh Dầu Thơm Phòng – SET 2 CHAI x 500ML Flower Shop;;Chưa chọn danh mục;0;0;0;0;14;--;0;0;14/05/2026 16:45;https://res.bigseller.pro/sku/images/merchantsku/944484/888629_1788534471878.jpg?imageView2/1/w/300/h/300
2863;HEAD & SHOULDERS Dầu Gội Clinical Strength 4X - Tím 400ml;;Chưa chọn danh mục;6;72082.02;0.054900000000000004;0.3;3;10;0;0;15/05/2026 14:01;https://res.bigseller.pro/sku/images/merchantsku/944484/162918_1778828586807.jpg?imageView2/1/w/300/h/300
2864;HEAD & SHOULDERS Dầu Gội Clinical Strength 4X - Cam 400ml;;Chưa chọn danh mục;44;448600.04;0.046900000000000004;2.2;1;0;0;0;15/05/2026 14:01;https://res.bigseller.pro/sku/images/merchantsku/944484/886584_1778828578372.jpg?imageView2/1/w/300/h/300
2865;HEAD & SHOULDERS Dầu Gội Clinical Strength 4X - Xanh Lá 400ml;;Chưa chọn danh mục;0;0;0;0;6;--;0;0;15/05/2026 14:01;https://res.bigseller.pro/sku/images/merchantsku/944484/489950_1778828571802.jpg?imageView2/1/w/300/h/300
2872;VOUDIOTY COMBO Dầu gội xả Biotin Collagen Essence Pink - 500ml HỒNG [ MẪU MỚI ];;Chưa chọn danh mục;15;106071.45;0.0317;0.75;11;14;0;0;15/05/2026 14:57;https://res.bigseller.pro/sku/images/merchantsku/944484/213855_1778831871141.jpg?imageView2/1/w/300/h/300
2875;HADA LABO Sữa Rửa Mặt Hada Labo Cleanser 80g - Xanh Dương;;Chưa chọn danh mục;0;0;0;0;5;--;0;0;16/05/2026 09:19;https://res.bigseller.pro/sku/images/merchantsku/944484/100982_1779681028966.jpg?imageView2/1/w/300/h/300
2879;GARNIER Nước Tẩy Trang Micellar Cleansing Water 125ml - Hồng nhạy cảm;;Chưa chọn danh mục;2;146517.24;0.74;0.1;4;40;0;0;18/05/2026 14:53;https://res.bigseller.pro/sku/images/merchantsku/944484/521958_1782391813165.jpg?imageView2/1/w/300/h/300
2880;VELLA Super Green Solution 5.5 Cleanser - 150ml;;Chưa chọn danh mục;0;0;0;0;9;--;0;0;18/05/2026 17:03;https://res.bigseller.pro/sku/images/merchantsku/944484/064082_1786950124975.jpg?imageView2/1/w/300/h/300
2881;VELLA Sáp Tẩy Trang Mugwort Balm - 80g;;Chưa chọn danh mục;1;8000;0.129;0.05;9;180;0;0;18/05/2026 17:03;https://res.bigseller.pro/sku/images/merchantsku/944484/334879_1786950228053.jpg?imageView2/1/w/300/h/300
2888;BNBG Mặt nạ dưỡng da Mix hộp 10 miếng;;Chưa chọn danh mục;2;18590.88;0.0726;0.1;1;10;0;0;19/05/2026 17:06;https://res.bigseller.pro/sku/images/merchantsku/944484/004668_1779896813074.jpg?imageView2/1/w/300/h/300
2889;KUMANO Dầu tẩy trang Deve Nhật Bản chiết xuất từ Olive và Argan - 500ml;;Chưa chọn danh mục;6;642000;0.44770000000000004;0.3;0;0;0;0;20/05/2026 09:08;https://res.bigseller.pro/sku/images/merchantsku/944484/743304_1782467019120.jpg?imageView2/1/w/300/h/300
2894;EUCERIN Sữa rửa mặt Eucerin Pro ACNE Solution Cleansing Gel - 400ML;;Chưa chọn danh mục;14;1993964.17;0.32899999999999996;0.7;49;70;0;0;21/05/2026 13:49;https://res.bigseller.pro/album/944484/20260525052305384efc68327e58a9c5baaaa98541fbde.jpg?imageView2/1/w/300/h/300
2895;EUCERIN Sữa rửa mặt Eucerin Pro ACNE Solution Cleansing Gel - 200ML;;Chưa chọn danh mục;18;889675.96;0.2036;0.9;48;53;0;0;21/05/2026 13:49;https://res.bigseller.pro/sku/images/merchantsku/944484/498034_1785895290594.jpg?imageView2/1/w/300/h/300
2899;HISTOLAB Tinh Chất Hyaluron Complex Ampoule Derma Histolab 62% - 50ml;;Chưa chọn danh mục;2;29840;0.0447;0.1;0;0;0;0;23/05/2026 08:41;https://res.bigseller.pro/sku/images/merchantsku/944484/169366_1789626146643.jpg?imageView2/1/w/300/h/300
2900;HETRAS Sữa Tắm HOTEL THERAPY BODY WASH - SOOSUNHWA 1013ml;;Chưa chọn danh mục;2;-346.56;-0.0007000000000000001;0.1;53;530;0;0;25/05/2026 11:27;https://res.bigseller.pro/sku/images/merchantsku/944484/798100_1788534173218.jpg?imageView2/1/w/300/h/300
2910;HADA LABO Sữa Rửa Mặt Hada Labo Cleanser 80g - Xanh lá;;Chưa chọn danh mục;4;26292.68;0.0888;0.2;0;0;0;0;25/05/2026 11:27;https://res.bigseller.pro/sku/images/merchantsku/944484/624750_1779870538547.jpg?imageView2/1/w/300/h/300
2911;SO.NATURAL Xịt Dưỡng Nền Water Glow Make Up Setting Fixx So'Natural 75ml - Hồng nhạt;;Chưa chọn danh mục;0;0;0;0;2;--;0;0;25/05/2026 11:27;https://res.bigseller.pro/sku/images/merchantsku/944484/375872_1784883261265.jpg?imageView2/1/w/300/h/300
2916;EVOLUDERM Xịt Khoáng Atomiseur Eau Pur - 50ml;;Chưa chọn danh mục;3;18514.58;0.0969;0.15;1;6;0;0;25/05/2026 15:30;https://res.bigseller.pro/sku/images/merchantsku/944484/978495_1789044214221.jpg?imageView2/1/w/300/h/300
2930;DR.SERA Mặt nạ nén tiệt trùng mềm mịn RELAXING TRAVEL COMPRESSED - Túi 10 mask;;Chưa chọn danh mục;12;166000;0.664;0.6;1523;2538;0;0;28/05/2026 11:05;https://res.bigseller.pro/sku/images/merchantsku/944484/551348_1779941516118.jpg?imageView2/1/w/300/h/300
2934;SILKY hands Kem tay dưỡng bảo vệ VTM số 3 80ml - Sáp ong;;Chưa chọn danh mục;1;4058.78;0.12300000000000001;0.05;0;0;0;0;28/05/2026 10:43;https://res.bigseller.pro/sku/images/merchantsku/944484/048261_1782391322055.jpg?imageView2/1/w/300/h/300
2935;SILKY hands Kem tay lụa dưỡng mềm số 5 80ml - Hạnh nhân;;Chưa chọn danh mục;0;0;0;0;0;--;0;0;28/05/2026 10:43;https://res.bigseller.pro/sku/images/merchantsku/944484/675315_1782392142154.jpg?imageView2/1/w/300/h/300
2936;SILKY hands Kem tay lụa tái tạo số 5 80ml - Hắc mai biển;;Chưa chọn danh mục;1;4058.78;0.12300000000000001;0.05;1;20;0;0;28/05/2026 10:43;https://res.bigseller.pro/sku/images/merchantsku/944484/233849_1787111347255.jpg?imageView2/1/w/300/h/300
2937;MEDIHEAL Son dưỡng Panteno Lips 10ml - Xanh nhạt;;Chưa chọn danh mục;0;0;0;0;11;--;0;0;28/05/2026 11:46;https://res.bigseller.pro/sku/images/merchantsku/944484/553098_1786970364748.jpg?imageView2/1/w/300/h/300
2940;VEET Kem Tẩy Lông Silk & Fresh Hair Removal Cream 100G - Sensitive Skin;;Chưa chọn danh mục;0;0;0;0;1;--;0;0;29/05/2026 15:25;https://res.bigseller.pro/sku/images/merchantsku/944484/883680_1783077609202.jpg?imageView2/1/w/300/h/300
2941;DR.SERA Tẩy tế bào da đầu No Dandruff Shampoo and Scrub Wash - 100ml;;Chưa chọn danh mục;0;0;0;0;72;--;0;0;30/05/2026 08:45;
2942;CARE:NEL Mặt Nạ Ngủ Môi LIME NIGHT MASK - 23g;;Chưa chọn danh mục;0;0;0;0;120;--;0;0;30/05/2026 08:45;
2944;DR.SERA Giấy giặt hút màu Color Catcher Laundry Sheet Gói 40 miếng - Hương hoa phong lan;;Chưa chọn danh mục;4;394150.15;0.7064;0.2;29;145;0;0;30/05/2026 08:45;https://res.bigseller.pro/sku/images/merchantsku/944484/855522_1786428212835.jpg?imageView2/1/w/300/h/300
2945;DR.SERA Giấy giặt hút màu Color Catcher Laundry Sheet Gói 40 miếng - Hương Lavender;;Chưa chọn danh mục;3;237999.99;0.5687;0.15;18;120;0;0;30/05/2026 08:45;https://res.bigseller.pro/sku/images/merchantsku/944484/870669_1786428295944.jpg?imageView2/1/w/300/h/300
2951;BUBCHEN Sữa Tắm Gội 2in1 Phiên Bản Hoạt Hình Dịu Lành Làm Sạch Da Cho Bé 130ml - Badeglibe Hồng;;Chưa chọn danh mục;0;0;0;0;1;--;0;0;30/05/2026 16:56;https://res.bigseller.pro/sku/images/merchantsku/944484/823177_1781189516560.jpg?imageView2/1/w/300/h/300
2952;BUBCHEN Sữa Tắm Gội 2in1 Phiên Bản Hoạt Hình Dịu Lành Làm Sạch Da Cho Bé 130ml - Badeglibe Xanh;;Chưa chọn danh mục;0;0;0;0;2;--;0;0;30/05/2026 16:56;https://res.bigseller.pro/sku/images/merchantsku/944484/611213_1781534798045.jpg?imageView2/1/w/300/h/300
2953;SILKY hands Kem tay lụa dưỡng mềm số 5 80ml - Vitamin A;;Chưa chọn danh mục;1;23336.91;0.7071999999999999;0.05;3;60;0;0;30/05/2026 16:56;https://res.bigseller.pro/sku/images/merchantsku/944484/824168_1782722927868.jpg?imageView2/1/w/300/h/300
2955;DR.SERA Bông Tẩy Trang Cotton Tiệt Trùng UV Double Cleansing Cotton Pads - 1000 Miếng;;Chưa chọn danh mục;0;0;0;0;7;--;0;0;30/05/2026 16:56;https://res.bigseller.pro/sku/images/merchantsku/944484/674633_1783349378439.jpg?imageView2/1/w/300/h/300
2957;UPIS Bình sữa Premium Pes 6M+ 260ml;;Chưa chọn danh mục;0;0;0;0;6;--;0;0;30/05/2026 16:56;
2959;UPIS Bình Tập Uống Nước Premium Pes 6M+ 260ml;;Chưa chọn danh mục;0;0;0;0;2;--;0;0;30/05/2026 16:56;https://res.bigseller.pro/sku/images/merchantsku/944484/202852_1789044213784.jpg?imageView2/1/w/300/h/300
2960;UPIS Bình sữa Premium Pes 0M+ 180ml;;Chưa chọn danh mục;0;0;0;0;2;--;0;0;30/05/2026 16:56;https://res.bigseller.pro/sku/images/merchantsku/944484/977319_1789044213800.jpg?imageView2/1/w/300/h/300
2962;BOBINI Kem dưỡng ẩm trẻ em chống nẻ 1+ ngày tuổi 75ML;;Chưa chọn danh mục;0;0;0;0;3;--;0;0;30/05/2026 16:56;https://res.bigseller.pro/sku/images/merchantsku/944484/847646_1781189351223.jpg?imageView2/1/w/300/h/300
2966;BAKING SODA Bột Pure Baking Soda Arm & Hammer - 454g;;Chưa chọn danh mục;1;39000;1;0.05;30;600;0;0;30/05/2026 16:56;
2967;LET'S SLIM Găng tay chống nắng AQUA X túi zip loại cao cấp - TÍM [XT];;Chưa chọn danh mục;0;0;0;0;52;--;0;0;30/05/2026 16:56;https://res.bigseller.pro/sku/images/merchantsku/944484/465265_1784282179199.jpg?imageView2/1/w/300/h/300
2969;SACHI Kem Đánh Răng Làm SạchCho Trẻ Từ 12 Tháng Tuổi Chai 80ml - Dâu;;Chưa chọn danh mục;1;85000;1;0.05;0;0;0;0;30/05/2026 16:56;https://res.bigseller.pro/sku/images/merchantsku/944484/760986_1781262668587.jpg?imageView2/1/w/300/h/300
2970;SACHI Bàn Chải Đánh Răng Cho Bé;;Chưa chọn danh mục;0;0;0;0;9;--;0;0;30/05/2026 16:56;https://res.bigseller.pro/sku/images/merchantsku/944484/818460_1789044213797.jpg?imageView2/1/w/300/h/300
2973;HAIRBRUST Lược Gội Đầu Và Massage Da Đầu;;Chưa chọn danh mục;0;0;0;0;5;--;0;0;30/05/2026 16:56;
2974;LET'S SLIM Găng tay chống nắng - XÁM [XT];;Chưa chọn danh mục;0;0;0;0;3;--;0;0;30/05/2026 16:56;https://res.bigseller.pro/sku/images/merchantsku/944484/884295_1784282180451.jpg?imageView2/1/w/300/h/300
2975;LET'S SLIM Găng tay chống nắng - TÍM [XT];;Chưa chọn danh mục;0;0;0;0;39;--;0;0;30/05/2026 16:56;https://res.bigseller.pro/sku/images/merchantsku/944484/128578_1784282180088.jpg?imageView2/1/w/300/h/300
2977;ANIMERRY Khăn Lau Mặt Đa Năng Dạng Rút;;Chưa chọn danh mục;1;22500;1;0.05;33;660;0;0;30/05/2026 16:56;https://res.bigseller.pro/sku/images/merchantsku/944484/630995_1789044213795.jpg?imageView2/1/w/300/h/300
2978;COTTON NATURAL FLEXIBL Khăn Lau Mặt Đa Năng Hồng - 50 tờ;;Chưa chọn danh mục;2;20000;1;0.1;61;610;0;0;30/05/2026 16:56;https://res.bigseller.pro/sku/images/merchantsku/944484/358319_1789044213830.jpg?imageView2/1/w/300/h/300
2983;OEM Hộp 20 Chun Buộc Tóc Nhiều Màu Sắc;;Chưa chọn danh mục;0;0;0;0;4;--;0;0;30/05/2026 16:56;
2984;DR.PEPT IMặt Nạ Dr.Pepti Soothing Boost Up Mask 25ml - Lẻ 1 miếng;;Chưa chọn danh mục;0;0;0;0;25;--;0;0;30/05/2026 16:56;https://res.bigseller.pro/sku/images/merchantsku/944484/077349_1789044213810.jpg?imageView2/1/w/300/h/300
2985;JMSOLUTION Mặt Nạ Derma Care Vita Jelly Mask - Firming Đỏ;;Chưa chọn danh mục;1;165000;1;0.05;120;2400;0;0;30/05/2026 16:56;https://res.bigseller.pro/sku/images/merchantsku/944484/879785_1787051247049.jpg?imageView2/1/w/300/h/300
2986;JMSOLUTION Mặt Nạ Derma Care Vita Jelly Mask - Relax Xanh Lá;;Chưa chọn danh mục;0;0;0;0;5;--;0;0;30/05/2026 16:56;
2993;DOVE Tẩy tế bào chết Sugar & coconut 280gr;;Chưa chọn danh mục;10;48355.98;0.0348;0.5;6;12;0;0;46028.48893518518;https://res.bigseller.pro/sku/images/merchantsku/944484/596685_1788507032695.jpg?imageView2/1/w/300/h/300
2995;VICHY Dầu Gội Dercos Energy+ Aminexil Niacinamide Stimulating Shampoo Hairloss - 50Ml (Đỏ);;Chưa chọn danh mục;8;536337.76;0.6894;0.4;0;0;0;0;46059.36185185185;https://res.bigseller.pro/sku/images/merchantsku/944484/657072_1781535026753.jpg?imageView2/1/w/300/h/300
2999;NIVEA Sữa Dưỡng Thể Nivea Extra White Night Nourish Body Lotion - Tím 170ml;;Chưa chọn danh mục;0;0;0;0;7;--;0;0;46118.61740740741;
3004;KEYSHU  Mặt Nạ Dưỡng Da Tràm Trà  - 1 Miếng;;Chưa chọn danh mục;50;64289;0.09119999999999999;2.5;120;48;0;0;46148.71462962963;https://res.bigseller.pro/sku/images/merchantsku/944484/232492_1783992445518.jpg?imageView2/1/w/300/h/300
3005;KEYSHU mặt nạ dưỡng da Hộp Mix Màu ( Hộp 10M);;Chưa chọn danh mục;2;-2000;-0.0083;0.1;10;100;0;0;46148.7187962963;https://res.bigseller.pro/sku/images/merchantsku/944484/932133_1781535524518.jpg?imageView2/1/w/300/h/300
3013;BEPLAIN Sữa Rửa Mặt Beplain Mung Bean pH-Balanced Cleansing Foam - 80ml;;Chưa chọn danh mục;10;86417.6;0.051699999999999996;0.5;7;14;0;0;46362.61046296296;https://res.bigseller.pro/sku/images/merchantsku/944484/152242_1783502848189.jpg?imageView2/1/w/300/h/300
3014;HADA LABO Sữa Rửa Mặt Hada Labo Cleanser 80g - Đỏ;;Chưa chọn danh mục;0;0;0;0;1;--;0;0;15/06/2026 13:24;
3027;CANDID Mặt nạ dưỡng sáng Candid Niacinamide  - Vitamin C 1 Miếng;;Chưa chọn danh mục;0;0;0;0;8;--;0;0;19/06/2026 09:38;
3028;HETRAS Sữa tắm Hetras Hotel Therapy Body Wash - London Musk 1013ml;;Chưa chọn danh mục;3;94000;0.1176;0.15;64;426;0;0;19/06/2026 13:33;https://res.bigseller.pro/sku/images/merchantsku/944484/454958_1788534335452.jpg?imageView2/1/w/300/h/300
3029;HETRAS Sữa tắm Hetras Hotel Therapy Body Wash - MUHWAGWA 1013ml;;Chưa chọn danh mục;2;0;0;0.1;69;690;0;0;19/06/2026 13:33;https://res.bigseller.pro/sku/images/merchantsku/944484/123359_1788534272468.jpg?imageView2/1/w/300/h/300
3030;EUCERIN Serum Eucerin Spotless Brightening Booster  -  30ML;;Chưa chọn danh mục;1;34732.61;0.0429;0.05;1;20;0;0;19/06/2026 16:07;https://res.bigseller.pro/sku/images/merchantsku/944484/163038_1787499433664.jpg?imageView2/1/w/300/h/300
3031;EUCERIN Xịt Dưỡng Ẩm Eucerin Hyaluron Moisturizing Mist Spray -150ML;;Chưa chọn danh mục;0;0;0;0;2;--;0;0;19/06/2026 16:40;https://res.bigseller.pro/sku/images/merchantsku/944484/096885_1782468061169.jpg?imageView2/1/w/300/h/300
3036;CELL FUSION C Mặt nạ First Cooling -5C - Xanh dương;;Chưa chọn danh mục;15;22971;0.0473;0.75;0;0;0;0;24/06/2026 10:59;https://res.bigseller.pro/album/944484/20260629075253a65e98ae955deab23b8ca5ca1b488dc0.jpg?imageView2/1/w/300/h/300
3037;CELL FUSION C Mặt nạ CICA Cooling - 4.5C - Xanh lá;;Chưa chọn danh mục;5;5657;0.04190000000000001;0.25;0;0;0;0;24/06/2026 11:00;
3040;MARY & MAY Kem dưỡng Spicule Retinol PDRN Cream 15g - VÀNG;;Chưa chọn danh mục;37;263553.96;0.0424;1.85;0;0;0;0;24/06/2026 15:44;https://res.bigseller.pro/album/944484/20260629084040f06c33ae801f67904521b86733dedff9.jpg?imageView2/1/w/300/h/300
3043;DR.SERA Bông tẩy trang Hàn Quốc mềm mịn cao cấp Dr. Sera  - Hộp 20 miếng;;Chưa chọn danh mục;2;0;0;0.1;153;1530;0;0;26/06/2026 10:04;https://res.bigseller.pro/sku/images/merchantsku/944484/336328_1782737632891.jpg?imageView2/1/w/300/h/300
3049;FORENCOS Kem Dưỡng Da Hàn Quốc 50ml - Trắng;;Chưa chọn danh mục;5;82821.8;0.043;0.25;0;0;0;0;29/06/2026 08:55;https://res.bigseller.pro/sku/images/merchantsku/944484/748355_1785456160311.jpg?imageView2/1/w/300/h/300
3050;OBAGI Kem dưỡng ẩm Hydrate Luxe Moisture Rich Cream - 48g;;Chưa chọn danh mục;0;0;0;0;1;--;0;0;29/06/2026 13:50;https://res.bigseller.pro/sku/images/merchantsku/944484/227106_1782715831125.jpg?imageView2/1/w/300/h/300
3052;MKL  Sữa Tắm Shower Gel1000ml -  VERBENA;;Chưa chọn danh mục;0;0;0;0;1;--;0;0;46029.39865740741;https://res.bigseller.pro/sku/images/merchantsku/944484/744645_1782873351312.jpg?imageView2/1/w/300/h/300
3053;LOREAL Dầu Dưỡng Tóc L'Oreal Tinh Dầu Hoa Tự Nhiên - 100ml HỒNG;;Chưa chọn danh mục;0;0;0;0;4;--;0;0;46029.56185185185;https://res.bigseller.pro/sku/images/merchantsku/944484/111554_1782887377252.jpg?imageView2/1/w/300/h/300
3054;OLAY Sữa tắm Luminous 350g - trái vải;;Chưa chọn danh mục;0;0;0;0;18;--;0;0;46060.42087962963;https://res.bigseller.pro/sku/images/merchantsku/944484/333367_1782961575554.jpg?imageView2/1/w/300/h/300
3055;OLAY sữa tắm Luminous 350g - hoa hồng;;Chưa chọn danh mục;0;0;0;0;6;--;0;0;46060.422268518516;https://res.bigseller.pro/sku/images/merchantsku/944484/933790_1782961714158.jpg?imageView2/1/w/300/h/300
3056;EUCERIN kem chống nắng Dưỡng Trắng Da Sun Spotless Brightening Serum SPF 50+/PA+++ 50ml;;Chưa chọn danh mục;5;108750;0.0653;0.25;1;4;0;0;46060.46046296296;https://res.bigseller.pro/sku/images/merchantsku/944484/709964_1787499300367.jpg?imageView2/1/w/300/h/300
3057;GIRLZ ONLY Dầu Gội Khô 100ml - Nâu;;Chưa chọn danh mục;0;0;0;0;1;--;0;0;46060.6062962963;https://res.bigseller.pro/sku/images/merchantsku/944484/415997_1783519196149.jpg?imageView2/1/w/300/h/300
3058;GIRLZ ONLY Dầu Gội Khô 100ml - Vàng;;Chưa chọn danh mục;0;0;0;0;1;--;0;0;46060.61046296296;https://res.bigseller.pro/sku/images/merchantsku/944484/389060_1783519196316.jpg?imageView2/1/w/300/h/300
3064;CARSLAN phấn phủ Black magnet soft Focus 03 Blue Purple - 1g;;Chưa chọn danh mục;63;1594578;0.4576;3.15;32;10;0;0;46272.64032407408;https://res.bigseller.pro/sku/images/merchantsku/944484/554976_1783585332096.jpg?imageView2/1/w/300/h/300
3065;KEYSHU Kem Dưỡng Keyshu Brightening Cream -10ml;;Chưa chọn danh mục;1;99000;1;0.05;43;860;0;0;46302.57712962963;https://res.bigseller.pro/sku/images/merchantsku/944484/754919_1783666407019.jpg?imageView2/1/w/300/h/300
3066;COCOON Nước dưỡng da đầu bồ kết Gleditsia scalp tonic 140ml;;Chưa chọn danh mục;3;34905;0.1164;0.15;26;173;0;0;18/07/2026 10:28;https://res.bigseller.pro/sku/images/merchantsku/944484/251882_1784345326268.jpg?imageView2/1/w/300/h/300
3067;Capitano  Kem đánh răng Pasta del Capitano 1905 nguyên bản hương quế 75ml;;Chưa chọn danh mục;0;0;0;0;7;--;0;0;46333.5125462963;https://res.bigseller.pro/sku/images/merchantsku/944484/236855_1784124832488.jpg?imageView2/1/w/300/h/300
3068;Capitano  Kem đánh răng Pasta del Capitano 1905 dành cho người hút thuốc ( Xanh Dương) 75ml;;Chưa chọn danh mục;0;0;0;0;19;--;0;0;46333.51393518518;https://res.bigseller.pro/sku/images/merchantsku/944484/429825_1784124832629.jpg?imageView2/1/w/300/h/300
3069;KLAIR Nước tẩy trang Supple Preparation Unscented Cleansing Water - 400ml;;Chưa chọn danh mục;32;288576;0.0634;1.6;63;39;0;0;15/07/2026 15:53;https://res.bigseller.pro/sku/images/merchantsku/944484/367792_1784105735604.jpg?imageView2/1/w/300/h/300
3070;COCOON Tẩy da chết da đầu bồ kết Gleditsia Scalp Scrub 200ml;;Chưa chọn danh mục;3;16065;0.038900000000000004;0.15;13;86;0;0;18/07/2026 10:30;https://res.bigseller.pro/sku/images/merchantsku/944484/150061_1784345434959.jpg?imageView2/1/w/300/h/300
3085;DOVE Serum dưỡng tóc HPF 70 Ferulic + UV Repair & Glow - 77ml;;Chưa chọn danh mục;30;193125;0.052300000000000006;1.5;0;0;0;0;27/07/2026 08:32;https://res.bigseller.pro/sku/images/merchantsku/944484/376510_1785116103367.jpg?imageView2/1/w/300/h/300
3086;DOVE Serum Dưỡng Tóc Amino Bond Repair Bi-Phase - 77ml;;Chưa chọn danh mục;30;343125;0.09300000000000001;1.5;0;0;0;0;27/07/2026 08:32;https://res.bigseller.pro/sku/images/merchantsku/944484/686352_1785116216631.jpg?imageView2/1/w/300/h/300
3087;DOVE Kem Ủ Tóc Phục Hồi Hư Tổn Hya + Ceramide Intense Repair Treatment Mask - 300ml;;Chưa chọn danh mục;32;206768.5;0.0479;1.6;0;0;0;0;27/07/2026 08:32;https://res.bigseller.pro/sku/images/merchantsku/944484/017659_1785116319952.jpg?imageView2/1/w/300/h/300
3089;AHOHWA Kem Ủ Trắng Tone-Up Brightening Cream Mask - 500g;;Chưa chọn danh mục;5;611000;0.1186;0.25;0;0;0;0;27/07/2026 10:14;https://res.bigseller.pro/sku/images/merchantsku/944484/852076_1785131658564.jpg?imageView2/1/w/300/h/300
3091;RCAMAR Nước tẩy trang RCAMAR Nga Hồng 600ml;;Chưa chọn danh mục;0;0;0;0;1;--;0;0;28/07/2026 10:22;
3092;RCAMAR Nước tẩy trang RCAMAR Nga Xanh 600ml;;Chưa chọn danh mục;0;0;0;0;1;--;0;0;28/07/2026 10:22;
3093;OEM Miếng dán ngực Silicon EBLIN;;Chưa chọn danh mục;0;0;0;0;4;--;0;0;28/07/2026 10:22;
3095;COCOON Sữa chống nắng vô cơ sen Hậu Giang - 50ml;;Chưa chọn danh mục;20;799428.6;0.17010000000000003;1;0;0;0;0;29/07/2026 10:30;https://res.bigseller.pro/sku/images/merchantsku/944484/650278_1785310363000.jpg?imageView2/1/w/300/h/300
3098;AVENE Kem Cicalfate+ Repairing Cream Emulsion - 40ml;;Chưa chọn danh mục;0;0;0;0;2;--;0;0;31/07/2026 16:54;https://res.bigseller.pro/sku/images/merchantsku/944484/879014_1785905526967.jpg?imageView2/1/w/300/h/300
3103;OBAGI Lotion Hỗ Trợ Dưỡng Sáng Và Giảm Thâm Nám Suzanobagimd Claribright Radiance 1.7oz - 50ml;;Chưa chọn danh mục;0;0;0;0;5;--;0;0;46120.57226851852;https://res.bigseller.pro/sku/images/merchantsku/944484/347144_1785833604400.jpg?imageView2/1/w/300/h/300
3110;KWANGYA Giấm lựu lên men Hàn Quốc - 970ml;;Chưa chọn danh mục;23;186064.67;0.0652;1.15;10;8;0;0;46242.570185185185;https://res.bigseller.pro/sku/images/merchantsku/944484/090561_1786171367973.jpg?imageView2/1/w/300/h/300
3115;LRP Kem Dưỡng Giảm Thâm Nám & Dưỡng Sáng Da Mela B3 - 40ml;;Chưa chọn danh mục;0;0;0;0;1;--;0;0;46303.632685185185;https://res.bigseller.pro/sku/images/merchantsku/944484/034632_1786350458532.jpg?imageView2/1/w/300/h/300
3116;VICHY Kem Chống Nắng Bảo Vệ, Giảm Lão Hóa Capital Soleil 3in1 Anti-Aging SPF50 UVB + UVA Vạch Đỏ - 50ml;;Chưa chọn danh mục;5;184500;0.0839;0.25;0;0;0;0;46334.37296296296;https://res.bigseller.pro/sku/images/merchantsku/944484/933992_1786414030289.jpg?imageView2/1/w/300/h/300
3119;3W Clinic Sữa Rửa Mặt Trà Xanh - 100ml;;Chưa chọn danh mục;0;0;0;0;2;--;0;0;14/08/2026 15:31;https://res.bigseller.pro/sku/images/merchantsku/944484/764039_1786696660718.jpg?imageView2/1/w/300/h/300
3122;AVENE Kem dưỡng Cicalfate Repair Cream - 5ml;;Chưa chọn danh mục;3;450000;1;0.15;16;106;0;0;18/08/2026 09:19;https://res.bigseller.pro/sku/images/merchantsku/944484/901719_1788498824212.jpg?imageView2/1/w/300/h/300
3123;ALGEMARIN Sữa Tắm Cá Ngựa - 600ml;;Chưa chọn danh mục;3;20544.79;0.0492;0.15;3;20;0;0;18/08/2026 16:31;https://res.bigseller.pro/sku/images/merchantsku/944484/202259_1787102649382.jpg?imageView2/1/w/300/h/300
3126;OH!OH! Daily Nia23 Tinh Chất Chuyên Sâu Avanced Correcting with 23% Niacinamide (Vàng) - 30ml;;Chưa chọn danh mục;5;153333.35;0.0529;0.25;0;0;0;0;19/08/2026 08:50;https://res.bigseller.pro/sku/images/merchantsku/944484/748994_1787104634213.jpg?imageView2/1/w/300/h/300
3130;FIVE GRAINS Xịt Chống Nắng Nâng Tông Da Sunscreen Spray Pro Xylane - 160ml;;Chưa chọn danh mục;10;51230.8;0.053899999999999997;0.5;0;0;0;0;19/08/2026 13:33;https://res.bigseller.pro/sku/images/merchantsku/944484/502795_1787121681035.jpg?imageView2/1/w/300/h/300
3134;NIVEA Kem dưỡng ẩm Dưỡng Da Sáng Mịn - 30ml;;Chưa chọn danh mục;20;98000;0.1365;1;4;4;0;0;21/08/2026 08:27;https://res.bigseller.pro/sku/images/merchantsku/944484/234593_1787280979200.jpg?imageView2/1/w/300/h/300
3144;VASELINE Dưỡng Thể Intensive Care Essential Healing (Yến Mạch) - 725ml;;Chưa chọn danh mục;24;228823.8;0.0801;1.2;106;88;0;0;24/08/2026 13:14;https://res.bigseller.pro/sku/images/merchantsku/944484/525484_1787553862497.jpg?imageView2/1/w/300/h/300
3146;AVENE Nước tẩy trang cho da dầu mụn Cleanance Micellar Water - 400ml;;Chưa chọn danh mục;39;519954;0.057;1.95;6;3;0;0;27/08/2026 09:27;https://res.bigseller.pro/sku/images/merchantsku/944484/027587_1787798073647.jpg?imageView2/1/w/300/h/300
3147;DUCRAY Gel Rửa Mặt Cho Da Nhờn Mụn Keracnyl Foaming Gel - 200ml;;Chưa chọn danh mục;2;242574;0.3094;0.1;13;130;0;0;27/08/2026 09:27;https://res.bigseller.pro/sku/images/merchantsku/944484/804826_1787798067595.jpg?imageView2/1/w/300/h/300
3148;SOME BY MI Mặt Nạ Giấy Real Teatree Calming Care Mask (IP04) ver 4 (1 miếng) - 20g;;Chưa chọn danh mục;0;0;0;0;4;--;0;0;28/08/2026 21:19;https://res.bigseller.pro/sku/images/merchantsku/944484/089169_1787970328720.jpg?imageView2/1/w/300/h/300
3153;OLEXRS Dầu Gội Olexrs Argan Oil Collagen Hair Salon - 960ml;;Chưa chọn danh mục;2;7396.1;0.0218;0.1;0;0;0;0;31/08/2026 14:12;https://res.bigseller.pro/sku/images/merchantsku/944484/389076_1788160401976.jpg?imageView2/1/w/300/h/300
3154;OLEXRS Dầu Xả Olexrs Argan Oil Collagen Hair Salon - 960ml;;Chưa chọn danh mục;2;7396.1;0.0218;0.1;0;0;0;0;31/08/2026 14:12;https://res.bigseller.pro/sku/images/merchantsku/944484/859542_1788160397907.jpg?imageView2/1/w/300/h/300
3155;KYUNG LAB Kem Dưỡng Ẩm HA Ultra Hydrating - 50ml;;Chưa chọn danh mục;5;94264.36;0.0482;0.25;0;0;0;0;46090.618101851855;https://res.bigseller.pro/sku/images/merchantsku/944484/175026_1788422046512.jpg?imageView2/1/w/300/h/300
3156;VICHY Kem dưỡng chống lão hóa Liftactiv Pigment Specialist B3 - 50ML ( ĐÊM );;Chưa chọn danh mục;15;848303.33;0.0709;0.75;0;0;0;0;46090.64171296296;https://res.bigseller.pro/sku/images/merchantsku/944484/393798_1788425102993.jpg?imageView2/1/w/300/h/300
3158;COCOON Gel Tắm Bí Đao Winter Melon Shower - 500ml;;Chưa chọn danh mục;50;884239;0.1263;2.5;0;0;0;0;46151.462546296294;https://res.bigseller.pro/sku/images/merchantsku/944484/395767_1788584682359.jpg?imageView2/1/w/300/h/300
3159;SILKY Hands Kem Tay Lụa Dưỡng (Dâu Đen Hạnh Nhân) - 80ml;;Chưa chọn danh mục;5;16681.8;0.0834;0.25;5;20;0;0;46151.462546296294;https://res.bigseller.pro/sku/images/merchantsku/944484/859553_1788584289466.jpg?imageView2/1/w/300/h/300
3160;SILKY Hands Kem Tay Lụa Dưỡng (Cherry) - 80ml;;Chưa chọn danh mục;5;16681.8;0.0834;0.25;5;20;0;0;46151.462546296294;https://res.bigseller.pro/sku/images/merchantsku/944484/019309_1788584584154.jpg?imageView2/1/w/300/h/300
3161;SILKY Hands Kem Tay Lụa Dưỡng (Odor) - 80ml;;Chưa chọn danh mục;5;16681.8;0.0834;0.25;5;20;0;0;46151.462546296294;https://res.bigseller.pro/sku/images/merchantsku/944484/258908_1788584272357.jpg?imageView2/1/w/300/h/300
3163;COCOON Sữa Chống Nắng Vô Cơ Sen Hậu Giang Tone up Pink (Hồng) - 50ml;;Chưa chọn danh mục;30;987999.9;0.1401;1.5;0;0;0;0;46212.47435185185;https://res.bigseller.pro/sku/images/merchantsku/944484/731731_1788755285203.jpg?imageView2/1/w/300/h/300
3167;HISTO Mặt nạ dưỡng trắng da Lightening Cream Mask - 250g;;Chưa chọn danh mục;1;14461.54;0.0464;0.05;0;0;0;0;46212.62226851852;https://res.bigseller.pro/sku/images/merchantsku/944484/326323_1788776451950.jpg?imageView2/1/w/300/h/300
3168;CASMARA Tinh chất giảm nám, làm sáng ban đêm Lightening Clarifying Concentrated Serum - 30ml;;Chưa chọn danh mục;0;0;0;0;1;--;0;0;46243.46532407407;https://res.bigseller.pro/sku/images/merchantsku/944484/648095_1788841691893.jpg?imageView2/1/w/300/h/300
3169;NATURIE Gel dưỡng ẩm chiết xuất từ hạt ý dĩ Skin Conditioning - 180g;;Chưa chọn danh mục;3;14509.08;0.040999999999999995;0.15;0;0;0;0;46243.67990740741;https://res.bigseller.pro/sku/images/merchantsku/944484/844650_1788859163338.jpg?imageView2/1/w/300/h/300
3170;3CE Phấn má & Highlight Blushlighter (Lazy Talk) Hống Đào Sữa Nữ - 9g;;Chưa chọn danh mục;5;23763.15;0.018000000000000002;0.25;0;0;0;0;46243.711851851855;https://res.bigseller.pro/sku/images/merchantsku/944484/149993_1788924319464.jpg?imageView2/1/w/300/h/300
3171;VASELINE Sữa Dưỡng Thể Trắng Da Toàn Thân Body Lotion Bản Mỹ (Màu cam) - 725ml;;Chưa chọn danh mục;1800;7200000;0.035699999999999996;90;119;1;0;0;46243.711851851855;https://res.bigseller.pro/sku/images/merchantsku/944484/389029_1789097999173.jpg?imageView2/1/w/300/h/300
3172;TESORI D'ORIENTE Sữa tắm nước hoa Hy lạp cổ đại (Byzantium) - 500ml;;Chưa chọn danh mục;1;5666.67;0.034300000000000004;0.05;0;0;0;0;46335.33962962963;https://res.bigseller.pro/sku/images/merchantsku/944484/566344_1789088991885.jpg?imageView2/1/w/300/h/300
3173;TESORI D'ORIENTE Sữa tắm nước hoa Thanh long & Hoa nhài (Dragon Flower) - 500ml;;Chưa chọn danh mục;5;32243.25;0.0392;0.25;1;4;0;0;46335.34101851852;https://res.bigseller.pro/sku/images/merchantsku/944484/167721_1789089076277.jpg?imageView2/1/w/300/h/300
3174;TESORI D'ORIENTE Sữa tắm nước hoa Xạ hương (White Musk) - 500ml;;Chưa chọn danh mục;1;5666.67;0.034300000000000004;0.05;0;0;0;0;46335.34101851852;https://res.bigseller.pro/sku/images/merchantsku/944484/431382_1789089103218.jpg?imageView2/1/w/300/h/300
3175;TESORI D'ORIENTE Sữa tắm nước hoa Giấc mơ ba tư (Persian Dream) - 500ml;;Chưa chọn danh mục;1;5666.67;0.034300000000000004;0.05;0;0;0;0;46335.34171296296;https://res.bigseller.pro/sku/images/merchantsku/944484/213530_1789089137265.jpg?imageView2/1/w/300/h/300
3176;TESORI D'ORIENTE Sữa tắm tuýp nước hoa Giấc mơ ba tư (Persian Dream) - 250ml;;Chưa chọn danh mục;2;15604.42;0.0697;0.1;0;0;0;0;46335.34240740741;https://res.bigseller.pro/sku/images/merchantsku/944484/577083_1789089375223.jpg?imageView2/1/w/300/h/300
3177;SUAVE Sữa tắm gội trẻ em Kids 3 in 1 Hương Táo - 700ml;;Chưa chọn danh mục;6;22666.68;0.0329;0.3;0;0;0;0;46335.34310185185;https://res.bigseller.pro/sku/images/merchantsku/944484/812235_1789089242618.jpg?imageView2/1/w/300/h/300
3178;SUAVE Sữa tắm gội trẻ em Kids 3 in 1 Hương Dưa hấu - 700ml;;Chưa chọn danh mục;6;22666.68;0.0329;0.3;0;0;0;0;46335.34310185185;https://res.bigseller.pro/sku/images/merchantsku/944484/063520_1789089272519.jpg?imageView2/1/w/300/h/300
3179;SUAVE Sữa tắm gội trẻ em Kids 3 in 1 Hương Dừa - 700ml;;Chưa chọn danh mục;6;22666.68;0.0329;0.3;0;0;0;0;46335.34310185185;https://res.bigseller.pro/sku/images/merchantsku/944484/267845_1789089289721.jpg?imageView2/1/w/300/h/300
3180;SIMPLE Sữa rửa mặt Repair + Facial Wash - 240ml;;Chưa chọn danh mục;1;8244.19;0.050300000000000004;0.05;1;20;0;0;46335.57921296296;https://res.bigseller.pro/sku/images/merchantsku/944484/079604_1789109641353.jpg?imageView2/1/w/300/h/300
3182;JMELLA Tẩy da chết Body No.2 - 298g;;Chưa chọn danh mục;6;39662.34;0.0529;0.3;0;0;0;0;46365.597962962966;https://res.bigseller.pro/sku/images/merchantsku/944484/261431_1789197701098.jpg?imageView2/1/w/300/h/300
3183;CETAPHIL Kem Dưỡng Ẩm Và Làm Dịu Da Cho Bé Baby Soothing Moisturising Cream - 100g;;Chưa chọn danh mục;13;415796;0.24789999999999998;0.65;0;0;0;0;14/09/2026 13:14;https://res.bigseller.pro/sku/images/merchantsku/944484/918300_1789366452428.jpg?imageView2/1/w/300/h/300
3184;EUCERIN Sữa Rửa Mặt Cho Da Nhạy Cảm PH5 Sensitive Skin Facial Cleanser - 400ml;;Chưa chọn danh mục;0;0;0;0;3;--;0;0;14/09/2026 15:10;https://res.bigseller.pro/sku/images/merchantsku/944484/950370_1789373416344.jpg?imageView2/1/w/300/h/300
3186;COCOON Nước Tẩy Trang Sen Hậu Giang - 500ml;;Chưa chọn danh mục;2;19226.52;0.0654;0.1;0;0;0;0;15/09/2026 11:43;https://res.bigseller.pro/sku/images/merchantsku/944484/994340_1789447424456.jpg?imageView2/1/w/300/h/300
3187;TESORI D'ORIENTE Sữa tắm nước hoa Tinh dầu Macca - 250ml;;Chưa chọn danh mục;5;33066.3;0.060700000000000004;0.25;0;0;0;0;15/09/2026 11:51;https://res.bigseller.pro/sku/images/merchantsku/944484/233925_1789447871485.jpg?imageView2/1/w/300/h/300
3188;TESORI D'ORIENTE Sữa tắm nước hoa Tinh dầu Hammam - 250ml;;Chưa chọn danh mục;5;33066.3;0.060700000000000004;0.25;0;0;0;0;15/09/2026 11:51;https://res.bigseller.pro/sku/images/merchantsku/944484/162061_1789447897202.jpg?imageView2/1/w/300/h/300
3189;TESORI D'ORIENTE Sữa tắm nước hoa Tinh dầu Ikigai - 250ml;;Chưa chọn danh mục;10;66132.6;0.060700000000000004;0.5;0;0;0;0;15/09/2026 11:52;https://res.bigseller.pro/sku/images/merchantsku/944484/618077_1789447923980.jpg?imageView2/1/w/300/h/300
3192;WONJIN Hộp Mặt Nạ Effect Glutathione Brightening Skin Mask - 30g (1 miếng);;Chưa chọn danh mục;20;3000;0.0073;1;0;0;0;0;17/09/2026 14:33;https://res.bigseller.pro/sku/images/merchantsku/944484/418547_1789630383528.jpg?imageView2/1/w/300/h/300
3194;TESORI D'ORIENTE Sữa tắm nước hoa Hoa Sen (Lotus Flower) - 500ml;;Chưa chọn danh mục;3;22864.86;0.04650000000000001;0.15;0;0;0;0;18/09/2026 09:42;https://res.bigseller.pro/sku/images/merchantsku/944484/025840_1789699373480.jpg?imageView2/1/w/300/h/300
3195;ODBO Bảng phấn mắt 10 ô Iconic Eyeshadow Palette # Màu 03 Sweet Winter - 7g;;Chưa chọn danh mục;3;25864.86;0.0625;0.15;0;0;0;0;18/09/2026 09:45;https://res.bigseller.pro/sku/images/merchantsku/944484/207965_1789699527325.jpg?imageView2/1/w/300/h/300
3196;ODBO Bảng phấn mắt 9 ô Shadow & Me Palette # Màu 01 Apricot - 6,5g;;Chưa chọn danh mục;2;19243.24;0.0859;0.1;0;0;0;0;18/09/2026 09:45;https://res.bigseller.pro/sku/images/merchantsku/944484/986856_1789699551975.jpg?imageView2/1/w/300/h/300
3197;ODBO Bảng phấn mắt 9 ô Shadow & Me Palette # Màu 02 Rosewood - 6,5g;;Chưa chọn danh mục;2;19243.24;0.0859;0.1;0;0;0;0;18/09/2026 09:46;https://res.bigseller.pro/sku/images/merchantsku/944484/199169_1789699579118.jpg?imageView2/1/w/300/h/300
3198;ODBO Bảng phấn mắt 9 ô Shadow & Me Palette # Màu 03 Aurora - 6,5g;;Chưa chọn danh mục;2;19243.24;0.0859;0.1;0;0;0;0;18/09/2026 09:46;https://res.bigseller.pro/sku/images/merchantsku/944484/857262_1789699602748.jpg?imageView2/1/w/300/h/300
3199;JMELLA Set Sữa Tắm Hương Nước Hoa In France Body Wash # No.4 Queen 5' - 1000ml + Bông tắm;;Chưa chọn danh mục;4;30486.48;0.0565;0.2;0;0;0;0;18/09/2026 09:52;https://res.bigseller.pro/sku/images/merchantsku/944484/760521_1789702382665.jpg?imageView2/1/w/300/h/300
3200;3W Clinic Sữa Rửa Mặt Gạo Nâu - 100ml;;Chưa chọn danh mục;0;0;0;0;2;--;0;0;14/08/2026 15:32;https://res.bigseller.pro/sku/images/merchantsku/944484/053189_1786696665662.jpg?imageView2/1/w/300/h/300
3201;3W Clinic Sữa Rửa Mặt Than Hoạt Tính - 100ml;;Chưa chọn danh mục;0;0;0;0;2;--;0;0;14/08/2026 15:33;https://res.bigseller.pro/sku/images/merchantsku/944484/382761_1786696670141.jpg?imageView2/1/w/300/h/300
3205;EUCERIN Kem dưỡng giảm ngứa và đỏ da Omega Plus Extra Ato Calming - 40ml;;Chưa chọn danh mục;12;117389.64;0.0337;0.6;1;1;0;0;17/08/2026 15:22;https://res.bigseller.pro/sku/images/merchantsku/944484/943364_1786954959341.jpg?imageView2/1/w/300/h/300
3206;JMELLA Set Sữa Tắm Hương Nước Hoa In France Body Wash # No.2 Femme Fatale - 1000ml + Bông tắm;;Chưa chọn danh mục;5;38108.1;0.0565;0.25;0;0;0;0;18/09/2026 11:38;https://res.bigseller.pro/sku/images/merchantsku/944484/162838_1789706701077.jpg?imageView2/1/w/300/h/300
3209;PAULA'S CHOICE Kem Dưỡng Thể 10% AHA Skin Revealing Body Lotion - 30ml;;Chưa chọn danh mục;3;24000;0.14550000000000002;0.15;0;0;0;0;18/09/2026 14:03;https://res.bigseller.pro/sku/images/merchantsku/944484/752861_1789715038135.jpg?imageView2/1/w/300/h/300
3210;WEILAIYA Sữa Tắm Trắng Da Hương Hoa Trà Niacinamide Shower Gel - 450ml;;Chưa chọn danh mục;0;0;0;0;0;--;0;0;18/09/2026 14:55;https://res.bigseller.pro/sku/images/merchantsku/944484/382785_1789718137179.jpg?imageView2/1/w/300/h/300
3211;DERMA+ ANSWER CNP Set Tinh Chất PDRN Căng Bóng Sáng Da Active Boost Ampule - 15ml & 30ml;;Chưa chọn danh mục;3;33000;0.0286;0.15;0;0;0;0;18/09/2026 15:25;https://res.bigseller.pro/sku/images/merchantsku/944484/232600_1789719915246.jpg?imageView2/1/w/300/h/300
3212;NIVEA Son dưỡng môi Caring Lip Balm Original Care (Nguyên Bản Không Màu) - 4.8g;;Chưa chọn danh mục;0;0;0;0;48;--;0;0;19/09/2026 11:23;https://res.bigseller.pro/sku/images/merchantsku/944484/983843_1789791810118.jpg?imageView2/1/w/300/h/300
3213;NIVEA Son dưỡng môi Caring Lip Balm Strawberry Shine (Dâu Tây) - 4.8g;;Chưa chọn danh mục;0;0;0;0;48;--;0;0;19/09/2026 11:23;https://res.bigseller.pro/sku/images/merchantsku/944484/316917_1789791836769.jpg?imageView2/1/w/300/h/300
QT01;Dr.Sera tây tế bào chết da đầu;;Chưa chọn danh mục;39;-2309.25;0;1.95;0;0;0;0;13/04/2026 21:52;https://res.bigseller.pro/sku/images/merchantsku/944484/579510_1787274960075.jpg?imageView2/1/w/300/h/300
QT02;Quần chip VAGISIL;;Chưa chọn danh mục;24;-14547.6;0;1.2;59;49;0;0;23/04/2026 11:48;https://res.bigseller.pro/sku/images/merchantsku/944484/889720_1778125154227.jpg?imageView2/1/w/300/h/300
QT03;Túi Olay đỏ;;Chưa chọn danh mục;88;0;0;4.4;1;0;0;0;30/05/2026 16:56;https://res.bigseller.pro/sku/images/merchantsku/944484/927659_1788917982890.jpg?imageView2/1/w/300/h/300
QT04;Túi Chilly;;Chưa chọn danh mục;32;0;0;1.6;0;0;0;0;30/05/2026 16:56;
QT05;CETAPHIL Kem Chống Nắng Daily Defense Cream SPF50  Sensitive Skin SPF50 - 10g XANH LÁ;;Chưa chọn danh mục;1;120000;1;0.05;29;580;0;0;46211.50699074074;https://res.bigseller.pro/sku/images/merchantsku/944484/891352_1786362097569.jpg?imageView2/1/w/300/h/300
QT07;CETAPHIL Sữa Rửa Mặt Oily Skin Cleanser Cho Da Dầu - 5ml;;Chưa chọn danh mục;516;400000;1;25.8;99;3;0;0;46211.50699074074;https://res.bigseller.pro/sku/images/merchantsku/944484/729809_1786362097699.jpg?imageView2/1/w/300/h/300
QT08;CETAPHIL Kem Dưỡng Moisturising Cream  - 10ml;;Chưa chọn danh mục;11;605000;1;0.55;2;3;0;0;46211.50699074074;https://res.bigseller.pro/sku/images/merchantsku/944484/469171_1786362097500.jpg?imageView2/1/w/300/h/300
QT09;DUCRAY Kem Chống Nắng KERACNYL UV SPF 50+ 5ml;;Chưa chọn danh mục;11;398100;1;0.55;11;20;0;0;46211.50699074074;https://res.bigseller.pro/sku/images/merchantsku/944484/021083_1788143788132.jpg?imageView2/1/w/300/h/300
QT10;LRP Kem Chống Nắng Anthelios UVMUNE 400 Oil Control Gel Cream xanh 3ml;;Chưa chọn danh mục;0;0;0;0;1;--;0;0;46211.50699074074;
QT11;LRP Kem Chống Nắng Anthelios UVMUNE 400 FLUIDE/FLUID tím 3ml;;Chưa chọn danh mục;0;0;0;0;2;--;0;0;46211.50699074074;
QT12;DR.PEPTY Kem Chống Nắng UV Tone Up Sunscreen SPF50+ 8ml;;Chưa chọn danh mục;0;0;0;0;5;--;0;0;46211.50699074074;https://res.bigseller.pro/sku/images/merchantsku/944484/494463_1789806560355.jpg?imageView2/1/w/300/h/300
QT13;LRP  Serum Effaclar Utra Concentre 3ml;;Chưa chọn danh mục;1;0;0;0.05;2;40;0;0;46211.50699074074;
QT20;TOPICREM Kem Dưỡng Cica Soothing Cream Repairs 5ml;;Chưa chọn danh mục;0;0;0;0;2;--;0;0;46211.50699074074;https://res.bigseller.pro/sku/images/merchantsku/944484/290206_1787133551474.jpg?imageView2/1/w/300/h/300
QT21;SENSILIS Kem DƯỡng Skin Rescue barrier Repair Cream 3ml;;Chưa chọn danh mục;0;0;0;0;4;--;0;0;46211.50699074074;
QT23;SENSILIS Pure Age Perfection Retinal Tinh chất ban đêm giúp làm đầy tái tạo và tăng sinh collagen 1.5ml;;Chưa chọn danh mục;0;0;0;0;4;--;0;0;46211.50699074074;
QT25;Sensilis Kem Chống Nắng  Water Fluid 50+ 1.5ml;;Chưa chọn danh mục;10;0;0;0.5;5;10;0;0;46211.50699074074;https://res.bigseller.pro/sku/images/merchantsku/944484/783002_1786086817863.jpg?imageView2/1/w/300/h/300
QT26;VELLA Kem cổ NECK Cream 1ml;;Chưa chọn danh mục;631;565000;1;31.55;132;4;0;0;46211.50699074074;https://res.bigseller.pro/sku/images/merchantsku/944484/222887_1786086768609.jpg?imageView2/1/w/300/h/300
QT29;CETAPHIL Sữa Dưỡng Thể Pro AD Derma Skin Restoring Moisturizer 29ml;;Chưa chọn danh mục;8;145000;1;0.4;4;10;0;0;46211.50699074074;https://res.bigseller.pro/sku/images/merchantsku/944484/399095_1786951290534.jpg?imageView2/1/w/300/h/300
QT30;DIKY Gói Khăn Ướt Premium Wet Wipes - 1 Gói (20pcs);;Chưa chọn danh mục;25;-8579.07;0;1.25;2;1;0;0;46242.638240740744;https://res.bigseller.pro/sku/images/merchantsku/944484/693718_1786177873848.jpg?imageView2/1/w/300/h/300
QT31;MAXCLINIC Túi vải;;Chưa chọn danh mục;2;-2204.7;0;0.1;1;10;0;0;46303.61393518518;https://res.bigseller.pro/sku/images/merchantsku/944484/274401_1786350218223.jpg?imageView2/1/w/300/h/300
QT32;DERMAXILIC Mút Tắm;;Chưa chọn danh mục;21;-4832.18;0;1.05;80;76;0;0;13/08/2026 14:30;https://res.bigseller.pro/sku/images/merchantsku/944484/596994_1786607904615.jpg?imageView2/1/w/300/h/300
QT34;DUCRAY Quà Tặng  Bóp Mỹ Phẩm;;Chưa chọn danh mục;0;0;0;0;1;--;0;0;25/08/2026 16:19;https://res.bigseller.pro/sku/images/merchantsku/944484/329490_1787655753537.jpg?imageView2/1/w/300/h/300
QT35;KR.LAB Cọ Tán Nền Clinical;;Chưa chọn danh mục;0;0;0;0;5;--;0;0;31/08/2026 13:59;https://res.bigseller.pro/sku/images/merchantsku/944484/756308_1788160213412.jpg?imageView2/1/w/300/h/300
QT36;FRESH & CARE Dung dịch vệ sinh phụ nữ Odor Fresh+ - 150ml;;Chưa chọn danh mục;7;0;0;0.35;13;37;0;0;46243.71462962963;https://res.bigseller.pro/sku/images/merchantsku/944484/277888_1788862173111.jpg?imageView2/1/w/300/h/300
QT37;FRESH & CARE Dung dịch vệ sinh phụ nữ Odor Fresh+ - 250ml;;Chưa chọn danh mục;24;0;0;1.2;22;18;0;0;46243.71462962963;https://res.bigseller.pro/sku/images/merchantsku/944484/636552_1788862197457.jpg?imageView2/1/w/300/h/300
QT38;VICHY Kem Chống Nắng Capital Soleil SPF50 UVB UVA Anti-Taches 3-en-1 (Anti-Dark Spot) - 3ml;;Chưa chọn danh mục;10;0;0;0.5;3;6;0;0;46274.348657407405;https://res.bigseller.pro/sku/images/merchantsku/944484/972225_1788916967319.jpg?imageView2/1/w/300/h/300
QT39;SVR Túi Laboratoire Dermatologique;;Chưa chọn danh mục;25;0;0;1.25;7;5;0;0;46274.35490740741;https://res.bigseller.pro/sku/images/merchantsku/944484/478526_1788917501715.jpg?imageView2/1/w/300/h/300
QT40;MEDIANSWER Tinh chất hỗ trợ sáng da Vita Collagen Logic Ampoule - 2 ml;;Chưa chọn danh mục;1;0;0;0.05;999;19980;0;0;46274.58476851852;https://res.bigseller.pro/sku/images/merchantsku/944484/979404_1788937512317.jpg?imageView2/1/w/300/h/300
QT41;MAXCLINIC Cọ Rửa Mặt 2 Đầu Cầm Tay;;Chưa chọn danh mục;0;0;0;0;7;--;0;0;46274.59657407407;https://res.bigseller.pro/sku/images/merchantsku/944484/529725_1788938367658.jpg?imageView2/1/w/300/h/300
QT42;SENSILIS Kem Chống Nắng Photocorrection Pure Age Perfection 50+ - 5ml;;Chưa chọn danh mục;0;0;0;0;11;--;0;0;46335.6625462963;https://res.bigseller.pro/sku/images/merchantsku/944484/663261_1789116884811.jpg?imageView2/1/w/300/h/300
QT43;LIFEBUOY Sữa tắm thiên nhiên Cica & Muối Hồng - 100g;;Chưa chọn danh mục;4;120000;1;0.2;0;0;0;0;14/09/2026 08:50;https://res.bigseller.pro/sku/images/merchantsku/944484/793486_1789350638618.jpg?imageView2/1/w/300/h/300
QT44;LIFEBUOY Sữa tắm thiên nhiên Than Hoạt Tính & Cám Gạo - 100g;;Chưa chọn danh mục;6;90000;1;0.3;3;10;0;0;14/09/2026 08:51;https://res.bigseller.pro/sku/images/merchantsku/944484/667405_1789350662380.jpg?imageView2/1/w/300/h/300
QT45;KYUNGLAB Quà tặng túi mùa hè (màu ngẫu nhiên);;Chưa chọn danh mục;2;0;0;0.1;0;0;0;0;14/09/2026 14:48;https://res.bigseller.pro/sku/images/merchantsku/944484/107099_1789372115183.jpg?imageView2/1/w/300/h/300
QT46;JARY Quà tặng chậu làm sạch cọ trang điểm bằng Silicol - Hồng;;Chưa chọn danh mục;2;-2100;0;0.1;0;0;0;0;17/09/2026 14:41;https://res.bigseller.pro/sku/images/merchantsku/944484/271491_1789630916585.jpg?imageView2/1/w/300/h/300
QT47;GLORIE Quà tặng giỏ treo cọ;;Chưa chọn danh mục;2;-2100;0;0.1;0;0;0;0;17/09/2026 14:43;https://res.bigseller.pro/sku/images/merchantsku/944484/219261_1789631019019.jpg?imageView2/1/w/300/h/300
QT48;CERAVE Kem Dưỡng Cho Da Khô Đến Rất Khô - 7ml;;Chưa chọn danh mục;0;0;0;0;880;--;0;0;17/09/2026 16:43;https://res.bigseller.pro/sku/images/merchantsku/944484/958949_1789638202898.jpg?imageView2/1/w/300/h/300
QT49;Bông Tắm Tạo Bọt;;Chưa chọn danh mục;0;0;0;0;1;--;0;0;18/09/2026 17:06;https://res.bigseller.pro/sku/images/merchantsku/944484/293280_1789725980061.jpg?imageView2/1/w/300/h/300
VT01;Băng keo 200ya  Cây 6 cuộn (1 BAO 20 CÂY);;Chưa chọn danh mục;0;0;0;0;120;--;0;0;13/04/2026 21:52;https://res.bigseller.pro/sku/images/merchantsku/944484/353996_1754365901653.jpg?imageView2/1/w/300/h/300
VT02;Chống sốc 20x100 (CM) Chống sốc, bóng nổ 1 CÂY 7  CUỘN NHỎ;;Chưa chọn danh mục;0;0;0;0;35;--;0;0;13/04/2026 21:52;https://res.bigseller.pro/sku/images/merchantsku/944484/105279_1755553018476.jpg?imageView2/1/w/300/h/300
VT04;HỘP GIẤY  18X8X6 HỘP NHỎ;;#MÃ VẬT TƯ;0;0;0;0;15000;--;0;0;13/04/2026 21:52;https://res.bigseller.pro/sku/images/merchantsku/944484/060587_1754365901549.jpg?imageView2/1/w/300/h/300
VT06;HỘP GIẤY 13x6x6 Hộp Mini Faki;;#MÃ VẬT TƯ;0;0;0;0;8000;--;0;0;13/04/2026 21:52;https://res.bigseller.pro/sku/images/merchantsku/944484/220086_1754366305243.jpg?imageView2/1/w/300/h/300
VT08;HỘP GIẤY 20X12X8 HỘP 1 HOP BÔNG;;#MÃ VẬT TƯ;0;0;0;0;5000;--;0;0;13/04/2026 21:52;https://res.bigseller.pro/sku/images/merchantsku/944484/289464_1754364214045.jpg?imageView2/1/w/300/h/300
VT12;HỘP GIẤY 25x10x10 HỘP INTIMA;;#MÃ VẬT TƯ;0;0;0;0;500;--;0;0;13/04/2026 21:52;https://res.bigseller.pro/sku/images/merchantsku/944484/369581_1754366305507.jpg?imageView2/1/w/300/h/300
VT14;HỘP GIẤY 25X12X17 HỘP 2 BÔNG;;#MÃ VẬT TƯ;0;0;0;0;500;--;0;0;13/04/2026 21:52;https://res.bigseller.pro/sku/images/merchantsku/944484/654474_1754365617389.jpg?imageView2/1/w/300/h/300
VT17;Giấy in nhệt tệp 500 tờ KT 100x150cm;;#MÃ VẬT TƯ;0;0;0;0;40;--;0;0;20/05/2026 17:45;https://res.bigseller.pro/sku/images/merchantsku/944484/738536_1779274192661.jpg?imageView2/1/w/300/h/300
VT19;MÀNG PE 1 Cây 5 Tấc (50cm) Cắt 3 Đoạn (16.7cm);;Chưa chọn danh mục;0;0;0;0;90;--;0;0;46274.44310185185;https://res.bigseller.pro/sku/images/merchantsku/944484/796807_1788925102236.jpg?imageView2/1/w/300/h/300
VT20;MÀNG PE 2 Tấc (20cm);;Chưa chọn danh mục;0;0;0;0;8;--;0;0;46274.445185185185;https://res.bigseller.pro/sku/images/merchantsku/944484/150075_1788925284093.jpg?imageView2/1/w/300/h/300
VT21;HỘP GIẤY 15X8X6;;Chưa chọn danh mục;0;0;0;0;5000;--;0;0;46335.42365740741;https://res.bigseller.pro/sku/images/merchantsku/944484/329498_1789096235897.jpg?imageView2/1/w/300/h/300